ISO-10303-21;
HEADER;
FILE_DESCRIPTION (( 'STEP AP203' ),
    '1' );
FILE_NAME ('5537T471_T-Slotted Framing.STEP',
    '2021-09-10T13:24:45',
    ( 'Administrator' ),
    ( 'Managed by Terraform' ),
    'SwSTEP 2.0',
    'SolidWorks 2017',
    '' );
FILE_SCHEMA (( 'CONFIG_CONTROL_DESIGN' ));
ENDSEC;

DATA;
#1 = FACE_OUTER_BOUND ( 'NONE', #558, .T. ) ;
#2 = VECTOR ( 'NONE', #144, 1000.000000000000100 ) ;
#3 =( BOUNDED_CURVE ( )  B_SPLINE_CURVE ( 3, ( #1369, #1098, #337, #1251 ),
 .UNSPECIFIED., .F., .T. ) 
 B_SPLINE_CURVE_WITH_KNOTS ( ( 4, 4 ),
 ( 4.712388980384687900, 5.415306794922206500 ),
 .UNSPECIFIED. ) 
 CURVE ( )  GEOMETRIC_REPRESENTATION_ITEM ( )  RATIONAL_B_SPLINE_CURVE ( ( 1.000000000000000000, 0.9592476381572943000, 0.9592476381572943000, 1.000000000000000000 ) ) 
 REPRESENTATION_ITEM ( '' )  );
#4 = LINE ( 'NONE', #1620, #297 ) ;
#5 = DIRECTION ( 'NONE',  ( -0.0000000000000000000, -0.0000000000000000000, -1.000000000000000000 ) ) ;
#6 = AXIS2_PLACEMENT_3D ( 'NONE', #110, #1544, #912 ) ;
#7 = EDGE_LOOP ( 'NONE', ( #917, #252, #410, #179 ) ) ;
#8 = CARTESIAN_POINT ( 'NONE',  ( 7.919595949289327300, 6.222539674441621900, 0.0000000000000000000 ) ) ;
#9 = ORIENTED_EDGE ( 'NONE', *, *, #622, .T. ) ;
#10 = VECTOR ( 'NONE', #719, 1000.000000000000000 ) ;
#11 = CARTESIAN_POINT ( 'NONE',  ( 0.0000000000000000000, 0.0000000000000000000, 8.000000000000000000 ) ) ;
#12 = VERTEX_POINT ( 'NONE', #1084 ) ;
#13 = EDGE_LOOP ( 'NONE', ( #1032, #208, #1271, #216, #211, #335 ) ) ;
#14 = AXIS2_PLACEMENT_3D ( 'NONE', #1454, #35, #948 ) ;
#15 = EDGE_CURVE ( 'NONE', #1604, #135, #457, .T. ) ;
#16 = ORIENTED_EDGE ( 'NONE', *, *, #307, .T. ) ;
#17 = APPROVAL_STATUS ( 'not_yet_approved' ) ;
#18 = ORIENTED_EDGE ( 'NONE', *, *, #356, .F. ) ;
#19 = AXIS2_PLACEMENT_3D ( 'NONE', #463, #729, #833 ) ;
#20 = ORIENTED_EDGE ( 'NONE', *, *, #175, .T. ) ;
#21 = CARTESIAN_POINT ( 'NONE',  ( 11.10157646462878800, 17.18269478283311000, -10.00000000000000000 ) ) ;
#22 = LINE ( 'NONE', #1514, #1229 ) ;
#23 = ORIENTED_EDGE ( 'NONE', *, *, #1294, .T. ) ;
#24 = ADVANCED_FACE ( 'NONE', ( #1155 ), #1398, .F. ) ;
#25 = CARTESIAN_POINT ( 'NONE',  ( 6.476950227771999000, 4.767553237984466300, 3.991120151092132600 ) ) ;
#26 = DIRECTION ( 'NONE',  ( -0.0000000000000000000, -0.0000000000000000000, -1.000000000000000000 ) ) ;
#27 = CARTESIAN_POINT ( 'NONE',  ( 25.45584412271568900, 1.618472782357675000E-015, -10.00000000000000000 ) ) ;
#28 = VECTOR ( 'NONE', #1116, 1000.000000000000000 ) ;
#29 = TOROIDAL_SURFACE ( 'NONE', #745, 3.491196303513937900, 0.5000000000000000000 ) ;
#30 = ADVANCED_FACE ( 'NONE', ( #112 ), #647, .F. ) ;
#31 = ORIENTED_EDGE ( 'NONE', *, *, #429, .T. ) ;
#32 = DIRECTION ( 'NONE',  ( 0.7071067811865466800, 0.7071067811865483500, 0.0000000000000000000 ) ) ;
#33 = DIRECTION ( 'NONE',  ( 1.000000000000000000, 0.0000000000000000000, 0.0000000000000000000 ) ) ;
#34 = CARTESIAN_POINT ( 'NONE',  ( 23.07716446627534200, 5.207106781186547000, 5.499999999999993800 ) ) ;
#35 = DIRECTION ( 'NONE',  ( -0.0000000000000000000, 0.0000000000000000000, 1.000000000000000000 ) ) ;
#36 = EDGE_LOOP ( 'NONE', ( #1335, #1145, #803, #1295, #1510, #490 ) ) ;
#37 = DIRECTION ( 'NONE',  ( 0.0000000000000000000, -1.000000000000000000, 0.0000000000000000000 ) ) ;
#38 = VECTOR ( 'NONE', #1336, 1000.000000000000000 ) ;
#39 = DIRECTION ( 'NONE',  ( 0.0000000000000000000, 0.0000000000000000000, 1.000000000000000000 ) ) ;
#40 = CARTESIAN_POINT ( 'NONE',  ( 0.0000000000000000000, 0.0000000000000000000, 8.000000000000000000 ) ) ;
#41 = EDGE_CURVE ( 'NONE', #1331, #1025, #4, .T. ) ;
#42 = PLANE ( 'NONE',  #511 ) ;
#43 = ADVANCED_FACE ( 'NONE', ( #1304 ), #969, .T. ) ;
#44 = CARTESIAN_POINT ( 'NONE',  ( 18.31741757498349100, 0.4454630045949011200, -1.929344608898461400 ) ) ;
#45 = CALENDAR_DATE ( 2021, 10, 9 ) ;
#46 = CARTESIAN_POINT ( 'NONE',  ( 7.500000000000000000, 0.0000000000000000000, 2.500000000000000000 ) ) ;
#47 = EDGE_LOOP ( 'NONE', ( #434, #1682, #905, #1133, #1498, #93 ) ) ;
#48 = VECTOR ( 'NONE', #764, 1000.000000000000000 ) ;
#49 = DIRECTION ( 'NONE',  ( 0.7071067811865472400, -0.7071067811865479100, -0.0000000000000000000 ) ) ;
#50 = EDGE_LOOP ( 'NONE', ( #1260, #1023, #592, #444 ) ) ;
#51 = ORIENTED_EDGE ( 'NONE', *, *, #964, .T. ) ;
#52 = DIRECTION ( 'NONE',  ( -0.7071067811865475700, -0.7071067811865475700, -1.735251929798336500E-018 ) ) ;
#53 = CARTESIAN_POINT ( 'NONE',  ( 9.687362902255683700, 17.09690834520619900, 2.500000000000000000 ) ) ;
#54 = DIRECTION ( 'NONE',  ( 1.000000000000000000, 0.0000000000000000000, 0.0000000000000000000 ) ) ;
#55 = ADVANCED_FACE ( 'NONE', ( #1063 ), #1601, .F. ) ;
#56 = EDGE_CURVE ( 'NONE', #1207, #384, #1657, .T. ) ;
#57 = DIRECTION ( 'NONE',  ( 0.0000000000000000000, -1.000000000000000000, 0.0000000000000000000 ) ) ;
#58 = EDGE_CURVE ( 'NONE', #364, #1011, #792, .T. ) ;
#59 = ORIENTED_EDGE ( 'NONE', *, *, #1407, .F. ) ;
#60 = CARTESIAN_POINT ( 'NONE',  ( 27.28427124746187700, 1.734723475976807100E-015, 9.525918452849365900 ) ) ;
#61 = EDGE_CURVE ( 'NONE', #991, #1518, #274, .T. ) ;
#62 = LINE ( 'NONE', #686, #987 ) ;
#63 = DIRECTION ( 'NONE',  ( 1.000000000000000000, 1.156482317317871100E-015, 0.0000000000000000000 ) ) ;
#64 = ADVANCED_FACE ( 'NONE', ( #608 ), #1433, .F. ) ;
#65 = PLANE ( 'NONE',  #628 ) ;
#66 = APPLICATION_PROTOCOL_DEFINITION ( 'international standard', 'config_control_design', 1994, #985 ) ;
#67 = FACE_OUTER_BOUND ( 'NONE', #747, .T. ) ;
#68 = DIRECTION ( 'NONE',  ( -1.000000000000000000, -1.156482317317871500E-016, 0.0000000000000000000 ) ) ;
#69 = VECTOR ( 'NONE', #32, 1000.000000000000000 ) ;
#70 = LINE ( 'NONE', #913, #380 ) ;
#71 = CARTESIAN_POINT ( 'NONE',  ( 5.994995605813995700, 4.622473583304646600, 3.953253107978106100 ) ) ;
#72 = CARTESIAN_POINT ( 'NONE',  ( 9.687362902255689100, 15.76848122046000900, 2.500000000000000400 ) ) ;
#73 = ORIENTED_EDGE ( 'NONE', *, *, #357, .F. ) ;
#74 = CARTESIAN_POINT ( 'NONE',  ( 24.28427124746187700, 1.734723475976807100E-015, -2.500000000000000000 ) ) ;
#75 = VERTEX_POINT ( 'NONE', #586 ) ;
#76 = DIRECTION ( 'NONE',  ( -0.0000000000000000000, 0.0000000000000000000, 1.000000000000000000 ) ) ;
#77 = ORIENTED_EDGE ( 'NONE', *, *, #368, .T. ) ;
#78 = EDGE_CURVE ( 'NONE', #1015, #627, #925, .T. ) ;
#79 = CARTESIAN_POINT ( 'NONE',  ( 5.560720712059080900, 4.452760276150732100, 3.776828820204774800 ) ) ;
#80 = CARTESIAN_POINT ( 'NONE',  ( 27.28427124746188800, 1.000000000000000200, -8.597517609607779200 ) ) ;
#81 = VECTOR ( 'NONE', #54, 1000.000000000000000 ) ;
#82 = ORIENTED_EDGE ( 'NONE', *, *, #322, .F. ) ;
#83 = DIRECTION ( 'NONE',  ( -0.0000000000000000000, 0.0000000000000000000, 1.000000000000000000 ) ) ;
#84 = CARTESIAN_POINT ( 'NONE',  ( 4.737615433949862600, 3.747665940288705600, 1.994471267899690500 ) ) ;
#85 = ADVANCED_FACE ( 'NONE', ( #452, #557 ), #316, .F. ) ;
#86 = COORDINATED_UNIVERSAL_TIME_OFFSET ( 6, 0, .BEHIND. ) ;
#87 = LINE ( 'NONE', #1345, #1428 ) ;
#88 = VERTEX_POINT ( 'NONE', #708 ) ;
#89 = EDGE_CURVE ( 'NONE', #249, #510, #107, .T. ) ;
#90 = CYLINDRICAL_SURFACE ( 'NONE', #1598, 2.000000000000000000 ) ;
#91 = CARTESIAN_POINT ( 'NONE',  ( 14.14213562373094000, 3.485341855836544400E-015, 3.837667896167576300 ) ) ;
#92 = AXIS2_PLACEMENT_3D ( 'NONE', #312, #575, #835 ) ;
#93 = ORIENTED_EDGE ( 'NONE', *, *, #78, .T. ) ;
#94 = EDGE_LOOP ( 'NONE', ( #860, #1366, #1172, #877 ) ) ;
#95 = DIRECTION ( 'NONE',  ( -0.7071067811865472400, 0.7071067811865479100, 7.666467083416867000E-017 ) ) ;
#96 = DIRECTION ( 'NONE',  ( 1.000000000000000000, 0.0000000000000000000, 0.0000000000000000000 ) ) ;
#97 = VERTEX_POINT ( 'NONE', #978 ) ;
#98 = EDGE_LOOP ( 'NONE', ( #1368, #1639, #814, #1455 ) ) ;
#99 = AXIS2_PLACEMENT_3D ( 'NONE', #574, #1605, #1210 ) ;
#100 = EDGE_CURVE ( 'NONE', #1674, #1431, #530, .T. ) ;
#101 = CARTESIAN_POINT ( 'NONE',  ( 4.737615433949862600, 3.747665940288705600, 4.000000000000000000 ) ) ;
#102 = ORIENTED_EDGE ( 'NONE', *, *, #138, .T. ) ;
#103 = LINE ( 'NONE', #572, #908 ) ;
#104 = CARTESIAN_POINT ( 'NONE',  ( 7.925766306759242300, 6.216369316971707800, 3.991120151092132600 ) ) ;
#105 = CC_DESIGN_PERSON_AND_ORGANIZATION_ASSIGNMENT ( #498, #271, ( #678 ) ) ;
#106 = DIRECTION ( 'NONE',  ( -1.000000000000000000, -1.156482317317871100E-015, -0.0000000000000000000 ) ) ;
#107 = LINE ( 'NONE', #1626, #582 ) ;
#108 = LINE ( 'NONE', #474, #942 ) ;
#109 = FACE_OUTER_BOUND ( 'NONE', #1321, .T. ) ;
#110 = CARTESIAN_POINT ( 'NONE',  ( 0.0000000000000000000, 0.0000000000000000000, 2.500000000000000000 ) ) ;
#111 = DIRECTION ( 'NONE',  ( -1.000000000000000000, 0.0000000000000000000, 0.0000000000000000000 ) ) ;
#112 = FACE_OUTER_BOUND ( 'NONE', #1353, .T. ) ;
#113 = EDGE_CURVE ( 'NONE', #185, #364, #1387, .T. ) ;
#114 = DIRECTION ( 'NONE',  ( 0.0000000000000000000, -1.000000000000000000, 0.0000000000000000000 ) ) ;
#115 = CARTESIAN_POINT ( 'NONE',  ( 2.085965004500308400, 8.167083322704629100, 3.367778697655220500E-016 ) ) ;
#116 = ORIENTED_EDGE ( 'NONE', *, *, #1138, .T. ) ;
#117 = EDGE_LOOP ( 'NONE', ( #959, #168 ) ) ;
#118 = ORIENTED_EDGE ( 'NONE', *, *, #827, .F. ) ;
#119 = ORIENTED_EDGE ( 'NONE', *, *, #89, .F. ) ;
#120 = CARTESIAN_POINT ( 'NONE',  ( 2.828427124746193800, 1.798303091508530100E-016, 10.00000000000000000 ) ) ;
#121 = CYLINDRICAL_SURFACE ( 'NONE', #1621, 2.000000000000000900 ) ;
#122 = ORIENTED_EDGE ( 'NONE', *, *, #357, .T. ) ;
#123 = AXIS2_PLACEMENT_3D ( 'NONE', #801, #291, #1607 ) ;
#124 = DATE_AND_TIME ( #45, #642 ) ;
#125 = VECTOR ( 'NONE', #1031, 1000.000000000000100 ) ;
#126 = EDGE_LOOP ( 'NONE', ( #1466, #868, #523, #941 ) ) ;
#127 = FACE_OUTER_BOUND ( 'NONE', #896, .T. ) ;
#128 = EDGE_CURVE ( 'NONE', #1320, #1585, #816, .T. ) ;
#129 = DATE_TIME_ROLE ( 'classification_date' ) ;
#130 = ORIENTED_EDGE ( 'NONE', *, *, #1533, .T. ) ;
#131 = ORIENTED_EDGE ( 'NONE', *, *, #759, .T. ) ;
#132 = EDGE_LOOP ( 'NONE', ( #920, #489, #1662, #818 ) ) ;
#133 = ORIENTED_EDGE ( 'NONE', *, *, #358, .F. ) ;
#134 = PERSON_AND_ORGANIZATION_ROLE ( 'classification_officer' ) ;
#135 = VERTEX_POINT ( 'NONE', #1371 ) ;
#136 = LINE ( 'NONE', #560, #1097 ) ;
#137 = EDGE_CURVE ( 'NONE', #784, #1565, #1316, .T. ) ;
#138 = EDGE_CURVE ( 'NONE', #613, #428, #1151, .T. ) ;
#139 = EDGE_CURVE ( 'NONE', #314, #351, #140, .T. ) ;
#140 = LINE ( 'NONE', #1392, #480 ) ;
#141 = VECTOR ( 'NONE', #698, 1000.000000000000000 ) ;
#142 = VECTOR ( 'NONE', #680, 1000.000000000000100 ) ;
#143 = ORIENTED_EDGE ( 'NONE', *, *, #781, .F. ) ;
#144 = DIRECTION ( 'NONE',  ( -0.7071067811865474600, -0.7071067811865474600, 1.734987481589166600E-018 ) ) ;
#145 = DIRECTION ( 'NONE',  ( -0.0000000000000000000, 0.0000000000000000000, 1.000000000000000000 ) ) ;
#146 = DIRECTION ( 'NONE',  ( 0.7071067811865474600, 0.7071067811865476800, 0.0000000000000000000 ) ) ;
#147 = CARTESIAN_POINT ( 'NONE',  ( 5.217626374881692000, 4.227676881220534500, 3.491196303513937500 ) ) ;
#148 = ORIENTED_EDGE ( 'NONE', *, *, #229, .F. ) ;
#149 = CARTESIAN_POINT ( 'NONE',  ( 2.449293598294705900E-016, -2.000000000000000000, 2.500000000000000000 ) ) ;
#150 = ORIENTED_EDGE ( 'NONE', *, *, #159, .F. ) ;
#151 = ORIENTED_EDGE ( 'NONE', *, *, #1191, .T. ) ;
#152 = AXIS2_PLACEMENT_3D ( 'NONE', #817, #1355, #417 ) ;
#153 = EDGE_LOOP ( 'NONE', ( #547, #133, #155, #119 ) ) ;
#154 = FACE_OUTER_BOUND ( 'NONE', #1325, .T. ) ;
#155 = ORIENTED_EDGE ( 'NONE', *, *, #746, .F. ) ;
#156 = CARTESIAN_POINT ( 'NONE',  ( 27.28427124746187700, 1.734723475976807100E-015, -2.500000000000000400 ) ) ;
#157 =( BOUNDED_CURVE ( )  B_SPLINE_CURVE ( 3, ( #182, #1086, #1479, #1593 ),
 .UNSPECIFIED., .F., .T. ) 
 B_SPLINE_CURVE_WITH_KNOTS ( ( 4, 4 ),
 ( 1.570796326794897200, 4.712388980384688800 ),
 .UNSPECIFIED. ) 
 CURVE ( )  GEOMETRIC_REPRESENTATION_ITEM ( )  RATIONAL_B_SPLINE_CURVE ( ( 1.000000000000000000, 0.3333333333333339800, 0.3333333333333339800, 1.000000000000000000 ) ) 
 REPRESENTATION_ITEM ( '' )  );
#158 = DIRECTION ( 'NONE',  ( -0.0000000000000000000, -0.0000000000000000000, -1.000000000000000000 ) ) ;
#159 = EDGE_CURVE ( 'NONE', #180, #477, #875, .T. ) ;
#160 = CARTESIAN_POINT ( 'NONE',  ( 7.566042558696053400, 6.576093065034895900, 0.0000000000000000000 ) ) ;
#161 = FACE_OUTER_BOUND ( 'NONE', #1567, .T. ) ;
#162 = LINE ( 'NONE', #1684, #125 ) ;
#163 = ORIENTED_EDGE ( 'NONE', *, *, #1046, .T. ) ;
#164 = ORIENTED_EDGE ( 'NONE', *, *, #622, .F. ) ;
#165 = CARTESIAN_POINT ( 'NONE',  ( 15.95411333034802900, 1.400672052702899500E-015, 3.815303389590218000 ) ) ;
#166 = VECTOR ( 'NONE', #1342, 1000.000000000000100 ) ;
#167 = ORIENTED_EDGE ( 'NONE', *, *, #1578, .F. ) ;
#168 = ORIENTED_EDGE ( 'NONE', *, *, #1480, .T. ) ;
#169 = CARTESIAN_POINT ( 'NONE',  ( -3.040559159102160300, 3.040559159102160300, -2.500000000000000000 ) ) ;
#170 = CARTESIAN_POINT ( 'NONE',  ( 20.28427124746188100, 0.0000000000000000000, 9.797174393178829600E-016 ) ) ;
#171 = CARTESIAN_POINT ( 'NONE',  ( -3.040559159102162100, 5.868986283848350600, 2.500000000000000000 ) ) ;
#172 = EDGE_CURVE ( 'NONE', #509, #732, #478, .T. ) ;
#173 = VERTEX_POINT ( 'NONE', #1661 ) ;
#174 = EDGE_CURVE ( 'NONE', #1121, #414, #1354, .T. ) ;
#175 = EDGE_CURVE ( 'NONE', #1158, #1666, #1012, .T. ) ;
#176 = PLANE ( 'NONE',  #870 ) ;
#177 = CARTESIAN_POINT ( 'NONE',  ( 9.687362902255689100, 15.76848122046000900, 2.500000000000000000 ) ) ;
#178 = CARTESIAN_POINT ( 'NONE',  ( -3.040559159102162100, 5.868986283848350600, 2.500000000000000000 ) ) ;
#179 = ORIENTED_EDGE ( 'NONE', *, *, #754, .F. ) ;
#180 = VERTEX_POINT ( 'NONE', #1375 ) ;
#181 = DIRECTION ( 'NONE',  ( 0.0000000000000000000, 0.0000000000000000000, 1.000000000000000000 ) ) ;
#182 = CARTESIAN_POINT ( 'NONE',  ( 20.28427124746187700, 8.000000000000014200, 5.499999999999993800 ) ) ;
#183 = DIRECTION ( 'NONE',  ( -1.000000000000000000, -6.357961553172068400E-017, 0.0000000000000000000 ) ) ;
#184 = CARTESIAN_POINT ( 'NONE',  ( 20.28427124746188100, 0.0000000000000000000, 9.797174393178829600E-016 ) ) ;
#185 = VERTEX_POINT ( 'NONE', #1667 ) ;
#186 = DIRECTION ( 'NONE',  ( -0.7071067811865474600, 0.7071067811865474600, 0.0000000000000000000 ) ) ;
#187 = LINE ( 'NONE', #416, #787 ) ;
#188 = DIRECTION ( 'NONE',  ( 0.0000000000000000000, 0.0000000000000000000, -1.000000000000000000 ) ) ;
#189 = EDGE_CURVE ( 'NONE', #1161, #249, #1240, .T. ) ;
#190 = CARTESIAN_POINT ( 'NONE',  ( 0.0000000000000000000, 0.0000000000000000000, 0.0000000000000000000 ) ) ;
#191 = CARTESIAN_POINT ( 'NONE',  ( 9.687362902255683700, 17.09690834520619900, -2.500000000000000000 ) ) ;
#192 = DATE_AND_TIME ( #1352, #359 ) ;
#193 = DIRECTION ( 'NONE',  ( 0.7071067811865475700, -0.7071067811865475700, 0.0000000000000000000 ) ) ;
#194 = CARTESIAN_POINT ( 'NONE',  ( 7.500000000000000000, 4.768471164879049400E-016, 2.500000000000000000 ) ) ;
#195 = VECTOR ( 'NONE', #1150, 1000.000000000000000 ) ;
#196 = VECTOR ( 'NONE', #37, 1000.000000000000000 ) ;
#197 = VECTOR ( 'NONE', #1039, 1000.000000000000000 ) ;
#198 = AXIS2_PLACEMENT_3D ( 'NONE', #184, #209, #456 ) ;
#199 = DIRECTION ( 'NONE',  ( -0.7071067811865474600, 0.7071067811865474600, -0.0000000000000000000 ) ) ;
#200 = ADVANCED_FACE ( 'NONE', ( #1303 ), #347, .F. ) ;
#201 = ORIENTED_EDGE ( 'NONE', *, *, #618, .F. ) ;
#202 = CARTESIAN_POINT ( 'NONE',  ( 23.28427124746188800, 5.000000000000000000, -4.999999999999993800 ) ) ;
#203 = CARTESIAN_POINT ( 'NONE',  ( 5.368957802997383200, 4.350543421499133400, 3.648757334909729500 ) ) ;
#204 = APPROVAL_STATUS ( 'not_yet_approved' ) ;
#205 = EDGE_CURVE ( 'NONE', #971, #185, #1520, .T. ) ;
#206 = CARTESIAN_POINT ( 'NONE',  ( 17.61127071048329300, 1.851921799797574500, -0.6570582508962128400 ) ) ;
#207 = CARTESIAN_POINT ( 'NONE',  ( 7.566042558696053400, 6.576093065034895900, 4.000000000000000000 ) ) ;
#208 = ORIENTED_EDGE ( 'NONE', *, *, #1311, .T. ) ;
#209 = DIRECTION ( 'NONE',  ( 0.0000000000000000000, 1.000000000000000000, 0.0000000000000000000 ) ) ;
#210 = VERTEX_POINT ( 'NONE', #221 ) ;
#211 = ORIENTED_EDGE ( 'NONE', *, *, #1488, .T. ) ;
#212 = VECTOR ( 'NONE', #1254, 1000.000000000000000 ) ;
#213 = VERTEX_POINT ( 'NONE', #591 ) ;
#214 = CARTESIAN_POINT ( 'NONE',  ( 0.0000000000000000000, 0.0000000000000000000, 2.500000000000000000 ) ) ;
#215 = CARTESIAN_POINT ( 'NONE',  ( 7.919595949289329100, 6.222539674441622800, -3.491196303513937500 ) ) ;
#216 = ORIENTED_EDGE ( 'NONE', *, *, #1571, .T. ) ;
#217 = CARTESIAN_POINT ( 'NONE',  ( -1.540559159102161500, 5.868986283848352400, 2.500000000000000000 ) ) ;
#218 = VECTOR ( 'NONE', #223, 1000.000000000000000 ) ;
#219 = LINE ( 'NONE', #730, #1558 ) ;
#220 = ORIENTED_EDGE ( 'NONE', *, *, #263, .T. ) ;
#221 = CARTESIAN_POINT ( 'NONE',  ( 0.0000000000000000000, 0.0000000000000000000, 2.500000000000000000 ) ) ;
#222 = LINE ( 'NONE', #1651, #776 ) ;
#223 = DIRECTION ( 'NONE',  ( 0.7071067811865472400, -0.7071067811865479100, 7.666467083416867000E-017 ) ) ;
#224 = ORIENTED_EDGE ( 'NONE', *, *, #328, .T. ) ;
#225 = DIRECTION ( 'NONE',  ( 1.084202172485504400E-016, -0.0000000000000000000, 1.000000000000000000 ) ) ;
#226 = DIRECTION ( 'NONE',  ( 0.0000000000000000000, -0.9999238388787461400, -0.01234165475093677700 ) ) ;
#227 = ORIENTED_EDGE ( 'NONE', *, *, #667, .F. ) ;
#228 = AXIS2_PLACEMENT_3D ( 'NONE', #1467, #692, #539 ) ;
#229 = EDGE_CURVE ( 'NONE', #1207, #1642, #866, .T. ) ;
#230 = EDGE_LOOP ( 'NONE', ( #167, #527, #393, #231 ) ) ;
#231 = ORIENTED_EDGE ( 'NONE', *, *, #1100, .F. ) ;
#232 = DIRECTION ( 'NONE',  ( -0.5933307913130744200, 0.8049587393648204300, 0.0000000000000000000 ) ) ;
#233 = CARTESIAN_POINT ( 'NONE',  ( -1.540559159102162300, 4.540559159102161700, -2.500000000000000000 ) ) ;
#234 =( BOUNDED_CURVE ( )  B_SPLINE_CURVE ( 3, ( #1329, #541, #1205, #559 ),
 .UNSPECIFIED., .F., .T. ) 
 B_SPLINE_CURVE_WITH_KNOTS ( ( 4, 4 ),
 ( 5.325558500905848400, 6.169660272767941000 ),
 .UNSPECIFIED. ) 
 CURVE ( )  GEOMETRIC_REPRESENTATION_ITEM ( )  RATIONAL_B_SPLINE_CURVE ( ( 1.000000000000000000, 0.9415005002906664500, 0.9415005002906664500, 1.000000000000000000 ) ) 
 REPRESENTATION_ITEM ( '' )  );
#235 = VECTOR ( 'NONE', #114, 1000.000000000000000 ) ;
#236 = DIRECTION ( 'NONE',  ( -1.000000000000000000, 0.0000000000000000000, -0.0000000000000000000 ) ) ;
#237 = CALENDAR_DATE ( 2021, 10, 9 ) ;
#238 = EDGE_CURVE ( 'NONE', #989, #384, #315, .T. ) ;
#239 = VECTOR ( 'NONE', #301, 1000.000000000000000 ) ;
#240 = EDGE_CURVE ( 'NONE', #210, #859, #222, .T. ) ;
#241 = VECTOR ( 'NONE', #1535, 1000.000000000000100 ) ;
#242 = AXIS2_PLACEMENT_3D ( 'NONE', #825, #188, #1606 ) ;
#243 = ORIENTED_EDGE ( 'NONE', *, *, #660, .F. ) ;
#244 = EDGE_CURVE ( 'NONE', #1429, #1447, #1493, .T. ) ;
#245 = DIRECTION ( 'NONE',  ( -0.0000000000000000000, 1.000000000000000000, -0.0000000000000000000 ) ) ;
#246 = DIRECTION ( 'NONE',  ( -0.7071067811865475700, 0.7071067811865475700, -0.0000000000000000000 ) ) ;
#247 = ORIENTED_EDGE ( 'NONE', *, *, #443, .F. ) ;
#248 = CARTESIAN_POINT ( 'NONE',  ( 11.10157646462878800, 17.18269478283311000, 10.00000000000000000 ) ) ;
#249 = VERTEX_POINT ( 'NONE', #339 ) ;
#250 = EDGE_LOOP ( 'NONE', ( #512, #1324, #1180, #20, #1178, #130, #1300, #1196 ) ) ;
#251 = FACE_OUTER_BOUND ( 'NONE', #936, .T. ) ;
#252 = ORIENTED_EDGE ( 'NONE', *, *, #1085, .F. ) ;
#253 = DIRECTION ( 'NONE',  ( -0.0000000000000000000, 1.000000000000000000, -0.0000000000000000000 ) ) ;
#254 = AXIS2_PLACEMENT_3D ( 'NONE', #609, #1278, #352 ) ;
#255 = DIRECTION ( 'NONE',  ( -0.0000000000000000000, 0.0000000000000000000, 1.000000000000000000 ) ) ;
#256 = ORIENTED_EDGE ( 'NONE', *, *, #263, .F. ) ;
#257 = CIRCLE ( 'NONE', #198, 2.749999999999998200 ) ;
#258 = FACE_OUTER_BOUND ( 'NONE', #566, .T. ) ;
#259 = LINE ( 'NONE', #494, #535 ) ;
#260 = DIRECTION ( 'NONE',  ( 0.0000000000000000000, 0.0000000000000000000, -1.000000000000000000 ) ) ;
#261 = CARTESIAN_POINT ( 'NONE',  ( 20.28427124746188100, 0.0000000000000000000, -2.749999999999997300 ) ) ;
#262 = VERTEX_POINT ( 'NONE', #1276 ) ;
#263 = EDGE_CURVE ( 'NONE', #1429, #249, #623, .T. ) ;
#264 = ORIENTED_EDGE ( 'NONE', *, *, #667, .T. ) ;
#265 = DIRECTION ( 'NONE',  ( -0.0000000000000000000, -0.0000000000000000000, -1.000000000000000000 ) ) ;
#266 = ORIENTED_EDGE ( 'NONE', *, *, #189, .T. ) ;
#267 = DATE_TIME_ROLE ( 'creation_date' ) ;
#268 = EDGE_CURVE ( 'NONE', #210, #1221, #1287, .T. ) ;
#269 = EDGE_CURVE ( 'NONE', #1543, #1121, #897, .T. ) ;
#270 = FACE_OUTER_BOUND ( 'NONE', #823, .T. ) ;
#271 = PERSON_AND_ORGANIZATION_ROLE ( 'creator' ) ;
#272 = PRODUCT_DEFINITION_SHAPE ( 'NONE', 'NONE',  #1079 ) ;
#273 = APPROVAL_PERSON_ORGANIZATION ( #1126, #1350, #534 ) ;
#274 = LINE ( 'NONE', #321, #699 ) ;
#275 = LINE ( 'NONE', #1349, #239 ) ;
#276 = FACE_OUTER_BOUND ( 'NONE', #482, .T. ) ;
#277 = AXIS2_PLACEMENT_3D ( 'NONE', #650, #1168, #652 ) ;
#278 = EDGE_CURVE ( 'NONE', #1221, #1015, #259, .T. ) ;
#279 = ORIENTED_EDGE ( 'NONE', *, *, #887, .T. ) ;
#280 = ORIENTED_EDGE ( 'NONE', *, *, #1665, .T. ) ;
#281 = ADVANCED_FACE ( 'NONE', ( #1130 ), #890, .F. ) ;
#282 = EDGE_LOOP ( 'NONE', ( #1082, #610, #370, #286 ) ) ;
#283 = CARTESIAN_POINT ( 'NONE',  ( -3.040584159102164300, 17.18271978283311100, 0.0000000000000000000 ) ) ;
#284 = EDGE_LOOP ( 'NONE', ( #264, #464, #1549, #18 ) ) ;
#285 = FACE_OUTER_BOUND ( 'NONE', #50, .T. ) ;
#286 = ORIENTED_EDGE ( 'NONE', *, *, #1337, .T. ) ;
#287 = DIRECTION ( 'NONE',  ( 1.000000000000000000, 0.0000000000000000000, 0.0000000000000000000 ) ) ;
#288 = EDGE_CURVE ( 'NONE', #1457, #210, #1268, .T. ) ;
#289 = DIRECTION ( 'NONE',  ( -0.7071067811865475700, 0.7071067811865475700, -0.0000000000000000000 ) ) ;
#290 = ORIENTED_EDGE ( 'NONE', *, *, #174, .F. ) ;
#291 = DIRECTION ( 'NONE',  ( -0.7071067811865475700, 0.7071067811865475700, 0.0000000000000000000 ) ) ;
#292 = FACE_OUTER_BOUND ( 'NONE', #230, .T. ) ;
#293 = FACE_OUTER_BOUND ( 'NONE', #1451, .T. ) ;
#294 = ADVANCED_FACE ( 'NONE', ( #127 ), #1464, .F. ) ;
#295 = DIRECTION ( 'NONE',  ( -1.000000000000000000, 0.0000000000000000000, 0.0000000000000000000 ) ) ;
#296 = DIRECTION ( 'NONE',  ( -0.7071067811865481300, -0.7071067811865469100, 0.0000000000000000000 ) ) ;
#297 = VECTOR ( 'NONE', #568, 1000.000000000000000 ) ;
#298 = CARTESIAN_POINT ( 'NONE',  ( -3.040559159102160300, 3.040559159102160300, 10.00000000000000000 ) ) ;
#299 = DIRECTION ( 'NONE',  ( 0.01234071493982695000, -0.01234071493982695300, -0.9998476951563912700 ) ) ;
#300 = DIRECTION ( 'NONE',  ( -1.000000000000000000, 0.0000000000000000000, 1.084202172485504400E-016 ) ) ;
#301 = DIRECTION ( 'NONE',  ( -3.917543033401050300E-015, 1.000000000000000000, -0.0000000000000000000 ) ) ;
#302 = ADVANCED_FACE ( 'NONE', ( #1208 ), #90, .T. ) ;
#303 = VERTEX_POINT ( 'NONE', #632 ) ;
#304 = CARTESIAN_POINT ( 'NONE',  ( 5.217626374881692900, 4.227676881220535400, -3.491196303513937500 ) ) ;
#305 = CARTESIAN_POINT ( 'NONE',  ( -1.626345596729061400, 4.454772721475253900, 8.000000000000000000 ) ) ;
#306 = CARTESIAN_POINT ( 'NONE',  ( 7.566042558696054200, 6.576093065034896800, -4.000000000000000900 ) ) ;
#307 = EDGE_CURVE ( 'NONE', #1121, #1585, #424, .T. ) ;
#308 = CARTESIAN_POINT ( 'NONE',  ( 17.54570728551691900, 1.501864984455148400E-015, 3.202578452938380500 ) ) ;
#309 = DIRECTION ( 'NONE',  ( -6.357961553172068400E-017, 1.000000000000000000, 0.0000000000000000000 ) ) ;
#310 = DIRECTION ( 'NONE',  ( 0.7071067811865472400, -0.7071067811865479100, 0.0000000000000000000 ) ) ;
#311 = DIRECTION ( 'NONE',  ( -0.0000000000000000000, -0.0000000000000000000, 1.000000000000000000 ) ) ;
#312 = CARTESIAN_POINT ( 'NONE',  ( 20.28427124746188100, 5.500000000000000000, -4.999999999999993800 ) ) ;
#313 = CALENDAR_DATE ( 2021, 10, 9 ) ;
#314 = VERTEX_POINT ( 'NONE', #1548 ) ;
#315 = LINE ( 'NONE', #207, #1442 ) ;
#316 = PLANE ( 'NONE',  #1421 ) ;
#317 = VECTOR ( 'NONE', #963, 1000.000000000000000 ) ;
#318 = CARTESIAN_POINT ( 'NONE',  ( 24.28427124746187700, 1.734723475976807100E-015, -2.500000000000000000 ) ) ;
#319 = ORIENTED_EDGE ( 'NONE', *, *, #781, .T. ) ;
#320 = ORIENTED_EDGE ( 'NONE', *, *, #138, .F. ) ;
#321 = CARTESIAN_POINT ( 'NONE',  ( 26.37005768508878500, -0.9142135623730884800, 10.00000000000000000 ) ) ;
#322 = EDGE_CURVE ( 'NONE', #1069, #97, #844, .T. ) ;
#323 = CARTESIAN_POINT ( 'NONE',  ( 20.28427124746188100, 5.000000000000000000, 9.797174393178829600E-016 ) ) ;
#324 = EDGE_CURVE ( 'NONE', #1565, #1604, #1430, .T. ) ;
#325 = EDGE_CURVE ( 'NONE', #483, #915, #391, .T. ) ;
#326 = CARTESIAN_POINT ( 'NONE',  ( 17.53428272198442500, 2.011015465927372200, 0.1388388306995881300 ) ) ;
#327 = DIRECTION ( 'NONE',  ( -0.7071067811865475700, -0.7071067811865475700, 0.0000000000000000000 ) ) ;
#328 = EDGE_CURVE ( 'NONE', #1320, #414, #1396, .T. ) ;
#329 = ORIENTED_EDGE ( 'NONE', *, *, #1569, .F. ) ;
#330 = CARTESIAN_POINT ( 'NONE',  ( 7.499999999999999100, -1.579698745351600900E-016, -3.088295539632191800 ) ) ;
#331 = VERTEX_POINT ( 'NONE', #901 ) ;
#332 = CARTESIAN_POINT ( 'NONE',  ( 17.71692659343727500, 1.635285960329632800, 0.9912957616702139400 ) ) ;
#333 = CARTESIAN_POINT ( 'NONE',  ( 23.07716446627534200, 5.207106781186547000, -5.499999999999994700 ) ) ;
#334 = FACE_OUTER_BOUND ( 'NONE', #469, .T. ) ;
#335 = ORIENTED_EDGE ( 'NONE', *, *, #172, .T. ) ;
#336 = DIRECTION ( 'NONE',  ( -0.7071067811865475700, -0.7071067811865475700, 0.0000000000000000000 ) ) ;
#337 = CARTESIAN_POINT ( 'NONE',  ( 26.76794898007974800, 1.709726381096766900E-015, -9.835259242663228800 ) ) ;
#338 = CARTESIAN_POINT ( 'NONE',  ( 9.687362902255683700, 17.09690834520619900, 2.500000000000000000 ) ) ;
#339 = CARTESIAN_POINT ( 'NONE',  ( 8.187362902255680200, 14.26848122046000400, -2.500000000000000000 ) ) ;
#340 = CIRCLE ( 'NONE', #1538, 2.000000000000001300 ) ;
#341 = LINE ( 'NONE', #1089, #475 ) ;
#342 = FACE_OUTER_BOUND ( 'NONE', #857, .T. ) ;
#343 = CARTESIAN_POINT ( 'NONE',  ( 9.991088278565301900, 6.352295514946629900E-016, -3.888902591448243100 ) ) ;
#344 = PRODUCT ( '5537T471_T-Slotted Framing', '5537T471_T-Slotted Framing', '', ( #1640 ) ) ;
#345 = AXIS2_PLACEMENT_3D ( 'NONE', #190, #595, #1497 ) ;
#346 = ORIENTED_EDGE ( 'NONE', *, *, #1223, .F. ) ;
#347 = PLANE ( 'NONE',  #701 ) ;
#348 = AXIS2_PLACEMENT_3D ( 'NONE', #984, #83, #1125 ) ;
#349 = ADVANCED_FACE ( 'NONE', ( #67 ), #369, .F. ) ;
#350 = CARTESIAN_POINT ( 'NONE',  ( 15.05634918610403300, -12.22792206135784100, 8.000000000000000000 ) ) ;
#351 = VERTEX_POINT ( 'NONE', #385 ) ;
#352 = DIRECTION ( 'NONE',  ( -6.938893903907228400E-015, -1.000000000000000000, 0.0000000000000000000 ) ) ;
#353 = DIRECTION ( 'NONE',  ( -0.7069990853988241700, 0.7069990853988241700, 0.01745240643728355000 ) ) ;
#354 = DIRECTION ( 'NONE',  ( -0.7071067811865475700, -0.7071067811865475700, 0.0000000000000000000 ) ) ;
#355 =( BOUNDED_CURVE ( )  B_SPLINE_CURVE ( 3, ( #1134, #472, #465, #1659 ),
 .UNSPECIFIED., .F., .F. ) 
 B_SPLINE_CURVE_WITH_KNOTS ( ( 4, 4 ),
 ( 0.0000000000000000000, 0.8678785122573801100 ),
 .UNSPECIFIED. ) 
 CURVE ( )  GEOMETRIC_REPRESENTATION_ITEM ( )  RATIONAL_B_SPLINE_CURVE ( ( 1.000000000000000000, 0.9382110270141348400, 0.9382110270141348400, 1.000000000000000000 ) ) 
 REPRESENTATION_ITEM ( '' )  );
#356 = EDGE_CURVE ( 'NONE', #520, #873, #722, .T. ) ;
#357 = EDGE_CURVE ( 'NONE', #715, #1584, #378, .T. ) ;
#358 = EDGE_CURVE ( 'NONE', #525, #1161, #1104, .T. ) ;
#359 = LOCAL_TIME ( 8, 24, 45.00000000000000000, #696 ) ;
#360 = ORIENTED_EDGE ( 'NONE', *, *, #1315, .F. ) ;
#361 = DIRECTION ( 'NONE',  ( 0.7071067811865471300, 0.7071067811865480200, 0.0000000000000000000 ) ) ;
#362 = VECTOR ( 'NONE', #504, 1000.000000000000000 ) ;
#363 = DIRECTION ( 'NONE',  ( 0.5932424473169747300, -0.8048388850225681700, -0.01725595135006746300 ) ) ;
#364 = VERTEX_POINT ( 'NONE', #1409 ) ;
#365 = ORIENTED_EDGE ( 'NONE', *, *, #356, .T. ) ;
#366 = DIRECTION ( 'NONE',  ( 0.0000000000000000000, 0.0000000000000000000, 1.000000000000000000 ) ) ;
#367 = AXIS2_PLACEMENT_3D ( 'NONE', #350, #611, #1269 ) ;
#368 = EDGE_CURVE ( 'NONE', #1584, #715, #1057, .T. ) ;
#369 = PLANE ( 'NONE',  #6 ) ;
#370 = ORIENTED_EDGE ( 'NONE', *, *, #137, .F. ) ;
#371 = ORIENTED_EDGE ( 'NONE', *, *, #486, .T. ) ;
#372 = VERTEX_POINT ( 'NONE', #1416 ) ;
#373 = DIRECTION ( 'NONE',  ( -1.000000000000000000, -2.312964634635738300E-015, -0.0000000000000000000 ) ) ;
#374 = AXIS2_PLACEMENT_3D ( 'NONE', #1458, #1214, #938 ) ;
#375 = DIRECTION ( 'NONE',  ( 0.0000000000000000000, 1.000000000000000000, 0.0000000000000000000 ) ) ;
#376 = LINE ( 'NONE', #248, #1298 ) ;
#377 = CARTESIAN_POINT ( 'NONE',  ( -3.040559159102162100, 5.868986283848350600, 2.500000000000000000 ) ) ;
#378 = CIRCLE ( 'NONE', #888, 2.749999999999998200 ) ;
#379 = LINE ( 'NONE', #177, #810 ) ;
#380 = VECTOR ( 'NONE', #1312, 1000.000000000000100 ) ;
#381 = ADVANCED_FACE ( 'NONE', ( #743, #400, #1414 ), #1537, .F. ) ;
#382 = EDGE_LOOP ( 'NONE', ( #73, #954 ) ) ;
#383 = DIRECTION ( 'NONE',  ( -0.0000000000000000000, -0.0000000000000000000, -1.000000000000000000 ) ) ;
#384 = VERTEX_POINT ( 'NONE', #104 ) ;
#385 = CARTESIAN_POINT ( 'NONE',  ( 9.510586206959063200, 8.520636713297898600, 0.0000000000000000000 ) ) ;
#386 = LINE ( 'NONE', #1475, #38 ) ;
#387 = DIRECTION ( 'NONE',  ( -0.7071067811865475700, 0.7071067811865475700, 0.0000000000000000000 ) ) ;
#388 = EDGE_CURVE ( 'NONE', #135, #784, #1184, .T. ) ;
#389 = FACE_OUTER_BOUND ( 'NONE', #47, .T. ) ;
#390 = ORIENTED_EDGE ( 'NONE', *, *, #1356, .T. ) ;
#391 = LINE ( 'NONE', #1159, #48 ) ;
#392 = ORIENTED_EDGE ( 'NONE', *, *, #1609, .F. ) ;
#393 = ORIENTED_EDGE ( 'NONE', *, *, #175, .F. ) ;
#394 = ORIENTED_EDGE ( 'NONE', *, *, #1231, .T. ) ;
#395 = EDGE_CURVE ( 'NONE', #915, #1429, #837, .T. ) ;
#396 = EDGE_LOOP ( 'NONE', ( #799, #1395, #346, #1358 ) ) ;
#397 = LINE ( 'NONE', #194, #514 ) ;
#398 = EDGE_CURVE ( 'NONE', #314, #1141, #413, .T. ) ;
#399 = PERSON_AND_ORGANIZATION ( #604, #419 ) ;
#400 = FACE_BOUND ( 'NONE', #751, .T. ) ;
#401 = VECTOR ( 'NONE', #1083, 1000.000000000000100 ) ;
#402 = CYLINDRICAL_SURFACE ( 'NONE', #367, 2.000000000000000000 ) ;
#403 = PERSON_AND_ORGANIZATION_ROLE ( 'design_supplier' ) ;
#404 = ORIENTED_EDGE ( 'NONE', *, *, #1572, .F. ) ;
#405 = CARTESIAN_POINT ( 'NONE',  ( 24.28427124746187700, -1.999999999999998200, 2.500000000000000000 ) ) ;
#406 = CARTESIAN_POINT ( 'NONE',  ( 4.030508652763312900, 10.11162697096763500, 0.0000000000000000000 ) ) ;
#407 = CARTESIAN_POINT ( 'NONE',  ( 5.217626374881692900, 4.227676881220535400, -3.491196303513937500 ) ) ;
#408 = ADVANCED_FACE ( 'NONE', ( #1615 ), #1282, .F. ) ;
#409 = PLANE ( 'NONE',  #1664 ) ;
#410 = ORIENTED_EDGE ( 'NONE', *, *, #789, .F. ) ;
#411 = ADVANCED_FACE ( 'NONE', ( #270 ), #1062, .F. ) ;
#412 = ORIENTED_EDGE ( 'NONE', *, *, #1622, .F. ) ;
#413 = CIRCLE ( 'NONE', #1373, 2.749999999999999600 ) ;
#414 = VERTEX_POINT ( 'NONE', #27 ) ;
#415 = CARTESIAN_POINT ( 'NONE',  ( 20.28427124746188100, 17.18269478283311000, -5.499999999999993800 ) ) ;
#416 = CARTESIAN_POINT ( 'NONE',  ( 20.28427124746188100, 5.000000000000000000, -4.999999999999993800 ) ) ;
#417 = DIRECTION ( 'NONE',  ( 0.0000000000000000000, -0.0000000000000000000, 1.000000000000000000 ) ) ;
#418 = DIRECTION ( 'NONE',  ( -0.7071067811865474600, -0.7071067811865474600, -1.735251929798336500E-018 ) ) ;
#419 = ORGANIZATION ( 'UNSPECIFIED', 'UNSPECIFIED', '' ) ;
#420 = VECTOR ( 'NONE', #1065, 1000.000000000000100 ) ;
#421 = DIRECTION ( 'NONE',  ( -1.000000000000000000, 0.0000000000000000000, -1.084202172485504400E-016 ) ) ;
#422 = CARTESIAN_POINT ( 'NONE',  ( -1.540559159102161500, 5.868986283848352400, -2.500000000000000000 ) ) ;
#423 = EDGE_LOOP ( 'NONE', ( #1222, #526, #1115, #1582 ) ) ;
#424 = LINE ( 'NONE', #21, #1671 ) ;
#425 = CARTESIAN_POINT ( 'NONE',  ( 5.560722458834988800, 4.452761108109765300, -3.776829832798168000 ) ) ;
#426 = CARTESIAN_POINT ( 'NONE',  ( 27.45303619708118200, 1.745453486588832700E-015, -3.673376844276517300 ) ) ;
#427 = VERTEX_POINT ( 'NONE', #934 ) ;
#428 = VERTEX_POINT ( 'NONE', #1195 ) ;
#429 = EDGE_CURVE ( 'NONE', #1674, #1069, #1258, .T. ) ;
#430 = EDGE_CURVE ( 'NONE', #1050, #1543, #376, .T. ) ;
#431 = CARTESIAN_POINT ( 'NONE',  ( 17.67801198309487300, 1.714891469893657500, -0.8854773078175537400 ) ) ;
#432 = CARTESIAN_POINT ( 'NONE',  ( 24.28427124746187700, 1.734723475976807100E-015, 2.500000000000000000 ) ) ;
#433 = CARTESIAN_POINT ( 'NONE',  ( 5.971955621911165600, 5.443864912406938000, -2.005395879729136200 ) ) ;
#434 = ORIENTED_EDGE ( 'NONE', *, *, #1609, .T. ) ;
#435 = DIRECTION ( 'NONE',  ( 0.0000000000000000000, -0.0000000000000000000, -1.000000000000000000 ) ) ;
#436 = ORIENTED_EDGE ( 'NONE', *, *, #1337, .F. ) ;
#437 = DIRECTION ( 'NONE',  ( -1.000000000000000000, -0.0000000000000000000, -0.0000000000000000000 ) ) ;
#438 = CARTESIAN_POINT ( 'NONE',  ( 22.78427124746188800, 5.500000000000000900, 5.499999999999993800 ) ) ;
#439 = DIRECTION ( 'NONE',  ( 0.0000000000000000000, 0.0000000000000000000, -1.000000000000000000 ) ) ;
#440 = ADVANCED_FACE ( 'NONE', ( #285 ), #1113, .F. ) ;
#441 = DIRECTION ( 'NONE',  ( 6.133173666733495600E-016, -1.000000000000000000, 0.0000000000000000000 ) ) ;
#442 = AXIS2_PLACEMENT_3D ( 'NONE', #1002, #1530, #1377 ) ;
#443 = EDGE_CURVE ( 'NONE', #859, #262, #1646, .T. ) ;
#444 = ORIENTED_EDGE ( 'NONE', *, *, #61, .T. ) ;
#445 = APPLICATION_CONTEXT ( 'configuration controlled 3d designs of mechanical parts and assemblies' ) ;
#446 = FACE_OUTER_BOUND ( 'NONE', #1437, .T. ) ;
#447 = CARTESIAN_POINT ( 'NONE',  ( -1.540559159102161500, 5.868986283848352400, 2.500000000000000000 ) ) ;
#448 = CARTESIAN_POINT ( 'NONE',  ( 9.687362902255683700, 17.09690834520619900, -2.500000000000000000 ) ) ;
#449 = APPROVAL_DATE_TIME ( #1668, #1440 ) ;
#450 = PRODUCT_RELATED_PRODUCT_CATEGORY ( 'detail', '', ( #344 ) ) ;
#451 = ADVANCED_FACE ( 'NONE', ( #1327 ), #1384, .F. ) ;
#452 = FACE_BOUND ( 'NONE', #382, .T. ) ;
#453 = FACE_OUTER_BOUND ( 'NONE', #1399, .T. ) ;
#454 = LINE ( 'NONE', #1307, #926 ) ;
#455 = CARTESIAN_POINT ( 'NONE',  ( 27.28427124746187700, 1.734723475976807100E-015, 2.500000000000000000 ) ) ;
#456 = DIRECTION ( 'NONE',  ( 0.0000000000000000000, 0.0000000000000000000, 1.000000000000000000 ) ) ;
#457 = LINE ( 'NONE', #171, #1418 ) ;
#458 = CARTESIAN_POINT ( 'NONE',  ( 5.621498910433050600, 4.631549416771888700, 3.367778697655220500E-016 ) ) ;
#459 = CARTESIAN_POINT ( 'NONE',  ( 18.55547813630049700, -1.248605760573955800E-016, 2.138638440410379100 ) ) ;
#460 = AXIS2_PLACEMENT_3D ( 'NONE', #561, #1092, #1348 ) ;
#461 = DIRECTION ( 'NONE',  ( 0.0000000000000000000, 0.0000000000000000000, -1.000000000000000000 ) ) ;
#462 = DIRECTION ( 'NONE',  ( 0.01234071493982695000, -0.01234071493982695300, 0.9998476951563912700 ) ) ;
#463 = CARTESIAN_POINT ( 'NONE',  ( 20.28427124746188100, 5.500000000000000000, 9.797174393178829600E-016 ) ) ;
#464 = ORIENTED_EDGE ( 'NONE', *, *, #1403, .F. ) ;
#465 = CARTESIAN_POINT ( 'NONE',  ( 27.28427124746188400, 0.6447139036575076900, 9.139655220057605300 ) ) ;
#466 = ORIENTED_EDGE ( 'NONE', *, *, #324, .F. ) ;
#467 = ORIENTED_EDGE ( 'NONE', *, *, #653, .F. ) ;
#468 = CARTESIAN_POINT ( 'NONE',  ( -3.040559159102162100, 5.868986283848350600, 2.500000000000000000 ) ) ;
#469 = EDGE_LOOP ( 'NONE', ( #549, #1485, #1559, #319 ) ) ;
#470 = VECTOR ( 'NONE', #418, 1000.000000000000100 ) ;
#471 = ORIENTED_EDGE ( 'NONE', *, *, #1318, .F. ) ;
#472 = CARTESIAN_POINT ( 'NONE',  ( 27.28427124746188800, 1.000000000000000200, 8.597517609607777400 ) ) ;
#473 = DIRECTION ( 'NONE',  ( 0.7071067811865472400, -0.7071067811865479100, -0.0000000000000000000 ) ) ;
#474 = CARTESIAN_POINT ( 'NONE',  ( -1.540559159102161500, 5.868986283848352400, -2.500000000000000000 ) ) ;
#475 = VECTOR ( 'NONE', #1638, 1000.000000000000000 ) ;
#476 = FACE_OUTER_BOUND ( 'NONE', #98, .T. ) ;
#477 = VERTEX_POINT ( 'NONE', #995 ) ;
#478 =( BOUNDED_CURVE ( )  B_SPLINE_CURVE ( 3, ( #1272, #333, #1385, #1122 ),
 .UNSPECIFIED., .F., .T. ) 
 B_SPLINE_CURVE_WITH_KNOTS ( ( 4, 4 ),
 ( 1.570796326794896600, 3.141592653589793100 ),
 .UNSPECIFIED. ) 
 CURVE ( )  GEOMETRIC_REPRESENTATION_ITEM ( )  RATIONAL_B_SPLINE_CURVE ( ( 1.000000000000000000, 0.8047378541243649400, 0.8047378541243649400, 1.000000000000000000 ) ) 
 REPRESENTATION_ITEM ( '' )  );
#479 = ORIENTED_EDGE ( 'NONE', *, *, #288, .F. ) ;
#480 = VECTOR ( 'NONE', #615, 1000.000000000000000 ) ;
#481 = CARTESIAN_POINT ( 'NONE',  ( 7.500000000000000000, 0.0000000000000000000, 2.500000000000000000 ) ) ;
#482 = EDGE_LOOP ( 'NONE', ( #919, #775, #320 ) ) ;
#483 = VERTEX_POINT ( 'NONE', #338 ) ;
#484 = DIRECTION ( 'NONE',  ( -0.0000000000000000000, -1.000000000000000000, -0.0000000000000000000 ) ) ;
#485 = DIRECTION ( 'NONE',  ( 6.529238389001742300E-016, 1.000000000000000000, -0.0000000000000000000 ) ) ;
#486 = EDGE_CURVE ( 'NONE', #1555, #75, #22, .T. ) ;
#487 = PLANE ( 'NONE',  #348 ) ;
#488 = ORIENTED_EDGE ( 'NONE', *, *, #843, .F. ) ;
#489 = ORIENTED_EDGE ( 'NONE', *, *, #128, .F. ) ;
#490 = ORIENTED_EDGE ( 'NONE', *, *, #1675, .F. ) ;
#491 = DIRECTION ( 'NONE',  ( 0.7071067811865474600, -0.7071067811865474600, 0.0000000000000000000 ) ) ;
#492 = ORIENTED_EDGE ( 'NONE', *, *, #746, .T. ) ;
#493 = ORIENTED_EDGE ( 'NONE', *, *, #1228, .T. ) ;
#494 = CARTESIAN_POINT ( 'NONE',  ( 7.500000000000000000, -1.999999999999999100, 2.500000000000000000 ) ) ;
#495 = FACE_OUTER_BOUND ( 'NONE', #669, .T. ) ;
#496 = EDGE_CURVE ( 'NONE', #515, #477, #892, .T. ) ;
#497 = AXIS2_PLACEMENT_3D ( 'NONE', #283, #1326, #146 ) ;
#498 = PERSON_AND_ORGANIZATION ( #604, #419 ) ;
#499 = VECTOR ( 'NONE', #1503, 1000.000000000000000 ) ;
#500 = DIRECTION ( 'NONE',  ( -1.156482317317871500E-016, 1.000000000000000000, 0.0000000000000000000 ) ) ;
#501 = FACE_OUTER_BOUND ( 'NONE', #282, .T. ) ;
#502 = CYLINDRICAL_SURFACE ( 'NONE', #442, 0.5000000000000004400 ) ;
#503 = EDGE_CURVE ( 'NONE', #531, #627, #1685, .T. ) ;
#504 = DIRECTION ( 'NONE',  ( 1.000000000000000000, 6.357961553172068400E-017, -0.0000000000000000000 ) ) ;
#505 = CARTESIAN_POINT ( 'NONE',  ( 7.500000000000000000, 0.0000000000000000000, -2.500000000000000400 ) ) ;
#506 = CARTESIAN_POINT ( 'NONE',  ( 8.187362902255680200, 17.09690834520619500, -2.500000000000000000 ) ) ;
#507 = DIRECTION ( 'NONE',  ( 0.7071067811865475700, 0.7071067811865475700, 8.673617379884035500E-016 ) ) ;
#508 = ORIENTED_EDGE ( 'NONE', *, *, #843, .T. ) ;
#509 = VERTEX_POINT ( 'NONE', #1351 ) ;
#510 = VERTEX_POINT ( 'NONE', #709 ) ;
#511 = AXIS2_PLACEMENT_3D ( 'NONE', #677, #577, #682 ) ;
#512 = ORIENTED_EDGE ( 'NONE', *, *, #159, .T. ) ;
#513 = CARTESIAN_POINT ( 'NONE',  ( -3.040559159102162100, 5.868986283848350600, -2.500000000000000000 ) ) ;
#514 = VECTOR ( 'NONE', #439, 1000.000000000000000 ) ;
#515 = VERTEX_POINT ( 'NONE', #861 ) ;
#516 = AXIS2_PLACEMENT_3D ( 'NONE', #46, #295, #1216 ) ;
#517 = CARTESIAN_POINT ( 'NONE',  ( 27.28427124746187700, 1.734723475976807100E-015, -10.00000000000000000 ) ) ;
#518 = CYLINDRICAL_SURFACE ( 'NONE', #1056, 2.000000000000000400 ) ;
#519 = LINE ( 'NONE', #513, #847 ) ;
#520 = VERTEX_POINT ( 'NONE', #1610 ) ;
#521 = ORIENTED_EDGE ( 'NONE', *, *, #1403, .T. ) ;
#522 = VECTOR ( 'NONE', #999, 1000.000000000000000 ) ;
#523 = ORIENTED_EDGE ( 'NONE', *, *, #307, .F. ) ;
#524 = ORIENTED_EDGE ( 'NONE', *, *, #1038, .F. ) ;
#525 = VERTEX_POINT ( 'NONE', #448 ) ;
#526 = ORIENTED_EDGE ( 'NONE', *, *, #288, .T. ) ;
#527 = ORIENTED_EDGE ( 'NONE', *, *, #528, .F. ) ;
#528 = EDGE_CURVE ( 'NONE', #1666, #1001, #1370, .T. ) ;
#529 = CARTESIAN_POINT ( 'NONE',  ( 6.365869943236550200E-016, 1.554893166825954000E-015, 9.171572875253810200 ) ) ;
#530 =( BOUNDED_CURVE ( )  B_SPLINE_CURVE ( 3, ( #1641, #1087, #1230, #853 ),
 .UNSPECIFIED., .F., .F. ) 
 B_SPLINE_CURVE_WITH_KNOTS ( ( 4, 4 ),
 ( 3.118188353413363400, 4.691594132102118800 ),
 .UNSPECIFIED. ) 
 CURVE ( )  GEOMETRIC_REPRESENTATION_ITEM ( )  RATIONAL_B_SPLINE_CURVE ( ( 1.000000000000000000, 0.8041223993508810300, 0.8041223993508810300, 1.000000000000000000 ) ) 
 REPRESENTATION_ITEM ( '' )  );
#531 = VERTEX_POINT ( 'NONE', #1629 ) ;
#532 = VECTOR ( 'NONE', #1215, 1000.000000000000000 ) ;
#533 = EDGE_CURVE ( 'NONE', #372, #1642, #668, .T. ) ;
#534 = APPROVAL_ROLE ( '' ) ;
#535 = VECTOR ( 'NONE', #1405, 1000.000000000000000 ) ;
#536 = LINE ( 'NONE', #950, #196 ) ;
#537 = VECTOR ( 'NONE', #773, 1000.000000000000000 ) ;
#538 = VERTEX_POINT ( 'NONE', #854 ) ;
#539 = DIRECTION ( 'NONE',  ( 1.000000000000000000, 2.312964634635738300E-015, 0.0000000000000000000 ) ) ;
#540 = ORIENTED_EDGE ( 'NONE', *, *, #322, .T. ) ;
#541 = CARTESIAN_POINT ( 'NONE',  ( 4.907560799807746400, 3.917611306146588500, 3.104577947471623700 ) ) ;
#542 = CARTESIAN_POINT ( 'NONE',  ( 26.37005768508878500, -0.9142135623730903700, 8.000000000000000000 ) ) ;
#543 = AXIS2_PLACEMENT_3D ( 'NONE', #654, #500, #68 ) ;
#544 = ORIENTED_EDGE ( 'NONE', *, *, #1322, .F. ) ;
#545 = ADVANCED_FACE ( 'NONE', ( #495 ), #1247, .F. ) ;
#546 = CARTESIAN_POINT ( 'NONE',  ( -3.040559159102160300, 3.040559159102160300, 10.00000000000000000 ) ) ;
#547 = ORIENTED_EDGE ( 'NONE', *, *, #189, .F. ) ;
#548 = LINE ( 'NONE', #1597, #1200 ) ;
#549 = ORIENTED_EDGE ( 'NONE', *, *, #1237, .T. ) ;
#550 = CARTESIAN_POINT ( 'NONE',  ( 7.566042558696055100, 6.576093065034897700, -3.491196303513937900 ) ) ;
#551 = PLANE ( 'NONE',  #14 ) ;
#552 = ORIENTED_EDGE ( 'NONE', *, *, #56, .F. ) ;
#553 = FACE_OUTER_BOUND ( 'NONE', #250, .T. ) ;
#554 = VECTOR ( 'NONE', #1524, 1000.000000000000000 ) ;
#555 = ORIENTED_EDGE ( 'NONE', *, *, #1021, .T. ) ;
#556 = CARTESIAN_POINT ( 'NONE',  ( 14.14213562373094000, 3.485341855836544400E-015, 3.837667896167576300 ) ) ;
#557 = FACE_OUTER_BOUND ( 'NONE', #864, .T. ) ;
#558 = EDGE_LOOP ( 'NONE', ( #1439, #658, #1410, #1504, #734, #1372 ) ) ;
#559 = CARTESIAN_POINT ( 'NONE',  ( 4.737615433949862600, 3.747665940288705600, 1.994471267899690500 ) ) ;
#560 = CARTESIAN_POINT ( 'NONE',  ( 23.28427124746188800, 5.000000000000000000, 10.00000000000000000 ) ) ;
#561 = CARTESIAN_POINT ( 'NONE',  ( 20.28427124746188100, 5.500000000000000000, 9.797174393178829600E-016 ) ) ;
#562 = ORIENTED_EDGE ( 'NONE', *, *, #958, .F. ) ;
#563 = CARTESIAN_POINT ( 'NONE',  ( 5.097339182013050700, 3.387942192225518000, -3.991120151092132600 ) ) ;
#564 = DIRECTION ( 'NONE',  ( 0.0000000000000000000, 0.0000000000000000000, 1.000000000000000000 ) ) ;
#565 = ORIENTED_EDGE ( 'NONE', *, *, #1048, .F. ) ;
#566 = EDGE_LOOP ( 'NONE', ( #637, #1277, #1044, #122 ) ) ;
#567 = CARTESIAN_POINT ( 'NONE',  ( 5.665361970888463700, 4.497343807632849400, -3.828981443183641500 ) ) ;
#568 = DIRECTION ( 'NONE',  ( 6.133173666733495600E-016, -1.000000000000000000, 0.0000000000000000000 ) ) ;
#569 = EDGE_CURVE ( 'NONE', #904, #185, #1119, .T. ) ;
#570 = ADVANCED_FACE ( 'NONE', ( #251 ), #176, .F. ) ;
#571 = CARTESIAN_POINT ( 'NONE',  ( 18.43357235895361500, 0.2247469350972970400, 2.040094495765103500 ) ) ;
#572 = CARTESIAN_POINT ( 'NONE',  ( 8.187362902255680200, 17.09690834520619500, 2.500000000000000000 ) ) ;
#573 = VECTOR ( 'NONE', #437, 1000.000000000000000 ) ;
#574 = CARTESIAN_POINT ( 'NONE',  ( 7.919595949289329100, 6.222539674441622800, 3.491196303513937900 ) ) ;
#575 = DIRECTION ( 'NONE',  ( -1.000000000000000000, 0.0000000000000000000, -1.084202172485504400E-016 ) ) ;
#576 = ADVANCED_FACE ( 'NONE', ( #446 ), #1244, .F. ) ;
#577 = DIRECTION ( 'NONE',  ( 1.000000000000000000, 0.0000000000000000000, -0.0000000000000000000 ) ) ;
#578 = CARTESIAN_POINT ( 'NONE',  ( 15.95411333034803300, 1.400672052702899900E-015, -3.815303389590218400 ) ) ;
#579 = DIRECTION ( 'NONE',  ( -1.000000000000000000, -3.917543033401050300E-015, 0.0000000000000000000 ) ) ;
#580 = CARTESIAN_POINT ( 'NONE',  ( 24.28427124746187700, -1.999999999999998200, -2.500000000000000000 ) ) ;
#581 = CARTESIAN_POINT ( 'NONE',  ( 24.28427124746187700, 1.734723475976807100E-015, 2.500000000000000000 ) ) ;
#582 = VECTOR ( 'NONE', #988, 1000.000000000000000 ) ;
#583 = CIRCLE ( 'NONE', #986, 2.750000000000000000 ) ;
#584 = DIRECTION ( 'NONE',  ( 0.7071067811865474600, 0.7071067811865474600, 1.734987481589166600E-018 ) ) ;
#585 = EDGE_CURVE ( 'NONE', #1025, #427, #1441, .T. ) ;
#586 = CARTESIAN_POINT ( 'NONE',  ( 20.28427124746188100, 5.500000000000000000, -5.499999999999993800 ) ) ;
#587 = EDGE_CURVE ( 'NONE', #12, #428, #62, .T. ) ;
#588 = ORIENTED_EDGE ( 'NONE', *, *, #1436, .F. ) ;
#589 = AXIS2_PLACEMENT_3D ( 'NONE', #1137, #1286, #361 ) ;
#590 = EDGE_CURVE ( 'NONE', #515, #1158, #935, .T. ) ;
#591 = CARTESIAN_POINT ( 'NONE',  ( 24.28427124746187700, -1.999999999999998200, -2.500000000000000000 ) ) ;
#592 = ORIENTED_EDGE ( 'NONE', *, *, #1140, .T. ) ;
#593 = ORIENTED_EDGE ( 'NONE', *, *, #1228, .F. ) ;
#594 = CARTESIAN_POINT ( 'NONE',  ( 25.45584412271569600, 1.618472782357675400E-015, 10.00000000000000000 ) ) ;
#595 = DIRECTION ( 'NONE',  ( 0.0000000000000000000, 0.0000000000000000000, 1.000000000000000000 ) ) ;
#596 = ORIENTED_EDGE ( 'NONE', *, *, #1578, .T. ) ;
#597 = FACE_BOUND ( 'NONE', #13, .T. ) ;
#598 = ORIENTED_EDGE ( 'NONE', *, *, #1294, .F. ) ;
#599 = DIRECTION ( 'NONE',  ( 1.000000000000000000, 6.133173666733495600E-016, -0.0000000000000000000 ) ) ;
#600 = CARTESIAN_POINT ( 'NONE',  ( 8.187362902255680200, 17.09690834520619500, -2.500000000000000000 ) ) ;
#601 = DIRECTION ( 'NONE',  ( -0.0000000000000000000, -0.0000000000000000000, -1.000000000000000000 ) ) ;
#602 = ADVANCED_FACE ( 'NONE', ( #597, #334 ), #1075, .F. ) ;
#603 = ORIENTED_EDGE ( 'NONE', *, *, #964, .F. ) ;
#604 = PERSON ( 'UNSPECIFIED', 'UNSPECIFIED', 'UNSPECIFIED', ('UNSPECIFIED'), ('UNSPECIFIED'), ('UNSPECIFIED') ) ;
#605 = CC_DESIGN_PERSON_AND_ORGANIZATION_ASSIGNMENT ( #399, #1052, ( #1079 ) ) ;
#606 = CIRCLE ( 'NONE', #99, 0.5000000000000006700 ) ;
#607 = CARTESIAN_POINT ( 'NONE',  ( 7.500000000000000000, -1.999999999999999100, -2.500000000000000000 ) ) ;
#608 = FACE_OUTER_BOUND ( 'NONE', #1299, .T. ) ;
#609 = CARTESIAN_POINT ( 'NONE',  ( 27.28427124746187700, 1.734723475976807100E-015, 10.00000000000000000 ) ) ;
#610 = ORIENTED_EDGE ( 'NONE', *, *, #1021, .F. ) ;
#611 = DIRECTION ( 'NONE',  ( 0.7071067811865475700, -0.7071067811865475700, 0.0000000000000000000 ) ) ;
#612 = EDGE_LOOP ( 'NONE', ( #148, #862, #1529, #831, #1528 ) ) ;
#613 = VERTEX_POINT ( 'NONE', #1061 ) ;
#614 = DIRECTION ( 'NONE',  ( 0.7071067811865476800, -0.7071067811865474600, 0.0000000000000000000 ) ) ;
#615 = DIRECTION ( 'NONE',  ( 0.7071067811865476800, -0.7071067811865474600, 0.0000000000000000000 ) ) ;
#616 = CARTESIAN_POINT ( 'NONE',  ( 27.28427124746187700, 1.734723475976807100E-015, -9.525918452849365900 ) ) ;
#617 = CARTESIAN_POINT ( 'NONE',  ( 27.28427124746187700, 1.734723475976807100E-015, -10.00000000000000000 ) ) ;
#618 = EDGE_CURVE ( 'NONE', #732, #520, #187, .T. ) ;
#619 = EDGE_CURVE ( 'NONE', #873, #428, #1586, .T. ) ;
#620 = CARTESIAN_POINT ( 'NONE',  ( 7.500000000000000000, -1.999999999999999100, 2.500000000000000000 ) ) ;
#621 = APPROVAL_PERSON_ORGANIZATION ( #1623, #1179, #780 ) ;
#622 = EDGE_CURVE ( 'NONE', #915, #1161, #103, .T. ) ;
#623 = LINE ( 'NONE', #996, #1042 ) ;
#624 = DIRECTION ( 'NONE',  ( 1.000000000000000000, 6.357961553172068400E-017, -0.0000000000000000000 ) ) ;
#625 = FACE_OUTER_BOUND ( 'NONE', #769, .T. ) ;
#626 = VECTOR ( 'NONE', #614, 1000.000000000000000 ) ;
#627 = VERTEX_POINT ( 'NONE', #1603 ) ;
#628 = AXIS2_PLACEMENT_3D ( 'NONE', #1005, #738, #232 ) ;
#629 = ORIENTED_EDGE ( 'NONE', *, *, #1675, .T. ) ;
#630 = EDGE_CURVE ( 'NONE', #1250, #88, #1551, .T. ) ;
#631 = ADVANCED_FACE ( 'NONE', ( #154 ), #121, .T. ) ;
#632 = CARTESIAN_POINT ( 'NONE',  ( 23.28427124746188800, 5.000000000000000000, 4.999999999999993800 ) ) ;
#633 = ORIENTED_EDGE ( 'NONE', *, *, #587, .F. ) ;
#634 = DIRECTION ( 'NONE',  ( -0.7071067811865475700, 0.7071067811865475700, 0.0000000000000000000 ) ) ;
#635 = CC_DESIGN_DATE_AND_TIME_ASSIGNMENT ( #1460, #267, ( #1079 ) ) ;
#636 = PLANE ( 'NONE',  #976 ) ;
#637 = ORIENTED_EDGE ( 'NONE', *, *, #881, .F. ) ;
#638 = VECTOR ( 'NONE', #1305, 1000.000000000000000 ) ;
#639 = ORIENTED_EDGE ( 'NONE', *, *, #1533, .F. ) ;
#640 = CARTESIAN_POINT ( 'NONE',  ( 4.336808689942017700E-016, -1.798303091508529400E-016, -9.171572875253811900 ) ) ;
#641 = ORIENTED_EDGE ( 'NONE', *, *, #1569, .T. ) ;
#642 = LOCAL_TIME ( 8, 24, 45.00000000000000000, #758 ) ;
#643 = VECTOR ( 'NONE', #796, 1000.000000000000000 ) ;
#644 = LINE ( 'NONE', #903, #1289 ) ;
#645 = DIRECTION ( 'NONE',  ( -0.0000000000000000000, 1.000000000000000000, -0.0000000000000000000 ) ) ;
#646 = CARTESIAN_POINT ( 'NONE',  ( 7.500000000000000000, 0.0000000000000000000, -1.914120352523486700 ) ) ;
#647 = CYLINDRICAL_SURFACE ( 'NONE', #92, 0.5000000000000004400 ) ;
#648 =( BOUNDED_CURVE ( )  B_SPLINE_CURVE ( 3, ( #556, #165, #308, #459 ),
 .UNSPECIFIED., .F., .T. ) 
 B_SPLINE_CURVE_WITH_KNOTS ( ( 4, 4 ),
 ( 1.588252278210796800, 2.550593917080586200 ),
 .UNSPECIFIED. ) 
 CURVE ( )  GEOMETRIC_REPRESENTATION_ITEM ( )  RATIONAL_B_SPLINE_CURVE ( ( 1.000000000000000000, 0.9243024366101035800, 0.9243024366101035800, 1.000000000000000000 ) ) 
 REPRESENTATION_ITEM ( '' )  );
#649 = CARTESIAN_POINT ( 'NONE',  ( 7.615293083225338000, -0.1564155717001742600, -1.910766762698393500 ) ) ;
#650 = CARTESIAN_POINT ( 'NONE',  ( 4.030508652763312900, 10.11162697096763500, 0.0000000000000000000 ) ) ;
#651 = ORIENTED_EDGE ( 'NONE', *, *, #1622, .T. ) ;
#652 = DIRECTION ( 'NONE',  ( 0.7071067811865473500, 0.7071067811865476800, 0.0000000000000000000 ) ) ;
#653 = EDGE_CURVE ( 'NONE', #1634, #665, #1148, .T. ) ;
#654 = CARTESIAN_POINT ( 'NONE',  ( 7.500000000000000000, -1.999999999999999100, 2.500000000000000000 ) ) ;
#655 = CARTESIAN_POINT ( 'NONE',  ( 0.0000000000000000000, 0.0000000000000000000, -2.500000000000000000 ) ) ;
#656 = PERSON_AND_ORGANIZATION ( #604, #419 ) ;
#657 = ORIENTED_EDGE ( 'NONE', *, *, #756, .F. ) ;
#658 = ORIENTED_EDGE ( 'NONE', *, *, #1284, .T. ) ;
#659 = ORIENTED_EDGE ( 'NONE', *, *, #58, .T. ) ;
#660 = EDGE_CURVE ( 'NONE', #732, #303, #136, .T. ) ;
#661 = EDGE_CURVE ( 'NONE', #1634, #1001, #548, .T. ) ;
#662 = AXIS2_PLACEMENT_3D ( 'NONE', #433, #1219, #695 ) ;
#663 = ADVANCED_FACE ( 'NONE', ( #1487 ), #961, .T. ) ;
#664 = ORIENTED_EDGE ( 'NONE', *, *, #1045, .F. ) ;
#665 = VERTEX_POINT ( 'NONE', #405 ) ;
#666 = SECURITY_CLASSIFICATION_LEVEL ( 'unclassified' ) ;
#667 = EDGE_CURVE ( 'NONE', #520, #75, #755, .T. ) ;
#668 = LINE ( 'NONE', #1110, #470 ) ;
#669 = EDGE_LOOP ( 'NONE', ( #479, #1257, #1035, #163, #629, #1070, #1686, #1163, #752, #659, #1132, #1014, #880, #697, #116, #224, #1166, #1291, #1408, #1673, #1117, #150, #878, #1587, #726, #280 ) ) ;
#670 = CARTESIAN_POINT ( 'NONE',  ( 4.737615433949862600, 3.747665940288704700, -2.574670268133458300 ) ) ;
#671 = CARTESIAN_POINT ( 'NONE',  ( 7.500000000000000000, 0.0000000000000000000, 2.500000000000000000 ) ) ;
#672 = LINE ( 'NONE', #685, #643 ) ;
#673 = VECTOR ( 'NONE', #5, 1000.000000000000000 ) ;
#674 = DIRECTION ( 'NONE',  ( 0.0000000000000000000, 0.0000000000000000000, 1.000000000000000000 ) ) ;
#675 = DIRECTION ( 'NONE',  ( -0.0000000000000000000, 0.0000000000000000000, -1.000000000000000000 ) ) ;
#676 = VERTEX_POINT ( 'NONE', #422 ) ;
#677 = CARTESIAN_POINT ( 'NONE',  ( 24.28427124746187700, 1.734723475976807100E-015, 2.500000000000000000 ) ) ;
#678 = PRODUCT_DEFINITION_FORMATION_WITH_SPECIFIED_SOURCE ( 'ANY', '', #344, .NOT_KNOWN. ) ;
#679 = CARTESIAN_POINT ( 'NONE',  ( 2.449293598294705900E-016, -2.000000000000000000, 2.500000000000000000 ) ) ;
#680 = DIRECTION ( 'NONE',  ( -0.7069990853988241700, 0.7069990853988241700, -0.01745240643728355000 ) ) ;
#681 = AXIS2_PLACEMENT_3D ( 'NONE', #725, #76, #858 ) ;
#682 = DIRECTION ( 'NONE',  ( -0.0000000000000000000, 0.0000000000000000000, -1.000000000000000000 ) ) ;
#683 = ORIENTED_EDGE ( 'NONE', *, *, #785, .T. ) ;
#684 = ADVANCED_FACE ( 'NONE', ( #1411 ), #1511, .T. ) ;
#685 = CARTESIAN_POINT ( 'NONE',  ( 27.28427124746188400, 1.000000000000001800, 10.00000000000000000 ) ) ;
#686 = CARTESIAN_POINT ( 'NONE',  ( 20.28427124746188100, 5.500000000000000000, 5.499999999999993800 ) ) ;
#687 = CARTESIAN_POINT ( 'NONE',  ( -1.540559159102162300, 4.540559159102161700, 2.500000000000000000 ) ) ;
#688 = ADVANCED_FACE ( 'NONE', ( #1165 ), #551, .F. ) ;
#689 = DIRECTION ( 'NONE',  ( -0.0000000000000000000, -0.0000000000000000000, -1.000000000000000000 ) ) ;
#690 = ADVANCED_FACE ( 'NONE', ( #1456 ), #807, .F. ) ;
#691 = CARTESIAN_POINT ( 'NONE',  ( 17.53425979175380800, 2.011062966676687500, -0.1383839031175495600 ) ) ;
#692 = DIRECTION ( 'NONE',  ( 2.312964634635738300E-015, -1.000000000000000000, 0.0000000000000000000 ) ) ;
#693 = DIRECTION ( 'NONE',  ( -1.000000000000000000, 0.0000000000000000000, 0.0000000000000000000 ) ) ;
#694 = CARTESIAN_POINT ( 'NONE',  ( 5.994999566806237500, 4.622474911105054900, -3.953254160765222300 ) ) ;
#695 = DIRECTION ( 'NONE',  ( 0.8049587393648204300, 0.5933307913130745300, 0.0000000000000000000 ) ) ;
#696 = COORDINATED_UNIVERSAL_TIME_OFFSET ( 6, 0, .BEHIND. ) ;
#697 = ORIENTED_EDGE ( 'NONE', *, *, #443, .T. ) ;
#698 = DIRECTION ( 'NONE',  ( -0.0000000000000000000, -0.0000000000000000000, -1.000000000000000000 ) ) ;
#699 = VECTOR ( 'NONE', #1361, 1000.000000000000000 ) ;
#700 = EDGE_CURVE ( 'NONE', #1457, #1674, #397, .T. ) ;
#701 = AXIS2_PLACEMENT_3D ( 'NONE', #882, #462, #226 ) ;
#702 = CARTESIAN_POINT ( 'NONE',  ( 17.80133326901166400, 1.463710595893585000, -1.186933084106855900 ) ) ;
#703 = ORIENTED_EDGE ( 'NONE', *, *, #1679, .F. ) ;
#704 = VERTEX_POINT ( 'NONE', #1090 ) ;
#705 = CARTESIAN_POINT ( 'NONE',  ( 26.13258050586643900, 1.669329897785308400E-015, 9.999999999999998200 ) ) ;
#706 = EDGE_CURVE ( 'NONE', #477, #1634, #863, .T. ) ;
#707 = CARTESIAN_POINT ( 'NONE',  ( -3.040559159102162100, 5.868986283848350600, 2.500000000000000000 ) ) ;
#708 = CARTESIAN_POINT ( 'NONE',  ( -1.626345596729065000, 4.454772721475255700, 10.00000000000000000 ) ) ;
#709 = CARTESIAN_POINT ( 'NONE',  ( 9.687362902255689100, 15.76848122046000900, -2.500000000000000400 ) ) ;
#710 = CARTESIAN_POINT ( 'NONE',  ( 7.500000000000000000, 0.0000000000000000000, 2.500000000000000400 ) ) ;
#711 = CARTESIAN_POINT ( 'NONE',  ( 20.28427124746188100, 5.000000000000000000, 2.749999999999999100 ) ) ;
#712 = ORIENTED_EDGE ( 'NONE', *, *, #1480, .F. ) ;
#713 = AXIS2_PLACEMENT_3D ( 'NONE', #1365, #309, #183 ) ;
#714 = EDGE_CURVE ( 'NONE', #665, #515, #1037, .T. ) ;
#715 = VERTEX_POINT ( 'NONE', #711 ) ;
#716 = CARTESIAN_POINT ( 'NONE',  ( 18.55547813630050100, 0.0000000000000000000, -2.138638440410378200 ) ) ;
#717 = CLOSED_SHELL ( 'NONE', ( #1376, #1055, #545, #381, #1547, #602, #690, #440, #927, #808, #294, #975, #1209, #85, #302, #945, #631, #684, #30, #55, #937, #1185, #349, #64, #281, #43, #1616, #802, #1106, #1424, #451, #1613, #576, #663, #688, #411, #570, #1226, #998, #951, #408, #200, #1169, #1469, #1654, #982, #1588, #906, #1633, #1525, #24 ) ) ;
#718 = CIRCLE ( 'NONE', #1419, 3.491196303513938400 ) ;
#719 = DIRECTION ( 'NONE',  ( 6.529238389001742300E-016, 1.000000000000000000, -0.0000000000000000000 ) ) ;
#720 = FACE_BOUND ( 'NONE', #117, .T. ) ;
#721 = PLANE ( 'NONE',  #1252 ) ;
#722 = CIRCLE ( 'NONE', #757, 4.999999999999993800 ) ;
#723 = LINE ( 'NONE', #1492, #1378 ) ;
#724 = FACE_OUTER_BOUND ( 'NONE', #7, .T. ) ;
#725 = CARTESIAN_POINT ( 'NONE',  ( 8.187362902255680200, 17.09690834520619500, 2.500000000000000000 ) ) ;
#726 = ORIENTED_EDGE ( 'NONE', *, *, #827, .T. ) ;
#727 = EDGE_CURVE ( 'NONE', #859, #531, #386, .T. ) ;
#728 = DIRECTION ( 'NONE',  ( -0.0000000000000000000, -0.0000000000000000000, -1.000000000000000000 ) ) ;
#729 = DIRECTION ( 'NONE',  ( 0.0000000000000000000, -1.000000000000000000, 0.0000000000000000000 ) ) ;
#730 = CARTESIAN_POINT ( 'NONE',  ( 27.28427124746187700, 1.734723475976807100E-015, 10.00000000000000000 ) ) ;
#731 = CARTESIAN_POINT ( 'NONE',  ( 27.28427124746187700, 1.734723475976807100E-015, 10.00000000000000000 ) ) ;
#732 = VERTEX_POINT ( 'NONE', #202 ) ;
#733 = CARTESIAN_POINT ( 'NONE',  ( 2.828427124746193800, 1.798303091508530100E-016, 10.00000000000000000 ) ) ;
#734 = ORIENTED_EDGE ( 'NONE', *, *, #848, .T. ) ;
#735 = CARTESIAN_POINT ( 'NONE',  ( 20.28427124746188100, 0.0000000000000000000, -2.749999999999997300 ) ) ;
#736 = VECTOR ( 'NONE', #1076, 1000.000000000000100 ) ;
#737 = CARTESIAN_POINT ( 'NONE',  ( 5.665359717062656800, 4.497342864174122200, 3.828980373242016900 ) ) ;
#738 = DIRECTION ( 'NONE',  ( 0.8049587393648204300, 0.5933307913130744200, 0.0000000000000000000 ) ) ;
#739 = AXIS2_PLACEMENT_3D ( 'NONE', #1631, #1111, #856 ) ;
#740 = LOCAL_TIME ( 8, 24, 45.00000000000000000, #1313 ) ;
#741 = LINE ( 'NONE', #101, #1127 ) ;
#742 = ORIENTED_EDGE ( 'NONE', *, *, #1356, .F. ) ;
#743 = FACE_OUTER_BOUND ( 'NONE', #1432, .T. ) ;
#744 = CARTESIAN_POINT ( 'NONE',  ( 15.05634918610403600, -12.22792206135783700, 10.00000000000000000 ) ) ;
#745 = AXIS2_PLACEMENT_3D ( 'NONE', #8, #387, #921 ) ;
#746 = EDGE_CURVE ( 'NONE', #510, #525, #1426, .T. ) ;
#747 = EDGE_LOOP ( 'NONE', ( #1579, #360, #1340, #1649 ) ) ;
#748 = EDGE_LOOP ( 'NONE', ( #562, #143, #1508, #1308, #544 ) ) ;
#749 = CARTESIAN_POINT ( 'NONE',  ( 20.28427124746188100, 17.18269478283311000, 9.797174393178829600E-016 ) ) ;
#750 = CARTESIAN_POINT ( 'NONE',  ( 2.828427124746187200, 1.798303091508526400E-016, -10.00000000000000000 ) ) ;
#751 = EDGE_LOOP ( 'NONE', ( #593, #1173, #220, #1630 ) ) ;
#752 = ORIENTED_EDGE ( 'NONE', *, *, #113, .T. ) ;
#753 = CARTESIAN_POINT ( 'NONE',  ( 11.10157646462878800, 17.18269478283311000, 10.00000000000000000 ) ) ;
#754 = EDGE_CURVE ( 'NONE', #1647, #372, #718, .T. ) ;
#755 = CIRCLE ( 'NONE', #1591, 0.5000000000000004400 ) ;
#756 = EDGE_CURVE ( 'NONE', #1592, #836, #1270, .T. ) ;
#757 = AXIS2_PLACEMENT_3D ( 'NONE', #1054, #253, #791 ) ;
#758 = COORDINATED_UNIVERSAL_TIME_OFFSET ( 6, 0, .BEHIND. ) ;
#759 = EDGE_CURVE ( 'NONE', #704, #1250, #1073, .T. ) ;
#760 = CARTESIAN_POINT ( 'NONE',  ( 1.414213562373095100, 1.414213562373095100, -8.000000000000001800 ) ) ;
#761 = VECTOR ( 'NONE', #373, 1000.000000000000000 ) ;
#762 = CARTESIAN_POINT ( 'NONE',  ( 0.0000000000000000000, 0.0000000000000000000, -8.000000000000001800 ) ) ;
#763 = LINE ( 'NONE', #1060, #401 ) ;
#764 = DIRECTION ( 'NONE',  ( -1.000000000000000000, -2.312964634635738300E-015, -0.0000000000000000000 ) ) ;
#765 = CARTESIAN_POINT ( 'NONE',  ( 24.28427124746187700, -1.999999999999998200, 2.500000000000000000 ) ) ;
#766 = ORIENTED_EDGE ( 'NONE', *, *, #137, .T. ) ;
#767 =( BOUNDED_CURVE ( )  B_SPLINE_CURVE ( 3, ( #1602, #1624, #330, #1489 ),
 .UNSPECIFIED., .F., .T. ) 
 B_SPLINE_CURVE_WITH_KNOTS ( ( 4, 4 ),
 ( 1.591591175077470700, 3.164999145021432500 ),
 .UNSPECIFIED. ) 
 CURVE ( )  GEOMETRIC_REPRESENTATION_ITEM ( )  RATIONAL_B_SPLINE_CURVE ( ( 1.000000000000000000, 0.8041218821933632200, 0.8041218821933632200, 1.000000000000000000 ) ) 
 REPRESENTATION_ITEM ( '' )  );
#768 = DIRECTION ( 'NONE',  ( -0.7071067811865474600, -0.7071067811865474600, 0.0000000000000000000 ) ) ;
#769 = EDGE_LOOP ( 'NONE', ( #596, #488, #467, #850 ) ) ;
#770 = AXIS2_PLACEMENT_3D ( 'NONE', #1680, #246, #886 ) ;
#771 = LINE ( 'NONE', #563, #2 ) ;
#772 = EDGE_LOOP ( 'NONE', ( #1522, #82, #703, #59, #657 ) ) ;
#773 = DIRECTION ( 'NONE',  ( -0.0000000000000000000, 1.000000000000000000, -0.0000000000000000000 ) ) ;
#774 = FACE_OUTER_BOUND ( 'NONE', #1608, .T. ) ;
#775 = ORIENTED_EDGE ( 'NONE', *, *, #587, .T. ) ;
#776 = VECTOR ( 'NONE', #855, 1000.000000000000000 ) ;
#777 = CARTESIAN_POINT ( 'NONE',  ( 18.55547813630049700, -1.248605760573955800E-016, 2.138638440410379100 ) ) ;
#778 = VERTEX_POINT ( 'NONE', #1341 ) ;
#779 = ORIENTED_EDGE ( 'NONE', *, *, #15, .F. ) ;
#780 = APPROVAL_ROLE ( '' ) ;
#781 = EDGE_CURVE ( 'NONE', #1050, #538, #1053, .T. ) ;
#782 = CARTESIAN_POINT ( 'NONE',  ( 1.171572875253811700, 1.629381319801983900E-015, 10.00000000000000000 ) ) ;
#783 = ORIENTED_EDGE ( 'NONE', *, *, #269, .F. ) ;
#784 = VERTEX_POINT ( 'NONE', #687 ) ;
#785 = EDGE_CURVE ( 'NONE', #364, #1574, #943, .T. ) ;
#786 = ORIENTED_EDGE ( 'NONE', *, *, #1665, .F. ) ;
#787 = VECTOR ( 'NONE', #1346, 1000.000000000000000 ) ;
#788 = AXIS2_PLACEMENT_3D ( 'NONE', #1412, #375, #1013 ) ;
#789 = EDGE_CURVE ( 'NONE', #372, #384, #606, .T. ) ;
#790 = COORDINATED_UNIVERSAL_TIME_OFFSET ( 6, 0, .BEHIND. ) ;
#791 = DIRECTION ( 'NONE',  ( 0.0000000000000000000, 0.0000000000000000000, -1.000000000000000000 ) ) ;
#792 = LINE ( 'NONE', #426, #166 ) ;
#793 = FACE_OUTER_BOUND ( 'NONE', #884, .T. ) ;
#794 = ORIENTED_EDGE ( 'NONE', *, *, #1315, .T. ) ;
#795 = CARTESIAN_POINT ( 'NONE',  ( 24.28427124746187700, 1.734723475976807100E-015, 2.500000000000000000 ) ) ;
#796 = DIRECTION ( 'NONE',  ( -0.0000000000000000000, -0.0000000000000000000, -1.000000000000000000 ) ) ;
#797 = CARTESIAN_POINT ( 'NONE',  ( 20.28427124746188100, 5.500000000000000000, -4.999999999999993800 ) ) ;
#798 = ORIENTED_EDGE ( 'NONE', *, *, #205, .F. ) ;
#799 = ORIENTED_EDGE ( 'NONE', *, *, #848, .F. ) ;
#800 = ORIENTED_EDGE ( 'NONE', *, *, #486, .F. ) ;
#801 = CARTESIAN_POINT ( 'NONE',  ( 7.566042558696053400, 6.576093065034895900, 0.0000000000000000000 ) ) ;
#802 = ADVANCED_FACE ( 'NONE', ( #293 ), #1072, .F. ) ;
#803 = ORIENTED_EDGE ( 'NONE', *, *, #785, .F. ) ;
#804 = VECTOR ( 'NONE', #1486, 1000.000000000000000 ) ;
#805 = ORIENTED_EDGE ( 'NONE', *, *, #278, .F. ) ;
#806 = CARTESIAN_POINT ( 'NONE',  ( 23.28427124746189100, 4.999999999999998200, 5.292893218813445900 ) ) ;
#807 = PLANE ( 'NONE',  #922 ) ;
#808 = ADVANCED_FACE ( 'NONE', ( #258 ), #1595, .F. ) ;
#809 = CARTESIAN_POINT ( 'NONE',  ( 5.217626374881692900, 4.227676881220535400, -3.491196303513937500 ) ) ;
#810 = VECTOR ( 'NONE', #1611, 1000.000000000000000 ) ;
#811 = LINE ( 'NONE', #1417, #241 ) ;
#812 = CARTESIAN_POINT ( 'NONE',  ( 2.828427124746187200, 1.798303091508526400E-016, -10.00000000000000000 ) ) ;
#813 = DIRECTION ( 'NONE',  ( -0.0000000000000000000, -0.0000000000000000000, -1.000000000000000000 ) ) ;
#814 = ORIENTED_EDGE ( 'NONE', *, *, #496, .T. ) ;
#815 = EDGE_LOOP ( 'NONE', ( #830, #972, #766, #1552 ) ) ;
#816 = LINE ( 'NONE', #1364, #1625 ) ;
#817 = CARTESIAN_POINT ( 'NONE',  ( 24.28427124746187700, -1.999999999999998200, 2.500000000000000000 ) ) ;
#818 = ORIENTED_EDGE ( 'NONE', *, *, #1191, .F. ) ;
#819 = ORIENTED_EDGE ( 'NONE', *, *, #1101, .T. ) ;
#820 = AXIS2_PLACEMENT_3D ( 'NONE', #215, #974, #193 ) ;
#821 = CARTESIAN_POINT ( 'NONE',  ( 17.84677954118281900, 1.371821204541913600, -1.276938052572453600 ) ) ;
#822 = DIRECTION ( 'NONE',  ( 0.0000000000000000000, -1.000000000000000000, 0.0000000000000000000 ) ) ;
#823 = EDGE_LOOP ( 'NONE', ( #266, #256, #1476, #9 ) ) ;
#824 = CARTESIAN_POINT ( 'NONE',  ( 6.476950227771998100, 4.767553237984465400, -3.991120151092132600 ) ) ;
#825 = CARTESIAN_POINT ( 'NONE',  ( 7.500000000000000000, -1.999999999999999100, -2.500000000000000000 ) ) ;
#826 = AXIS2_PLACEMENT_3D ( 'NONE', #178, #145, #287 ) ;
#827 = EDGE_CURVE ( 'NONE', #1561, #704, #1564, .T. ) ;
#828 = MANIFOLD_SOLID_BREP ( 'Fillet4', #717 ) ;
#829 = DIRECTION ( 'NONE',  ( 0.7071067811865475700, 0.7071067811865475700, -1.735251929798336500E-018 ) ) ;
#830 = ORIENTED_EDGE ( 'NONE', *, *, #15, .T. ) ;
#831 = ORIENTED_EDGE ( 'NONE', *, *, #1231, .F. ) ;
#832 = CARTESIAN_POINT ( 'NONE',  ( 18.09661250561466200, 0.8733083893869972900, -1.674823339354548200 ) ) ;
#833 = DIRECTION ( 'NONE',  ( 0.0000000000000000000, 0.0000000000000000000, -1.000000000000000000 ) ) ;
#834 = CARTESIAN_POINT ( 'NONE',  ( 24.28427124746187700, -1.999999999999998200, 2.500000000000000000 ) ) ;
#835 = DIRECTION ( 'NONE',  ( 0.0000000000000000000, 0.0000000000000000000, 1.000000000000000000 ) ) ;
#836 = VERTEX_POINT ( 'NONE', #1175 ) ;
#837 = LINE ( 'NONE', #1027, #235 ) ;
#838 = DIRECTION ( 'NONE',  ( -0.0000000000000000000, -0.0000000000000000000, -1.000000000000000000 ) ) ;
#839 = CARTESIAN_POINT ( 'NONE',  ( 17.84736190541475400, 1.370643856264960300, 1.278090912186583100 ) ) ;
#840 = CARTESIAN_POINT ( 'NONE',  ( 11.10157646462878700, 17.18269478283311400, -8.000000000000001800 ) ) ;
#841 = CYLINDRICAL_SURFACE ( 'NONE', #1434, 0.5000000000000006700 ) ;
#842 =( LENGTH_UNIT ( ) NAMED_UNIT ( * ) SI_UNIT ( .MILLI., .METRE. ) );
#843 = EDGE_CURVE ( 'NONE', #665, #213, #1577, .T. ) ;
#844 = LINE ( 'NONE', #649, #1599 ) ;
#845 = FACE_OUTER_BOUND ( 'NONE', #396, .T. ) ;
#846 = EDGE_CURVE ( 'NONE', #1141, #314, #968, .T. ) ;
#847 = VECTOR ( 'NONE', #106, 1000.000000000000000 ) ;
#848 = EDGE_CURVE ( 'NONE', #1592, #1647, #70, .T. ) ;
#849 = CARTESIAN_POINT ( 'NONE',  ( 17.99104550706471500, 1.082333623473203300, -1.530151017621045600 ) ) ;
#850 = ORIENTED_EDGE ( 'NONE', *, *, #661, .T. ) ;
#851 = PLANE ( 'NONE',  #681 ) ;
#852 = APPLICATION_PROTOCOL_DEFINITION ( 'international standard', 'config_control_design', 1994, #445 ) ;
#853 = CARTESIAN_POINT ( 'NONE',  ( 9.991088278565312600, 6.352295514946635800E-016, 3.888902591448242200 ) ) ;
#854 = CARTESIAN_POINT ( 'NONE',  ( 27.28427124746188400, 1.000000000000001800, 8.000000000000000000 ) ) ;
#855 = DIRECTION ( 'NONE',  ( -0.0000000000000000000, -0.0000000000000000000, -1.000000000000000000 ) ) ;
#856 = DIRECTION ( 'NONE',  ( 0.7071067811865474600, 0.7071067811865476800, 0.0000000000000000000 ) ) ;
#857 = EDGE_LOOP ( 'NONE', ( #1041, #394, #31, #540 ) ) ;
#858 = DIRECTION ( 'NONE',  ( 1.000000000000000000, 0.0000000000000000000, 0.0000000000000000000 ) ) ;
#859 = VERTEX_POINT ( 'NONE', #655 ) ;
#860 = ORIENTED_EDGE ( 'NONE', *, *, #395, .T. ) ;
#861 = CARTESIAN_POINT ( 'NONE',  ( 27.28427124746187700, -1.999999999999998200, 2.500000000000000000 ) ) ;
#862 = ORIENTED_EDGE ( 'NONE', *, *, #1066, .F. ) ;
#863 = LINE ( 'NONE', #581, #804 ) ;
#864 = EDGE_LOOP ( 'NONE', ( #365, #889, #243, #874 ) ) ;
#865 = CARTESIAN_POINT ( 'NONE',  ( 27.28427124746187700, -1.999999999999998200, -2.500000000000000000 ) ) ;
#866 = B_SPLINE_CURVE_WITH_KNOTS ( 'NONE', 3,
 ( #1519, #1129, #71, #737, #79, #203, #879, #1003 ),
 .UNSPECIFIED., .F., .F.,
 ( 4, 2, 2, 4 ),
 ( -9.025771537009047600E-006, 0.0007411227842837530500, 0.001116197062194133700, 0.001491271340104514600 ),
 .UNSPECIFIED. ) ;
#867 = AXIS2_PLACEMENT_3D ( 'NONE', #1234, #1095, #327 ) ;
#868 = ORIENTED_EDGE ( 'NONE', *, *, #128, .T. ) ;
#869 = CARTESIAN_POINT ( 'NONE',  ( 27.28427124746187700, 1.734723475976807100E-015, -2.500000000000000000 ) ) ;
#870 = AXIS2_PLACEMENT_3D ( 'NONE', #53, #579, #1483 ) ;
#871 = LINE ( 'NONE', #981, #1317 ) ;
#872 = LINE ( 'NONE', #1540, #1516 ) ;
#873 = VERTEX_POINT ( 'NONE', #1034 ) ;
#874 = ORIENTED_EDGE ( 'NONE', *, *, #618, .T. ) ;
#875 = LINE ( 'NONE', #1515, #916 ) ;
#876 = CARTESIAN_POINT ( 'NONE',  ( 20.28427124746188100, 17.18269478283311000, 5.499999999999993800 ) ) ;
#877 = ORIENTED_EDGE ( 'NONE', *, *, #325, .T. ) ;
#878 = ORIENTED_EDGE ( 'NONE', *, *, #1322, .T. ) ;
#879 = CARTESIAN_POINT ( 'NONE',  ( 5.284835948972324000, 4.294886455311168300, 3.574999399162420000 ) ) ;
#880 = ORIENTED_EDGE ( 'NONE', *, *, #1045, .T. ) ;
#881 = EDGE_CURVE ( 'NONE', #971, #1584, #1542, .T. ) ;
#882 = CARTESIAN_POINT ( 'NONE',  ( 7.566042558696053400, 6.576093065034895900, 4.000000000000000000 ) ) ;
#883 = ORIENTED_EDGE ( 'NONE', *, *, #41, .T. ) ;
#884 = EDGE_LOOP ( 'NONE', ( #798, #907, #77, #909, #524, #1406 ) ) ;
#885 = CARTESIAN_POINT ( 'NONE',  ( 27.28427124746188400, 1.000000000000000900, -5.499999999999992900 ) ) ;
#886 = DIRECTION ( 'NONE',  ( -0.7071067811865475700, -0.7071067811865474600, 0.0000000000000000000 ) ) ;
#887 = EDGE_CURVE ( 'NONE', #483, #525, #454, .T. ) ;
#888 = AXIS2_PLACEMENT_3D ( 'NONE', #1580, #645, #1146 ) ;
#889 = ORIENTED_EDGE ( 'NONE', *, *, #1318, .T. ) ;
#890 = PLANE ( 'NONE',  #1142 ) ;
#891 = DIRECTION ( 'NONE',  ( -0.0000000000000000000, -0.0000000000000000000, -1.000000000000000000 ) ) ;
#892 = LINE ( 'NONE', #455, #532 ) ;
#893 = EDGE_CURVE ( 'NONE', #331, #715, #1107, .T. ) ;
#894 = CARTESIAN_POINT ( 'NONE',  ( 5.996637051790820300, 5.419183482527285100, 4.005091270041918800 ) ) ;
#895 = PERSON_AND_ORGANIZATION ( #604, #419 ) ;
#896 = EDGE_LOOP ( 'NONE', ( #102, #521, #800, #1328 ) ) ;
#897 = CIRCLE ( 'NONE', #589, 2.000000000000001300 ) ;
#898 = VECTOR ( 'NONE', #1450, 1000.000000000000000 ) ;
#899 = CIRCLE ( 'NONE', #1389, 2.000000000000000000 ) ;
#900 = ORIENTED_EDGE ( 'NONE', *, *, #269, .T. ) ;
#901 = CARTESIAN_POINT ( 'NONE',  ( 20.28427124746188100, 0.0000000000000000000, 2.749999999999999100 ) ) ;
#902 = CC_DESIGN_APPROVAL ( #1440, ( #1156 ) ) ;
#903 = CARTESIAN_POINT ( 'NONE',  ( 7.500000000000000000, 0.0000000000000000000, -2.500000000000000000 ) ) ;
#904 = VERTEX_POINT ( 'NONE', #777 ) ;
#905 = ORIENTED_EDGE ( 'NONE', *, *, #429, .F. ) ;
#906 = ADVANCED_FACE ( 'NONE', ( #724 ), #29, .F. ) ;
#907 = ORIENTED_EDGE ( 'NONE', *, *, #881, .T. ) ;
#908 = VECTOR ( 'NONE', #158, 1000.000000000000000 ) ;
#909 = ORIENTED_EDGE ( 'NONE', *, *, #893, .F. ) ;
#910 = AXIS2_PLACEMENT_3D ( 'NONE', #468, #599, #1502 ) ;
#911 = ORIENTED_EDGE ( 'NONE', *, *, #923, .F. ) ;
#912 = DIRECTION ( 'NONE',  ( -1.224646799147353000E-016, 1.000000000000000000, 0.0000000000000000000 ) ) ;
#913 = CARTESIAN_POINT ( 'NONE',  ( 7.566042558696053400, 6.576093065034895900, -3.491196303513937500 ) ) ;
#914 = LINE ( 'NONE', #1309, #626 ) ;
#915 = VERTEX_POINT ( 'NONE', #918 ) ;
#916 = VECTOR ( 'NONE', #1263, 1000.000000000000000 ) ;
#917 = ORIENTED_EDGE ( 'NONE', *, *, #1446, .T. ) ;
#918 = CARTESIAN_POINT ( 'NONE',  ( 8.187362902255680200, 17.09690834520619500, 2.500000000000000000 ) ) ;
#919 = ORIENTED_EDGE ( 'NONE', *, *, #1472, .F. ) ;
#920 = ORIENTED_EDGE ( 'NONE', *, *, #1101, .F. ) ;
#921 = DIRECTION ( 'NONE',  ( -0.7071067811865475700, -0.7071067811865475700, 0.0000000000000000000 ) ) ;
#922 = AXIS2_PLACEMENT_3D ( 'NONE', #1619, #1632, #186 ) ;
#923 = EDGE_CURVE ( 'NONE', #351, #928, #1204, .T. ) ;
#924 = VECTOR ( 'NONE', #1583, 1000.000000000000000 ) ;
#925 = LINE ( 'NONE', #1636, #966 ) ;
#926 = VECTOR ( 'NONE', #265, 1000.000000000000000 ) ;
#927 = ADVANCED_FACE ( 'NONE', ( #1266 ), #1566, .T. ) ;
#928 = VERTEX_POINT ( 'NONE', #458 ) ;
#929 = APPROVAL_ROLE ( '' ) ;
#930 = EDGE_CURVE ( 'NONE', #1141, #928, #914, .T. ) ;
#931 = EDGE_LOOP ( 'NONE', ( #1681, #1194, #1213, #712 ) ) ;
#932 = DIRECTION ( 'NONE',  ( -0.7071067811865479100, -0.7071067811865472400, 0.0000000000000000000 ) ) ;
#933 = EDGE_LOOP ( 'NONE', ( #883, #329, #779, #390 ) ) ;
#934 = CARTESIAN_POINT ( 'NONE',  ( -3.040559159102160300, 3.040559159102160300, -8.000000000000001800 ) ) ;
#935 = LINE ( 'NONE', #1339, #1024 ) ;
#936 = EDGE_LOOP ( 'NONE', ( #492, #1546, #404, #493 ) ) ;
#937 = ADVANCED_FACE ( 'NONE', ( #1189 ), #502, .F. ) ;
#938 = DIRECTION ( 'NONE',  ( -6.529238389001742300E-016, -1.000000000000000000, 0.0000000000000000000 ) ) ;
#939 = CARTESIAN_POINT ( 'NONE',  ( 23.28427124746188800, 5.000000000000000000, 4.999999999999993800 ) ) ;
#940 = DIRECTION ( 'NONE',  ( 0.0000000000000000000, 0.0000000000000000000, -1.000000000000000000 ) ) ;
#941 = ORIENTED_EDGE ( 'NONE', *, *, #174, .T. ) ;
#942 = VECTOR ( 'NONE', #485, 1000.000000000000000 ) ;
#943 = LINE ( 'NONE', #306, #142 ) ;
#944 = PLANE ( 'NONE',  #374 ) ;
#945 = ADVANCED_FACE ( 'NONE', ( #109 ), #402, .T. ) ;
#946 = CC_DESIGN_SECURITY_CLASSIFICATION ( #1156, ( #678 ) ) ;
#947 = ORIENTED_EDGE ( 'NONE', *, *, #1563, .F. ) ;
#948 = DIRECTION ( 'NONE',  ( 1.000000000000000000, 0.0000000000000000000, 0.0000000000000000000 ) ) ;
#949 = AXIS2_PLACEMENT_3D ( 'NONE', #1347, #299, #1452 ) ;
#950 = CARTESIAN_POINT ( 'NONE',  ( 24.28427124746187700, 1.734723475976807100E-015, -2.500000000000000000 ) ) ;
#951 = ADVANCED_FACE ( 'NONE', ( #1655 ), #487, .F. ) ;
#952 = ORIENTED_EDGE ( 'NONE', *, *, #619, .T. ) ;
#953 = CARTESIAN_POINT ( 'NONE',  ( -3.040559159102160300, 3.040559159102160300, 8.000000000000000000 ) ) ;
#954 = ORIENTED_EDGE ( 'NONE', *, *, #368, .F. ) ;
#955 = DIRECTION ( 'NONE',  ( -0.0000000000000000000, 1.000000000000000000, -0.0000000000000000000 ) ) ;
#956 = DIRECTION ( 'NONE',  ( -0.0000000000000000000, -1.000000000000000000, -0.0000000000000000000 ) ) ;
#957 = CARTESIAN_POINT ( 'NONE',  ( 7.500000000000000000, 4.768471164879049400E-016, 1.914124735686537400 ) ) ;
#958 = EDGE_CURVE ( 'NONE', #538, #180, #355, .T. ) ;
#959 = ORIENTED_EDGE ( 'NONE', *, *, #923, .T. ) ;
#960 = CARTESIAN_POINT ( 'NONE',  ( 18.43354503164671200, 0.2247973160440248100, -2.040072405420585400 ) ) ;
#961 = PLANE ( 'NONE',  #826 ) ;
#962 = DIRECTION ( 'NONE',  ( -0.7071067811865475700, -0.7071067811865475700, 0.0000000000000000000 ) ) ;
#963 = DIRECTION ( 'NONE',  ( -0.0000000000000000000, -0.0000000000000000000, -1.000000000000000000 ) ) ;
#964 = EDGE_CURVE ( 'NONE', #75, #509, #1379, .T. ) ;
#965 = VECTOR ( 'NONE', #689, 1000.000000000000000 ) ;
#966 = VECTOR ( 'NONE', #838, 1000.000000000000000 ) ;
#967 = VECTOR ( 'NONE', #95, 1000.000000000000000 ) ;
#968 = CIRCLE ( 'NONE', #277, 2.749999999999999600 ) ;
#969 = PLANE ( 'NONE',  #242 ) ;
#970 = EDGE_CURVE ( 'NONE', #1015, #1457, #1444, .T. ) ;
#971 = VERTEX_POINT ( 'NONE', #735 ) ;
#972 = ORIENTED_EDGE ( 'NONE', *, *, #388, .T. ) ;
#973 = PLANE ( 'NONE',  #949 ) ;
#974 = DIRECTION ( 'NONE',  ( -0.7071067811865475700, -0.7071067811865475700, 2.453791421150925300E-015 ) ) ;
#975 = ADVANCED_FACE ( 'NONE', ( #276 ), #1648, .F. ) ;
#976 = AXIS2_PLACEMENT_3D ( 'NONE', #765, #255, #1545 ) ;
#977 =( NAMED_UNIT ( * ) SI_UNIT ( $, .STERADIAN. ) SOLID_ANGLE_UNIT ( ) );
#978 = CARTESIAN_POINT ( 'NONE',  ( 4.737615433949862600, 3.747665940288705600, -1.994471267899690500 ) ) ;
#979 = DIRECTION ( 'NONE',  ( 1.156482317317871100E-015, -1.000000000000000000, 0.0000000000000000000 ) ) ;
#980 = ORIENTED_EDGE ( 'NONE', *, *, #630, .T. ) ;
#981 = CARTESIAN_POINT ( 'NONE',  ( -1.540559159102162300, 4.540559159102161700, 2.500000000000000000 ) ) ;
#982 = ADVANCED_FACE ( 'NONE', ( #342 ), #65, .T. ) ;
#983 = ORIENTED_EDGE ( 'NONE', *, *, #388, .F. ) ;
#984 = CARTESIAN_POINT ( 'NONE',  ( 8.187362902255680200, 17.09690834520619500, -2.500000000000000000 ) ) ;
#985 = APPLICATION_CONTEXT ( 'configuration controlled 3d designs of mechanical parts and assemblies' ) ;
#986 = AXIS2_PLACEMENT_3D ( 'NONE', #1273, #1663, #354 ) ;
#987 = VECTOR ( 'NONE', #300, 1000.000000000000000 ) ;
#988 = DIRECTION ( 'NONE',  ( 0.7071067811865483500, 0.7071067811865466800, 0.0000000000000000000 ) ) ;
#989 = VERTEX_POINT ( 'NONE', #91 ) ;
#990 = CARTESIAN_POINT ( 'NONE',  ( 17.99261303312287200, 1.079205961485723700, 1.532637176025243700 ) ) ;
#991 = VERTEX_POINT ( 'NONE', #594 ) ;
#992 = LINE ( 'NONE', #1203, #965 ) ;
#993 = DIRECTION ( 'NONE',  ( -1.000000000000000000, 0.0000000000000000000, 0.0000000000000000000 ) ) ;
#994 = VECTOR ( 'NONE', #1505, 1000.000000000000000 ) ;
#995 = CARTESIAN_POINT ( 'NONE',  ( 27.28427124746187700, 1.734723475976807100E-015, 2.500000000000000000 ) ) ;
#996 = CARTESIAN_POINT ( 'NONE',  ( 8.187362902255680200, 14.26848122046000400, 2.500000000000000000 ) ) ;
#997 = ORIENTED_EDGE ( 'NONE', *, *, #1488, .F. ) ;
#998 = ADVANCED_FACE ( 'NONE', ( #1628 ), #851, .T. ) ;
#999 = DIRECTION ( 'NONE',  ( 0.0000000000000000000, -1.000000000000000000, 0.0000000000000000000 ) ) ;
#1000 = CARTESIAN_POINT ( 'NONE',  ( 20.28427124746187700, 8.000000000000014200, -5.499999999999993800 ) ) ;
#1001 = VERTEX_POINT ( 'NONE', #74 ) ;
#1002 = CARTESIAN_POINT ( 'NONE',  ( 20.28427124746188100, 5.500000000000000000, 4.999999999999993800 ) ) ;
#1003 = CARTESIAN_POINT ( 'NONE',  ( 5.217626374881692000, 4.227676881220534500, 3.491196303513937500 ) ) ;
#1004 = PLANE ( 'NONE',  #254 ) ;
#1005 = CARTESIAN_POINT ( 'NONE',  ( 7.500000000000000000, 0.0000000000000000000, 9.348310250050333900 ) ) ;
#1006 =( GEOMETRIC_REPRESENTATION_CONTEXT ( 3 ) GLOBAL_UNCERTAINTY_ASSIGNED_CONTEXT ( ( #1383 ) ) GLOBAL_UNIT_ASSIGNED_CONTEXT ( ( #842, #1093, #977 ) ) REPRESENTATION_CONTEXT ( 'NONE', 'WORKASPACE' ) );
#1007 = DIRECTION ( 'NONE',  ( 1.224646799147353000E-016, -1.000000000000000000, 0.0000000000000000000 ) ) ;
#1008 = DIRECTION ( 'NONE',  ( 0.8049587393648205400, 0.5933307913130742000, 0.0000000000000000000 ) ) ;
#1009 = EDGE_CURVE ( 'NONE', #1666, #173, #219, .T. ) ;
#1010 = APPROVAL_DATE_TIME ( #124, #1179 ) ;
#1011 = VERTEX_POINT ( 'NONE', #343 ) ;
#1012 = LINE ( 'NONE', #869, #1560 ) ;
#1013 = DIRECTION ( 'NONE',  ( 0.0000000000000000000, 0.0000000000000000000, 1.000000000000000000 ) ) ;
#1014 = ORIENTED_EDGE ( 'NONE', *, *, #1182, .F. ) ;
#1015 = VERTEX_POINT ( 'NONE', #1509 ) ;
#1016 =( BOUNDED_CURVE ( )  B_SPLINE_CURVE ( 3, ( #939, #806, #34, #438 ),
 .UNSPECIFIED., .F., .F. ) 
 B_SPLINE_CURVE_WITH_KNOTS ( ( 4, 4 ),
 ( 2.168404344971008900E-016, 1.570796326794897700 ),
 .UNSPECIFIED. ) 
 CURVE ( )  GEOMETRIC_REPRESENTATION_ITEM ( )  RATIONAL_B_SPLINE_CURVE ( ( 1.000000000000000000, 0.8047378541243648300, 0.8047378541243648300, 1.000000000000000000 ) ) 
 REPRESENTATION_ITEM ( '' )  );
#1017 = CARTESIAN_POINT ( 'NONE',  ( 8.187362902255680200, 17.09690834520619500, -2.500000000000000000 ) ) ;
#1018 = ORIENTED_EDGE ( 'NONE', *, *, #240, .F. ) ;
#1019 = DIRECTION ( 'NONE',  ( 0.7071067811865475700, -0.7071067811865475700, 0.0000000000000000000 ) ) ;
#1020 = CARTESIAN_POINT ( 'NONE',  ( 20.28427124746188100, 0.0000000000000000000, 9.797174393178829600E-016 ) ) ;
#1021 = EDGE_CURVE ( 'NONE', #1565, #676, #1495, .T. ) ;
#1022 = AXIS2_PLACEMENT_3D ( 'NONE', #1332, #1449, #675 ) ;
#1023 = ORIENTED_EDGE ( 'NONE', *, *, #1563, .T. ) ;
#1024 = VECTOR ( 'NONE', #26, 1000.000000000000000 ) ;
#1025 = VERTEX_POINT ( 'NONE', #1554 ) ;
#1026 =( BOUNDED_CURVE ( )  B_SPLINE_CURVE ( 3, ( #60, #1381, #705, #1264 ),
 .UNSPECIFIED., .F., .T. ) 
 B_SPLINE_CURVE_WITH_KNOTS ( ( 4, 4 ),
 ( 4.009471165847173800, 4.712388980384687900 ),
 .UNSPECIFIED. ) 
 CURVE ( )  GEOMETRIC_REPRESENTATION_ITEM ( )  RATIONAL_B_SPLINE_CURVE ( ( 1.000000000000000000, 0.9592476381572947500, 0.9592476381572947500, 1.000000000000000000 ) ) 
 REPRESENTATION_ITEM ( '' )  );
#1027 = CARTESIAN_POINT ( 'NONE',  ( 8.187362902255680200, 17.09690834520619500, 2.500000000000000000 ) ) ;
#1028 = DIRECTION ( 'NONE',  ( -0.0000000000000000000, 1.000000000000000000, -0.0000000000000000000 ) ) ;
#1029 = CYLINDRICAL_SURFACE ( 'NONE', #739, 2.749999999999999600 ) ;
#1030 = CIRCLE ( 'NONE', #788, 2.749999999999998200 ) ;
#1031 = DIRECTION ( 'NONE',  ( -0.7071067811865474600, -0.7071067811865474600, 0.0000000000000000000 ) ) ;
#1032 = ORIENTED_EDGE ( 'NONE', *, *, #660, .T. ) ;
#1033 = CARTESIAN_POINT ( 'NONE',  ( -3.040559159102160300, 3.040559159102160300, 2.500000000000000000 ) ) ;
#1034 = CARTESIAN_POINT ( 'NONE',  ( 20.28427124746188100, 5.000000000000000000, 4.999999999999994700 ) ) ;
#1035 = ORIENTED_EDGE ( 'NONE', *, *, #100, .T. ) ;
#1036 = CARTESIAN_POINT ( 'NONE',  ( 24.28427124746187700, -1.999999999999998200, 2.500000000000000000 ) ) ;
#1037 = LINE ( 'NONE', #834, #81 ) ;
#1038 = EDGE_CURVE ( 'NONE', #904, #331, #1030, .T. ) ;
#1039 = DIRECTION ( 'NONE',  ( -0.0000000000000000000, 1.000000000000000000, -0.0000000000000000000 ) ) ;
#1040 = APPROVAL_DATE_TIME ( #1394, #1350 ) ;
#1041 = ORIENTED_EDGE ( 'NONE', *, *, #1144, .T. ) ;
#1042 = VECTOR ( 'NONE', #1400, 1000.000000000000000 ) ;
#1043 = EDGE_LOOP ( 'NONE', ( #1190, #471, #952, #633 ) ) ;
#1044 = ORIENTED_EDGE ( 'NONE', *, *, #893, .T. ) ;
#1045 = EDGE_CURVE ( 'NONE', #1091, #859, #644, .T. ) ;
#1046 = EDGE_CURVE ( 'NONE', #1431, #989, #811, .T. ) ;
#1047 = AXIS2_PLACEMENT_3D ( 'NONE', #1248, #1644, #1255 ) ;
#1048 = EDGE_CURVE ( 'NONE', #676, #1331, #519, .T. ) ;
#1049 = ORIENTED_EDGE ( 'NONE', *, *, #590, .F. ) ;
#1050 = VERTEX_POINT ( 'NONE', #1157 ) ;
#1051 = ORIENTED_EDGE ( 'NONE', *, *, #1223, .T. ) ;
#1052 = PERSON_AND_ORGANIZATION_ROLE ( 'creator' ) ;
#1053 = LINE ( 'NONE', #1459, #1078 ) ;
#1054 = CARTESIAN_POINT ( 'NONE',  ( 20.28427124746188100, 5.000000000000000000, 9.797174393178829600E-016 ) ) ;
#1055 = ADVANCED_FACE ( 'NONE', ( #793 ), #1334, .F. ) ;
#1056 = AXIS2_PLACEMENT_3D ( 'NONE', #1658, #363, #1008 ) ;
#1057 = CIRCLE ( 'NONE', #1232, 2.749999999999998200 ) ;
#1058 = FACE_OUTER_BOUND ( 'NONE', #36, .T. ) ;
#1059 = CIRCLE ( 'NONE', #770, 3.991120151092133900 ) ;
#1060 = CARTESIAN_POINT ( 'NONE',  ( 7.423896474498795000, 0.1032479669782453400, 1.916334015317774400 ) ) ;
#1061 = CARTESIAN_POINT ( 'NONE',  ( 20.28427124746187700, 8.000000000000014200, 5.499999999999993800 ) ) ;
#1062 = PLANE ( 'NONE',  #1022 ) ;
#1063 = FACE_OUTER_BOUND ( 'NONE', #284, .T. ) ;
#1064 = PLANE ( 'NONE',  #123 ) ;
#1065 = DIRECTION ( 'NONE',  ( 0.7071067811865474600, -0.7071067811865474600, 0.0000000000000000000 ) ) ;
#1066 = EDGE_CURVE ( 'NONE', #1431, #1207, #1415, .T. ) ;
#1067 =( BOUNDED_CURVE ( )  B_SPLINE_CURVE ( 3, ( #616, #1388, #80, #1401 ),
 .UNSPECIFIED., .F., .T. ) 
 B_SPLINE_CURVE_WITH_KNOTS ( ( 4, 4 ),
 ( 2.273714141332414200, 3.141592653589793100 ),
 .UNSPECIFIED. ) 
 CURVE ( )  GEOMETRIC_REPRESENTATION_ITEM ( )  RATIONAL_B_SPLINE_CURVE ( ( 1.000000000000000000, 0.9382110270141348400, 0.9382110270141348400, 1.000000000000000000 ) ) 
 REPRESENTATION_ITEM ( '' )  );
#1068 = CARTESIAN_POINT ( 'NONE',  ( 7.919595949289327300, 6.222539674441621900, 3.491196303513937500 ) ) ;
#1069 = VERTEX_POINT ( 'NONE', #646 ) ;
#1070 = ORIENTED_EDGE ( 'NONE', *, *, #1038, .T. ) ;
#1071 = CARTESIAN_POINT ( 'NONE',  ( 25.87005768508878500, -0.4142135623730928100, -8.000000000000001800 ) ) ;
#1072 = PLANE ( 'NONE',  #152 ) ;
#1073 = LINE ( 'NONE', #40, #736 ) ;
#1074 =( BOUNDED_CURVE ( )  B_SPLINE_CURVE ( 3, ( #1225, #670, #1193, #304 ),
 .UNSPECIFIED., .F., .T. ) 
 B_SPLINE_CURVE_WITH_KNOTS ( ( 4, 4 ),
 ( 0.1135250344116453800, 0.9576268062737390800 ),
 .UNSPECIFIED. ) 
 CURVE ( )  GEOMETRIC_REPRESENTATION_ITEM ( )  RATIONAL_B_SPLINE_CURVE ( ( 1.000000000000000000, 0.9415005002906662300, 0.9415005002906662300, 1.000000000000000000 ) ) 
 REPRESENTATION_ITEM ( '' )  );
#1075 = PLANE ( 'NONE',  #1506 ) ;
#1076 = DIRECTION ( 'NONE',  ( -0.7071067811865474600, 0.7071067811865474600, -0.0000000000000000000 ) ) ;
#1077 = ORIENTED_EDGE ( 'NONE', *, *, #1482, .F. ) ;
#1078 = VECTOR ( 'NONE', #49, 1000.000000000000000 ) ;
#1079 = PRODUCT_DEFINITION ( 'UNKNOWN', '', #678, #1292 ) ;
#1080 = DIRECTION ( 'NONE',  ( -0.0000000000000000000, -1.000000000000000000, -0.0000000000000000000 ) ) ;
#1081 = ORIENTED_EDGE ( 'NONE', *, *, #139, .F. ) ;
#1082 = ORIENTED_EDGE ( 'NONE', *, *, #1482, .T. ) ;
#1083 = DIRECTION ( 'NONE',  ( 0.5932424473169746200, -0.8048388850225680600, -0.01725595135006746000 ) ) ;
#1084 = CARTESIAN_POINT ( 'NONE',  ( 22.78427124746188800, 5.500000000000000900, 5.499999999999993800 ) ) ;
#1085 = EDGE_CURVE ( 'NONE', #384, #1574, #1059, .T. ) ;
#1086 = CARTESIAN_POINT ( 'NONE',  ( 9.284271247461912700, 18.99999999999998900, 5.499999999999988500 ) ) ;
#1087 = CARTESIAN_POINT ( 'NONE',  ( 7.500003195859132900, 4.925516321476374200E-016, 3.088297851812937800 ) ) ;
#1088 = CARTESIAN_POINT ( 'NONE',  ( 18.09715968180126200, 0.8722389379688938500, 1.675503099064799900 ) ) ;
#1089 = CARTESIAN_POINT ( 'NONE',  ( 5.996637051790819400, 5.419183482527283300, -4.005091270041918800 ) ) ;
#1090 = CARTESIAN_POINT ( 'NONE',  ( 0.0000000000000000000, 0.0000000000000000000, 8.000000000000000000 ) ) ;
#1091 = VERTEX_POINT ( 'NONE', #505 ) ;
#1092 = DIRECTION ( 'NONE',  ( 0.0000000000000000000, -1.000000000000000000, 0.0000000000000000000 ) ) ;
#1093 =( NAMED_UNIT ( * ) PLANE_ANGLE_UNIT ( ) SI_UNIT ( $, .RADIAN. ) );
#1094 = CARTESIAN_POINT ( 'NONE',  ( 17.67780066555784300, 1.715325336829369900, 0.8847541982086246600 ) ) ;
#1095 = DIRECTION ( 'NONE',  ( -0.7071067811865475700, 0.7071067811865475700, -0.0000000000000000000 ) ) ;
#1096 = ORIENTED_EDGE ( 'NONE', *, *, #585, .F. ) ;
#1097 = VECTOR ( 'NONE', #564, 1000.000000000000000 ) ;
#1098 = CARTESIAN_POINT ( 'NONE',  ( 26.13258050586643200, 1.669329897785307600E-015, -10.00000000000000400 ) ) ;
#1099 = CARTESIAN_POINT ( 'NONE',  ( 20.28427124746188100, 17.18269478283311000, 5.499999999999993800 ) ) ;
#1100 = EDGE_CURVE ( 'NONE', #213, #1158, #872, .T. ) ;
#1101 = EDGE_CURVE ( 'NONE', #1585, #427, #899, .T. ) ;
#1102 = DIRECTION ( 'NONE',  ( -3.917543033401050300E-015, 1.000000000000000000, -0.0000000000000000000 ) ) ;
#1103 = PERSON_AND_ORGANIZATION ( #604, #419 ) ;
#1104 = LINE ( 'NONE', #506, #761 ) ;
#1105 = VECTOR ( 'NONE', #1652, 1000.000000000000000 ) ;
#1106 = ADVANCED_FACE ( 'NONE', ( #476 ), #636, .T. ) ;
#1107 = LINE ( 'NONE', #1425, #197 ) ;
#1108 = PERSON_AND_ORGANIZATION_ROLE ( 'design_owner' ) ;
#1109 = FACE_OUTER_BOUND ( 'NONE', #1218, .T. ) ;
#1110 = CARTESIAN_POINT ( 'NONE',  ( 4.737615433949864400, 3.747665940288706900, 3.491196303513937500 ) ) ;
#1111 = DIRECTION ( 'NONE',  ( 0.7071067811865476800, -0.7071067811865474600, 0.0000000000000000000 ) ) ;
#1112 = DIRECTION ( 'NONE',  ( 1.000000000000000000, 0.0000000000000000000, 1.084202172485504400E-016 ) ) ;
#1113 = PLANE ( 'NONE',  #1162 ) ;
#1114 = DIRECTION ( 'NONE',  ( -0.0000000000000000000, 1.000000000000000000, -0.0000000000000000000 ) ) ;
#1115 = ORIENTED_EDGE ( 'NONE', *, *, #268, .T. ) ;
#1116 = DIRECTION ( 'NONE',  ( 1.000000000000000000, -0.0000000000000000000, -1.084202172485504400E-016 ) ) ;
#1117 = ORIENTED_EDGE ( 'NONE', *, *, #706, .F. ) ;
#1118 = DIRECTION ( 'NONE',  ( 0.0000000000000000000, 0.0000000000000000000, -1.000000000000000000 ) ) ;
#1119 = B_SPLINE_CURVE_WITH_KNOTS ( 'NONE', 3,
 ( #1617, #571, #1224, #1088, #990, #839, #1643, #332, #1094, #1473, #1499, #1233, #326, #691, #1637, #1360, #206, #431, #1344, #702, #821, #849, #832, #44, #960, #1374 ),
 .UNSPECIFIED., .F., .F.,
 ( 4, 2, 2, 2, 2, 2, 2, 2, 2, 2, 2, 2, 4 ),
 ( 2.418344418285679500E-007, 0.0008155198282425996200, 0.001630797822043370700, 0.002038436818943755900, 0.002446075815844141600, 0.002853714812744527300, 0.003261353809644912600, 0.003668992806545298700, 0.004076631803445683900, 0.004484270800346070100, 0.004891909797246455300, 0.005707187791047223200, 0.006522465784847990300 ),
 .UNSPECIFIED. ) ;
#1120 = VECTOR ( 'NONE', #383, 1000.000000000000000 ) ;
#1121 = VERTEX_POINT ( 'NONE', #1147 ) ;
#1122 = CARTESIAN_POINT ( 'NONE',  ( 23.28427124746188800, 5.000000000000000000, -4.999999999999993800 ) ) ;
#1123 = CARTESIAN_POINT ( 'NONE',  ( -3.040559159102160300, 3.040559159102160300, 2.500000000000000000 ) ) ;
#1124 = AXIS2_PLACEMENT_3D ( 'NONE', #876, #225, #1391 ) ;
#1125 = DIRECTION ( 'NONE',  ( 1.000000000000000000, 0.0000000000000000000, 0.0000000000000000000 ) ) ;
#1126 = PERSON_AND_ORGANIZATION ( #604, #419 ) ;
#1127 = VECTOR ( 'NONE', #311, 1000.000000000000000 ) ;
#1128 = ORIENTED_EDGE ( 'NONE', *, *, #78, .F. ) ;
#1129 = CARTESIAN_POINT ( 'NONE',  ( 6.237689485716426700, 4.694923488575253300, 3.993176809911622300 ) ) ;
#1130 = FACE_OUTER_BOUND ( 'NONE', #423, .T. ) ;
#1131 = CARTESIAN_POINT ( 'NONE',  ( 27.28427124746188400, 1.000000000000002000, 5.499999999999992900 ) ) ;
#1132 = ORIENTED_EDGE ( 'NONE', *, *, #1679, .T. ) ;
#1133 = ORIENTED_EDGE ( 'NONE', *, *, #700, .F. ) ;
#1134 = CARTESIAN_POINT ( 'NONE',  ( 27.28427124746188400, 1.000000000000001800, 8.000000000000000000 ) ) ;
#1135 = EDGE_CURVE ( 'NONE', #1518, #88, #162, .T. ) ;
#1136 =( BOUNDED_CURVE ( )  B_SPLINE_CURVE ( 3, ( #762, #640, #1160, #750 ),
 .UNSPECIFIED., .F., .T. ) 
 B_SPLINE_CURVE_WITH_KNOTS ( ( 4, 4 ),
 ( 0.0000000000000000000, 1.570796326794895900 ),
 .UNSPECIFIED. ) 
 CURVE ( )  GEOMETRIC_REPRESENTATION_ITEM ( )  RATIONAL_B_SPLINE_CURVE ( ( 1.000000000000000000, 0.8047378541243652700, 0.8047378541243652700, 1.000000000000000000 ) ) 
 REPRESENTATION_ITEM ( '' )  );
#1137 = CARTESIAN_POINT ( 'NONE',  ( 9.687362902255694400, 15.76848122046001200, -8.000000000000001800 ) ) ;
#1138 = EDGE_CURVE ( 'NONE', #262, #1320, #1136, .T. ) ;
#1139 = EDGE_LOOP ( 'NONE', ( #392, #1259, #1296, #664 ) ) ;
#1140 = EDGE_CURVE ( 'NONE', #1561, #991, #1243, .T. ) ;
#1141 = VERTEX_POINT ( 'NONE', #115 ) ;
#1142 = AXIS2_PLACEMENT_3D ( 'NONE', #620, #1670, #236 ) ;
#1143 = DIRECTION ( 'NONE',  ( -1.000000000000000000, 0.0000000000000000000, 0.0000000000000000000 ) ) ;
#1144 = EDGE_CURVE ( 'NONE', #97, #1507, #741, .T. ) ;
#1145 = ORIENTED_EDGE ( 'NONE', *, *, #1085, .T. ) ;
#1146 = DIRECTION ( 'NONE',  ( 0.0000000000000000000, 0.0000000000000000000, -1.000000000000000000 ) ) ;
#1147 = CARTESIAN_POINT ( 'NONE',  ( 9.687362902255692600, 15.76848122046001600, -10.00000000000000000 ) ) ;
#1148 = LINE ( 'NONE', #432, #1536 ) ;
#1149 = AXIS2_PLACEMENT_3D ( 'NONE', #542, #1590, #296 ) ;
#1150 = DIRECTION ( 'NONE',  ( -1.000000000000000000, -1.156482317317871100E-015, -0.0000000000000000000 ) ) ;
#1151 = LINE ( 'NONE', #1099, #1187 ) ;
#1152 = DIRECTION ( 'NONE',  ( -0.7071067811865475700, 0.7071067811865475700, -0.0000000000000000000 ) ) ;
#1153 = LINE ( 'NONE', #1131, #967 ) ;
#1154 = VECTOR ( 'NONE', #1420, 1000.000000000000000 ) ;
#1155 = FACE_OUTER_BOUND ( 'NONE', #772, .T. ) ;
#1156 = SECURITY_CLASSIFICATION ( '', '', #666 ) ;
#1157 = CARTESIAN_POINT ( 'NONE',  ( 11.10157646462878800, 17.18269478283311000, 8.000000000000000000 ) ) ;
#1158 = VERTEX_POINT ( 'NONE', #865 ) ;
#1159 = CARTESIAN_POINT ( 'NONE',  ( 8.187362902255680200, 17.09690834520619500, 2.500000000000000000 ) ) ;
#1160 = CARTESIAN_POINT ( 'NONE',  ( 1.171572875253809500, -1.053421561748232200E-016, -10.00000000000000200 ) ) ;
#1161 = VERTEX_POINT ( 'NONE', #1017 ) ;
#1162 = AXIS2_PLACEMENT_3D ( 'NONE', #731, #461, #1650 ) ;
#1163 = ORIENTED_EDGE ( 'NONE', *, *, #205, .T. ) ;
#1164 = ORIENTED_EDGE ( 'NONE', *, *, #714, .F. ) ;
#1165 = FACE_OUTER_BOUND ( 'NONE', #1386, .T. ) ;
#1166 = ORIENTED_EDGE ( 'NONE', *, *, #1678, .T. ) ;
#1167 = CARTESIAN_POINT ( 'NONE',  ( 20.28427124746188100, 5.000000000000000000, 9.797174393178829600E-016 ) ) ;
#1168 = DIRECTION ( 'NONE',  ( -0.7071067811865475700, 0.7071067811865475700, -0.0000000000000000000 ) ) ;
#1169 = ADVANCED_FACE ( 'NONE', ( #774 ), #973, .F. ) ;
#1170 = LINE ( 'NONE', #1645, #28 ) ;
#1171 = VECTOR ( 'NONE', #1112, 1000.000000000000000 ) ;
#1172 = ORIENTED_EDGE ( 'NONE', *, *, #1572, .T. ) ;
#1173 = ORIENTED_EDGE ( 'NONE', *, *, #244, .F. ) ;
#1174 = VECTOR ( 'NONE', #473, 1000.000000000000000 ) ;
#1175 = CARTESIAN_POINT ( 'NONE',  ( 6.476950227771998100, 4.767553237984465400, -3.991120151092132600 ) ) ;
#1176 = ORIENTED_EDGE ( 'NONE', *, *, #930, .T. ) ;
#1177 = ORIENTED_EDGE ( 'NONE', *, *, #325, .F. ) ;
#1178 = ORIENTED_EDGE ( 'NONE', *, *, #1009, .T. ) ;
#1179 = APPROVAL ( #204, 'UNSPECIFIED' ) ;
#1180 = ORIENTED_EDGE ( 'NONE', *, *, #590, .T. ) ;
#1181 = ORIENTED_EDGE ( 'NONE', *, *, #398, .T. ) ;
#1182 = EDGE_CURVE ( 'NONE', #1091, #1069, #87, .T. ) ;
#1183 = ORIENTED_EDGE ( 'NONE', *, *, #1066, .T. ) ;
#1184 = LINE ( 'NONE', #1033, #638 ) ;
#1185 = ADVANCED_FACE ( 'NONE', ( #389 ), #1589, .F. ) ;
#1186 = CC_DESIGN_PERSON_AND_ORGANIZATION_ASSIGNMENT ( #1103, #1108, ( #344 ) ) ;
#1187 = VECTOR ( 'NONE', #484, 1000.000000000000000 ) ;
#1188 = LINE ( 'NONE', #298, #141 ) ;
#1189 = FACE_OUTER_BOUND ( 'NONE', #1043, .T. ) ;
#1190 = ORIENTED_EDGE ( 'NONE', *, *, #1311, .F. ) ;
#1191 = EDGE_CURVE ( 'NONE', #427, #262, #1319, .T. ) ;
#1192 = DIRECTION ( 'NONE',  ( 0.7071067811865473500, 0.7071067811865476800, 0.0000000000000000000 ) ) ;
#1193 = CARTESIAN_POINT ( 'NONE',  ( 4.907560799807746400, 3.917611306146587600, -3.104577947471624600 ) ) ;
#1194 = ORIENTED_EDGE ( 'NONE', *, *, #846, .T. ) ;
#1195 = CARTESIAN_POINT ( 'NONE',  ( 20.28427124746188100, 5.500000000000000000, 5.499999999999993800 ) ) ;
#1196 = ORIENTED_EDGE ( 'NONE', *, *, #958, .T. ) ;
#1197 = ORIENTED_EDGE ( 'NONE', *, *, #585, .T. ) ;
#1198 = CARTESIAN_POINT ( 'NONE',  ( 7.919595949289327300, 6.222539674441621900, -3.491196303513937500 ) ) ;
#1199 = EDGE_LOOP ( 'NONE', ( #1478, #1183, #1314, #1423 ) ) ;
#1200 = VECTOR ( 'NONE', #813, 1000.000000000000000 ) ;
#1201 = EDGE_LOOP ( 'NONE', ( #651, #641, #1197, #151, #247, #1018, #786, #131 ) ) ;
#1202 = EDGE_LOOP ( 'NONE', ( #1453, #164, #1177, #279 ) ) ;
#1203 = CARTESIAN_POINT ( 'NONE',  ( 0.0000000000000000000, 0.0000000000000000000, 10.00000000000000000 ) ) ;
#1204 = CIRCLE ( 'NONE', #1323, 2.750000000000000000 ) ;
#1205 = CARTESIAN_POINT ( 'NONE',  ( 4.737615433949862600, 3.747665940288705600, 2.574670268133457900 ) ) ;
#1206 = DIRECTION ( 'NONE',  ( -0.7071067811865475700, 0.7071067811865475700, -0.0000000000000000000 ) ) ;
#1207 = VERTEX_POINT ( 'NONE', #25 ) ;
#1208 = FACE_OUTER_BOUND ( 'NONE', #132, .T. ) ;
#1209 = ADVANCED_FACE ( 'NONE', ( #1109 ), #409, .F. ) ;
#1210 = DIRECTION ( 'NONE',  ( -0.7071067811865475700, 0.7071067811865475700, 0.0000000000000000000 ) ) ;
#1211 = AXIS2_PLACEMENT_3D ( 'NONE', #617, #1118, #993 ) ;
#1212 = ORIENTED_EDGE ( 'NONE', *, *, #172, .F. ) ;
#1213 = ORIENTED_EDGE ( 'NONE', *, *, #139, .T. ) ;
#1214 = DIRECTION ( 'NONE',  ( -1.000000000000000000, 6.529238389001742300E-016, 0.0000000000000000000 ) ) ;
#1215 = DIRECTION ( 'NONE',  ( -0.0000000000000000000, 1.000000000000000000, -0.0000000000000000000 ) ) ;
#1216 = DIRECTION ( 'NONE',  ( 0.0000000000000000000, 0.0000000000000000000, 1.000000000000000000 ) ) ;
#1217 = DIRECTION ( 'NONE',  ( 0.7071067811865475700, 0.7071067811865475700, 8.673617379884035500E-016 ) ) ;
#1218 = EDGE_LOOP ( 'NONE', ( #371, #51, #997 ) ) ;
#1219 = DIRECTION ( 'NONE',  ( 0.5932424473169747300, -0.8048388850225681700, 0.01725595135006746300 ) ) ;
#1220 = DIRECTION ( 'NONE',  ( -0.7071067811865475700, 0.7071067811865475700, 0.0000000000000000000 ) ) ;
#1221 = VERTEX_POINT ( 'NONE', #679 ) ;
#1222 = ORIENTED_EDGE ( 'NONE', *, *, #970, .T. ) ;
#1223 = EDGE_CURVE ( 'NONE', #1574, #836, #771, .T. ) ;
#1224 = CARTESIAN_POINT ( 'NONE',  ( 18.31756033096303300, 0.4451956301934889600, 1.929459977959230300 ) ) ;
#1225 = CARTESIAN_POINT ( 'NONE',  ( 4.737615433949862600, 3.747665940288705600, -1.994471267899690500 ) ) ;
#1226 = ADVANCED_FACE ( 'NONE', ( #1288 ), #1596, .F. ) ;
#1227 = CARTESIAN_POINT ( 'NONE',  ( 20.28427124746188100, 5.000000000000000000, -2.749999999999997300 ) ) ;
#1228 = EDGE_CURVE ( 'NONE', #1447, #510, #379, .T. ) ;
#1229 = VECTOR ( 'NONE', #1080, 1000.000000000000000 ) ;
#1230 = CARTESIAN_POINT ( 'NONE',  ( 8.532635491875366200, 5.582059965139873600E-016, 3.906903683195442700 ) ) ;
#1231 = EDGE_CURVE ( 'NONE', #1507, #1674, #763, .T. ) ;
#1232 = AXIS2_PLACEMENT_3D ( 'NONE', #1167, #245, #260 ) ;
#1233 = CARTESIAN_POINT ( 'NONE',  ( 17.54478262861077200, 1.989242407716326400, 0.2742689758916118100 ) ) ;
#1234 = CARTESIAN_POINT ( 'NONE',  ( 7.566042558696053400, 6.576093065034895900, 0.0000000000000000000 ) ) ;
#1235 = CARTESIAN_POINT ( 'NONE',  ( 7.925766306759240500, 6.216369316971707800, 3.991120151092132600 ) ) ;
#1236 = PERSON_AND_ORGANIZATION ( #604, #419 ) ;
#1237 = EDGE_CURVE ( 'NONE', #538, #778, #672, .T. ) ;
#1238 = DIRECTION ( 'NONE',  ( 0.7071067811865471300, 0.7071067811865480200, -4.336808689942014600E-015 ) ) ;
#1239 = VECTOR ( 'NONE', #584, 1000.000000000000100 ) ;
#1240 = LINE ( 'NONE', #600, #522 ) ;
#1241 = DIRECTION ( 'NONE',  ( 0.0000000000000000000, 0.0000000000000000000, -1.000000000000000000 ) ) ;
#1242 = LINE ( 'NONE', #1463, #898 ) ;
#1243 = LINE ( 'NONE', #1402, #1461 ) ;
#1244 = PLANE ( 'NONE',  #1283 ) ;
#1245 = AXIS2_PLACEMENT_3D ( 'NONE', #1020, #1028, #366 ) ;
#1246 = ORIENTED_EDGE ( 'NONE', *, *, #1100, .T. ) ;
#1247 = PLANE ( 'NONE',  #713 ) ;
#1248 = CARTESIAN_POINT ( 'NONE',  ( 20.28427124746188100, 0.0000000000000000000, 9.797174393178829600E-016 ) ) ;
#1249 = CARTESIAN_POINT ( 'NONE',  ( -3.040559159102162100, 5.868986283848350600, -2.500000000000000000 ) ) ;
#1250 = VERTEX_POINT ( 'NONE', #953 ) ;
#1251 = CARTESIAN_POINT ( 'NONE',  ( 27.28427124746187700, 1.734723475976807100E-015, -9.525918452849365900 ) ) ;
#1252 = AXIS2_PLACEMENT_3D ( 'NONE', #580, #1474, #1367 ) ;
#1253 = ORIENTED_EDGE ( 'NONE', *, *, #503, .T. ) ;
#1254 = DIRECTION ( 'NONE',  ( 1.000000000000000000, 1.156482317317871500E-016, -0.0000000000000000000 ) ) ;
#1255 = DIRECTION ( 'NONE',  ( 0.0000000000000000000, 0.0000000000000000000, 1.000000000000000000 ) ) ;
#1256 = CARTESIAN_POINT ( 'NONE',  ( 9.991088278565312600, 6.352295514946635800E-016, 3.888902591448242200 ) ) ;
#1257 = ORIENTED_EDGE ( 'NONE', *, *, #700, .T. ) ;
#1258 = LINE ( 'NONE', #671, #924 ) ;
#1259 = ORIENTED_EDGE ( 'NONE', *, *, #503, .F. ) ;
#1260 = ORIENTED_EDGE ( 'NONE', *, *, #1135, .T. ) ;
#1261 = EDGE_CURVE ( 'NONE', #97, #1592, #1074, .T. ) ;
#1262 = CARTESIAN_POINT ( 'NONE',  ( 0.0000000000000000000, 0.0000000000000000000, 10.00000000000000000 ) ) ;
#1263 = DIRECTION ( 'NONE',  ( -0.0000000000000000000, -0.0000000000000000000, -1.000000000000000000 ) ) ;
#1264 = CARTESIAN_POINT ( 'NONE',  ( 25.45584412271569600, 1.618472782357675400E-015, 10.00000000000000000 ) ) ;
#1265 = LINE ( 'NONE', #885, #218 ) ;
#1266 = FACE_OUTER_BOUND ( 'NONE', #126, .T. ) ;
#1267 = ORIENTED_EDGE ( 'NONE', *, *, #430, .T. ) ;
#1268 = LINE ( 'NONE', #1281, #1539 ) ;
#1269 = DIRECTION ( 'NONE',  ( 0.7071067811865475700, 0.7071067811865475700, 0.0000000000000000000 ) ) ;
#1270 = B_SPLINE_CURVE_WITH_KNOTS ( 'NONE', 3,
 ( #809, #1470, #1614, #425, #567, #694, #1477, #824 ),
 .UNSPECIFIED., .F., .F.,
 ( 4, 2, 2, 4 ),
 ( 0.0000000000000000000, 0.0003748091175761369100, 0.0007496182351522738100, 0.001499236470304550000 ),
 .UNSPECIFIED. ) ;
#1271 = ORIENTED_EDGE ( 'NONE', *, *, #1472, .T. ) ;
#1272 = CARTESIAN_POINT ( 'NONE',  ( 22.78427124746188800, 5.500000000000000000, -5.499999999999993800 ) ) ;
#1273 = CARTESIAN_POINT ( 'NONE',  ( 7.566042558696055100, 6.576093065034894100, 0.0000000000000000000 ) ) ;
#1274 = CARTESIAN_POINT ( 'NONE',  ( 7.566042558696055100, 6.576093065034894100, 0.0000000000000000000 ) ) ;
#1275 = ORIENTED_EDGE ( 'NONE', *, *, #1677, .T. ) ;
#1276 = CARTESIAN_POINT ( 'NONE',  ( 0.0000000000000000000, 0.0000000000000000000, -8.000000000000001800 ) ) ;
#1277 = ORIENTED_EDGE ( 'NONE', *, *, #1397, .F. ) ;
#1278 = DIRECTION ( 'NONE',  ( -1.000000000000000000, 6.938893903907228400E-015, 0.0000000000000000000 ) ) ;
#1279 = DIRECTION ( 'NONE',  ( -0.7071067811865475700, 0.7071067811865475700, 0.0000000000000000000 ) ) ;
#1280 = CC_DESIGN_APPROVAL ( #1179, ( #1079 ) ) ;
#1281 = CARTESIAN_POINT ( 'NONE',  ( 7.500000000000000000, 0.0000000000000000000, 2.500000000000000000 ) ) ;
#1282 = CYLINDRICAL_SURFACE ( 'NONE', #497, 2.749999999999999600 ) ;
#1283 = AXIS2_PLACEMENT_3D ( 'NONE', #1490, #979, #63 ) ;
#1284 = EDGE_CURVE ( 'NONE', #1642, #1507, #234, .T. ) ;
#1285 = APPROVAL_PERSON_ORGANIZATION ( #656, #1440, #929 ) ;
#1286 = DIRECTION ( 'NONE',  ( -0.7071067811865475700, 0.7071067811865475700, -0.0000000000000000000 ) ) ;
#1287 = LINE ( 'NONE', #214, #1575 ) ;
#1288 = FACE_OUTER_BOUND ( 'NONE', #1202, .T. ) ;
#1289 = VECTOR ( 'NONE', #111, 1000.000000000000000 ) ;
#1290 = CC_DESIGN_PERSON_AND_ORGANIZATION_ASSIGNMENT ( #895, #134, ( #1156 ) ) ;
#1291 = ORIENTED_EDGE ( 'NONE', *, *, #1009, .F. ) ;
#1292 = DESIGN_CONTEXT ( 'detailed design', #985, 'design' ) ;
#1293 = DIRECTION ( 'NONE',  ( 0.7071067811865474600, 0.7071067811865474600, 0.0000000000000000000 ) ) ;
#1294 = EDGE_CURVE ( 'NONE', #1025, #1517, #1576, .T. ) ;
#1295 = ORIENTED_EDGE ( 'NONE', *, *, #113, .F. ) ;
#1296 = ORIENTED_EDGE ( 'NONE', *, *, #727, .F. ) ;
#1297 = CARTESIAN_POINT ( 'NONE',  ( -1.626345596729063600, 4.454772721475253900, -8.000000000000001800 ) ) ;
#1298 = VECTOR ( 'NONE', #891, 1000.000000000000000 ) ;
#1299 = EDGE_LOOP ( 'NONE', ( #1253, #1128, #805, #794 ) ) ;
#1300 = ORIENTED_EDGE ( 'NONE', *, *, #1237, .F. ) ;
#1301 = CONICAL_SURFACE ( 'NONE', #867, 4.000000000000000000, 0.01745329251994333400 ) ;
#1302 = VECTOR ( 'NONE', #1676, 1000.000000000000000 ) ;
#1303 = FACE_OUTER_BOUND ( 'NONE', #1199, .T. ) ;
#1304 = FACE_OUTER_BOUND ( 'NONE', #1139, .T. ) ;
#1305 = DIRECTION ( 'NONE',  ( 0.7071067811865466800, 0.7071067811865483500, 0.0000000000000000000 ) ) ;
#1306 = CC_DESIGN_APPROVAL ( #1350, ( #678 ) ) ;
#1307 = CARTESIAN_POINT ( 'NONE',  ( 9.687362902255683700, 17.09690834520619900, 2.500000000000000000 ) ) ;
#1308 = ORIENTED_EDGE ( 'NONE', *, *, #61, .F. ) ;
#1309 = CARTESIAN_POINT ( 'NONE',  ( -4.985127807365169700, 15.23817613457010400, 3.367778697655220500E-016 ) ) ;
#1310 = ORIENTED_EDGE ( 'NONE', *, *, #1048, .T. ) ;
#1311 = EDGE_CURVE ( 'NONE', #303, #12, #1016, .T. ) ;
#1312 = DIRECTION ( 'NONE',  ( 0.7071067811865474600, 0.7071067811865474600, -1.735251929798336500E-018 ) ) ;
#1313 = COORDINATED_UNIVERSAL_TIME_OFFSET ( 6, 0, .BEHIND. ) ;
#1314 = ORIENTED_EDGE ( 'NONE', *, *, #56, .T. ) ;
#1315 = EDGE_CURVE ( 'NONE', #1221, #531, #1443, .T. ) ;
#1316 = LINE ( 'NONE', #447, #10 ) ;
#1317 = VECTOR ( 'NONE', #601, 1000.000000000000000 ) ;
#1318 = EDGE_CURVE ( 'NONE', #873, #303, #1170, .T. ) ;
#1319 = LINE ( 'NONE', #1445, #420 ) ;
#1320 = VERTEX_POINT ( 'NONE', #812 ) ;
#1321 = EDGE_LOOP ( 'NONE', ( #1462, #1512, #118, #947 ) ) ;
#1322 = EDGE_CURVE ( 'NONE', #180, #991, #1026, .T. ) ;
#1323 = AXIS2_PLACEMENT_3D ( 'NONE', #1274, #1279, #336 ) ;
#1324 = ORIENTED_EDGE ( 'NONE', *, *, #496, .F. ) ;
#1325 = EDGE_LOOP ( 'NONE', ( #1382, #290, #783, #588, #639 ) ) ;
#1326 = DIRECTION ( 'NONE',  ( 0.7071067811865476800, -0.7071067811865474600, 0.0000000000000000000 ) ) ;
#1327 = FACE_OUTER_BOUND ( 'NONE', #933, .T. ) ;
#1328 = ORIENTED_EDGE ( 'NONE', *, *, #1571, .F. ) ;
#1329 = CARTESIAN_POINT ( 'NONE',  ( 5.217626374881692000, 4.227676881220534500, 3.491196303513937500 ) ) ;
#1330 = DIRECTION ( 'NONE',  ( 0.7071067811865472400, -0.7071067811865479100, 0.0000000000000000000 ) ) ;
#1331 = VERTEX_POINT ( 'NONE', #1249 ) ;
#1332 = CARTESIAN_POINT ( 'NONE',  ( 8.187362902255680200, 17.09690834520619500, 2.500000000000000000 ) ) ;
#1333 = CIRCLE ( 'NONE', #19, 5.499999999999993800 ) ;
#1334 = CYLINDRICAL_SURFACE ( 'NONE', #1245, 2.749999999999998200 ) ;
#1335 = ORIENTED_EDGE ( 'NONE', *, *, #238, .T. ) ;
#1336 = DIRECTION ( 'NONE',  ( 1.224646799147353000E-016, -1.000000000000000000, 0.0000000000000000000 ) ) ;
#1337 = EDGE_CURVE ( 'NONE', #784, #1517, #871, .T. ) ;
#1338 = DIRECTION ( 'NONE',  ( 0.7071067811865475700, -0.7071067811865475700, 0.0000000000000000000 ) ) ;
#1339 = CARTESIAN_POINT ( 'NONE',  ( 27.28427124746187700, -1.999999999999998200, 2.500000000000000000 ) ) ;
#1340 = ORIENTED_EDGE ( 'NONE', *, *, #268, .F. ) ;
#1341 = CARTESIAN_POINT ( 'NONE',  ( 27.28427124746188400, 1.000000000000001800, -8.000000000000001800 ) ) ;
#1342 = DIRECTION ( 'NONE',  ( -0.9999238388787461400, -6.357477323691290500E-017, -0.01234165475093677300 ) ) ;
#1343 = CARTESIAN_POINT ( 'NONE',  ( 7.925766306759242300, 6.216369316971708700, -3.991120151092133500 ) ) ;
#1344 = CARTESIAN_POINT ( 'NONE',  ( 17.71714719766118400, 1.634837787889860300, -0.9917990037869554000 ) ) ;
#1345 = CARTESIAN_POINT ( 'NONE',  ( 7.500000000000000000, 4.768471164879049400E-016, 10.00000000000000000 ) ) ;
#1346 = DIRECTION ( 'NONE',  ( -1.000000000000000000, -0.0000000000000000000, -1.084202172485504400E-016 ) ) ;
#1347 = CARTESIAN_POINT ( 'NONE',  ( 7.566042558696053400, 6.576093065034895900, -4.000000000000000000 ) ) ;
#1348 = DIRECTION ( 'NONE',  ( 0.0000000000000000000, 0.0000000000000000000, -1.000000000000000000 ) ) ;
#1349 = CARTESIAN_POINT ( 'NONE',  ( 9.687362902255683700, 17.09690834520619900, 2.500000000000000000 ) ) ;
#1350 = APPROVAL ( #17, 'UNSPECIFIED' ) ;
#1351 = CARTESIAN_POINT ( 'NONE',  ( 22.78427124746188800, 5.500000000000000000, -5.499999999999993800 ) ) ;
#1352 = CALENDAR_DATE ( 2021, 10, 9 ) ;
#1353 = EDGE_LOOP ( 'NONE', ( #1212, #603, #227, #201 ) ) ;
#1354 = LINE ( 'NONE', #1380, #1174 ) ;
#1355 = DIRECTION ( 'NONE',  ( 0.0000000000000000000, 1.000000000000000000, 0.0000000000000000000 ) ) ;
#1356 = EDGE_CURVE ( 'NONE', #1604, #1331, #723, .T. ) ;
#1357 = ORIENTED_EDGE ( 'NONE', *, *, #1135, .F. ) ;
#1358 = ORIENTED_EDGE ( 'NONE', *, *, #1446, .F. ) ;
#1359 = CARTESIAN_POINT ( 'NONE',  ( 17.54570728551692200, 1.501864984455148800E-015, -3.202578452938379600 ) ) ;
#1360 = CARTESIAN_POINT ( 'NONE',  ( 17.58371786812431000, 1.908776343313120400, -0.5358141535258255100 ) ) ;
#1361 = DIRECTION ( 'NONE',  ( -0.7071067811865472400, 0.7071067811865479100, 0.0000000000000000000 ) ) ;
#1362 = DIRECTION ( 'NONE',  ( -0.7071067811865475700, 0.7071067811865475700, -0.0000000000000000000 ) ) ;
#1363 = CC_DESIGN_DATE_AND_TIME_ASSIGNMENT ( #192, #129, ( #1156 ) ) ;
#1364 = CARTESIAN_POINT ( 'NONE',  ( -1.626345596729065400, 4.454772721475255700, -10.00000000000000000 ) ) ;
#1365 = CARTESIAN_POINT ( 'NONE',  ( 27.28427124746187700, 1.734723475976807100E-015, 10.00000000000000000 ) ) ;
#1366 = ORIENTED_EDGE ( 'NONE', *, *, #244, .T. ) ;
#1367 = DIRECTION ( 'NONE',  ( 1.000000000000000000, 0.0000000000000000000, 0.0000000000000000000 ) ) ;
#1368 = ORIENTED_EDGE ( 'NONE', *, *, #653, .T. ) ;
#1369 = CARTESIAN_POINT ( 'NONE',  ( 25.45584412271568900, 1.618472782357675000E-015, -10.00000000000000000 ) ) ;
#1370 = LINE ( 'NONE', #318, #573 ) ;
#1371 = CARTESIAN_POINT ( 'NONE',  ( -3.040559159102160300, 3.040559159102160300, 2.500000000000000400 ) ) ;
#1372 = ORIENTED_EDGE ( 'NONE', *, *, #754, .T. ) ;
#1373 = AXIS2_PLACEMENT_3D ( 'NONE', #406, #289, #1192 ) ;
#1374 = CARTESIAN_POINT ( 'NONE',  ( 18.55547813630050100, 0.0000000000000000000, -2.138638440410378200 ) ) ;
#1375 = CARTESIAN_POINT ( 'NONE',  ( 27.28427124746187700, 1.734723475976807100E-015, 9.525918452849365900 ) ) ;
#1376 = ADVANCED_FACE ( 'NONE', ( #161 ), #1029, .F. ) ;
#1377 = DIRECTION ( 'NONE',  ( 0.0000000000000000000, 0.0000000000000000000, -1.000000000000000000 ) ) ;
#1378 = VECTOR ( 'NONE', #1618, 1000.000000000000000 ) ;
#1379 = LINE ( 'NONE', #1501, #1171 ) ;
#1380 = CARTESIAN_POINT ( 'NONE',  ( 25.87005768508878500, -0.4142135623730932600, -10.00000000000000000 ) ) ;
#1381 = CARTESIAN_POINT ( 'NONE',  ( 26.76794898007975500, 1.709726381096766700E-015, 9.835259242663225300 ) ) ;
#1382 = ORIENTED_EDGE ( 'NONE', *, *, #1678, .F. ) ;
#1383 = UNCERTAINTY_MEASURE_WITH_UNIT (LENGTH_MEASURE( 1.000000000000000100E-005 ), #842, 'distance_accuracy_value', 'NONE');
#1384 = PLANE ( 'NONE',  #910 ) ;
#1385 = CARTESIAN_POINT ( 'NONE',  ( 23.28427124746188800, 4.999999999999999100, -5.292893218813446800 ) ) ;
#1386 = EDGE_LOOP ( 'NONE', ( #1527, #565, #1077, #598 ) ) ;
#1387 =( BOUNDED_CURVE ( )  B_SPLINE_CURVE ( 3, ( #716, #1359, #578, #1481 ),
 .UNSPECIFIED., .F., .T. ) 
 B_SPLINE_CURVE_WITH_KNOTS ( ( 4, 4 ),
 ( 3.732591390098999100, 4.694933028968789800 ),
 .UNSPECIFIED. ) 
 CURVE ( )  GEOMETRIC_REPRESENTATION_ITEM ( )  RATIONAL_B_SPLINE_CURVE ( ( 1.000000000000000000, 0.9243024366101032500, 0.9243024366101032500, 1.000000000000000000 ) ) 
 REPRESENTATION_ITEM ( '' )  );
#1388 = CARTESIAN_POINT ( 'NONE',  ( 27.28427124746188400, 0.6447139036575083600, -9.139655220057605300 ) ) ;
#1389 = AXIS2_PLACEMENT_3D ( 'NONE', #1297, #1152, #507 ) ;
#1390 = VECTOR ( 'NONE', #1102, 1000.000000000000000 ) ;
#1391 = DIRECTION ( 'NONE',  ( 1.000000000000000000, 0.0000000000000000000, -1.084202172485504400E-016 ) ) ;
#1392 = CARTESIAN_POINT ( 'NONE',  ( -1.096040510839159300, 19.12726343109611400, 0.0000000000000000000 ) ) ;
#1393 = CARTESIAN_POINT ( 'NONE',  ( 9.687362902255694400, 15.76848122046001600, 10.00000000000000000 ) ) ;
#1394 = DATE_AND_TIME ( #237, #1427 ) ;
#1395 = ORIENTED_EDGE ( 'NONE', *, *, #756, .T. ) ;
#1396 = LINE ( 'NONE', #517, #362 ) ;
#1397 = EDGE_CURVE ( 'NONE', #331, #971, #257, .T. ) ;
#1398 = CYLINDRICAL_SURFACE ( 'NONE', #662, 2.000000000000000000 ) ;
#1399 = EDGE_LOOP ( 'NONE', ( #552, #1562, #1550, #1669 ) ) ;
#1400 = DIRECTION ( 'NONE',  ( -0.0000000000000000000, -0.0000000000000000000, -1.000000000000000000 ) ) ;
#1401 = CARTESIAN_POINT ( 'NONE',  ( 27.28427124746188400, 1.000000000000001800, -8.000000000000001800 ) ) ;
#1402 = CARTESIAN_POINT ( 'NONE',  ( 27.28427124746187700, 1.734723475976807100E-015, 10.00000000000000000 ) ) ;
#1403 = EDGE_CURVE ( 'NONE', #428, #75, #1333, .T. ) ;
#1404 = AXIS2_PLACEMENT_3D ( 'NONE', #753, #1019, #1293 ) ;
#1405 = DIRECTION ( 'NONE',  ( 1.000000000000000000, 1.156482317317871500E-016, -0.0000000000000000000 ) ) ;
#1406 = ORIENTED_EDGE ( 'NONE', *, *, #569, .T. ) ;
#1407 = EDGE_CURVE ( 'NONE', #836, #1011, #341, .T. ) ;
#1408 = ORIENTED_EDGE ( 'NONE', *, *, #528, .T. ) ;
#1409 = CARTESIAN_POINT ( 'NONE',  ( 14.14213562373093700, 6.087427069801755400E-015, -3.837667896167577200 ) ) ;
#1410 = ORIENTED_EDGE ( 'NONE', *, *, #1144, .F. ) ;
#1411 = FACE_OUTER_BOUND ( 'NONE', #748, .T. ) ;
#1412 = CARTESIAN_POINT ( 'NONE',  ( 20.28427124746188100, 0.0000000000000000000, 9.797174393178829600E-016 ) ) ;
#1413 = CALENDAR_DATE ( 2021, 10, 9 ) ;
#1414 = FACE_BOUND ( 'NONE', #1422, .T. ) ;
#1415 = LINE ( 'NONE', #894, #1302 ) ;
#1416 = CARTESIAN_POINT ( 'NONE',  ( 7.566042558696055100, 6.576093065034897700, 3.491196303513937900 ) ) ;
#1417 = CARTESIAN_POINT ( 'NONE',  ( 27.20622190114772500, 1.729761128545651200E-015, 3.676423173116343300 ) ) ;
#1418 = VECTOR ( 'NONE', #441, 1000.000000000000000 ) ;
#1419 = AXIS2_PLACEMENT_3D ( 'NONE', #160, #1600, #962 ) ;
#1420 = DIRECTION ( 'NONE',  ( -0.0000000000000000000, -0.0000000000000000000, -1.000000000000000000 ) ) ;
#1421 = AXIS2_PLACEMENT_3D ( 'NONE', #323, #57, #435 ) ;
#1422 = EDGE_LOOP ( 'NONE', ( #1534, #1465 ) ) ;
#1423 = ORIENTED_EDGE ( 'NONE', *, *, #238, .F. ) ;
#1424 = ADVANCED_FACE ( 'NONE', ( #292 ), #721, .F. ) ;
#1425 = CARTESIAN_POINT ( 'NONE',  ( 20.28427124746188100, 0.0000000000000000000, 2.749999999999999100 ) ) ;
#1426 = LINE ( 'NONE', #191, #1390 ) ;
#1427 = LOCAL_TIME ( 8, 24, 45.00000000000000000, #86 ) ;
#1428 = VECTOR ( 'NONE', #674, 1000.000000000000000 ) ;
#1429 = VERTEX_POINT ( 'NONE', #1484 ) ;
#1430 = LINE ( 'NONE', #377, #195 ) ;
#1431 = VERTEX_POINT ( 'NONE', #1256 ) ;
#1432 = EDGE_LOOP ( 'NONE', ( #1096, #23, #436, #983, #412, #980, #1357, #1275, #1267, #900, #16, #819 ) ) ;
#1433 = PLANE ( 'NONE',  #543 ) ;
#1434 = AXIS2_PLACEMENT_3D ( 'NONE', #1068, #52, #1338 ) ;
#1435 = AXIS2_PLACEMENT_3D ( 'NONE', #170, #955, #181 ) ;
#1436 = EDGE_CURVE ( 'NONE', #778, #1543, #1594, .T. ) ;
#1437 = EDGE_LOOP ( 'NONE', ( #1310, #742, #466, #555 ) ) ;
#1438 = APPROVAL_STATUS ( 'not_yet_approved' ) ;
#1439 = ORIENTED_EDGE ( 'NONE', *, *, #533, .T. ) ;
#1440 = APPROVAL ( #1438, 'UNSPECIFIED' ) ;
#1441 = LINE ( 'NONE', #546, #1120 ) ;
#1442 = VECTOR ( 'NONE', #353, 1000.000000000000100 ) ;
#1443 = LINE ( 'NONE', #149, #1105 ) ;
#1444 = LINE ( 'NONE', #481, #554 ) ;
#1445 = CARTESIAN_POINT ( 'NONE',  ( 0.0000000000000000000, 0.0000000000000000000, -8.000000000000001800 ) ) ;
#1446 = EDGE_CURVE ( 'NONE', #1647, #1574, #1653, .T. ) ;
#1447 = VERTEX_POINT ( 'NONE', #72 ) ;
#1448 = CARTESIAN_POINT ( 'NONE',  ( 20.28427124746188100, 5.500000000000000000, 4.999999999999994700 ) ) ;
#1449 = DIRECTION ( 'NONE',  ( 1.000000000000000000, 0.0000000000000000000, -0.0000000000000000000 ) ) ;
#1450 = DIRECTION ( 'NONE',  ( -0.0000000000000000000, 1.000000000000000000, -0.0000000000000000000 ) ) ;
#1451 = EDGE_LOOP ( 'NONE', ( #1246, #1049, #1164, #508 ) ) ;
#1452 = DIRECTION ( 'NONE',  ( 0.0000000000000000000, 0.9999238388787461400, -0.01234165475093677700 ) ) ;
#1453 = ORIENTED_EDGE ( 'NONE', *, *, #358, .T. ) ;
#1454 = CARTESIAN_POINT ( 'NONE',  ( -3.040559159102162100, 5.868986283848350600, -2.500000000000000000 ) ) ;
#1455 = ORIENTED_EDGE ( 'NONE', *, *, #706, .T. ) ;
#1456 = FACE_OUTER_BOUND ( 'NONE', #1201, .T. ) ;
#1457 = VERTEX_POINT ( 'NONE', #710 ) ;
#1458 = CARTESIAN_POINT ( 'NONE',  ( -1.540559159102161500, 5.868986283848352400, 2.500000000000000000 ) ) ;
#1459 = CARTESIAN_POINT ( 'NONE',  ( 27.28427124746188400, 1.000000000000001800, 8.000000000000000000 ) ) ;
#1460 = DATE_AND_TIME ( #1413, #740 ) ;
#1461 = VECTOR ( 'NONE', #624, 1000.000000000000000 ) ;
#1462 = ORIENTED_EDGE ( 'NONE', *, *, #630, .F. ) ;
#1463 = CARTESIAN_POINT ( 'NONE',  ( 7.500000000000000000, 0.0000000000000000000, -2.500000000000000000 ) ) ;
#1464 = CYLINDRICAL_SURFACE ( 'NONE', #1513, 5.499999999999993800 ) ;
#1465 = ORIENTED_EDGE ( 'NONE', *, *, #846, .F. ) ;
#1466 = ORIENTED_EDGE ( 'NONE', *, *, #328, .F. ) ;
#1467 = CARTESIAN_POINT ( 'NONE',  ( 8.187362902255680200, 17.09690834520619500, 2.500000000000000000 ) ) ;
#1468 = DIRECTION ( 'NONE',  ( 0.7071067811865481300, 0.7071067811865470200, 0.0000000000000000000 ) ) ;
#1469 = ADVANCED_FACE ( 'NONE', ( #1058 ), #1301, .F. ) ;
#1470 = CARTESIAN_POINT ( 'NONE',  ( 5.284836236751310400, 4.294886743090153800, -3.574999757991802700 ) ) ;
#1471 = CARTESIAN_POINT ( 'NONE',  ( -1.626345596729066800, 4.454772721475253900, -10.00000000000000000 ) ) ;
#1472 = EDGE_CURVE ( 'NONE', #12, #613, #1153, .T. ) ;
#1473 = CARTESIAN_POINT ( 'NONE',  ( 17.61148160603377700, 1.851488799266609800, 0.6577799162741175800 ) ) ;
#1474 = DIRECTION ( 'NONE',  ( -0.0000000000000000000, 0.0000000000000000000, 1.000000000000000000 ) ) ;
#1475 = CARTESIAN_POINT ( 'NONE',  ( 0.0000000000000000000, 0.0000000000000000000, -2.500000000000000000 ) ) ;
#1476 = ORIENTED_EDGE ( 'NONE', *, *, #395, .F. ) ;
#1477 = CARTESIAN_POINT ( 'NONE',  ( 6.237858632101721300, 4.694974834481356200, -3.993175355948042500 ) ) ;
#1478 = ORIENTED_EDGE ( 'NONE', *, *, #1046, .F. ) ;
#1479 = CARTESIAN_POINT ( 'NONE',  ( 9.284271247461909100, 18.99999999999998900, -5.499999999999981300 ) ) ;
#1480 = EDGE_CURVE ( 'NONE', #928, #351, #583, .T. ) ;
#1481 = CARTESIAN_POINT ( 'NONE',  ( 14.14213562373093700, 6.087427069801755400E-015, -3.837667896167577200 ) ) ;
#1482 = EDGE_CURVE ( 'NONE', #1517, #676, #108, .T. ) ;
#1483 = DIRECTION ( 'NONE',  ( 3.917543033401050300E-015, -1.000000000000000000, 0.0000000000000000000 ) ) ;
#1484 = CARTESIAN_POINT ( 'NONE',  ( 8.187362902255680200, 14.26848122046000000, 2.500000000000000400 ) ) ;
#1485 = ORIENTED_EDGE ( 'NONE', *, *, #1436, .T. ) ;
#1486 = DIRECTION ( 'NONE',  ( -1.000000000000000000, -0.0000000000000000000, -0.0000000000000000000 ) ) ;
#1487 = FACE_OUTER_BOUND ( 'NONE', #815, .T. ) ;
#1488 = EDGE_CURVE ( 'NONE', #1555, #509, #1265, .T. ) ;
#1489 = CARTESIAN_POINT ( 'NONE',  ( 7.500000000000000000, 0.0000000000000000000, -1.914120352523486700 ) ) ;
#1490 = CARTESIAN_POINT ( 'NONE',  ( -3.040559159102162100, 5.868986283848350600, 2.500000000000000000 ) ) ;
#1491 = LOCAL_TIME ( 8, 24, 45.00000000000000000, #790 ) ;
#1492 = CARTESIAN_POINT ( 'NONE',  ( -3.040559159102162100, 5.868986283848350600, 2.500000000000000000 ) ) ;
#1493 = LINE ( 'NONE', #1500, #499 ) ;
#1494 = VECTOR ( 'NONE', #491, 1000.000000000000100 ) ;
#1495 = LINE ( 'NONE', #217, #1154 ) ;
#1496 = AXIS2_PLACEMENT_3D ( 'NONE', #305, #1206, #1217 ) ;
#1497 = DIRECTION ( 'NONE',  ( 1.000000000000000000, 0.0000000000000000000, 0.0000000000000000000 ) ) ;
#1498 = ORIENTED_EDGE ( 'NONE', *, *, #970, .F. ) ;
#1499 = CARTESIAN_POINT ( 'NONE',  ( 17.58378964099603800, 1.908628272237511600, 0.5361160854619493300 ) ) ;
#1500 = CARTESIAN_POINT ( 'NONE',  ( 8.187362902255680200, 14.26848122046000400, 2.500000000000000000 ) ) ;
#1501 = CARTESIAN_POINT ( 'NONE',  ( 23.28427124746188800, 5.500000000000000000, -5.499999999999993800 ) ) ;
#1502 = DIRECTION ( 'NONE',  ( -6.133173666733495600E-016, 1.000000000000000000, 0.0000000000000000000 ) ) ;
#1503 = DIRECTION ( 'NONE',  ( 0.7071067811865483500, 0.7071067811865466800, 0.0000000000000000000 ) ) ;
#1504 = ORIENTED_EDGE ( 'NONE', *, *, #1261, .T. ) ;
#1505 = DIRECTION ( 'NONE',  ( -0.7071067811865472400, 0.7071067811865479100, 0.0000000000000000000 ) ) ;
#1506 = AXIS2_PLACEMENT_3D ( 'NONE', #1612, #932, #1330 ) ;
#1507 = VERTEX_POINT ( 'NONE', #84 ) ;
#1508 = ORIENTED_EDGE ( 'NONE', *, *, #1677, .F. ) ;
#1509 = CARTESIAN_POINT ( 'NONE',  ( 7.500000000000000000, -1.999999999999999100, 2.500000000000000000 ) ) ;
#1510 = ORIENTED_EDGE ( 'NONE', *, *, #569, .F. ) ;
#1511 = CYLINDRICAL_SURFACE ( 'NONE', #1149, 2.000000000000000900 ) ;
#1512 = ORIENTED_EDGE ( 'NONE', *, *, #759, .F. ) ;
#1513 = AXIS2_PLACEMENT_3D ( 'NONE', #749, #956, #1241 ) ;
#1514 = CARTESIAN_POINT ( 'NONE',  ( 20.28427124746188100, 17.18269478283311000, -5.499999999999993800 ) ) ;
#1515 = CARTESIAN_POINT ( 'NONE',  ( 27.28427124746187700, 1.734723475976807100E-015, 10.00000000000000000 ) ) ;
#1516 = VECTOR ( 'NONE', #96, 1000.000000000000000 ) ;
#1517 = VERTEX_POINT ( 'NONE', #233 ) ;
#1518 = VERTEX_POINT ( 'NONE', #1393 ) ;
#1519 = CARTESIAN_POINT ( 'NONE',  ( 6.476950227771999000, 4.767553237984466300, 3.991120151092132600 ) ) ;
#1520 = CIRCLE ( 'NONE', #1047, 2.749999999999998200 ) ;
#1521 = CARTESIAN_POINT ( 'NONE',  ( -1.540559159102161500, 5.868986283848352400, 2.500000000000000000 ) ) ;
#1522 = ORIENTED_EDGE ( 'NONE', *, *, #1261, .F. ) ;
#1523 = ORIENTED_EDGE ( 'NONE', *, *, #1407, .T. ) ;
#1524 = DIRECTION ( 'NONE',  ( -0.0000000000000000000, 1.000000000000000000, -0.0000000000000000000 ) ) ;
#1525 = ADVANCED_FACE ( 'NONE', ( #1627 ), #518, .F. ) ;
#1526 = CARTESIAN_POINT ( 'NONE',  ( 11.10157646462878800, 17.18269478283311000, -8.000000000000001800 ) ) ;
#1527 = ORIENTED_EDGE ( 'NONE', *, *, #41, .F. ) ;
#1528 = ORIENTED_EDGE ( 'NONE', *, *, #1284, .F. ) ;
#1529 = ORIENTED_EDGE ( 'NONE', *, *, #100, .F. ) ;
#1530 = DIRECTION ( 'NONE',  ( 1.000000000000000000, 0.0000000000000000000, -1.084202172485504400E-016 ) ) ;
#1531 = CC_DESIGN_PERSON_AND_ORGANIZATION_ASSIGNMENT ( #1236, #403, ( #678 ) ) ;
#1532 = AXIS2_PLACEMENT_3D ( 'NONE', #1448, #693, #39 ) ;
#1533 = EDGE_CURVE ( 'NONE', #173, #778, #1067, .T. ) ;
#1534 = ORIENTED_EDGE ( 'NONE', *, *, #398, .F. ) ;
#1535 = DIRECTION ( 'NONE',  ( 0.9999238388787461400, 6.357477323691290500E-017, -0.01234165475093677300 ) ) ;
#1536 = VECTOR ( 'NONE', #822, 1000.000000000000000 ) ;
#1537 = PLANE ( 'NONE',  #1404 ) ;
#1538 = AXIS2_PLACEMENT_3D ( 'NONE', #1635, #1362, #1238 ) ;
#1539 = VECTOR ( 'NONE', #1143, 1000.000000000000000 ) ;
#1540 = CARTESIAN_POINT ( 'NONE',  ( 24.28427124746187700, -1.999999999999998200, -2.500000000000000000 ) ) ;
#1541 = CYLINDRICAL_SURFACE ( 'NONE', #1660, 0.5000000000000006700 ) ;
#1542 = LINE ( 'NONE', #261, #537 ) ;
#1543 = VERTEX_POINT ( 'NONE', #1526 ) ;
#1544 = DIRECTION ( 'NONE',  ( 1.000000000000000000, 1.224646799147353000E-016, -0.0000000000000000000 ) ) ;
#1545 = DIRECTION ( 'NONE',  ( 1.000000000000000000, 0.0000000000000000000, 0.0000000000000000000 ) ) ;
#1546 = ORIENTED_EDGE ( 'NONE', *, *, #887, .F. ) ;
#1547 = ADVANCED_FACE ( 'NONE', ( #553 ), #1004, .F. ) ;
#1548 = CARTESIAN_POINT ( 'NONE',  ( 5.975052301026320100, 12.05617061923063800, 0.0000000000000000000 ) ) ;
#1549 = ORIENTED_EDGE ( 'NONE', *, *, #619, .F. ) ;
#1550 = ORIENTED_EDGE ( 'NONE', *, *, #533, .F. ) ;
#1551 = CIRCLE ( 'NONE', #1496, 2.000000000000000000 ) ;
#1552 = ORIENTED_EDGE ( 'NONE', *, *, #324, .T. ) ;
#1553 = DIRECTION ( 'NONE',  ( -0.7071067811865475700, -0.7071067811865475700, 0.0000000000000000000 ) ) ;
#1554 = CARTESIAN_POINT ( 'NONE',  ( -3.040559159102160300, 3.040559159102160300, -2.500000000000000400 ) ) ;
#1555 = VERTEX_POINT ( 'NONE', #1000 ) ;
#1556 = ADVANCED_BREP_SHAPE_REPRESENTATION ( '5537T471_T-Slotted Framing', ( #828, #345 ), #1006 ) ;
#1557 = LINE ( 'NONE', #1123, #317 ) ;
#1558 = VECTOR ( 'NONE', #1656, 1000.000000000000000 ) ;
#1559 = ORIENTED_EDGE ( 'NONE', *, *, #430, .F. ) ;
#1560 = VECTOR ( 'NONE', #1114, 1000.000000000000000 ) ;
#1561 = VERTEX_POINT ( 'NONE', #733 ) ;
#1562 = ORIENTED_EDGE ( 'NONE', *, *, #229, .T. ) ;
#1563 = EDGE_CURVE ( 'NONE', #88, #1561, #1672, .T. ) ;
#1564 =( BOUNDED_CURVE ( )  B_SPLINE_CURVE ( 3, ( #120, #782, #529, #11 ),
 .UNSPECIFIED., .F., .T. ) 
 B_SPLINE_CURVE_WITH_KNOTS ( ( 4, 4 ),
 ( 1.570796326794895900, 3.141592653589793100 ),
 .UNSPECIFIED. ) 
 CURVE ( )  GEOMETRIC_REPRESENTATION_ITEM ( )  RATIONAL_B_SPLINE_CURVE ( ( 1.000000000000000000, 0.8047378541243649400, 0.8047378541243649400, 1.000000000000000000 ) ) 
 REPRESENTATION_ITEM ( '' )  );
#1565 = VERTEX_POINT ( 'NONE', #1521 ) ;
#1566 = PLANE ( 'NONE',  #1211 ) ;
#1567 = EDGE_LOOP ( 'NONE', ( #1181, #1176, #911, #1081 ) ) ;
#1568 = ORIENTED_EDGE ( 'NONE', *, *, #58, .F. ) ;
#1569 = EDGE_CURVE ( 'NONE', #135, #1025, #1557, .T. ) ;
#1570 = VECTOR ( 'NONE', #728, 1000.000000000000000 ) ;
#1571 = EDGE_CURVE ( 'NONE', #613, #1555, #157, .T. ) ;
#1572 = EDGE_CURVE ( 'NONE', #1447, #483, #275, .T. ) ;
#1573 = SHAPE_DEFINITION_REPRESENTATION ( #272, #1556 ) ;
#1574 = VERTEX_POINT ( 'NONE', #1343 ) ;
#1575 = VECTOR ( 'NONE', #1007, 1000.000000000000000 ) ;
#1576 = LINE ( 'NONE', #169, #69 ) ;
#1577 = LINE ( 'NONE', #1036, #673 ) ;
#1578 = EDGE_CURVE ( 'NONE', #1001, #213, #536, .T. ) ;
#1579 = ORIENTED_EDGE ( 'NONE', *, *, #727, .T. ) ;
#1580 = CARTESIAN_POINT ( 'NONE',  ( 20.28427124746188100, 5.000000000000000000, 9.797174393178829600E-016 ) ) ;
#1581 = DIRECTION ( 'NONE',  ( 1.084202172485504400E-016, 0.0000000000000000000, -1.000000000000000000 ) ) ;
#1582 = ORIENTED_EDGE ( 'NONE', *, *, #278, .T. ) ;
#1583 = DIRECTION ( 'NONE',  ( -0.0000000000000000000, -0.0000000000000000000, -1.000000000000000000 ) ) ;
#1584 = VERTEX_POINT ( 'NONE', #1227 ) ;
#1585 = VERTEX_POINT ( 'NONE', #1471 ) ;
#1586 = CIRCLE ( 'NONE', #1532, 0.4999999999999995600 ) ;
#1587 = ORIENTED_EDGE ( 'NONE', *, *, #1140, .F. ) ;
#1588 = ADVANCED_FACE ( 'NONE', ( #845 ), #1541, .F. ) ;
#1589 = PLANE ( 'NONE',  #516 ) ;
#1590 = DIRECTION ( 'NONE',  ( -0.7071067811865472400, 0.7071067811865479100, 0.0000000000000000000 ) ) ;
#1591 = AXIS2_PLACEMENT_3D ( 'NONE', #797, #33, #940 ) ;
#1592 = VERTEX_POINT ( 'NONE', #407 ) ;
#1593 = CARTESIAN_POINT ( 'NONE',  ( 20.28427124746187700, 8.000000000000014200, -5.499999999999993800 ) ) ;
#1594 = LINE ( 'NONE', #840, #994 ) ;
#1595 = CYLINDRICAL_SURFACE ( 'NONE', #1435, 2.749999999999998200 ) ;
#1596 = PLANE ( 'NONE',  #228 ) ;
#1597 = CARTESIAN_POINT ( 'NONE',  ( 24.28427124746187700, 1.734723475976807100E-015, 2.500000000000000000 ) ) ;
#1598 = AXIS2_PLACEMENT_3D ( 'NONE', #760, #634, #1553 ) ;
#1599 = VECTOR ( 'NONE', #1683, 1000.000000000000100 ) ;
#1600 = DIRECTION ( 'NONE',  ( 0.7071067811865475700, -0.7071067811865475700, -0.0000000000000000000 ) ) ;
#1601 = TOROIDAL_SURFACE ( 'NONE', #460, 4.999999999999993800, 0.5000000000000000000 ) ;
#1602 = CARTESIAN_POINT ( 'NONE',  ( 9.991088278565301900, 6.352295514946629900E-016, -3.888902591448243100 ) ) ;
#1603 = CARTESIAN_POINT ( 'NONE',  ( 7.500000000000000000, -1.999999999999999100, -2.500000000000000000 ) ) ;
#1604 = VERTEX_POINT ( 'NONE', #707 ) ;
#1605 = DIRECTION ( 'NONE',  ( 0.7071067811865475700, 0.7071067811865475700, 2.453791421150929200E-015 ) ) ;
#1606 = DIRECTION ( 'NONE',  ( -1.000000000000000000, 0.0000000000000000000, -0.0000000000000000000 ) ) ;
#1607 = DIRECTION ( 'NONE',  ( -0.7071067811865474600, -0.7071067811865474600, 0.0000000000000000000 ) ) ;
#1608 = EDGE_LOOP ( 'NONE', ( #1051, #1523, #1568, #683 ) ) ;
#1609 = EDGE_CURVE ( 'NONE', #627, #1091, #1242, .T. ) ;
#1610 = CARTESIAN_POINT ( 'NONE',  ( 20.28427124746188100, 5.000000000000000000, -4.999999999999992900 ) ) ;
#1611 = DIRECTION ( 'NONE',  ( -0.0000000000000000000, -0.0000000000000000000, -1.000000000000000000 ) ) ;
#1612 = CARTESIAN_POINT ( 'NONE',  ( 27.28427124746188400, 1.000000000000001800, 10.00000000000000000 ) ) ;
#1613 = ADVANCED_FACE ( 'NONE', ( #501 ), #944, .F. ) ;
#1614 = CARTESIAN_POINT ( 'NONE',  ( 5.368958519502923500, 4.350543902560637800, -3.648757967450612800 ) ) ;
#1615 = FACE_OUTER_BOUND ( 'NONE', #931, .T. ) ;
#1616 = ADVANCED_FACE ( 'NONE', ( #625 ), #42, .F. ) ;
#1617 = CARTESIAN_POINT ( 'NONE',  ( 18.55547813630049700, -1.248605760573955800E-016, 2.138638440410379100 ) ) ;
#1618 = DIRECTION ( 'NONE',  ( -0.0000000000000000000, -0.0000000000000000000, -1.000000000000000000 ) ) ;
#1619 = CARTESIAN_POINT ( 'NONE',  ( 0.0000000000000000000, 0.0000000000000000000, 10.00000000000000000 ) ) ;
#1620 = CARTESIAN_POINT ( 'NONE',  ( -3.040559159102162100, 5.868986283848350600, -2.500000000000000000 ) ) ;
#1621 = AXIS2_PLACEMENT_3D ( 'NONE', #1071, #310, #1468 ) ;
#1622 = EDGE_CURVE ( 'NONE', #1250, #135, #1188, .T. ) ;
#1623 = PERSON_AND_ORGANIZATION ( #604, #419 ) ;
#1624 = CARTESIAN_POINT ( 'NONE',  ( 8.532632960138864000, -9.231546794414851400E-017, -3.906903714443635200 ) ) ;
#1625 = VECTOR ( 'NONE', #199, 1000.000000000000100 ) ;
#1626 = CARTESIAN_POINT ( 'NONE',  ( 8.187362902255680200, 14.26848122046000400, -2.500000000000000000 ) ) ;
#1627 = FACE_OUTER_BOUND ( 'NONE', #612, .T. ) ;
#1628 = FACE_OUTER_BOUND ( 'NONE', #94, .T. ) ;
#1629 = CARTESIAN_POINT ( 'NONE',  ( 2.449293598294705900E-016, -2.000000000000000000, -2.500000000000000000 ) ) ;
#1630 = ORIENTED_EDGE ( 'NONE', *, *, #89, .T. ) ;
#1631 = CARTESIAN_POINT ( 'NONE',  ( -3.040584159102164300, 17.18271978283311100, 0.0000000000000000000 ) ) ;
#1632 = DIRECTION ( 'NONE',  ( 0.7071067811865475700, 0.7071067811865475700, -0.0000000000000000000 ) ) ;
#1633 = ADVANCED_FACE ( 'NONE', ( #453 ), #841, .F. ) ;
#1634 = VERTEX_POINT ( 'NONE', #795 ) ;
#1635 = CARTESIAN_POINT ( 'NONE',  ( 9.687362902255694400, 15.76848122046001200, 8.000000000000000000 ) ) ;
#1636 = CARTESIAN_POINT ( 'NONE',  ( 7.500000000000000000, -1.999999999999999100, 2.500000000000000000 ) ) ;
#1637 = CARTESIAN_POINT ( 'NONE',  ( 17.54469221837521400, 1.989429514657076200, -0.2734814530434061000 ) ) ;
#1638 = DIRECTION ( 'NONE',  ( 0.5932424473169747300, -0.8048388850225680600, 0.01725595135006746000 ) ) ;
#1639 = ORIENTED_EDGE ( 'NONE', *, *, #714, .T. ) ;
#1640 = MECHANICAL_CONTEXT ( 'NONE', #445, 'mechanical' ) ;
#1641 = CARTESIAN_POINT ( 'NONE',  ( 7.500000000000000000, 4.768471164879049400E-016, 1.914124735686537400 ) ) ;
#1642 = VERTEX_POINT ( 'NONE', #147 ) ;
#1643 = CARTESIAN_POINT ( 'NONE',  ( 17.80161925573339900, 1.463129518966464400, 1.187587869431420400 ) ) ;
#1644 = DIRECTION ( 'NONE',  ( 0.0000000000000000000, 1.000000000000000000, 0.0000000000000000000 ) ) ;
#1645 = CARTESIAN_POINT ( 'NONE',  ( 23.28427124746188800, 5.000000000000000000, 4.999999999999993800 ) ) ;
#1646 = LINE ( 'NONE', #1262, #1570 ) ;
#1647 = VERTEX_POINT ( 'NONE', #550 ) ;
#1648 = PLANE ( 'NONE',  #1124 ) ;
#1649 = ORIENTED_EDGE ( 'NONE', *, *, #240, .T. ) ;
#1650 = DIRECTION ( 'NONE',  ( -1.000000000000000000, 0.0000000000000000000, 0.0000000000000000000 ) ) ;
#1651 = CARTESIAN_POINT ( 'NONE',  ( 0.0000000000000000000, 0.0000000000000000000, 2.500000000000000000 ) ) ;
#1652 = DIRECTION ( 'NONE',  ( -0.0000000000000000000, -0.0000000000000000000, -1.000000000000000000 ) ) ;
#1653 = CIRCLE ( 'NONE', #820, 0.5000000000000006700 ) ;
#1654 = ADVANCED_FACE ( 'NONE', ( #720, #1 ), #1064, .F. ) ;
#1655 = FACE_OUTER_BOUND ( 'NONE', #153, .T. ) ;
#1656 = DIRECTION ( 'NONE',  ( -0.0000000000000000000, -0.0000000000000000000, -1.000000000000000000 ) ) ;
#1657 = LINE ( 'NONE', #1235, #1239 ) ;
#1658 = CARTESIAN_POINT ( 'NONE',  ( 9.033813953228436900, 1.289909549604394200, 1.916334015317773500 ) ) ;
#1659 = CARTESIAN_POINT ( 'NONE',  ( 27.28427124746187700, 1.734723475976807100E-015, 9.525918452849365900 ) ) ;
#1660 = AXIS2_PLACEMENT_3D ( 'NONE', #1198, #829, #1220 ) ;
#1661 = CARTESIAN_POINT ( 'NONE',  ( 27.28427124746187700, 1.734723475976807100E-015, -9.525918452849365900 ) ) ;
#1662 = ORIENTED_EDGE ( 'NONE', *, *, #1138, .F. ) ;
#1663 = DIRECTION ( 'NONE',  ( -0.7071067811865475700, 0.7071067811865475700, 0.0000000000000000000 ) ) ;
#1664 = AXIS2_PLACEMENT_3D ( 'NONE', #415, #1581, #421 ) ;
#1665 = EDGE_CURVE ( 'NONE', #704, #210, #992, .T. ) ;
#1666 = VERTEX_POINT ( 'NONE', #156 ) ;
#1667 = CARTESIAN_POINT ( 'NONE',  ( 18.55547813630050100, 0.0000000000000000000, -2.138638440410378200 ) ) ;
#1668 = DATE_AND_TIME ( #313, #1491 ) ;
#1669 = ORIENTED_EDGE ( 'NONE', *, *, #789, .T. ) ;
#1670 = DIRECTION ( 'NONE',  ( 0.0000000000000000000, 0.0000000000000000000, -1.000000000000000000 ) ) ;
#1671 = VECTOR ( 'NONE', #768, 1000.000000000000100 ) ;
#1672 = LINE ( 'NONE', #744, #1494 ) ;
#1673 = ORIENTED_EDGE ( 'NONE', *, *, #661, .F. ) ;
#1674 = VERTEX_POINT ( 'NONE', #957 ) ;
#1675 = EDGE_CURVE ( 'NONE', #989, #904, #648, .T. ) ;
#1676 = DIRECTION ( 'NONE',  ( -0.5932424473169747300, 0.8048388850225680600, 0.01725595135006746000 ) ) ;
#1677 = EDGE_CURVE ( 'NONE', #1518, #1050, #340, .T. ) ;
#1678 = EDGE_CURVE ( 'NONE', #414, #173, #3, .T. ) ;
#1679 = EDGE_CURVE ( 'NONE', #1011, #1069, #767, .T. ) ;
#1680 = CARTESIAN_POINT ( 'NONE',  ( 7.925766306759242300, 6.216369316971707800, 0.0000000000000000000 ) ) ;
#1681 = ORIENTED_EDGE ( 'NONE', *, *, #930, .F. ) ;
#1682 = ORIENTED_EDGE ( 'NONE', *, *, #1182, .T. ) ;
#1683 = DIRECTION ( 'NONE',  ( -0.5932424473169746200, 0.8048388850225680600, -0.01725595135006746000 ) ) ;
#1684 = CARTESIAN_POINT ( 'NONE',  ( 11.10157646462878800, 17.18269478283311000, 10.00000000000000000 ) ) ;
#1685 = LINE ( 'NONE', #607, #212 ) ;
#1686 = ORIENTED_EDGE ( 'NONE', *, *, #1397, .T. ) ;
ENDSEC;
END-ISO-10303-21;
