ISO-10303-21;
HEADER;
FILE_DESCRIPTION (( 'STEP AP203' ),
    '1' );
FILE_NAME ('5537T501_T-Slotted Framing.STEP',
    '2023-09-15T15:12:47',
    ( 'Administrator' ),
    ( 'Managed by Terraform' ),
    'SwSTEP 2.0',
    'SolidWorks 2017',
    '' );
FILE_SCHEMA (( 'CONFIG_CONTROL_DESIGN' ));
ENDSEC;

DATA;
#1 = CARTESIAN_POINT ( 'NONE',  ( -3.600000000000000100, 0.0000000000000000000, 152.4000000000000100 ) ) ;
#2 = VECTOR ( 'NONE', #1456, 1000.000000000000000 ) ;
#3 = DIRECTION ( 'NONE',  ( -1.000000000000000000, 2.924200878718996700E-015, 0.0000000000000000000 ) ) ;
#4 = VECTOR ( 'NONE', #1655, 1000.000000000000000 ) ;
#5 = VECTOR ( 'NONE', #1405, 1000.000000000000000 ) ;
#6 = CIRCLE ( 'NONE', #1527, 2.999999999999999100 ) ;
#7 = CARTESIAN_POINT ( 'NONE',  ( -7.071067811865473700, -5.603553390593270400, 152.4000000000000100 ) ) ;
#8 = ORIENTED_EDGE ( 'NONE', *, *, #1321, .F. ) ;
#9 = CARTESIAN_POINT ( 'NONE',  ( 8.250000000000000000, -10.00000000000000200, -152.4000000000000100 ) ) ;
#10 = VECTOR ( 'NONE', #286, 1000.000000000000000 ) ;
#11 = AXIS2_PLACEMENT_3D ( 'NONE', #115, #526, #1330 ) ;
#12 = VERTEX_POINT ( 'NONE', #140 ) ;
#13 = VECTOR ( 'NONE', #673, 1000.000000000000000 ) ;
#14 = DIRECTION ( 'NONE',  ( -1.000000000000000000, 0.0000000000000000000, 0.0000000000000000000 ) ) ;
#15 = ORIENTED_EDGE ( 'NONE', *, *, #2518, .F. ) ;
#16 = DIRECTION ( 'NONE',  ( 0.0000000000000000000, -0.0000000000000000000, -1.000000000000000000 ) ) ;
#17 = LINE ( 'NONE', #1539, #1543 ) ;
#18 = EDGE_CURVE ( 'NONE', #2445, #868, #2094, .T. ) ;
#19 = CARTESIAN_POINT ( 'NONE',  ( 8.250000000000000000, -8.250000000000000000, -152.4000000000000100 ) ) ;
#20 = ORIENTED_EDGE ( 'NONE', *, *, #1357, .T. ) ;
#21 = DIRECTION ( 'NONE',  ( -0.0000000000000000000, -0.0000000000000000000, -1.000000000000000000 ) ) ;
#22 = CARTESIAN_POINT ( 'NONE',  ( 5.249999999999997300, 7.424621202458749500, 152.4000000000000100 ) ) ;
#23 = VERTEX_POINT ( 'NONE', #1419 ) ;
#24 = ORIENTED_EDGE ( 'NONE', *, *, #1107, .T. ) ;
#25 = CARTESIAN_POINT ( 'NONE',  ( 3.011165235168160600, 4.478679656440356800, 152.4000000000000100 ) ) ;
#26 = CARTESIAN_POINT ( 'NONE',  ( -9.500000000000000000, -3.000000000000001300, 152.4000000000000100 ) ) ;
#27 = ORIENTED_EDGE ( 'NONE', *, *, #1182, .T. ) ;
#28 = CARTESIAN_POINT ( 'NONE',  ( 3.000000000000000900, 10.00000000000000000, -152.4000000000000100 ) ) ;
#29 = VERTEX_POINT ( 'NONE', #1145 ) ;
#30 = CARTESIAN_POINT ( 'NONE',  ( 5.603553390593272200, 7.071067811865475500, 152.4000000000000100 ) ) ;
#31 = EDGE_CURVE ( 'NONE', #1148, #993, #544, .T. ) ;
#32 = PERSON_AND_ORGANIZATION ( #734, #1814 ) ;
#33 = DIRECTION ( 'NONE',  ( -0.0000000000000000000, 0.0000000000000000000, -1.000000000000000000 ) ) ;
#34 = AXIS2_PLACEMENT_3D ( 'NONE', #210, #1656, #822 ) ;
#35 = EDGE_CURVE ( 'NONE', #529, #1140, #1564, .T. ) ;
#36 = DIRECTION ( 'NONE',  ( 0.0000000000000000000, 0.0000000000000000000, -1.000000000000000000 ) ) ;
#37 = CARTESIAN_POINT ( 'NONE',  ( 2.500000000000000000, -8.424621202458752100, 152.4000000000000100 ) ) ;
#38 = DIRECTION ( 'NONE',  ( -0.0000000000000000000, 0.0000000000000000000, -1.000000000000000000 ) ) ;
#39 = VECTOR ( 'NONE', #2089, 1000.000000000000000 ) ;
#40 = CIRCLE ( 'NONE', #2569, 0.5000000000000008900 ) ;
#41 = CARTESIAN_POINT ( 'NONE',  ( 3.000000000000000900, -7.924621202458751200, -152.4000000000000100 ) ) ;
#42 = ORIENTED_EDGE ( 'NONE', *, *, #631, .F. ) ;
#43 = CARTESIAN_POINT ( 'NONE',  ( -2.500000000000000400, -9.500000000000000000, 152.4000000000000100 ) ) ;
#44 = CARTESIAN_POINT ( 'NONE',  ( 3.000000000000000900, 10.00000000000000000, 152.4000000000000100 ) ) ;
#45 = VECTOR ( 'NONE', #248, 1000.000000000000000 ) ;
#46 = CARTESIAN_POINT ( 'NONE',  ( 8.424621202458750300, 2.500000000000000000, 152.4000000000000100 ) ) ;
#47 = ORIENTED_EDGE ( 'NONE', *, *, #1363, .F. ) ;
#48 = CYLINDRICAL_SURFACE ( 'NONE', #405, 0.5000000000000008900 ) ;
#49 = EDGE_CURVE ( 'NONE', #421, #677, #953, .T. ) ;
#50 = DIRECTION ( 'NONE',  ( 0.0000000000000000000, 0.0000000000000000000, -1.000000000000000000 ) ) ;
#51 = ORIENTED_EDGE ( 'NONE', *, *, #1632, .F. ) ;
#52 = CARTESIAN_POINT ( 'NONE',  ( 3.011165235168160600, -4.478679656440357700, -152.4000000000000100 ) ) ;
#53 = LINE ( 'NONE', #275, #1672 ) ;
#54 = AXIS2_PLACEMENT_3D ( 'NONE', #281, #1732, #105 ) ;
#55 = EDGE_LOOP ( 'NONE', ( #1296, #999, #2366, #1535 ) ) ;
#56 = CARTESIAN_POINT ( 'NONE',  ( -5.249999999999997300, 7.924621202458751200, -152.4000000000000100 ) ) ;
#57 = ORIENTED_EDGE ( 'NONE', *, *, #372, .F. ) ;
#58 = EDGE_CURVE ( 'NONE', #1148, #1679, #417, .T. ) ;
#59 = CARTESIAN_POINT ( 'NONE',  ( -2.499999999999999600, 8.424621202458752100, -152.4000000000000100 ) ) ;
#60 = ORIENTED_EDGE ( 'NONE', *, *, #204, .F. ) ;
#61 = DIRECTION ( 'NONE',  ( 0.0000000000000000000, 0.0000000000000000000, 1.000000000000000000 ) ) ;
#62 = DIRECTION ( 'NONE',  ( 1.000000000000000000, 0.0000000000000000000, 0.0000000000000000000 ) ) ;
#63 = VERTEX_POINT ( 'NONE', #2003 ) ;
#64 = CARTESIAN_POINT ( 'NONE',  ( 9.500000000000000000, 2.500000000000000400, -152.4000000000000100 ) ) ;
#65 = ORIENTED_EDGE ( 'NONE', *, *, #1340, .F. ) ;
#66 = CARTESIAN_POINT ( 'NONE',  ( 0.8898448916085185400, 3.600000000000000500, 152.4000000000000100 ) ) ;
#67 = CARTESIAN_POINT ( 'NONE',  ( -2.500000000000000000, 8.424621202458752100, -152.4000000000000100 ) ) ;
#68 = AXIS2_PLACEMENT_3D ( 'NONE', #1500, #288, #484 ) ;
#69 = ADVANCED_FACE ( 'NONE', ( #1974, #1884 ), #1619, .T. ) ;
#70 = CARTESIAN_POINT ( 'NONE',  ( 3.000000000000000900, 7.924621202458751200, 152.4000000000000100 ) ) ;
#71 = AXIS2_PLACEMENT_3D ( 'NONE', #1362, #146, #227 ) ;
#72 = CIRCLE ( 'NONE', #342, 2.999999999999999100 ) ;
#73 = VECTOR ( 'NONE', #759, 1000.000000000000000 ) ;
#74 = CARTESIAN_POINT ( 'NONE',  ( 7.924621202458747700, -5.249999999999995600, -152.4000000000000100 ) ) ;
#75 = ORIENTED_EDGE ( 'NONE', *, *, #2082, .T. ) ;
#76 = CARTESIAN_POINT ( 'NONE',  ( 7.071067811865473700, 5.603553390593270400, 152.4000000000000100 ) ) ;
#77 = CYLINDRICAL_SURFACE ( 'NONE', #68, 2.999999999999999600 ) ;
#78 = VERTEX_POINT ( 'NONE', #1190 ) ;
#79 = CYLINDRICAL_SURFACE ( 'NONE', #733, 0.5000000000000013300 ) ;
#80 = ORIENTED_EDGE ( 'NONE', *, *, #1459, .T. ) ;
#81 = CYLINDRICAL_SURFACE ( 'NONE', #1273, 1.749999999999999800 ) ;
#82 = DIRECTION ( 'NONE',  ( 0.0000000000000000000, -0.0000000000000000000, -1.000000000000000000 ) ) ;
#83 = VERTEX_POINT ( 'NONE', #2325 ) ;
#84 = ADVANCED_FACE ( 'NONE', ( #1373 ), #2546, .F. ) ;
#85 = EDGE_CURVE ( 'NONE', #1195, #696, #1821, .T. ) ;
#86 = CIRCLE ( 'NONE', #767, 0.5000000000000008900 ) ;
#87 = ORIENTED_EDGE ( 'NONE', *, *, #505, .F. ) ;
#88 = EDGE_CURVE ( 'NONE', #1360, #12, #803, .T. ) ;
#89 = ORIENTED_EDGE ( 'NONE', *, *, #1736, .F. ) ;
#90 = CARTESIAN_POINT ( 'NONE',  ( 10.00000000000000000, 8.250000000000000000, 152.4000000000000100 ) ) ;
#91 = CARTESIAN_POINT ( 'NONE',  ( -7.924621202458749500, -3.000000000000001300, -152.4000000000000100 ) ) ;
#92 = VERTEX_POINT ( 'NONE', #612 ) ;
#93 = DIRECTION ( 'NONE',  ( -0.0000000000000000000, -0.0000000000000000000, -1.000000000000000000 ) ) ;
#94 = CARTESIAN_POINT ( 'NONE',  ( 3.599999999999997400, -0.8898448916085081000, 152.4000000000000100 ) ) ;
#95 = ORIENTED_EDGE ( 'NONE', *, *, #697, .T. ) ;
#96 = ORIENTED_EDGE ( 'NONE', *, *, #2529, .F. ) ;
#97 = ADVANCED_FACE ( 'NONE', ( #351 ), #524, .F. ) ;
#98 = DIRECTION ( 'NONE',  ( 0.0000000000000000000, 0.0000000000000000000, -1.000000000000000000 ) ) ;
#99 = DIRECTION ( 'NONE',  ( -0.0000000000000000000, 0.0000000000000000000, -1.000000000000000000 ) ) ;
#100 = EDGE_CURVE ( 'NONE', #1293, #1554, #296, .T. ) ;
#101 = DIRECTION ( 'NONE',  ( 1.000000000000000000, 4.873668131198272900E-016, 0.0000000000000000000 ) ) ;
#102 = AXIS2_PLACEMENT_3D ( 'NONE', #2230, #824, #2010 ) ;
#103 = ORIENTED_EDGE ( 'NONE', *, *, #167, .F. ) ;
#104 = LINE ( 'NONE', #159, #862 ) ;
#105 = DIRECTION ( 'NONE',  ( 3.304235192336776500E-016, 1.000000000000000000, 0.0000000000000000000 ) ) ;
#106 = EDGE_CURVE ( 'NONE', #1424, #354, #2258, .T. ) ;
#107 = ORIENTED_EDGE ( 'NONE', *, *, #1578, .T. ) ;
#108 = APPLICATION_PROTOCOL_DEFINITION ( 'international standard', 'config_control_design', 1994, #1128 ) ;
#109 = ADVANCED_FACE ( 'NONE', ( #1242 ), #1641, .F. ) ;
#110 = VECTOR ( 'NONE', #1255, 1000.000000000000000 ) ;
#111 = VERTEX_POINT ( 'NONE', #56 ) ;
#112 = VECTOR ( 'NONE', #1943, 1000.000000000000000 ) ;
#113 = VERTEX_POINT ( 'NONE', #434 ) ;
#114 = LINE ( 'NONE', #2182, #211 ) ;
#115 = CARTESIAN_POINT ( 'NONE',  ( 5.249999999999997300, 7.424621202458749500, 152.4000000000000100 ) ) ;
#116 = ORIENTED_EDGE ( 'NONE', *, *, #1309, .F. ) ;
#117 = PERSON_AND_ORGANIZATION_ROLE ( 'creator' ) ;
#118 = AXIS2_PLACEMENT_3D ( 'NONE', #909, #1115, #126 ) ;
#119 = VERTEX_POINT ( 'NONE', #655 ) ;
#120 = EDGE_CURVE ( 'NONE', #1989, #885, #2066, .T. ) ;
#121 = CARTESIAN_POINT ( 'NONE',  ( 7.424621202458747700, 5.249999999999995600, 152.4000000000000100 ) ) ;
#122 = ORIENTED_EDGE ( 'NONE', *, *, #817, .T. ) ;
#123 = AXIS2_PLACEMENT_3D ( 'NONE', #475, #1301, #1492 ) ;
#124 = CARTESIAN_POINT ( 'NONE',  ( -5.249999999999997300, 7.424621202458749500, 152.4000000000000100 ) ) ;
#125 = VERTEX_POINT ( 'NONE', #2205 ) ;
#126 = DIRECTION ( 'NONE',  ( 1.000000000000000000, 0.0000000000000000000, 0.0000000000000000000 ) ) ;
#127 = EDGE_LOOP ( 'NONE', ( #1937, #1520, #1299, #1472 ) ) ;
#128 = DIRECTION ( 'NONE',  ( -1.000000000000000000, 3.304235192336776500E-016, 0.0000000000000000000 ) ) ;
#129 = LOCAL_TIME ( 10, 12, 47.00000000000000000, #192 ) ;
#130 = CARTESIAN_POINT ( 'NONE',  ( -10.00000000000000000, 3.000000000000001300, 152.4000000000000100 ) ) ;
#131 = CARTESIAN_POINT ( 'NONE',  ( 7.071067811865473700, -5.603553390593270400, -152.4000000000000100 ) ) ;
#132 = CARTESIAN_POINT ( 'NONE',  ( 8.424621202458750300, 3.000000000000001300, -152.4000000000000100 ) ) ;
#133 = EDGE_CURVE ( 'NONE', #1967, #23, #1179, .T. ) ;
#134 = LINE ( 'NONE', #851, #1588 ) ;
#135 = SECURITY_CLASSIFICATION_LEVEL ( 'unclassified' ) ;
#136 = FACE_OUTER_BOUND ( 'NONE', #2525, .T. ) ;
#137 = AXIS2_PLACEMENT_3D ( 'NONE', #2087, #856, #1246 ) ;
#138 = ORIENTED_EDGE ( 'NONE', *, *, #2468, .F. ) ;
#139 = LINE ( 'NONE', #1519, #1281 ) ;
#140 = CARTESIAN_POINT ( 'NONE',  ( 3.599999999999997400, -0.8898448916085081000, -152.4000000000000100 ) ) ;
#141 = ORIENTED_EDGE ( 'NONE', *, *, #415, .T. ) ;
#142 = LINE ( 'NONE', #543, #1766 ) ;
#143 = ORIENTED_EDGE ( 'NONE', *, *, #766, .T. ) ;
#144 = CIRCLE ( 'NONE', #369, 0.4999999999999995600 ) ;
#145 = DIRECTION ( 'NONE',  ( -0.0000000000000000000, -0.0000000000000000000, -1.000000000000000000 ) ) ;
#146 = DIRECTION ( 'NONE',  ( -1.000000000000000000, 1.541976423090499000E-015, 0.0000000000000000000 ) ) ;
#147 = ORIENTED_EDGE ( 'NONE', *, *, #735, .T. ) ;
#148 = VECTOR ( 'NONE', #761, 1000.000000000000000 ) ;
#149 = ADVANCED_FACE ( 'NONE', ( #1947 ), #340, .F. ) ;
#150 = EDGE_LOOP ( 'NONE', ( #823, #2143, #2210, #1693 ) ) ;
#151 = CARTESIAN_POINT ( 'NONE',  ( 3.000000000000000900, 9.500000000000000000, 152.4000000000000100 ) ) ;
#152 = VERTEX_POINT ( 'NONE', #43 ) ;
#153 = AXIS2_PLACEMENT_3D ( 'NONE', #493, #304, #2112 ) ;
#154 = ORIENTED_EDGE ( 'NONE', *, *, #58, .T. ) ;
#155 = EDGE_CURVE ( 'NONE', #1501, #1784, #540, .T. ) ;
#156 = ORIENTED_EDGE ( 'NONE', *, *, #1776, .T. ) ;
#157 = CARTESIAN_POINT ( 'NONE',  ( -8.424621202458750300, 3.000000000000001300, 152.4000000000000100 ) ) ;
#158 = ORIENTED_EDGE ( 'NONE', *, *, #1653, .F. ) ;
#159 = CARTESIAN_POINT ( 'NONE',  ( 10.00000000000000000, -3.000000000000001300, -152.4000000000000100 ) ) ;
#160 = SHAPE_DEFINITION_REPRESENTATION ( #2280, #1852 ) ;
#161 = PLANE ( 'NONE',  #456 ) ;
#162 = DIRECTION ( 'NONE',  ( 0.0000000000000000000, -0.0000000000000000000, 1.000000000000000000 ) ) ;
#163 = EDGE_LOOP ( 'NONE', ( #621, #785, #1716, #1810 ) ) ;
#164 = AXIS2_PLACEMENT_3D ( 'NONE', #617, #1612, #1422 ) ;
#165 = DIRECTION ( 'NONE',  ( 1.000000000000000000, -3.304235192336776000E-016, 0.0000000000000000000 ) ) ;
#166 = CYLINDRICAL_SURFACE ( 'NONE', #2068, 2.150000000000012800 ) ;
#167 = EDGE_CURVE ( 'NONE', #1121, #1095, #1691, .T. ) ;
#168 = ORIENTED_EDGE ( 'NONE', *, *, #553, .T. ) ;
#169 = DIRECTION ( 'NONE',  ( -0.0000000000000000000, -0.0000000000000000000, -1.000000000000000000 ) ) ;
#170 = AXIS2_PLACEMENT_3D ( 'NONE', #635, #1458, #623 ) ;
#171 = EDGE_CURVE ( 'NONE', #847, #2167, #1881, .T. ) ;
#172 = LINE ( 'NONE', #1209, #1247 ) ;
#173 = CARTESIAN_POINT ( 'NONE',  ( -6.599999999999996100, -0.8898448916085081000, 152.4000000000000100 ) ) ;
#174 = ORIENTED_EDGE ( 'NONE', *, *, #1241, .F. ) ;
#175 = ADVANCED_FACE ( 'NONE', ( #2530 ), #506, .T. ) ;
#176 = CYLINDRICAL_SURFACE ( 'NONE', #1580, 0.5000000000000013300 ) ;
#177 = DIRECTION ( 'NONE',  ( 1.000000000000000000, -4.873668131198272900E-016, 0.0000000000000000000 ) ) ;
#178 = ORIENTED_EDGE ( 'NONE', *, *, #1357, .F. ) ;
#179 = LINE ( 'NONE', #1324, #2136 ) ;
#180 = ORIENTED_EDGE ( 'NONE', *, *, #167, .T. ) ;
#181 = CARTESIAN_POINT ( 'NONE',  ( -8.250000000000000000, 10.00000000000000200, -152.4000000000000100 ) ) ;
#182 = ORIENTED_EDGE ( 'NONE', *, *, #219, .T. ) ;
#183 = CARTESIAN_POINT ( 'NONE',  ( -7.924621202458749500, -3.000000000000001300, 152.4000000000000100 ) ) ;
#184 = ORIENTED_EDGE ( 'NONE', *, *, #2583, .F. ) ;
#185 = EDGE_CURVE ( 'NONE', #774, #595, #2476, .T. ) ;
#186 = ORIENTED_EDGE ( 'NONE', *, *, #895, .F. ) ;
#187 = DIRECTION ( 'NONE',  ( 0.0000000000000000000, -0.0000000000000000000, -1.000000000000000000 ) ) ;
#188 = CARTESIAN_POINT ( 'NONE',  ( -6.599999999999996100, 0.8898448916085081000, 152.4000000000000100 ) ) ;
#189 = EDGE_LOOP ( 'NONE', ( #1413, #2442, #2332, #2345 ) ) ;
#190 = AXIS2_PLACEMENT_3D ( 'NONE', #230, #423, #1049 ) ;
#191 = DIRECTION ( 'NONE',  ( -1.000000000000000000, 0.0000000000000000000, 0.0000000000000000000 ) ) ;
#192 = COORDINATED_UNIVERSAL_TIME_OFFSET ( 6, 0, .BEHIND. ) ;
#193 = CARTESIAN_POINT ( 'NONE',  ( 3.599999999999997400, 0.8898448916085081000, -152.4000000000000100 ) ) ;
#194 = CARTESIAN_POINT ( 'NONE',  ( -7.424621202458747700, -5.249999999999995600, -152.4000000000000100 ) ) ;
#195 = LINE ( 'NONE', #1449, #2 ) ;
#196 = LINE ( 'NONE', #2394, #325 ) ;
#197 = CARTESIAN_POINT ( 'NONE',  ( 4.478679656440354200, -3.011165235168150400, 152.4000000000000100 ) ) ;
#198 = ORIENTED_EDGE ( 'NONE', *, *, #1665, .T. ) ;
#199 = LINE ( 'NONE', #1491, #2189 ) ;
#200 = AXIS2_PLACEMENT_3D ( 'NONE', #2384, #2179, #1194 ) ;
#201 = CIRCLE ( 'NONE', #2309, 0.5000000000000013300 ) ;
#202 = CARTESIAN_POINT ( 'NONE',  ( -8.424621202458750300, -2.500000000000000000, -152.4000000000000100 ) ) ;
#203 = FACE_OUTER_BOUND ( 'NONE', #1577, .T. ) ;
#204 = EDGE_CURVE ( 'NONE', #847, #532, #72, .T. ) ;
#205 = VERTEX_POINT ( 'NONE', #1394 ) ;
#206 = FACE_OUTER_BOUND ( 'NONE', #1489, .T. ) ;
#207 = CARTESIAN_POINT ( 'NONE',  ( 8.250000000000000000, 8.250000000000000000, 152.4000000000000100 ) ) ;
#208 = CARTESIAN_POINT ( 'NONE',  ( 8.424621202458750300, 3.000000000000001300, 152.4000000000000100 ) ) ;
#209 = ORIENTED_EDGE ( 'NONE', *, *, #1851, .T. ) ;
#210 = CARTESIAN_POINT ( 'NONE',  ( 8.424621202458750300, -3.000000000000001300, 152.4000000000000100 ) ) ;
#211 = VECTOR ( 'NONE', #945, 1000.000000000000000 ) ;
#212 = VERTEX_POINT ( 'NONE', #181 ) ;
#213 = DIRECTION ( 'NONE',  ( -0.0000000000000000000, -0.0000000000000000000, -1.000000000000000000 ) ) ;
#214 = PLANE ( 'NONE',  #2601 ) ;
#215 = VERTEX_POINT ( 'NONE', #582 ) ;
#216 = DIRECTION ( 'NONE',  ( -0.0000000000000000000, -0.0000000000000000000, -1.000000000000000000 ) ) ;
#217 = ORIENTED_EDGE ( 'NONE', *, *, #2386, .F. ) ;
#218 = DIRECTION ( 'NONE',  ( -1.000000000000000000, 0.0000000000000000000, -0.0000000000000000000 ) ) ;
#219 = EDGE_CURVE ( 'NONE', #2283, #2534, #452, .T. ) ;
#220 = ORIENTED_EDGE ( 'NONE', *, *, #402, .T. ) ;
#221 = ORIENTED_EDGE ( 'NONE', *, *, #1653, .T. ) ;
#222 = AXIS2_PLACEMENT_3D ( 'NONE', #2467, #2276, #62 ) ;
#223 = ORIENTED_EDGE ( 'NONE', *, *, #384, .T. ) ;
#224 = EDGE_CURVE ( 'NONE', #460, #653, #1817, .T. ) ;
#225 = DIRECTION ( 'NONE',  ( -1.000000000000000000, -3.304235192336776000E-016, 0.0000000000000000000 ) ) ;
#226 = CARTESIAN_POINT ( 'NONE',  ( 0.8898448916085185400, 3.600000000000000500, 152.4000000000000100 ) ) ;
#227 = DIRECTION ( 'NONE',  ( -1.541976423090499000E-015, -1.000000000000000000, 0.0000000000000000000 ) ) ;
#228 = CARTESIAN_POINT ( 'NONE',  ( -8.424621202458750300, -2.500000000000000000, 152.4000000000000100 ) ) ;
#229 = VERTEX_POINT ( 'NONE', #2000 ) ;
#230 = CARTESIAN_POINT ( 'NONE',  ( -3.000000000000000900, -10.00000000000000000, 152.4000000000000100 ) ) ;
#231 = VECTOR ( 'NONE', #2564, 1000.000000000000000 ) ;
#232 = DIRECTION ( 'NONE',  ( 1.000000000000000000, 0.0000000000000000000, 0.0000000000000000000 ) ) ;
#233 = EDGE_LOOP ( 'NONE', ( #2140, #611, #1804, #95 ) ) ;
#234 = DIRECTION ( 'NONE',  ( 1.000000000000000000, 0.0000000000000000000, 0.0000000000000000000 ) ) ;
#235 = EDGE_CURVE ( 'NONE', #925, #2578, #2535, .T. ) ;
#236 = DIRECTION ( 'NONE',  ( -0.0000000000000000000, -0.0000000000000000000, -1.000000000000000000 ) ) ;
#237 = VECTOR ( 'NONE', #2459, 1000.000000000000000 ) ;
#238 = CARTESIAN_POINT ( 'NONE',  ( -7.071067811865473700, 5.603553390593270400, 152.4000000000000100 ) ) ;
#239 = AXIS2_PLACEMENT_3D ( 'NONE', #291, #1080, #2496 ) ;
#240 = ORIENTED_EDGE ( 'NONE', *, *, #2119, .T. ) ;
#241 = VECTOR ( 'NONE', #1678, 1000.000000000000000 ) ;
#242 = CARTESIAN_POINT ( 'NONE',  ( 3.000000000000000900, -9.500000000000000000, 152.4000000000000100 ) ) ;
#243 = EDGE_LOOP ( 'NONE', ( #892, #901, #608, #1979 ) ) ;
#244 = CARTESIAN_POINT ( 'NONE',  ( -10.00000000000000000, -3.000000000000001300, 152.4000000000000100 ) ) ;
#245 = VECTOR ( 'NONE', #1514, 1000.000000000000000 ) ;
#246 = EDGE_CURVE ( 'NONE', #92, #2014, #1945, .T. ) ;
#247 = DIRECTION ( 'NONE',  ( 0.0000000000000000000, -0.0000000000000000000, -1.000000000000000000 ) ) ;
#248 = DIRECTION ( 'NONE',  ( 1.000000000000000000, -0.0000000000000000000, -0.0000000000000000000 ) ) ;
#249 = ORIENTED_EDGE ( 'NONE', *, *, #1483, .F. ) ;
#250 = ORIENTED_EDGE ( 'NONE', *, *, #1372, .F. ) ;
#251 = CARTESIAN_POINT ( 'NONE',  ( 3.000000000000000900, 10.00000000000000000, 152.4000000000000100 ) ) ;
#252 = ORIENTED_EDGE ( 'NONE', *, *, #1905, .T. ) ;
#253 = DIRECTION ( 'NONE',  ( -0.0000000000000000000, -0.0000000000000000000, -1.000000000000000000 ) ) ;
#254 = DIRECTION ( 'NONE',  ( 8.065639195895844800E-016, -1.000000000000000000, 0.0000000000000000000 ) ) ;
#255 = ORIENTED_EDGE ( 'NONE', *, *, #593, .T. ) ;
#256 = DIRECTION ( 'NONE',  ( -1.000000000000000000, -0.0000000000000000000, -0.0000000000000000000 ) ) ;
#257 = EDGE_CURVE ( 'NONE', #1222, #1989, #2124, .T. ) ;
#258 = DIRECTION ( 'NONE',  ( -0.0000000000000000000, 0.0000000000000000000, -1.000000000000000000 ) ) ;
#259 = DIRECTION ( 'NONE',  ( -1.000000000000000000, 0.0000000000000000000, 0.0000000000000000000 ) ) ;
#260 = AXIS2_PLACEMENT_3D ( 'NONE', #1228, #2021, #2228 ) ;
#261 = DIRECTION ( 'NONE',  ( -8.065639195895844800E-016, -1.000000000000000000, 0.0000000000000000000 ) ) ;
#262 = DIRECTION ( 'NONE',  ( -8.065639195895844800E-016, 1.000000000000000000, 0.0000000000000000000 ) ) ;
#263 = DIRECTION ( 'NONE',  ( 0.7071067811865465700, -0.7071067811865483500, 0.0000000000000000000 ) ) ;
#264 = VECTOR ( 'NONE', #295, 1000.000000000000000 ) ;
#265 = CYLINDRICAL_SURFACE ( 'NONE', #516, 2.999999999999999100 ) ;
#266 = ORIENTED_EDGE ( 'NONE', *, *, #2342, .T. ) ;
#267 = LINE ( 'NONE', #2548, #1849 ) ;
#268 = CARTESIAN_POINT ( 'NONE',  ( 8.424621202458750300, 2.500000000000000000, -152.4000000000000100 ) ) ;
#269 = CIRCLE ( 'NONE', #1721, 0.5000000000000004400 ) ;
#270 = DIRECTION ( 'NONE',  ( -0.0000000000000000000, 0.0000000000000000000, -1.000000000000000000 ) ) ;
#271 = DIRECTION ( 'NONE',  ( -1.000000000000000000, 0.0000000000000000000, 0.0000000000000000000 ) ) ;
#272 = ADVANCED_FACE ( 'NONE', ( #741, #1473 ), #2406, .F. ) ;
#273 = FACE_OUTER_BOUND ( 'NONE', #233, .T. ) ;
#274 = EDGE_CURVE ( 'NONE', #311, #2285, #1276, .T. ) ;
#275 = CARTESIAN_POINT ( 'NONE',  ( 3.000000000000000900, -10.00000000000000000, 152.4000000000000100 ) ) ;
#276 = ORIENTED_EDGE ( 'NONE', *, *, #2310, .F. ) ;
#277 = CIRCLE ( 'NONE', #1325, 0.4999999999999995600 ) ;
#278 = AXIS2_PLACEMENT_3D ( 'NONE', #242, #2481, #1275 ) ;
#279 = ORIENTED_EDGE ( 'NONE', *, *, #2538, .T. ) ;
#280 = EDGE_CURVE ( 'NONE', #2040, #2457, #1337, .T. ) ;
#281 = CARTESIAN_POINT ( 'NONE',  ( -10.00000000000000000, 3.000000000000001300, 152.4000000000000100 ) ) ;
#282 = DIRECTION ( 'NONE',  ( 0.0000000000000000000, 0.0000000000000000000, -1.000000000000000000 ) ) ;
#283 = ORIENTED_EDGE ( 'NONE', *, *, #966, .F. ) ;
#284 = EDGE_LOOP ( 'NONE', ( #1992, #1447, #2605, #1634 ) ) ;
#285 = ADVANCED_FACE ( 'NONE', ( #2596 ), #214, .F. ) ;
#286 = DIRECTION ( 'NONE',  ( -2.924200878718997100E-015, 1.000000000000000000, 0.0000000000000000000 ) ) ;
#287 = VERTEX_POINT ( 'NONE', #998 ) ;
#288 = DIRECTION ( 'NONE',  ( 0.0000000000000000000, 0.0000000000000000000, -1.000000000000000000 ) ) ;
#289 = EDGE_LOOP ( 'NONE', ( #1217, #1455, #760, #1236, #494, #341, #1875, #1232, #1481, #1702, #908, #80, #818, #375, #757, #471, #2338, #318, #2160, #266, #1354, #500, #1833, #1088, #331, #252, #1645, #65, #1571, #2454, #2277, #2088, #319, #1110, #1643, #178, #2193, #2462, #116, #467, #2422, #2362, #2428, #483, #1132, #395, #975, #971, #75, #255, #628, #1451, #1375, #198, #1964, #1104, #1991, #182, #1020, #433, #1726, #1542, #2022, #1890, #1584, #2303, #2343, #1777, #1673, #2571, #1792, #962 ) ) ;
#290 = PLANE ( 'NONE',  #1395 ) ;
#291 = CARTESIAN_POINT ( 'NONE',  ( -10.00000000000000000, -3.000000000000001300, 152.4000000000000100 ) ) ;
#292 = AXIS2_PLACEMENT_3D ( 'NONE', #1911, #695, #2104 ) ;
#293 = EDGE_CURVE ( 'NONE', #287, #596, #800, .T. ) ;
#294 = LINE ( 'NONE', #2426, #1369 ) ;
#295 = DIRECTION ( 'NONE',  ( -0.0000000000000000000, -0.0000000000000000000, -1.000000000000000000 ) ) ;
#296 = LINE ( 'NONE', #1563, #708 ) ;
#297 = CARTESIAN_POINT ( 'NONE',  ( -3.599999999999997400, 0.8898448916085081000, 152.4000000000000100 ) ) ;
#298 = VECTOR ( 'NONE', #1544, 1000.000000000000000 ) ;
#299 = CARTESIAN_POINT ( 'NONE',  ( -8.250000000000000000, -8.250000000000000000, -152.4000000000000100 ) ) ;
#300 = ORIENTED_EDGE ( 'NONE', *, *, #1816, .T. ) ;
#301 = VECTOR ( 'NONE', #869, 1000.000000000000000 ) ;
#302 = ORIENTED_EDGE ( 'NONE', *, *, #2282, .F. ) ;
#303 = VERTEX_POINT ( 'NONE', #1838 ) ;
#304 = DIRECTION ( 'NONE',  ( 0.7071067811865476800, 0.7071067811865474600, 0.0000000000000000000 ) ) ;
#305 = LINE ( 'NONE', #297, #1794 ) ;
#306 = AXIS2_PLACEMENT_3D ( 'NONE', #1221, #3, #1429 ) ;
#307 = ORIENTED_EDGE ( 'NONE', *, *, #415, .F. ) ;
#308 = EDGE_CURVE ( 'NONE', #2274, #2368, #195, .T. ) ;
#309 = LINE ( 'NONE', #1495, #1029 ) ;
#310 = DIRECTION ( 'NONE',  ( 0.0000000000000000000, 0.0000000000000000000, -1.000000000000000000 ) ) ;
#311 = VERTEX_POINT ( 'NONE', #979 ) ;
#312 = AXIS2_PLACEMENT_3D ( 'NONE', #1467, #2253, #428 ) ;
#313 = EDGE_CURVE ( 'NONE', #23, #1163, #134, .T. ) ;
#314 = VERTEX_POINT ( 'NONE', #1034 ) ;
#315 = CARTESIAN_POINT ( 'NONE',  ( -3.600000000000000100, 0.0000000000000000000, -152.4000000000000100 ) ) ;
#316 = EDGE_LOOP ( 'NONE', ( #1181, #2576, #1057, #220 ) ) ;
#317 = PLANE ( 'NONE',  #784 ) ;
#318 = ORIENTED_EDGE ( 'NONE', *, *, #1786, .T. ) ;
#319 = ORIENTED_EDGE ( 'NONE', *, *, #2392, .F. ) ;
#320 = DIRECTION ( 'NONE',  ( -1.000000000000000000, 0.0000000000000000000, 0.0000000000000000000 ) ) ;
#321 = EDGE_CURVE ( 'NONE', #1625, #667, #2060, .T. ) ;
#322 = AXIS2_PLACEMENT_3D ( 'NONE', #1313, #2544, #707 ) ;
#323 = EDGE_CURVE ( 'NONE', #2314, #152, #1469, .T. ) ;
#324 = VECTOR ( 'NONE', #2414, 1000.000000000000000 ) ;
#325 = VECTOR ( 'NONE', #374, 1000.000000000000000 ) ;
#326 = ORIENTED_EDGE ( 'NONE', *, *, #1494, .F. ) ;
#327 = DIRECTION ( 'NONE',  ( 1.000000000000000000, -0.0000000000000000000, -0.0000000000000000000 ) ) ;
#328 = CIRCLE ( 'NONE', #118, 0.5000000000000004400 ) ;
#329 = CYLINDRICAL_SURFACE ( 'NONE', #1855, 2.999999999999999600 ) ;
#330 = DIRECTION ( 'NONE',  ( 0.0000000000000000000, -0.0000000000000000000, -1.000000000000000000 ) ) ;
#331 = ORIENTED_EDGE ( 'NONE', *, *, #2128, .T. ) ;
#332 = LINE ( 'NONE', #2408, #2418 ) ;
#333 = ORIENTED_EDGE ( 'NONE', *, *, #1099, .F. ) ;
#334 = EDGE_LOOP ( 'NONE', ( #1747, #2135, #872, #820 ) ) ;
#335 = CIRCLE ( 'NONE', #2626, 0.5000000000000004400 ) ;
#336 = CARTESIAN_POINT ( 'NONE',  ( -7.071067811865473700, -5.603553390593270400, -152.4000000000000100 ) ) ;
#337 = VERTEX_POINT ( 'NONE', #1058 ) ;
#338 = DATE_TIME_ROLE ( 'creation_date' ) ;
#339 = AXIS2_PLACEMENT_3D ( 'NONE', #632, #1866, #668 ) ;
#340 = PLANE ( 'NONE',  #71 ) ;
#341 = ORIENTED_EDGE ( 'NONE', *, *, #2044, .F. ) ;
#342 = AXIS2_PLACEMENT_3D ( 'NONE', #188, #2595, #2202 ) ;
#343 = ORIENTED_EDGE ( 'NONE', *, *, #1928, .F. ) ;
#344 = DIRECTION ( 'NONE',  ( -0.0000000000000000000, 0.0000000000000000000, -1.000000000000000000 ) ) ;
#345 = VERTEX_POINT ( 'NONE', #2473 ) ;
#346 = ADVANCED_FACE ( 'NONE', ( #2471 ), #2154, .T. ) ;
#347 = DIRECTION ( 'NONE',  ( -1.000000000000000000, 0.0000000000000000000, 0.0000000000000000000 ) ) ;
#348 = DIRECTION ( 'NONE',  ( -1.000000000000000000, 0.0000000000000000000, 0.0000000000000000000 ) ) ;
#349 = EDGE_CURVE ( 'NONE', #119, #1784, #2187, .T. ) ;
#350 = VECTOR ( 'NONE', #165, 1000.000000000000000 ) ;
#351 = FACE_OUTER_BOUND ( 'NONE', #2320, .T. ) ;
#352 = LINE ( 'NONE', #2483, #2259 ) ;
#353 = EDGE_CURVE ( 'NONE', #125, #1618, #1560, .T. ) ;
#354 = VERTEX_POINT ( 'NONE', #1051 ) ;
#355 = CARTESIAN_POINT ( 'NONE',  ( -6.599999999999996100, -0.8898448916085081000, -152.4000000000000100 ) ) ;
#356 = CARTESIAN_POINT ( 'NONE',  ( -10.00000000000000000, 8.250000000000000000, 152.4000000000000100 ) ) ;
#357 = LINE ( 'NONE', #76, #301 ) ;
#358 = ORIENTED_EDGE ( 'NONE', *, *, #321, .T. ) ;
#359 = ORIENTED_EDGE ( 'NONE', *, *, #2243, .F. ) ;
#360 = LINE ( 'NONE', #25, #2448 ) ;
#361 = DESIGN_CONTEXT ( 'detailed design', #1128, 'design' ) ;
#362 = ORIENTED_EDGE ( 'NONE', *, *, #1377, .F. ) ;
#363 = LINE ( 'NONE', #744, #1926 ) ;
#364 = ORIENTED_EDGE ( 'NONE', *, *, #1953, .T. ) ;
#365 = DIRECTION ( 'NONE',  ( 0.7071067811865474600, 0.7071067811865476800, 0.0000000000000000000 ) ) ;
#366 = EDGE_CURVE ( 'NONE', #1356, #932, #1048, .T. ) ;
#367 = CARTESIAN_POINT ( 'NONE',  ( -9.500000000000000000, 2.500000000000000400, 152.4000000000000100 ) ) ;
#368 = VERTEX_POINT ( 'NONE', #1240 ) ;
#369 = AXIS2_PLACEMENT_3D ( 'NONE', #194, #1021, #14 ) ;
#370 = DIRECTION ( 'NONE',  ( 0.0000000000000000000, 0.0000000000000000000, -1.000000000000000000 ) ) ;
#371 = VERTEX_POINT ( 'NONE', #46 ) ;
#372 = EDGE_CURVE ( 'NONE', #782, #1983, #448, .T. ) ;
#373 = ORIENTED_EDGE ( 'NONE', *, *, #171, .F. ) ;
#374 = DIRECTION ( 'NONE',  ( -0.7071067811865465700, 0.7071067811865484600, 0.0000000000000000000 ) ) ;
#375 = ORIENTED_EDGE ( 'NONE', *, *, #35, .T. ) ;
#376 = DIRECTION ( 'NONE',  ( -0.0000000000000000000, 0.0000000000000000000, 1.000000000000000000 ) ) ;
#377 = VECTOR ( 'NONE', #262, 1000.000000000000000 ) ;
#378 = CARTESIAN_POINT ( 'NONE',  ( -7.924621202458747700, -5.249999999999995600, 152.4000000000000100 ) ) ;
#379 = CARTESIAN_POINT ( 'NONE',  ( -2.499999999999999600, -8.424621202458752100, -152.4000000000000100 ) ) ;
#380 = DIRECTION ( 'NONE',  ( 0.0000000000000000000, -0.0000000000000000000, -1.000000000000000000 ) ) ;
#381 = VECTOR ( 'NONE', #1187, 1000.000000000000000 ) ;
#382 = PLANE ( 'NONE',  #1939 ) ;
#383 = VECTOR ( 'NONE', #981, 1000.000000000000000 ) ;
#384 = EDGE_CURVE ( 'NONE', #1230, #2397, #387, .T. ) ;
#385 = CARTESIAN_POINT ( 'NONE',  ( -2.500000000000000000, -8.424621202458752100, 152.4000000000000100 ) ) ;
#386 = VERTEX_POINT ( 'NONE', #2456 ) ;
#387 = CIRCLE ( 'NONE', #1701, 2.999999999999999600 ) ;
#388 = DIRECTION ( 'NONE',  ( 1.000000000000000000, 0.0000000000000000000, -0.0000000000000000000 ) ) ;
#389 = AXIS2_PLACEMENT_3D ( 'NONE', #672, #2461, #465 ) ;
#390 = VECTOR ( 'NONE', #2621, 1000.000000000000000 ) ;
#391 = DIRECTION ( 'NONE',  ( -0.0000000000000000000, -0.0000000000000000000, -1.000000000000000000 ) ) ;
#392 = VERTEX_POINT ( 'NONE', #244 ) ;
#393 = VECTOR ( 'NONE', #694, 1000.000000000000000 ) ;
#394 = CARTESIAN_POINT ( 'NONE',  ( 7.071067811865473700, 5.603553390593270400, 152.4000000000000100 ) ) ;
#395 = ORIENTED_EDGE ( 'NONE', *, *, #1220, .T. ) ;
#396 = CIRCLE ( 'NONE', #702, 2.150000000000012800 ) ;
#397 = CARTESIAN_POINT ( 'NONE',  ( 8.424621202458750300, -3.000000000000001300, -152.4000000000000100 ) ) ;
#398 = VERTEX_POINT ( 'NONE', #1267 ) ;
#399 = CARTESIAN_POINT ( 'NONE',  ( -3.600000000000000100, 0.0000000000000000000, 152.4000000000000100 ) ) ;
#400 = EDGE_LOOP ( 'NONE', ( #1900, #2425, #1055, #156, #364, #2019, #27, #531, #300, #693, #777, #2127, #1262, #401, #250, #1039, #1439, #276, #249, #1950, #955, #690, #2549, #15, #808, #87, #498, #441, #762, #1027, #583, #2118, #1192, #763, #1258, #2330, #1396, #1930, #1677, #431, #1030, #854, #240, #563, #1841, #2079, #1437, #359, #1904, #2599, #51, #2251, #466, #326, #283, #1593, #1579, #1711, #910, #512, #1567, #2229, #934, #2011, #852, #1229, #1660, #787, #1599, #358, #1925, #1961 ) ) ;
#401 = ORIENTED_EDGE ( 'NONE', *, *, #1409, .F. ) ;
#402 = EDGE_CURVE ( 'NONE', #1266, #2100, #2347, .T. ) ;
#403 = CARTESIAN_POINT ( 'NONE',  ( 10.00000000000000000, -3.000000000000001300, -152.4000000000000100 ) ) ;
#404 = ORIENTED_EDGE ( 'NONE', *, *, #766, .F. ) ;
#405 = AXIS2_PLACEMENT_3D ( 'NONE', #1712, #1936, #1300 ) ;
#406 = EDGE_CURVE ( 'NONE', #2052, #885, #478, .T. ) ;
#407 = DIRECTION ( 'NONE',  ( 0.0000000000000000000, 0.0000000000000000000, 1.000000000000000000 ) ) ;
#408 = ORIENTED_EDGE ( 'NONE', *, *, #1107, .F. ) ;
#409 = CARTESIAN_POINT ( 'NONE',  ( 8.250000000000000000, 10.00000000000000200, 152.4000000000000100 ) ) ;
#410 = DIRECTION ( 'NONE',  ( 1.000000000000000000, 0.0000000000000000000, 0.0000000000000000000 ) ) ;
#411 = CARTESIAN_POINT ( 'NONE',  ( 10.00000000000000000, 3.000000000000001300, -152.4000000000000100 ) ) ;
#412 = DIRECTION ( 'NONE',  ( 2.924200878718996700E-015, -1.000000000000000000, 0.0000000000000000000 ) ) ;
#413 = LINE ( 'NONE', #613, #507 ) ;
#414 = DIRECTION ( 'NONE',  ( 0.0000000000000000000, 0.0000000000000000000, 1.000000000000000000 ) ) ;
#415 = EDGE_CURVE ( 'NONE', #314, #2016, #674, .T. ) ;
#416 = CARTESIAN_POINT ( 'NONE',  ( 0.0000000000000000000, -3.600000000000000100, 152.4000000000000100 ) ) ;
#417 = CIRCLE ( 'NONE', #834, 1.749999999999999800 ) ;
#418 = LINE ( 'NONE', #336, #1343 ) ;
#419 = CARTESIAN_POINT ( 'NONE',  ( 8.424621202458750300, 2.500000000000000000, 152.4000000000000100 ) ) ;
#420 = AXIS2_PLACEMENT_3D ( 'NONE', #1621, #1835, #2615 ) ;
#421 = VERTEX_POINT ( 'NONE', #1023 ) ;
#422 = CARTESIAN_POINT ( 'NONE',  ( 3.000000000000000900, -8.424621202458752100, -152.4000000000000100 ) ) ;
#423 = DIRECTION ( 'NONE',  ( -3.304235192336776500E-016, 1.000000000000000000, 0.0000000000000000000 ) ) ;
#424 = LINE ( 'NONE', #28, #987 ) ;
#425 = DIRECTION ( 'NONE',  ( -1.000000000000000000, -0.0000000000000000000, -0.0000000000000000000 ) ) ;
#426 = EDGE_CURVE ( 'NONE', #1649, #2173, #604, .T. ) ;
#427 = ORIENTED_EDGE ( 'NONE', *, *, #518, .T. ) ;
#428 = DIRECTION ( 'NONE',  ( -3.304235192336776500E-016, 1.000000000000000000, 0.0000000000000000000 ) ) ;
#429 = LINE ( 'NONE', #411, #2299 ) ;
#430 = DIRECTION ( 'NONE',  ( -1.000000000000000000, 0.0000000000000000000, 0.0000000000000000000 ) ) ;
#431 = ORIENTED_EDGE ( 'NONE', *, *, #1066, .T. ) ;
#432 = LINE ( 'NONE', #1334, #2333 ) ;
#433 = ORIENTED_EDGE ( 'NONE', *, *, #1392, .T. ) ;
#434 = CARTESIAN_POINT ( 'NONE',  ( 5.249999999999997300, -7.924621202458751200, -152.4000000000000100 ) ) ;
#435 = ORIENTED_EDGE ( 'NONE', *, *, #918, .F. ) ;
#436 = DIRECTION ( 'NONE',  ( -1.000000000000000000, 0.0000000000000000000, 0.0000000000000000000 ) ) ;
#437 = EDGE_LOOP ( 'NONE', ( #942, #1863, #1161, #180 ) ) ;
#438 = DIRECTION ( 'NONE',  ( -1.000000000000000000, 0.0000000000000000000, 0.0000000000000000000 ) ) ;
#439 = AXIS2_PLACEMENT_3D ( 'NONE', #692, #888, #2108 ) ;
#440 = EDGE_CURVE ( 'NONE', #469, #1125, #2001, .T. ) ;
#441 = ORIENTED_EDGE ( 'NONE', *, *, #1851, .F. ) ;
#442 = CARTESIAN_POINT ( 'NONE',  ( -8.250000000000000000, 8.250000000000000000, 152.4000000000000100 ) ) ;
#443 =( GEOMETRIC_REPRESENTATION_CONTEXT ( 3 ) GLOBAL_UNCERTAINTY_ASSIGNED_CONTEXT ( ( #634 ) ) GLOBAL_UNIT_ASSIGNED_CONTEXT ( ( #1322, #724, #2129 ) ) REPRESENTATION_CONTEXT ( 'NONE', 'WORKASPACE' ) );
#444 = ORIENTED_EDGE ( 'NONE', *, *, #1786, .F. ) ;
#445 = EDGE_CURVE ( 'NONE', #1424, #1907, #1403, .T. ) ;
#446 = COORDINATED_UNIVERSAL_TIME_OFFSET ( 6, 0, .BEHIND. ) ;
#447 = PLANE ( 'NONE',  #1046 ) ;
#448 = LINE ( 'NONE', #826, #1531 ) ;
#449 = CIRCLE ( 'NONE', #556, 0.5000000000000004400 ) ;
#450 = VERTEX_POINT ( 'NONE', #91 ) ;
#451 = DIRECTION ( 'NONE',  ( 0.0000000000000000000, -0.0000000000000000000, -1.000000000000000000 ) ) ;
#452 = LINE ( 'NONE', #594, #986 ) ;
#453 = EDGE_CURVE ( 'NONE', #2014, #701, #2560, .T. ) ;
#454 = LINE ( 'NONE', #1, #390 ) ;
#455 = CARTESIAN_POINT ( 'NONE',  ( -8.424621202458750300, -2.500000000000000000, 152.4000000000000100 ) ) ;
#456 = AXIS2_PLACEMENT_3D ( 'NONE', #2365, #1153, #1359 ) ;
#457 = VERTEX_POINT ( 'NONE', #1917 ) ;
#458 = EDGE_CURVE ( 'NONE', #1907, #1393, #1081, .T. ) ;
#459 = CIRCLE ( 'NONE', #1775, 2.999999999999999100 ) ;
#460 = VERTEX_POINT ( 'NONE', #1278 ) ;
#461 = DIRECTION ( 'NONE',  ( -0.0000000000000000000, -0.0000000000000000000, -1.000000000000000000 ) ) ;
#462 = LINE ( 'NONE', #268, #2543 ) ;
#463 = ORIENTED_EDGE ( 'NONE', *, *, #2424, .T. ) ;
#464 = CARTESIAN_POINT ( 'NONE',  ( 4.478679656440354200, 3.011165235168150400, 152.4000000000000100 ) ) ;
#465 = DIRECTION ( 'NONE',  ( 1.000000000000000000, 0.0000000000000000000, 0.0000000000000000000 ) ) ;
#466 = ORIENTED_EDGE ( 'NONE', *, *, #353, .F. ) ;
#467 = ORIENTED_EDGE ( 'NONE', *, *, #1169, .F. ) ;
#468 = DIRECTION ( 'NONE',  ( 0.0000000000000000000, -0.0000000000000000000, 1.000000000000000000 ) ) ;
#469 = VERTEX_POINT ( 'NONE', #867 ) ;
#470 = PLANE ( 'NONE',  #239 ) ;
#471 = ORIENTED_EDGE ( 'NONE', *, *, #280, .T. ) ;
#472 = APPROVAL_DATE_TIME ( #1557, #1530 ) ;
#473 = DIRECTION ( 'NONE',  ( 1.000000000000000000, 0.0000000000000000000, 0.0000000000000000000 ) ) ;
#474 = CARTESIAN_POINT ( 'NONE',  ( 3.000000000000000900, 7.924621202458751200, 152.4000000000000100 ) ) ;
#475 = CARTESIAN_POINT ( 'NONE',  ( 3.000000000000000900, 8.424621202458752100, 152.4000000000000100 ) ) ;
#476 = ADVANCED_FACE ( 'NONE', ( #2222 ), #705, .F. ) ;
#477 = DIRECTION ( 'NONE',  ( 1.000000000000000000, -3.304235192336776000E-016, 0.0000000000000000000 ) ) ;
#478 = CIRCLE ( 'NONE', #339, 2.999999999999999100 ) ;
#479 = LINE ( 'NONE', #2404, #73 ) ;
#480 = EDGE_LOOP ( 'NONE', ( #565, #2517, #2391, #2336 ) ) ;
#481 = LINE ( 'NONE', #1391, #2565 ) ;
#482 = DIRECTION ( 'NONE',  ( -0.0000000000000000000, 0.0000000000000000000, -1.000000000000000000 ) ) ;
#483 = ORIENTED_EDGE ( 'NONE', *, *, #1444, .T. ) ;
#484 = DIRECTION ( 'NONE',  ( 1.000000000000000000, 0.0000000000000000000, 0.0000000000000000000 ) ) ;
#485 = VECTOR ( 'NONE', #2614, 1000.000000000000000 ) ;
#486 = EDGE_CURVE ( 'NONE', #875, #1297, #199, .T. ) ;
#487 = CARTESIAN_POINT ( 'NONE',  ( -3.011165235168160600, 4.478679656440357700, 152.4000000000000100 ) ) ;
#488 = ORIENTED_EDGE ( 'NONE', *, *, #1303, .F. ) ;
#489 = VECTOR ( 'NONE', #2031, 1000.000000000000000 ) ;
#490 = AXIS2_PLACEMENT_3D ( 'NONE', #1899, #698, #271 ) ;
#491 = ORIENTED_EDGE ( 'NONE', *, *, #308, .T. ) ;
#492 = CIRCLE ( 'NONE', #1834, 0.4999999999999995600 ) ;
#493 = CARTESIAN_POINT ( 'NONE',  ( -7.071067811865473700, 5.603553390593270400, 152.4000000000000100 ) ) ;
#494 = ORIENTED_EDGE ( 'NONE', *, *, #2437, .F. ) ;
#495 = ORIENTED_EDGE ( 'NONE', *, *, #1494, .T. ) ;
#496 = EDGE_LOOP ( 'NONE', ( #1848, #880, #1156, #2076 ) ) ;
#497 = DIRECTION ( 'NONE',  ( 2.924200878718997100E-015, 1.000000000000000000, -0.0000000000000000000 ) ) ;
#498 = ORIENTED_EDGE ( 'NONE', *, *, #2319, .F. ) ;
#499 = EDGE_CURVE ( 'NONE', #1140, #2040, #609, .T. ) ;
#500 = ORIENTED_EDGE ( 'NONE', *, *, #1466, .T. ) ;
#501 = ADVANCED_FACE ( 'NONE', ( #1886 ), #1077, .F. ) ;
#502 = AXIS2_PLACEMENT_3D ( 'NONE', #2586, #2156, #1585 ) ;
#503 = CARTESIAN_POINT ( 'NONE',  ( 3.599999999999997400, -0.8898448916085081000, 152.4000000000000100 ) ) ;
#504 = CARTESIAN_POINT ( 'NONE',  ( -0.8898448916085185400, -3.600000000000000500, 152.4000000000000100 ) ) ;
#505 = EDGE_CURVE ( 'NONE', #547, #2412, #1694, .T. ) ;
#506 = CYLINDRICAL_SURFACE ( 'NONE', #1013, 0.5000000000000008900 ) ;
#507 = VECTOR ( 'NONE', #2026, 1000.000000000000000 ) ;
#508 = DIRECTION ( 'NONE',  ( -0.0000000000000000000, -0.0000000000000000000, -1.000000000000000000 ) ) ;
#509 = ORIENTED_EDGE ( 'NONE', *, *, #1918, .T. ) ;
#510 = FACE_OUTER_BOUND ( 'NONE', #2613, .T. ) ;
#511 = CARTESIAN_POINT ( 'NONE',  ( 8.424621202458750300, -2.500000000000000000, -152.4000000000000100 ) ) ;
#512 = ORIENTED_EDGE ( 'NONE', *, *, #323, .F. ) ;
#513 = CARTESIAN_POINT ( 'NONE',  ( 2.500000000000000400, -9.500000000000000000, -152.4000000000000100 ) ) ;
#514 = PRODUCT_RELATED_PRODUCT_CATEGORY ( 'detail', '', ( #1595 ) ) ;
#515 = VECTOR ( 'NONE', #98, 1000.000000000000000 ) ;
#516 = AXIS2_PLACEMENT_3D ( 'NONE', #173, #2192, #1620 ) ;
#517 = EDGE_LOOP ( 'NONE', ( #168, #57, #1201, #509 ) ) ;
#518 = EDGE_CURVE ( 'NONE', #1758, #386, #139, .T. ) ;
#519 = VECTOR ( 'NONE', #1178, 1000.000000000000000 ) ;
#520 = CARTESIAN_POINT ( 'NONE',  ( 7.924621202458749500, -3.000000000000001300, 152.4000000000000100 ) ) ;
#521 = ORIENTED_EDGE ( 'NONE', *, *, #1270, .F. ) ;
#522 = AXIS2_PLACEMENT_3D ( 'NONE', #1826, #2046, #1237 ) ;
#523 = ORIENTED_EDGE ( 'NONE', *, *, #1234, .T. ) ;
#524 = PLANE ( 'NONE',  #788 ) ;
#525 = DIRECTION ( 'NONE',  ( -1.000000000000000000, 0.0000000000000000000, 0.0000000000000000000 ) ) ;
#526 = DIRECTION ( 'NONE',  ( -0.0000000000000000000, 0.0000000000000000000, -1.000000000000000000 ) ) ;
#527 = VERTEX_POINT ( 'NONE', #66 ) ;
#528 = DATE_TIME_ROLE ( 'classification_date' ) ;
#529 = VERTEX_POINT ( 'NONE', #1929 ) ;
#530 = CARTESIAN_POINT ( 'NONE',  ( 7.071067811865473700, 5.603553390593270400, -152.4000000000000100 ) ) ;
#531 = ORIENTED_EDGE ( 'NONE', *, *, #106, .T. ) ;
#532 = VERTEX_POINT ( 'NONE', #902 ) ;
#533 = CARTESIAN_POINT ( 'NONE',  ( -3.000000000000000900, -10.00000000000000000, -152.4000000000000100 ) ) ;
#534 = EDGE_CURVE ( 'NONE', #2016, #2100, #352, .T. ) ;
#535 = APPROVAL_ROLE ( '' ) ;
#536 = CARTESIAN_POINT ( 'NONE',  ( 0.8898448916085185400, 3.600000000000000500, -152.4000000000000100 ) ) ;
#537 = AXIS2_PLACEMENT_3D ( 'NONE', #70, #2111, #2504 ) ;
#538 = DIRECTION ( 'NONE',  ( -0.7071067811865465700, 0.7071067811865483500, 0.0000000000000000000 ) ) ;
#539 = EDGE_CURVE ( 'NONE', #1249, #311, #2034, .T. ) ;
#540 = LINE ( 'NONE', #739, #1755 ) ;
#541 = CIRCLE ( 'NONE', #928, 1.749999999999999800 ) ;
#542 = ADVANCED_FACE ( 'NONE', ( #1915 ), #2227, .T. ) ;
#543 = CARTESIAN_POINT ( 'NONE',  ( 0.8898448916085185400, -3.600000000000000500, 152.4000000000000100 ) ) ;
#544 = LINE ( 'NONE', #2611, #5 ) ;
#545 = DIRECTION ( 'NONE',  ( 0.7071067811865474600, 0.7071067811865476800, 0.0000000000000000000 ) ) ;
#546 = CIRCLE ( 'NONE', #605, 0.4999999999999995600 ) ;
#547 = VERTEX_POINT ( 'NONE', #886 ) ;
#548 = PLANE ( 'NONE',  #1820 ) ;
#549 = VECTOR ( 'NONE', #2395, 1000.000000000000000 ) ;
#550 = VERTEX_POINT ( 'NONE', #1089 ) ;
#551 = VECTOR ( 'NONE', #187, 1000.000000000000000 ) ;
#552 = CARTESIAN_POINT ( 'NONE',  ( 4.478679656440354200, 3.011165235168150400, -152.4000000000000100 ) ) ;
#553 = EDGE_CURVE ( 'NONE', #229, #1983, #1760, .T. ) ;
#554 = ORIENTED_EDGE ( 'NONE', *, *, #571, .F. ) ;
#555 = VECTOR ( 'NONE', #1906, 1000.000000000000000 ) ;
#556 = AXIS2_PLACEMENT_3D ( 'NONE', #1387, #2020, #191 ) ;
#557 = ADVANCED_FACE ( 'NONE', ( #1180 ), #77, .F. ) ;
#558 = EDGE_LOOP ( 'NONE', ( #647, #2133, #47, #2070 ) ) ;
#559 = DIRECTION ( 'NONE',  ( 0.0000000000000000000, 0.0000000000000000000, -1.000000000000000000 ) ) ;
#560 = VERTEX_POINT ( 'NONE', #1944 ) ;
#561 = EDGE_CURVE ( 'NONE', #1828, #63, #1150, .T. ) ;
#562 = CARTESIAN_POINT ( 'NONE',  ( -4.478679656440354200, 3.011165235168150400, -152.4000000000000100 ) ) ;
#563 = ORIENTED_EDGE ( 'NONE', *, *, #863, .T. ) ;
#564 = CARTESIAN_POINT ( 'NONE',  ( -5.249999999999997300, -7.924621202458751200, -152.4000000000000100 ) ) ;
#565 = ORIENTED_EDGE ( 'NONE', *, *, #458, .T. ) ;
#566 = DIRECTION ( 'NONE',  ( -1.000000000000000000, -3.304235192336776500E-016, 0.0000000000000000000 ) ) ;
#567 = ORIENTED_EDGE ( 'NONE', *, *, #610, .F. ) ;
#568 = ADVANCED_FACE ( 'NONE', ( #833 ), #1215, .F. ) ;
#569 = AXIS2_PLACEMENT_3D ( 'NONE', #1126, #1133, #320 ) ;
#570 = CARTESIAN_POINT ( 'NONE',  ( 8.424621202458750300, 2.500000000000000000, 152.4000000000000100 ) ) ;
#571 = EDGE_CURVE ( 'NONE', #368, #595, #328, .T. ) ;
#572 = CARTESIAN_POINT ( 'NONE',  ( 2.500000000000000000, 8.424621202458752100, -152.4000000000000100 ) ) ;
#573 = VECTOR ( 'NONE', #1606, 1000.000000000000000 ) ;
#574 = LINE ( 'NONE', #1203, #923 ) ;
#575 = EDGE_CURVE ( 'NONE', #215, #1828, #2381, .T. ) ;
#576 = ORIENTED_EDGE ( 'NONE', *, *, #1597, .T. ) ;
#577 = CARTESIAN_POINT ( 'NONE',  ( 10.00000000000000000, -8.250000000000000000, 152.4000000000000100 ) ) ;
#578 = DIRECTION ( 'NONE',  ( 0.0000000000000000000, 0.0000000000000000000, -1.000000000000000000 ) ) ;
#579 = FACE_OUTER_BOUND ( 'NONE', #1035, .T. ) ;
#580 = ORIENTED_EDGE ( 'NONE', *, *, #539, .T. ) ;
#581 = VECTOR ( 'NONE', #2311, 1000.000000000000000 ) ;
#582 = CARTESIAN_POINT ( 'NONE',  ( -5.603553390593272200, -7.071067811865475500, 152.4000000000000100 ) ) ;
#583 = ORIENTED_EDGE ( 'NONE', *, *, #978, .T. ) ;
#584 = VECTOR ( 'NONE', #1271, 1000.000000000000000 ) ;
#585 = CARTESIAN_POINT ( 'NONE',  ( 3.000000000000000900, -9.500000000000000000, 152.4000000000000100 ) ) ;
#586 = CLOSED_SHELL ( 'NONE', ( #2388, #1801, #1582, #1695, #1385, #773, #84, #2301, #1358, #1980, #2159, #2516, #905, #2581, #1105, #2363, #97, #1708, #2109, #175, #2341, #69, #272, #2594, #109, #2326, #1302, #346, #1738, #916, #476, #1370, #889, #951, #285, #1493, #1592, #2097, #2401, #2503, #1196, #1157, #1558, #542, #2495, #1075, #1506, #1090, #1144, #1723, #2122, #1292, #2557, #1778, #879, #568, #1910, #2527, #864, #1970, #2200, #1762, #1935, #1533, #789, #2349, #149, #2316, #501, #699, #557, #1282, #2185, #1333, #1920, #2086 ) ) ;
#587 = CARTESIAN_POINT ( 'NONE',  ( -3.000000000000000900, -10.00000000000000000, 152.4000000000000100 ) ) ;
#588 = EDGE_CURVE ( 'NONE', #371, #1293, #1565, .T. ) ;
#589 = CARTESIAN_POINT ( 'NONE',  ( 2.500000000000000400, 9.500000000000000000, 152.4000000000000100 ) ) ;
#590 = ORIENTED_EDGE ( 'NONE', *, *, #1613, .F. ) ;
#591 = CARTESIAN_POINT ( 'NONE',  ( 7.424621202458747700, 5.249999999999995600, 152.4000000000000100 ) ) ;
#592 = AXIS2_PLACEMENT_3D ( 'NONE', #2137, #1744, #347 ) ;
#593 = EDGE_CURVE ( 'NONE', #1573, #1297, #1626, .T. ) ;
#594 = CARTESIAN_POINT ( 'NONE',  ( 7.924621202458747700, 5.249999999999995600, -152.4000000000000100 ) ) ;
#595 = VERTEX_POINT ( 'NONE', #1319 ) ;
#596 = VERTEX_POINT ( 'NONE', #740 ) ;
#597 = CARTESIAN_POINT ( 'NONE',  ( -4.478679656440354200, -3.011165235168150400, -152.4000000000000100 ) ) ;
#598 = DIRECTION ( 'NONE',  ( -0.7071067811865476800, 0.7071067811865474600, 0.0000000000000000000 ) ) ;
#599 = EDGE_LOOP ( 'NONE', ( #554, #2587, #1005, #1638 ) ) ;
#600 = DIRECTION ( 'NONE',  ( 0.0000000000000000000, -0.0000000000000000000, -1.000000000000000000 ) ) ;
#601 = CARTESIAN_POINT ( 'NONE',  ( -4.478679656440354200, 3.011165235168150400, 152.4000000000000100 ) ) ;
#602 = DIRECTION ( 'NONE',  ( -0.0000000000000000000, -0.0000000000000000000, -1.000000000000000000 ) ) ;
#603 = CARTESIAN_POINT ( 'NONE',  ( 5.603553390593272200, -7.071067811865475500, 152.4000000000000100 ) ) ;
#604 = LINE ( 'NONE', #1642, #858 ) ;
#605 = AXIS2_PLACEMENT_3D ( 'NONE', #2139, #2121, #926 ) ;
#606 = LINE ( 'NONE', #2407, #2597 ) ;
#607 = CARTESIAN_POINT ( 'NONE',  ( -2.500000000000000000, 8.424621202458752100, 152.4000000000000100 ) ) ;
#608 = ORIENTED_EDGE ( 'NONE', *, *, #2243, .T. ) ;
#609 = CIRCLE ( 'NONE', #2499, 0.5000000000000004400 ) ;
#610 = EDGE_CURVE ( 'NONE', #2103, #1054, #418, .T. ) ;
#611 = ORIENTED_EDGE ( 'NONE', *, *, #1722, .F. ) ;
#612 = CARTESIAN_POINT ( 'NONE',  ( -3.000000000000000900, 10.00000000000000000, 152.4000000000000100 ) ) ;
#613 = CARTESIAN_POINT ( 'NONE',  ( -3.000000000000000900, 7.924621202458751200, -152.4000000000000100 ) ) ;
#614 = FACE_OUTER_BOUND ( 'NONE', #2506, .T. ) ;
#615 = DIRECTION ( 'NONE',  ( -0.0000000000000000000, 0.0000000000000000000, 1.000000000000000000 ) ) ;
#616 = DIRECTION ( 'NONE',  ( 1.000000000000000000, 0.0000000000000000000, -0.0000000000000000000 ) ) ;
#617 = CARTESIAN_POINT ( 'NONE',  ( -1.257674520083185100E-014, 1.257674520083185100E-014, 152.4000000000000100 ) ) ;
#618 = ORIENTED_EDGE ( 'NONE', *, *, #641, .T. ) ;
#619 = CYLINDRICAL_SURFACE ( 'NONE', #278, 0.5000000000000004400 ) ;
#620 = DIRECTION ( 'NONE',  ( -1.000000000000000000, 0.0000000000000000000, 0.0000000000000000000 ) ) ;
#621 = ORIENTED_EDGE ( 'NONE', *, *, #2306, .F. ) ;
#622 = FACE_OUTER_BOUND ( 'NONE', #2233, .T. ) ;
#623 = DIRECTION ( 'NONE',  ( 1.000000000000000000, 0.0000000000000000000, 0.0000000000000000000 ) ) ;
#624 = ORIENTED_EDGE ( 'NONE', *, *, #353, .T. ) ;
#625 = DIRECTION ( 'NONE',  ( -0.0000000000000000000, 0.0000000000000000000, -1.000000000000000000 ) ) ;
#626 = ORIENTED_EDGE ( 'NONE', *, *, #1033, .T. ) ;
#627 = EDGE_CURVE ( 'NONE', #12, #885, #2502, .T. ) ;
#628 = ORIENTED_EDGE ( 'NONE', *, *, #1086, .T. ) ;
#629 = DIRECTION ( 'NONE',  ( -0.0000000000000000000, 0.0000000000000000000, 1.000000000000000000 ) ) ;
#630 = AXIS2_PLACEMENT_3D ( 'NONE', #974, #2383, #1996 ) ;
#631 = EDGE_CURVE ( 'NONE', #547, #2618, #267, .T. ) ;
#632 = CARTESIAN_POINT ( 'NONE',  ( 6.599999999999996100, 0.8898448916085081000, -152.4000000000000100 ) ) ;
#633 = ORIENTED_EDGE ( 'NONE', *, *, #1685, .T. ) ;
#634 = UNCERTAINTY_MEASURE_WITH_UNIT (LENGTH_MEASURE( 1.000000000000000100E-005 ), #1322, 'distance_accuracy_value', 'NONE');
#635 = CARTESIAN_POINT ( 'NONE',  ( -9.500000000000000000, 3.000000000000001300, -152.4000000000000100 ) ) ;
#636 = CARTESIAN_POINT ( 'NONE',  ( 3.000000000000000900, -10.00000000000000000, 152.4000000000000100 ) ) ;
#637 = ORIENTED_EDGE ( 'NONE', *, *, #1546, .T. ) ;
#638 = CARTESIAN_POINT ( 'NONE',  ( -10.00000000000000000, -8.250000000000000000, 152.4000000000000100 ) ) ;
#639 = DIRECTION ( 'NONE',  ( 0.0000000000000000000, -0.0000000000000000000, -1.000000000000000000 ) ) ;
#640 = DIRECTION ( 'NONE',  ( -0.0000000000000000000, -0.0000000000000000000, -1.000000000000000000 ) ) ;
#641 = EDGE_CURVE ( 'NONE', #1393, #2006, #546, .T. ) ;
#642 = CARTESIAN_POINT ( 'NONE',  ( 5.249999999999997300, -7.424621202458749500, 152.4000000000000100 ) ) ;
#643 = EDGE_LOOP ( 'NONE', ( #1836, #2049, #1061, #2145 ) ) ;
#644 = CIRCLE ( 'NONE', #569, 2.999999999999999100 ) ;
#645 = CARTESIAN_POINT ( 'NONE',  ( -0.8898448916085185400, -6.599999999999999600, -152.4000000000000100 ) ) ;
#646 = AXIS2_PLACEMENT_3D ( 'NONE', #831, #1231, #1615 ) ;
#647 = ORIENTED_EDGE ( 'NONE', *, *, #1119, .T. ) ;
#648 = CIRCLE ( 'NONE', #170, 0.5000000000000004400 ) ;
#649 = CARTESIAN_POINT ( 'NONE',  ( -3.000000000000000900, -10.00000000000000000, 152.4000000000000100 ) ) ;
#650 = ORIENTED_EDGE ( 'NONE', *, *, #1771, .T. ) ;
#651 = LINE ( 'NONE', #1724, #393 ) ;
#652 = CARTESIAN_POINT ( 'NONE',  ( 7.924621202458747700, 5.249999999999995600, 152.4000000000000100 ) ) ;
#653 = VERTEX_POINT ( 'NONE', #2540 ) ;
#654 = FACE_OUTER_BOUND ( 'NONE', #480, .T. ) ;
#655 = CARTESIAN_POINT ( 'NONE',  ( 10.00000000000000000, 3.000000000000001300, -152.4000000000000100 ) ) ;
#656 = EDGE_LOOP ( 'NONE', ( #1379, #404, #1770, #427 ) ) ;
#657 = DIRECTION ( 'NONE',  ( 3.304235192336776000E-016, 1.000000000000000000, -0.0000000000000000000 ) ) ;
#658 = EDGE_LOOP ( 'NONE', ( #2141, #1540, #463, #1938 ) ) ;
#659 = DIRECTION ( 'NONE',  ( -0.0000000000000000000, -0.0000000000000000000, -1.000000000000000000 ) ) ;
#660 = EDGE_LOOP ( 'NONE', ( #1602, #307, #944, #1320 ) ) ;
#661 = DIRECTION ( 'NONE',  ( -1.000000000000000000, 0.0000000000000000000, 0.0000000000000000000 ) ) ;
#662 = AXIS2_PLACEMENT_3D ( 'NONE', #26, #639, #232 ) ;
#663 = DIRECTION ( 'NONE',  ( 1.000000000000000000, 8.065639195895846800E-016, -0.0000000000000000000 ) ) ;
#664 = EDGE_CURVE ( 'NONE', #1923, #1360, #644, .T. ) ;
#665 = ORIENTED_EDGE ( 'NONE', *, *, #440, .F. ) ;
#666 = CARTESIAN_POINT ( 'NONE',  ( -5.603553390593272200, 7.071067811865475500, 152.4000000000000100 ) ) ;
#667 = VERTEX_POINT ( 'NONE', #2146 ) ;
#668 = DIRECTION ( 'NONE',  ( -1.000000000000000000, 0.0000000000000000000, 0.0000000000000000000 ) ) ;
#669 = DIRECTION ( 'NONE',  ( 8.065639195895844800E-016, 1.000000000000000000, 0.0000000000000000000 ) ) ;
#670 = LOCAL_TIME ( 10, 12, 47.00000000000000000, #947 ) ;
#671 = CARTESIAN_POINT ( 'NONE',  ( 7.924621202458749500, 3.000000000000001300, 152.4000000000000100 ) ) ;
#672 = CARTESIAN_POINT ( 'NONE',  ( -8.424621202458750300, 3.000000000000001300, 152.4000000000000100 ) ) ;
#673 = DIRECTION ( 'NONE',  ( -3.304235192336776000E-016, 1.000000000000000000, 0.0000000000000000000 ) ) ;
#674 = LINE ( 'NONE', #2281, #983 ) ;
#675 = FACE_OUTER_BOUND ( 'NONE', #1773, .T. ) ;
#676 = DIRECTION ( 'NONE',  ( -1.000000000000000000, -0.0000000000000000000, -0.0000000000000000000 ) ) ;
#677 = VERTEX_POINT ( 'NONE', #513 ) ;
#678 = DIRECTION ( 'NONE',  ( 1.000000000000000000, 0.0000000000000000000, 0.0000000000000000000 ) ) ;
#679 = VECTOR ( 'NONE', #711, 1000.000000000000000 ) ;
#680 = EDGE_CURVE ( 'NONE', #1024, #2283, #1976, .T. ) ;
#681 = CARTESIAN_POINT ( 'NONE',  ( 8.424621202458750300, -2.500000000000000000, 152.4000000000000100 ) ) ;
#682 = VECTOR ( 'NONE', #256, 1000.000000000000000 ) ;
#683 = AXIS2_PLACEMENT_3D ( 'NONE', #1524, #1318, #917 ) ;
#684 = EDGE_CURVE ( 'NONE', #2497, #1758, #746, .T. ) ;
#685 = LINE ( 'NONE', #890, #581 ) ;
#686 = DIRECTION ( 'NONE',  ( -0.0000000000000000000, -0.0000000000000000000, -1.000000000000000000 ) ) ;
#687 = VERTEX_POINT ( 'NONE', #1355 ) ;
#688 = CIRCLE ( 'NONE', #2048, 0.4999999999999995600 ) ;
#689 = CARTESIAN_POINT ( 'NONE',  ( -3.011165235168160600, -4.478679656440356800, -152.4000000000000100 ) ) ;
#690 = ORIENTED_EDGE ( 'NONE', *, *, #1791, .F. ) ;
#691 = LINE ( 'NONE', #2165, #148 ) ;
#692 = CARTESIAN_POINT ( 'NONE',  ( -3.000000000000000900, 8.424621202458752100, -152.4000000000000100 ) ) ;
#693 = ORIENTED_EDGE ( 'NONE', *, *, #1270, .T. ) ;
#694 = DIRECTION ( 'NONE',  ( 1.000000000000000000, 0.0000000000000000000, 0.0000000000000000000 ) ) ;
#695 = DIRECTION ( 'NONE',  ( 0.0000000000000000000, -0.0000000000000000000, 1.000000000000000000 ) ) ;
#696 = VERTEX_POINT ( 'NONE', #1349 ) ;
#697 = EDGE_CURVE ( 'NONE', #2081, #2249, #1408, .T. ) ;
#698 = DIRECTION ( 'NONE',  ( 0.0000000000000000000, -0.0000000000000000000, 1.000000000000000000 ) ) ;
#699 = ADVANCED_FACE ( 'NONE', ( #772 ), #894, .F. ) ;
#700 = CARTESIAN_POINT ( 'NONE',  ( 0.8898448916085185400, -3.600000000000000500, -152.4000000000000100 ) ) ;
#701 = VERTEX_POINT ( 'NONE', #356 ) ;
#702 = AXIS2_PLACEMENT_3D ( 'NONE', #1031, #2604, #807 ) ;
#703 = ORIENTED_EDGE ( 'NONE', *, *, #2275, .F. ) ;
#704 = EDGE_CURVE ( 'NONE', #1195, #78, #1308, .T. ) ;
#705 = PLANE ( 'NONE',  #882 ) ;
#706 = APPROVAL_DATE_TIME ( #1686, #1754 ) ;
#707 = DIRECTION ( 'NONE',  ( 1.541976423090499000E-015, 1.000000000000000000, 0.0000000000000000000 ) ) ;
#708 = VECTOR ( 'NONE', #2554, 1000.000000000000000 ) ;
#709 = CYLINDRICAL_SURFACE ( 'NONE', #2148, 0.5000000000000004400 ) ;
#710 = ORIENTED_EDGE ( 'NONE', *, *, #756, .F. ) ;
#711 = DIRECTION ( 'NONE',  ( 2.924200878718997100E-015, 1.000000000000000000, -0.0000000000000000000 ) ) ;
#712 = PERSON_AND_ORGANIZATION_ROLE ( 'design_supplier' ) ;
#713 = AXIS2_PLACEMENT_3D ( 'NONE', #2580, #1378, #2184 ) ;
#714 = CIRCLE ( 'NONE', #2257, 0.5000000000000008900 ) ;
#715 = EDGE_CURVE ( 'NONE', #1967, #83, #1085, .T. ) ;
#716 = DIRECTION ( 'NONE',  ( -1.000000000000000000, 0.0000000000000000000, 0.0000000000000000000 ) ) ;
#717 = ORIENTED_EDGE ( 'NONE', *, *, #991, .F. ) ;
#718 = LINE ( 'NONE', #1388, #1952 ) ;
#719 = DIRECTION ( 'NONE',  ( -0.0000000000000000000, 0.0000000000000000000, 1.000000000000000000 ) ) ;
#720 = AXIS2_PLACEMENT_3D ( 'NONE', #2315, #2339, #2353 ) ;
#721 = ORIENTED_EDGE ( 'NONE', *, *, #1613, .T. ) ;
#722 = CIRCLE ( 'NONE', #1515, 0.5000000000000004400 ) ;
#723 = CARTESIAN_POINT ( 'NONE',  ( 3.600000000000000100, 0.0000000000000000000, -152.4000000000000100 ) ) ;
#724 =( NAMED_UNIT ( * ) PLANE_ANGLE_UNIT ( ) SI_UNIT ( $, .RADIAN. ) );
#725 = ORIENTED_EDGE ( 'NONE', *, *, #274, .T. ) ;
#726 = CARTESIAN_POINT ( 'NONE',  ( -7.071067811865473700, 5.603553390593270400, -152.4000000000000100 ) ) ;
#727 = EDGE_LOOP ( 'NONE', ( #1214, #1670, #209, #1366 ) ) ;
#728 = DIRECTION ( 'NONE',  ( 1.000000000000000000, 0.0000000000000000000, 0.0000000000000000000 ) ) ;
#729 = ORIENTED_EDGE ( 'NONE', *, *, #1169, .T. ) ;
#730 = DIRECTION ( 'NONE',  ( -0.0000000000000000000, -0.0000000000000000000, -1.000000000000000000 ) ) ;
#731 = EDGE_CURVE ( 'NONE', #78, #2278, #2096, .T. ) ;
#732 = ORIENTED_EDGE ( 'NONE', *, *, #588, .T. ) ;
#733 = AXIS2_PLACEMENT_3D ( 'NONE', #2547, #2337, #1534 ) ;
#734 = PERSON ( 'UNSPECIFIED', 'UNSPECIFIED', 'UNSPECIFIED', ('UNSPECIFIED'), ('UNSPECIFIED'), ('UNSPECIFIED') ) ;
#735 = EDGE_CURVE ( 'NONE', #596, #1508, #6, .T. ) ;
#736 = APPROVAL_PERSON_ORGANIZATION ( #794, #1754, #742 ) ;
#737 = CARTESIAN_POINT ( 'NONE',  ( 3.011165235168160600, -4.478679656440356800, 152.4000000000000100 ) ) ;
#738 = CARTESIAN_POINT ( 'NONE',  ( -8.424621202458750300, 2.500000000000000000, -152.4000000000000100 ) ) ;
#739 = CARTESIAN_POINT ( 'NONE',  ( 9.500000000000000000, 2.500000000000000400, 152.4000000000000100 ) ) ;
#740 = CARTESIAN_POINT ( 'NONE',  ( -4.478679656440354200, -3.011165235168150400, 152.4000000000000100 ) ) ;
#741 = FACE_BOUND ( 'NONE', #2267, .T. ) ;
#742 = APPROVAL_ROLE ( '' ) ;
#743 = CIRCLE ( 'NONE', #713, 2.999999999999999600 ) ;
#744 = CARTESIAN_POINT ( 'NONE',  ( -10.00000000000000000, -3.000000000000001300, 152.4000000000000100 ) ) ;
#745 = ORIENTED_EDGE ( 'NONE', *, *, #2505, .T. ) ;
#746 = LINE ( 'NONE', #1149, #298 ) ;
#747 = CYLINDRICAL_SURFACE ( 'NONE', #522, 0.5000000000000004400 ) ;
#748 = DIRECTION ( 'NONE',  ( -1.000000000000000000, 0.0000000000000000000, 0.0000000000000000000 ) ) ;
#749 = CARTESIAN_POINT ( 'NONE',  ( -3.000000000000000900, 7.924621202458751200, 152.4000000000000100 ) ) ;
#750 = VECTOR ( 'NONE', #1336, 1000.000000000000000 ) ;
#751 = AXIS2_PLACEMENT_3D ( 'NONE', #2620, #2059, #430 ) ;
#752 = ORIENTED_EDGE ( 'NONE', *, *, #1377, .T. ) ;
#753 = FACE_OUTER_BOUND ( 'NONE', #2463, .T. ) ;
#754 = VERTEX_POINT ( 'NONE', #1401 ) ;
#755 = FACE_OUTER_BOUND ( 'NONE', #163, .T. ) ;
#756 = EDGE_CURVE ( 'NONE', #371, #1024, #2443, .T. ) ;
#757 = ORIENTED_EDGE ( 'NONE', *, *, #499, .T. ) ;
#758 = CARTESIAN_POINT ( 'NONE',  ( -7.924621202458749500, 3.000000000000001300, -152.4000000000000100 ) ) ;
#759 = DIRECTION ( 'NONE',  ( -0.0000000000000000000, 0.0000000000000000000, -1.000000000000000000 ) ) ;
#760 = ORIENTED_EDGE ( 'NONE', *, *, #1628, .F. ) ;
#761 = DIRECTION ( 'NONE',  ( 0.0000000000000000000, -0.0000000000000000000, -1.000000000000000000 ) ) ;
#762 = ORIENTED_EDGE ( 'NONE', *, *, #2357, .F. ) ;
#763 = ORIENTED_EDGE ( 'NONE', *, *, #1940, .T. ) ;
#764 = CARTESIAN_POINT ( 'NONE',  ( -2.499999999999999600, 8.424621202458752100, 152.4000000000000100 ) ) ;
#765 = ORIENTED_EDGE ( 'NONE', *, *, #120, .F. ) ;
#766 = EDGE_CURVE ( 'NONE', #2305, #111, #481, .T. ) ;
#767 = AXIS2_PLACEMENT_3D ( 'NONE', #1699, #93, #1511 ) ;
#768 = EDGE_CURVE ( 'NONE', #1954, #925, #1503, .T. ) ;
#769 = CARTESIAN_POINT ( 'NONE',  ( 3.000000000000000900, -10.00000000000000000, 152.4000000000000100 ) ) ;
#770 = VECTOR ( 'NONE', #914, 1000.000000000000000 ) ;
#771 = CARTESIAN_POINT ( 'NONE',  ( 3.000000000000000900, -10.00000000000000000, -152.4000000000000100 ) ) ;
#772 = FACE_OUTER_BOUND ( 'NONE', #1807, .T. ) ;
#773 = ADVANCED_FACE ( 'NONE', ( #1790 ), #709, .T. ) ;
#774 = VERTEX_POINT ( 'NONE', #2369 ) ;
#775 = CIRCLE ( 'NONE', #222, 0.4999999999999995600 ) ;
#776 = CARTESIAN_POINT ( 'NONE',  ( 8.250000000000000000, 10.00000000000000200, -152.4000000000000100 ) ) ;
#777 = ORIENTED_EDGE ( 'NONE', *, *, #664, .T. ) ;
#778 = FACE_OUTER_BOUND ( 'NONE', #1859, .T. ) ;
#779 = PLANE ( 'NONE',  #1987 ) ;
#780 = EDGE_CURVE ( 'NONE', #63, #2520, #1374, .T. ) ;
#781 = CARTESIAN_POINT ( 'NONE',  ( -4.478679656440354200, 3.011165235168150400, 152.4000000000000100 ) ) ;
#782 = VERTEX_POINT ( 'NONE', #2396 ) ;
#783 = LINE ( 'NONE', #1919, #840 ) ;
#784 = AXIS2_PLACEMENT_3D ( 'NONE', #2142, #128, #2131 ) ;
#785 = ORIENTED_EDGE ( 'NONE', *, *, #715, .F. ) ;
#786 = CARTESIAN_POINT ( 'NONE',  ( 9.500000000000000000, 3.000000000000001300, 152.4000000000000100 ) ) ;
#787 = ORIENTED_EDGE ( 'NONE', *, *, #768, .T. ) ;
#788 = AXIS2_PLACEMENT_3D ( 'NONE', #737, #2144, #538 ) ;
#789 = ADVANCED_FACE ( 'NONE', ( #1018 ), #382, .F. ) ;
#790 = EDGE_LOOP ( 'NONE', ( #996, #1713, #521, #1789 ) ) ;
#791 = DIRECTION ( 'NONE',  ( -0.0000000000000000000, -0.0000000000000000000, -1.000000000000000000 ) ) ;
#792 = ORIENTED_EDGE ( 'NONE', *, *, #911, .T. ) ;
#793 = EDGE_LOOP ( 'NONE', ( #2479, #2334, #1389, #1892 ) ) ;
#794 = PERSON_AND_ORGANIZATION ( #734, #1814 ) ;
#795 = AXIS2_PLACEMENT_3D ( 'NONE', #812, #1208, #1586 ) ;
#796 = DIRECTION ( 'NONE',  ( -0.7071067811865474600, -0.7071067811865476800, 0.0000000000000000000 ) ) ;
#797 = EDGE_CURVE ( 'NONE', #205, #868, #104, .T. ) ;
#798 = DIRECTION ( 'NONE',  ( -0.0000000000000000000, -0.0000000000000000000, -1.000000000000000000 ) ) ;
#799 = CC_DESIGN_PERSON_AND_ORGANIZATION_ASSIGNMENT ( #2181, #712, ( #2032 ) ) ;
#800 = LINE ( 'NONE', #7, #381 ) ;
#801 = CYLINDRICAL_SURFACE ( 'NONE', #751, 0.5000000000000004400 ) ;
#802 = CARTESIAN_POINT ( 'NONE',  ( 3.011165235168160600, -4.478679656440357700, 152.4000000000000100 ) ) ;
#803 = LINE ( 'NONE', #503, #832 ) ;
#804 = CYLINDRICAL_SURFACE ( 'NONE', #123, 0.5000000000000008900 ) ;
#805 = PLANE ( 'NONE',  #420 ) ;
#806 = FACE_OUTER_BOUND ( 'NONE', #1781, .T. ) ;
#807 = DIRECTION ( 'NONE',  ( 1.000000000000000000, 0.0000000000000000000, 0.0000000000000000000 ) ) ;
#808 = ORIENTED_EDGE ( 'NONE', *, *, #2589, .F. ) ;
#809 = CARTESIAN_POINT ( 'NONE',  ( 6.599999999999996100, 0.8898448916085081000, 152.4000000000000100 ) ) ;
#810 = VERTEX_POINT ( 'NONE', #564 ) ;
#811 = VECTOR ( 'NONE', #600, 1000.000000000000000 ) ;
#812 = CARTESIAN_POINT ( 'NONE',  ( -9.500000000000000000, -3.000000000000001300, 152.4000000000000100 ) ) ;
#813 = ORIENTED_EDGE ( 'NONE', *, *, #1959, .T. ) ;
#814 = EDGE_CURVE ( 'NONE', #345, #1125, #1438, .T. ) ;
#815 = DIRECTION ( 'NONE',  ( 0.0000000000000000000, 0.0000000000000000000, 1.000000000000000000 ) ) ;
#816 = AXIS2_PLACEMENT_3D ( 'NONE', #124, #1751, #525 ) ;
#817 = EDGE_CURVE ( 'NONE', #560, #1573, #479, .T. ) ;
#818 = ORIENTED_EDGE ( 'NONE', *, *, #2115, .T. ) ;
#819 = DIRECTION ( 'NONE',  ( -8.065639195895844800E-016, -1.000000000000000000, 0.0000000000000000000 ) ) ;
#820 = ORIENTED_EDGE ( 'NONE', *, *, #2486, .T. ) ;
#821 = PLANE ( 'NONE',  #1117 ) ;
#822 = DIRECTION ( 'NONE',  ( -1.000000000000000000, 0.0000000000000000000, 0.0000000000000000000 ) ) ;
#823 = ORIENTED_EDGE ( 'NONE', *, *, #499, .F. ) ;
#824 = DIRECTION ( 'NONE',  ( -0.0000000000000000000, -0.0000000000000000000, -1.000000000000000000 ) ) ;
#825 = ORIENTED_EDGE ( 'NONE', *, *, #1891, .F. ) ;
#826 = CARTESIAN_POINT ( 'NONE',  ( -7.924621202458749500, 3.000000000000001300, 152.4000000000000100 ) ) ;
#827 = EDGE_CURVE ( 'NONE', #29, #810, #1470, .T. ) ;
#828 = DIRECTION ( 'NONE',  ( 4.873668131198272900E-016, 1.000000000000000000, -0.0000000000000000000 ) ) ;
#829 = AXIS2_PLACEMENT_3D ( 'NONE', #1120, #330, #912 ) ;
#830 = CIRCLE ( 'NONE', #490, 1.749999999999999800 ) ;
#831 = CARTESIAN_POINT ( 'NONE',  ( 8.250000000000000000, -8.250000000000000000, 152.4000000000000100 ) ) ;
#832 = VECTOR ( 'NONE', #1934, 1000.000000000000000 ) ;
#833 = FACE_OUTER_BOUND ( 'NONE', #2106, .T. ) ;
#834 = AXIS2_PLACEMENT_3D ( 'NONE', #207, #2025, #2224 ) ;
#835 = EDGE_LOOP ( 'NONE', ( #792, #1134, #2616, #1352 ) ) ;
#836 = CARTESIAN_POINT ( 'NONE',  ( -10.00000000000000000, 8.250000000000000000, -152.4000000000000100 ) ) ;
#837 = CARTESIAN_POINT ( 'NONE',  ( 7.924621202458747700, 5.249999999999995600, 152.4000000000000100 ) ) ;
#838 = LINE ( 'NONE', #1717, #1407 ) ;
#839 = ORIENTED_EDGE ( 'NONE', *, *, #366, .T. ) ;
#840 = VECTOR ( 'NONE', #2288, 1000.000000000000000 ) ;
#841 = DIRECTION ( 'NONE',  ( 1.000000000000000000, 0.0000000000000000000, 0.0000000000000000000 ) ) ;
#842 = ORIENTED_EDGE ( 'NONE', *, *, #1444, .F. ) ;
#843 = LINE ( 'NONE', #1468, #2577 ) ;
#844 = CARTESIAN_POINT ( 'NONE',  ( 3.000000000000000900, -9.500000000000000000, -152.4000000000000100 ) ) ;
#845 = AXIS2_PLACEMENT_3D ( 'NONE', #1901, #2098, #1879 ) ;
#846 = DIRECTION ( 'NONE',  ( -1.000000000000000000, 0.0000000000000000000, 0.0000000000000000000 ) ) ;
#847 = VERTEX_POINT ( 'NONE', #781 ) ;
#848 = EDGE_CURVE ( 'NONE', #2618, #1666, #1532, .T. ) ;
#849 = ORIENTED_EDGE ( 'NONE', *, *, #1628, .T. ) ;
#850 = DIRECTION ( 'NONE',  ( -1.000000000000000000, 0.0000000000000000000, 0.0000000000000000000 ) ) ;
#851 = CARTESIAN_POINT ( 'NONE',  ( -3.011165235168160600, -4.478679656440357700, 152.4000000000000100 ) ) ;
#852 = ORIENTED_EDGE ( 'NONE', *, *, #133, .F. ) ;
#853 = CARTESIAN_POINT ( 'NONE',  ( -3.000000000000000900, -8.424621202458752100, 152.4000000000000100 ) ) ;
#854 = ORIENTED_EDGE ( 'NONE', *, *, #2102, .T. ) ;
#855 = LOCAL_TIME ( 10, 12, 47.00000000000000000, #2526 ) ;
#856 = DIRECTION ( 'NONE',  ( -0.0000000000000000000, 0.0000000000000000000, -1.000000000000000000 ) ) ;
#857 = EDGE_CURVE ( 'NONE', #2582, #460, #1277, .T. ) ;
#858 = VECTOR ( 'NONE', #2041, 1000.000000000000000 ) ;
#859 = FACE_OUTER_BOUND ( 'NONE', #2262, .T. ) ;
#860 = AXIS2_PLACEMENT_3D ( 'NONE', #1559, #1410, #1067 ) ;
#861 = CYLINDRICAL_SURFACE ( 'NONE', #1808, 2.999999999999999100 ) ;
#862 = VECTOR ( 'NONE', #949, 1000.000000000000000 ) ;
#863 = EDGE_CURVE ( 'NONE', #782, #1840, #2030, .T. ) ;
#864 = ADVANCED_FACE ( 'NONE', ( #2532 ), #805, .F. ) ;
#865 = ORIENTED_EDGE ( 'NONE', *, *, #426, .T. ) ;
#866 = FACE_OUTER_BOUND ( 'NONE', #1607, .T. ) ;
#867 = CARTESIAN_POINT ( 'NONE',  ( 8.250000000000000000, -10.00000000000000200, 152.4000000000000100 ) ) ;
#868 = VERTEX_POINT ( 'NONE', #403 ) ;
#869 = DIRECTION ( 'NONE',  ( -0.0000000000000000000, 0.0000000000000000000, -1.000000000000000000 ) ) ;
#870 = LINE ( 'NONE', #587, #1219 ) ;
#871 = CARTESIAN_POINT ( 'NONE',  ( -0.8898448916085185400, 3.600000000000000500, 152.4000000000000100 ) ) ;
#872 = ORIENTED_EDGE ( 'NONE', *, *, #1204, .F. ) ;
#873 = DIRECTION ( 'NONE',  ( -1.000000000000000000, 0.0000000000000000000, 0.0000000000000000000 ) ) ;
#874 = LINE ( 'NONE', #2077, #2421 ) ;
#875 = VERTEX_POINT ( 'NONE', #589 ) ;
#876 = CARTESIAN_POINT ( 'NONE',  ( -7.924621202458747700, 5.249999999999995600, 152.4000000000000100 ) ) ;
#877 = CARTESIAN_POINT ( 'NONE',  ( -3.000000000000000900, -9.500000000000000000, -152.4000000000000100 ) ) ;
#878 = CARTESIAN_POINT ( 'NONE',  ( 0.0000000000000000000, 3.600000000000000100, 152.4000000000000100 ) ) ;
#879 = ADVANCED_FACE ( 'NONE', ( #1624 ), #2429, .F. ) ;
#880 = ORIENTED_EDGE ( 'NONE', *, *, #2085, .F. ) ;
#881 = CARTESIAN_POINT ( 'NONE',  ( -3.011165235168160600, 4.478679656440356800, 152.4000000000000100 ) ) ;
#882 = AXIS2_PLACEMENT_3D ( 'NONE', #2078, #1109, #1715 ) ;
#883 = EDGE_LOOP ( 'NONE', ( #2609, #2553, #1552, #1853 ) ) ;
#884 = AXIS2_PLACEMENT_3D ( 'NONE', #585, #1006, #616 ) ;
#885 = VERTEX_POINT ( 'NONE', #193 ) ;
#886 = CARTESIAN_POINT ( 'NONE',  ( 5.249999999999997300, 7.924621202458751200, 152.4000000000000100 ) ) ;
#887 = CARTESIAN_POINT ( 'NONE',  ( -1.257674520083185100E-014, 1.257674520083185100E-014, 152.4000000000000100 ) ) ;
#888 = DIRECTION ( 'NONE',  ( 0.0000000000000000000, -0.0000000000000000000, 1.000000000000000000 ) ) ;
#889 = ADVANCED_FACE ( 'NONE', ( #675 ), #1003, .F. ) ;
#890 = CARTESIAN_POINT ( 'NONE',  ( -7.071067811865473700, 5.603553390593270400, 152.4000000000000100 ) ) ;
#891 = LINE ( 'NONE', #226, #4 ) ;
#892 = ORIENTED_EDGE ( 'NONE', *, *, #1905, .F. ) ;
#893 = DIRECTION ( 'NONE',  ( -0.0000000000000000000, -0.0000000000000000000, -1.000000000000000000 ) ) ;
#894 = CYLINDRICAL_SURFACE ( 'NONE', #1663, 2.999999999999999100 ) ;
#895 = EDGE_CURVE ( 'NONE', #287, #2103, #1946, .T. ) ;
#896 = CARTESIAN_POINT ( 'NONE',  ( -7.424621202458747700, 5.249999999999995600, 152.4000000000000100 ) ) ;
#897 = ORIENTED_EDGE ( 'NONE', *, *, #2220, .F. ) ;
#898 = CC_DESIGN_PERSON_AND_ORGANIZATION_ASSIGNMENT ( #1525, #1547, ( #1595 ) ) ;
#899 = EDGE_CURVE ( 'NONE', #23, #215, #574, .T. ) ;
#900 = LINE ( 'NONE', #455, #110 ) ;
#901 = ORIENTED_EDGE ( 'NONE', *, *, #1546, .F. ) ;
#902 = CARTESIAN_POINT ( 'NONE',  ( -3.599999999999997400, 0.8898448916085081000, 152.4000000000000100 ) ) ;
#903 = CIRCLE ( 'NONE', #1787, 0.4999999999999995600 ) ;
#904 = VERTEX_POINT ( 'NONE', #2624 ) ;
#905 = ADVANCED_FACE ( 'NONE', ( #859 ), #1010, .F. ) ;
#906 = CIRCLE ( 'NONE', #2356, 0.5000000000000004400 ) ;
#907 = DIRECTION ( 'NONE',  ( 0.0000000000000000000, 0.0000000000000000000, 1.000000000000000000 ) ) ;
#908 = ORIENTED_EDGE ( 'NONE', *, *, #827, .T. ) ;
#909 = CARTESIAN_POINT ( 'NONE',  ( -9.500000000000000000, -3.000000000000001300, -152.4000000000000100 ) ) ;
#910 = ORIENTED_EDGE ( 'NONE', *, *, #2374, .F. ) ;
#911 = EDGE_CURVE ( 'NONE', #1265, #1165, #449, .T. ) ;
#912 = DIRECTION ( 'NONE',  ( 1.000000000000000000, 0.0000000000000000000, 0.0000000000000000000 ) ) ;
#913 = EDGE_LOOP ( 'NONE', ( #2512, #103, #2584, #1457 ) ) ;
#914 = DIRECTION ( 'NONE',  ( 0.0000000000000000000, 0.0000000000000000000, -1.000000000000000000 ) ) ;
#915 = ORIENTED_EDGE ( 'NONE', *, *, #1328, .F. ) ;
#916 = ADVANCED_FACE ( 'NONE', ( #2411 ), #1082, .T. ) ;
#917 = DIRECTION ( 'NONE',  ( -1.000000000000000000, 0.0000000000000000000, 0.0000000000000000000 ) ) ;
#918 = EDGE_CURVE ( 'NONE', #1222, #2052, #2472, .T. ) ;
#919 = DIRECTION ( 'NONE',  ( -1.000000000000000000, 0.0000000000000000000, 0.0000000000000000000 ) ) ;
#920 = LOCAL_TIME ( 10, 12, 47.00000000000000000, #446 ) ;
#921 = CARTESIAN_POINT ( 'NONE',  ( 7.071067811865473700, 5.603553390593270400, 152.4000000000000100 ) ) ;
#922 = VECTOR ( 'NONE', #1622, 1000.000000000000000 ) ;
#923 = VECTOR ( 'NONE', #1211, 1000.000000000000000 ) ;
#924 = CARTESIAN_POINT ( 'NONE',  ( -8.424621202458750300, -3.000000000000001300, -152.4000000000000100 ) ) ;
#925 = VERTEX_POINT ( 'NONE', #603 ) ;
#926 = DIRECTION ( 'NONE',  ( 1.000000000000000000, 0.0000000000000000000, 0.0000000000000000000 ) ) ;
#927 = VECTOR ( 'NONE', #425, 1000.000000000000000 ) ;
#928 = AXIS2_PLACEMENT_3D ( 'NONE', #1406, #2213, #1000 ) ;
#929 = FACE_OUTER_BOUND ( 'NONE', #1329, .T. ) ;
#930 = EDGE_CURVE ( 'NONE', #1923, #904, #1118, .T. ) ;
#931 = CARTESIAN_POINT ( 'NONE',  ( -3.000000000000000900, 7.924621202458751200, 152.4000000000000100 ) ) ;
#932 = VERTEX_POINT ( 'NONE', #973 ) ;
#933 = CIRCLE ( 'NONE', #1922, 0.5000000000000004400 ) ;
#934 = ORIENTED_EDGE ( 'NONE', *, *, #575, .F. ) ;
#935 = VECTOR ( 'NONE', #686, 1000.000000000000000 ) ;
#936 = CARTESIAN_POINT ( 'NONE',  ( 9.500000000000000000, -2.500000000000000400, -152.4000000000000100 ) ) ;
#937 = VERTEX_POINT ( 'NONE', #2005 ) ;
#938 = APPROVAL_STATUS ( 'not_yet_approved' ) ;
#939 = VERTEX_POINT ( 'NONE', #1175 ) ;
#940 = CARTESIAN_POINT ( 'NONE',  ( -8.424621202458750300, -2.500000000000000000, 152.4000000000000100 ) ) ;
#941 = ORIENTED_EDGE ( 'NONE', *, *, #18, .F. ) ;
#942 = ORIENTED_EDGE ( 'NONE', *, *, #1466, .F. ) ;
#943 = EDGE_CURVE ( 'NONE', #667, #2387, #606, .T. ) ;
#944 = ORIENTED_EDGE ( 'NONE', *, *, #1953, .F. ) ;
#945 = DIRECTION ( 'NONE',  ( -0.7071067811865474600, 0.7071067811865476800, 0.0000000000000000000 ) ) ;
#946 = AXIS2_PLACEMENT_3D ( 'NONE', #1400, #2574, #1990 ) ;
#947 = COORDINATED_UNIVERSAL_TIME_OFFSET ( 6, 0, .BEHIND. ) ;
#948 = CARTESIAN_POINT ( 'NONE',  ( -3.000000000000000900, 7.924621202458751200, 152.4000000000000100 ) ) ;
#949 = DIRECTION ( 'NONE',  ( 3.304235192336776000E-016, 1.000000000000000000, -0.0000000000000000000 ) ) ;
#950 = LINE ( 'NONE', #837, #2290 ) ;
#951 = ADVANCED_FACE ( 'NONE', ( #1147 ), #265, .F. ) ;
#952 = DIRECTION ( 'NONE',  ( 1.000000000000000000, 0.0000000000000000000, 0.0000000000000000000 ) ) ;
#953 = LINE ( 'NONE', #1809, #1914 ) ;
#954 = VECTOR ( 'NONE', #977, 1000.000000000000000 ) ;
#955 = ORIENTED_EDGE ( 'NONE', *, *, #58, .F. ) ;
#956 = CARTESIAN_POINT ( 'NONE',  ( -7.924621202458747700, 5.249999999999995600, -152.4000000000000100 ) ) ;
#957 = EDGE_CURVE ( 'NONE', #1954, #2397, #2062, .T. ) ;
#958 = CARTESIAN_POINT ( 'NONE',  ( 9.500000000000000000, -3.000000000000001300, 152.4000000000000100 ) ) ;
#959 = CIRCLE ( 'NONE', #1999, 0.5000000000000008900 ) ;
#960 = ORIENTED_EDGE ( 'NONE', *, *, #1044, .T. ) ;
#961 = AXIS2_PLACEMENT_3D ( 'NONE', #2372, #370, #952 ) ;
#962 = ORIENTED_EDGE ( 'NONE', *, *, #814, .F. ) ;
#963 = VECTOR ( 'NONE', #2279, 1000.000000000000000 ) ;
#964 = ORIENTED_EDGE ( 'NONE', *, *, #1791, .T. ) ;
#965 = VECTOR ( 'NONE', #1941, 1000.000000000000000 ) ;
#966 = EDGE_CURVE ( 'NONE', #392, #774, #2002, .T. ) ;
#967 = DIRECTION ( 'NONE',  ( 0.0000000000000000000, -0.0000000000000000000, -1.000000000000000000 ) ) ;
#968 = DIRECTION ( 'NONE',  ( 0.0000000000000000000, 0.0000000000000000000, -1.000000000000000000 ) ) ;
#969 = ORIENTED_EDGE ( 'NONE', *, *, #293, .T. ) ;
#970 = CARTESIAN_POINT ( 'NONE',  ( 8.424621202458750300, 2.500000000000000000, 152.4000000000000100 ) ) ;
#971 = ORIENTED_EDGE ( 'NONE', *, *, #848, .T. ) ;
#972 = EDGE_LOOP ( 'NONE', ( #2350, #1548, #1730, #650 ) ) ;
#973 = CARTESIAN_POINT ( 'NONE',  ( -8.250000000000000000, -10.00000000000000200, 152.4000000000000100 ) ) ;
#974 = CARTESIAN_POINT ( 'NONE',  ( 0.8898448916085185400, -6.599999999999999600, 152.4000000000000100 ) ) ;
#975 = ORIENTED_EDGE ( 'NONE', *, *, #997, .T. ) ;
#976 = AXIS2_PLACEMENT_3D ( 'NONE', #2225, #2612, #1800 ) ;
#977 = DIRECTION ( 'NONE',  ( 0.7071067811865465700, -0.7071067811865484600, 0.0000000000000000000 ) ) ;
#978 = EDGE_CURVE ( 'NONE', #1249, #2497, #743, .T. ) ;
#979 = CARTESIAN_POINT ( 'NONE',  ( -0.8898448916085185400, 3.600000000000000500, -152.4000000000000100 ) ) ;
#980 = AXIS2_PLACEMENT_3D ( 'NONE', #2321, #82, #1072 ) ;
#981 = DIRECTION ( 'NONE',  ( 0.0000000000000000000, 0.0000000000000000000, -1.000000000000000000 ) ) ;
#982 = DIRECTION ( 'NONE',  ( -0.0000000000000000000, 0.0000000000000000000, 1.000000000000000000 ) ) ;
#983 = VECTOR ( 'NONE', #2241, 1000.000000000000000 ) ;
#984 = VECTOR ( 'NONE', #2416, 1000.000000000000000 ) ;
#985 = ORIENTED_EDGE ( 'NONE', *, *, #2434, .T. ) ;
#986 = VECTOR ( 'NONE', #2617, 1000.000000000000000 ) ;
#987 = VECTOR ( 'NONE', #1635, 1000.000000000000000 ) ;
#988 = ORIENTED_EDGE ( 'NONE', *, *, #2085, .T. ) ;
#989 = LINE ( 'NONE', #315, #10 ) ;
#990 = CARTESIAN_POINT ( 'NONE',  ( 3.011165235168160600, 4.478679656440357700, -152.4000000000000100 ) ) ;
#991 = EDGE_CURVE ( 'NONE', #701, #2432, #1404, .T. ) ;
#992 = DIRECTION ( 'NONE',  ( -0.7071067811865465700, -0.7071067811865483500, 0.0000000000000000000 ) ) ;
#993 = VERTEX_POINT ( 'NONE', #776 ) ;
#994 = CIRCLE ( 'NONE', #1138, 2.999999999999999600 ) ;
#995 = DIRECTION ( 'NONE',  ( 0.0000000000000000000, 0.0000000000000000000, -1.000000000000000000 ) ) ;
#996 = ORIENTED_EDGE ( 'NONE', *, *, #1528, .T. ) ;
#997 = EDGE_CURVE ( 'NONE', #1342, #2618, #1339, .T. ) ;
#998 = CARTESIAN_POINT ( 'NONE',  ( -7.071067811865473700, -5.603553390593270400, 152.4000000000000100 ) ) ;
#999 = ORIENTED_EDGE ( 'NONE', *, *, #1918, .F. ) ;
#1000 = DIRECTION ( 'NONE',  ( -1.000000000000000000, 0.0000000000000000000, 0.0000000000000000000 ) ) ;
#1001 = CARTESIAN_POINT ( 'NONE',  ( -9.500000000000000000, 2.500000000000000400, -152.4000000000000100 ) ) ;
#1002 = EDGE_LOOP ( 'NONE', ( #729, #1714, #1108, #143 ) ) ;
#1003 = PLANE ( 'NONE',  #1009 ) ;
#1004 = ORIENTED_EDGE ( 'NONE', *, *, #957, .F. ) ;
#1005 = ORIENTED_EDGE ( 'NONE', *, *, #966, .T. ) ;
#1006 = DIRECTION ( 'NONE',  ( 0.0000000000000000000, 0.0000000000000000000, 1.000000000000000000 ) ) ;
#1007 = LINE ( 'NONE', #59, #377 ) ;
#1008 = DIRECTION ( 'NONE',  ( 1.000000000000000000, 0.0000000000000000000, 0.0000000000000000000 ) ) ;
#1009 = AXIS2_PLACEMENT_3D ( 'NONE', #1827, #2023, #796 ) ;
#1010 = PLANE ( 'NONE',  #306 ) ;
#1011 = CARTESIAN_POINT ( 'NONE',  ( 10.00000000000000000, 8.250000000000000000, 152.4000000000000100 ) ) ;
#1012 = DIRECTION ( 'NONE',  ( 1.000000000000000000, 0.0000000000000000000, 0.0000000000000000000 ) ) ;
#1013 = AXIS2_PLACEMENT_3D ( 'NONE', #2423, #798, #2211 ) ;
#1014 = LINE ( 'NONE', #689, #2413 ) ;
#1015 = CIRCLE ( 'NONE', #2196, 0.5000000000000013300 ) ;
#1016 = CARTESIAN_POINT ( 'NONE',  ( 2.499999999999999600, -8.424621202458752100, 152.4000000000000100 ) ) ;
#1017 = VECTOR ( 'NONE', #819, 1000.000000000000000 ) ;
#1018 = FACE_OUTER_BOUND ( 'NONE', #55, .T. ) ;
#1019 = DIRECTION ( 'NONE',  ( 1.000000000000000000, 0.0000000000000000000, 0.0000000000000000000 ) ) ;
#1020 = ORIENTED_EDGE ( 'NONE', *, *, #2329, .T. ) ;
#1021 = DIRECTION ( 'NONE',  ( -0.0000000000000000000, 0.0000000000000000000, 1.000000000000000000 ) ) ;
#1022 = CIRCLE ( 'NONE', #2585, 0.5000000000000008900 ) ;
#1023 = CARTESIAN_POINT ( 'NONE',  ( 2.500000000000000400, -9.500000000000000000, 152.4000000000000100 ) ) ;
#1024 = VERTEX_POINT ( 'NONE', #1398 ) ;
#1025 = CARTESIAN_POINT ( 'NONE',  ( 3.000000000000000900, 7.924621202458751200, 152.4000000000000100 ) ) ;
#1026 = VECTOR ( 'NONE', #1076, 1000.000000000000000 ) ;
#1027 = ORIENTED_EDGE ( 'NONE', *, *, #2063, .F. ) ;
#1028 = EDGE_CURVE ( 'NONE', #2285, #386, #196, .T. ) ;
#1029 = VECTOR ( 'NONE', #50, 1000.000000000000000 ) ;
#1030 = ORIENTED_EDGE ( 'NONE', *, *, #704, .T. ) ;
#1031 = CARTESIAN_POINT ( 'NONE',  ( -1.257674520083185100E-014, 1.257674520083185100E-014, -152.4000000000000100 ) ) ;
#1032 = AXIS2_PLACEMENT_3D ( 'NONE', #1272, #663, #1872 ) ;
#1033 = EDGE_CURVE ( 'NONE', #1618, #450, #2348, .T. ) ;
#1034 = CARTESIAN_POINT ( 'NONE',  ( 9.500000000000000000, -2.500000000000000400, 152.4000000000000100 ) ) ;
#1035 = EDGE_LOOP ( 'NONE', ( #223, #1004, #1994, #988 ) ) ;
#1036 = ORIENTED_EDGE ( 'NONE', *, *, #731, .F. ) ;
#1037 = DIRECTION ( 'NONE',  ( -0.0000000000000000000, -0.0000000000000000000, -1.000000000000000000 ) ) ;
#1038 = DIRECTION ( 'NONE',  ( -0.0000000000000000000, 0.0000000000000000000, -1.000000000000000000 ) ) ;
#1039 = ORIENTED_EDGE ( 'NONE', *, *, #100, .F. ) ;
#1040 = CARTESIAN_POINT ( 'NONE',  ( 10.00000000000000000, -3.000000000000001300, 152.4000000000000100 ) ) ;
#1041 = ORIENTED_EDGE ( 'NONE', *, *, #155, .F. ) ;
#1042 = CARTESIAN_POINT ( 'NONE',  ( 8.424621202458750300, -2.500000000000000000, 152.4000000000000100 ) ) ;
#1043 = APPROVAL_DATE_TIME ( #2024, #2344 ) ;
#1044 = EDGE_CURVE ( 'NONE', #932, #2157, #541, .T. ) ;
#1045 = CARTESIAN_POINT ( 'NONE',  ( -1.257674520083185100E-014, 1.257674520083185100E-014, 152.4000000000000100 ) ) ;
#1046 = AXIS2_PLACEMENT_3D ( 'NONE', #228, #1874, #2469 ) ;
#1047 = CARTESIAN_POINT ( 'NONE',  ( 0.8898448916085185400, 6.599999999999999600, -152.4000000000000100 ) ) ;
#1048 = LINE ( 'NONE', #649, #1210 ) ;
#1049 = DIRECTION ( 'NONE',  ( 1.000000000000000000, 3.304235192336776500E-016, 0.0000000000000000000 ) ) ;
#1050 = CYLINDRICAL_SURFACE ( 'NONE', #2515, 0.5000000000000004400 ) ;
#1051 = CARTESIAN_POINT ( 'NONE',  ( 7.924621202458747700, -5.249999999999995600, 152.4000000000000100 ) ) ;
#1052 = EDGE_LOOP ( 'NONE', ( #618, #1421, #2242, #1512 ) ) ;
#1053 = LINE ( 'NONE', #1264, #45 ) ;
#1054 = VERTEX_POINT ( 'NONE', #597 ) ;
#1055 = ORIENTED_EDGE ( 'NONE', *, *, #2256, .T. ) ;
#1056 = LINE ( 'NONE', #2522, #515 ) ;
#1057 = ORIENTED_EDGE ( 'NONE', *, *, #1182, .F. ) ;
#1058 = CARTESIAN_POINT ( 'NONE',  ( 10.00000000000000000, 3.000000000000001300, 152.4000000000000100 ) ) ;
#1059 = LINE ( 'NONE', #921, #1513 ) ;
#1060 = CARTESIAN_POINT ( 'NONE',  ( -8.250000000000000000, -10.00000000000000200, -152.4000000000000100 ) ) ;
#1061 = ORIENTED_EDGE ( 'NONE', *, *, #1409, .T. ) ;
#1062 = CARTESIAN_POINT ( 'NONE',  ( 7.071067811865473700, -5.603553390593270400, 152.4000000000000100 ) ) ;
#1063 = AXIS2_PLACEMENT_3D ( 'NONE', #208, #2433, #1460 ) ;
#1064 = DIRECTION ( 'NONE',  ( -0.0000000000000000000, -0.0000000000000000000, -1.000000000000000000 ) ) ;
#1065 = EDGE_LOOP ( 'NONE', ( #842, #2312, #1188, #24 ) ) ;
#1066 = EDGE_CURVE ( 'NONE', #701, #1195, #1972, .T. ) ;
#1067 = DIRECTION ( 'NONE',  ( 1.000000000000000000, 0.0000000000000000000, 0.0000000000000000000 ) ) ;
#1068 = EDGE_LOOP ( 'NONE', ( #2308, #333, #2400, #745 ) ) ;
#1069 = DIRECTION ( 'NONE',  ( 1.000000000000000000, -4.873668131198272900E-016, 0.0000000000000000000 ) ) ;
#1070 = DIRECTION ( 'NONE',  ( 0.0000000000000000000, 0.0000000000000000000, -1.000000000000000000 ) ) ;
#1071 = ORIENTED_EDGE ( 'NONE', *, *, #2458, .F. ) ;
#1072 = DIRECTION ( 'NONE',  ( 1.000000000000000000, 0.0000000000000000000, 0.0000000000000000000 ) ) ;
#1073 = DIRECTION ( 'NONE',  ( -1.000000000000000000, 0.0000000000000000000, 0.0000000000000000000 ) ) ;
#1074 = VERTEX_POINT ( 'NONE', #1433 ) ;
#1075 = ADVANCED_FACE ( 'NONE', ( #1756 ), #801, .T. ) ;
#1076 = DIRECTION ( 'NONE',  ( 0.0000000000000000000, -0.0000000000000000000, -1.000000000000000000 ) ) ;
#1077 = PLANE ( 'NONE',  #153 ) ;
#1078 = CARTESIAN_POINT ( 'NONE',  ( 2.500000000000000000, -8.424621202458752100, -152.4000000000000100 ) ) ;
#1079 = EDGE_CURVE ( 'NONE', #925, #1625, #1015, .T. ) ;
#1080 = DIRECTION ( 'NONE',  ( 1.000000000000000000, 3.304235192336776500E-016, 0.0000000000000000000 ) ) ;
#1081 = LINE ( 'NONE', #74, #39 ) ;
#1082 = CYLINDRICAL_SURFACE ( 'NONE', #976, 0.5000000000000004400 ) ;
#1083 = AXIS2_PLACEMENT_3D ( 'NONE', #764, #2171, #2528 ) ;
#1084 = ORIENTED_EDGE ( 'NONE', *, *, #257, .T. ) ;
#1085 = LINE ( 'NONE', #1803, #231 ) ;
#1086 = EDGE_CURVE ( 'NONE', #1297, #1074, #1499, .T. ) ;
#1087 = CARTESIAN_POINT ( 'NONE',  ( 2.149999999999999900, 1.284004426264853500E-014, -152.4000000000000100 ) ) ;
#1088 = ORIENTED_EDGE ( 'NONE', *, *, #610, .T. ) ;
#1089 = CARTESIAN_POINT ( 'NONE',  ( -10.00000000000000000, -8.250000000000000000, -152.4000000000000100 ) ) ;
#1090 = ADVANCED_FACE ( 'NONE', ( #136 ), #1692, .T. ) ;
#1091 = FACE_OUTER_BOUND ( 'NONE', #790, .T. ) ;
#1092 = CARTESIAN_POINT ( 'NONE',  ( 3.011165235168160600, 4.478679656440356800, -152.4000000000000100 ) ) ;
#1093 = ORIENTED_EDGE ( 'NONE', *, *, #2437, .T. ) ;
#1094 = CIRCLE ( 'NONE', #2219, 2.150000000000012800 ) ;
#1095 = VERTEX_POINT ( 'NONE', #2441 ) ;
#1096 = LINE ( 'NONE', #726, #2272 ) ;
#1097 = DIRECTION ( 'NONE',  ( -0.0000000000000000000, -0.0000000000000000000, -1.000000000000000000 ) ) ;
#1098 = ORIENTED_EDGE ( 'NONE', *, *, #780, .T. ) ;
#1099 = EDGE_CURVE ( 'NONE', #1554, #2534, #950, .T. ) ;
#1100 = DIRECTION ( 'NONE',  ( -1.000000000000000000, -4.873668131198272900E-016, 0.0000000000000000000 ) ) ;
#1101 = ORIENTED_EDGE ( 'NONE', *, *, #2319, .T. ) ;
#1102 = DIRECTION ( 'NONE',  ( -0.7071067811865474600, -0.7071067811865476800, 0.0000000000000000000 ) ) ;
#1103 = AXIS2_PLACEMENT_3D ( 'NONE', #2438, #2572, #1475 ) ;
#1104 = ORIENTED_EDGE ( 'NONE', *, *, #1805, .T. ) ;
#1105 = ADVANCED_FACE ( 'NONE', ( #1659 ), #1452, .F. ) ;
#1106 = PLANE ( 'NONE',  #54 ) ;
#1107 = EDGE_CURVE ( 'NONE', #527, #1545, #891, .T. ) ;
#1108 = ORIENTED_EDGE ( 'NONE', *, *, #1940, .F. ) ;
#1109 = DIRECTION ( 'NONE',  ( -1.000000000000000000, -1.541976423090499000E-015, 0.0000000000000000000 ) ) ;
#1110 = ORIENTED_EDGE ( 'NONE', *, *, #2168, .F. ) ;
#1111 = DIRECTION ( 'NONE',  ( 1.000000000000000000, 0.0000000000000000000, 0.0000000000000000000 ) ) ;
#1112 = CALENDAR_DATE ( 2023, 15, 9 ) ;
#1113 = CARTESIAN_POINT ( 'NONE',  ( 8.424621202458750300, -2.500000000000000000, 152.4000000000000100 ) ) ;
#1114 = PLANE ( 'NONE',  #537 ) ;
#1115 = DIRECTION ( 'NONE',  ( -0.0000000000000000000, -0.0000000000000000000, -1.000000000000000000 ) ) ;
#1116 = LINE ( 'NONE', #1502, #1590 ) ;
#1117 = AXIS2_PLACEMENT_3D ( 'NONE', #652, #1847, #1832 ) ;
#1118 = LINE ( 'NONE', #197, #1562 ) ;
#1119 = EDGE_CURVE ( 'NONE', #677, #345, #1435, .T. ) ;
#1120 = CARTESIAN_POINT ( 'NONE',  ( -7.424621202458747700, -5.249999999999995600, 152.4000000000000100 ) ) ;
#1121 = VERTEX_POINT ( 'NONE', #1871 ) ;
#1122 = DIRECTION ( 'NONE',  ( 0.0000000000000000000, -1.000000000000000000, 0.0000000000000000000 ) ) ;
#1123 = AXIS2_PLACEMENT_3D ( 'NONE', #1654, #659, #436 ) ;
#1124 = FACE_OUTER_BOUND ( 'NONE', #517, .T. ) ;
#1125 = VERTEX_POINT ( 'NONE', #9 ) ;
#1126 = CARTESIAN_POINT ( 'NONE',  ( 6.599999999999996100, -0.8898448916085081000, 152.4000000000000100 ) ) ;
#1127 = VECTOR ( 'NONE', #1159, 1000.000000000000000 ) ;
#1128 = APPLICATION_CONTEXT ( 'configuration controlled 3d designs of mechanical parts and assemblies' ) ;
#1129 = EDGE_LOOP ( 'NONE', ( #2460, #158, #147, #637 ) ) ;
#1130 = CIRCLE ( 'NONE', #2488, 0.4999999999999995600 ) ;
#1131 = VERTEX_POINT ( 'NONE', #1235 ) ;
#1132 = ORIENTED_EDGE ( 'NONE', *, *, #1736, .T. ) ;
#1133 = DIRECTION ( 'NONE',  ( -0.0000000000000000000, -0.0000000000000000000, -1.000000000000000000 ) ) ;
#1134 = ORIENTED_EDGE ( 'NONE', *, *, #1234, .F. ) ;
#1135 = EDGE_CURVE ( 'NONE', #2170, #345, #2439, .T. ) ;
#1136 = PLANE ( 'NONE',  #322 ) ;
#1137 = ORIENTED_EDGE ( 'NONE', *, *, #857, .T. ) ;
#1138 = AXIS2_PLACEMENT_3D ( 'NONE', #1047, #468, #2067 ) ;
#1139 = DIRECTION ( 'NONE',  ( 0.0000000000000000000, -0.0000000000000000000, -1.000000000000000000 ) ) ;
#1140 = VERTEX_POINT ( 'NONE', #2045 ) ;
#1141 = DIRECTION ( 'NONE',  ( 1.000000000000000000, 0.0000000000000000000, 0.0000000000000000000 ) ) ;
#1142 = LINE ( 'NONE', #1280, #2150 ) ;
#1143 = APPLICATION_PROTOCOL_DEFINITION ( 'international standard', 'config_control_design', 1994, #1727 ) ;
#1144 = ADVANCED_FACE ( 'NONE', ( #2500 ), #821, .F. ) ;
#1145 = CARTESIAN_POINT ( 'NONE',  ( -5.603553390593272200, -7.071067811865475500, -152.4000000000000100 ) ) ;
#1146 = VECTOR ( 'NONE', #1806, 1000.000000000000000 ) ;
#1147 = FACE_OUTER_BOUND ( 'NONE', #1129, .T. ) ;
#1148 = VERTEX_POINT ( 'NONE', #409 ) ;
#1149 = CARTESIAN_POINT ( 'NONE',  ( -3.011165235168160600, 4.478679656440356800, 152.4000000000000100 ) ) ;
#1150 = LINE ( 'NONE', #1295, #2158 ) ;
#1151 = AXIS2_PLACEMENT_3D ( 'NONE', #1441, #21, #1662 ) ;
#1152 = ORIENTED_EDGE ( 'NONE', *, *, #2555, .T. ) ;
#1153 = DIRECTION ( 'NONE',  ( 3.304235192336776500E-016, 1.000000000000000000, -0.0000000000000000000 ) ) ;
#1154 = FACE_OUTER_BOUND ( 'NONE', #2417, .T. ) ;
#1155 = AXIS2_PLACEMENT_3D ( 'NONE', #2588, #719, #2335 ) ;
#1156 = ORIENTED_EDGE ( 'NONE', *, *, #2198, .F. ) ;
#1157 = ADVANCED_FACE ( 'NONE', ( #1819 ), #1050, .T. ) ;
#1158 = LINE ( 'NONE', #44, #241 ) ;
#1159 = DIRECTION ( 'NONE',  ( 1.000000000000000000, 4.873668131198272900E-016, 0.0000000000000000000 ) ) ;
#1160 = DIRECTION ( 'NONE',  ( 0.0000000000000000000, -0.0000000000000000000, -1.000000000000000000 ) ) ;
#1161 = ORIENTED_EDGE ( 'NONE', *, *, #1414, .T. ) ;
#1162 = FACE_OUTER_BOUND ( 'NONE', #284, .T. ) ;
#1163 = VERTEX_POINT ( 'NONE', #1647 ) ;
#1164 = CARTESIAN_POINT ( 'NONE',  ( -3.000000000000000900, -7.924621202458751200, -152.4000000000000100 ) ) ;
#1165 = VERTEX_POINT ( 'NONE', #1862 ) ;
#1166 = PLANE ( 'NONE',  #1496 ) ;
#1167 = ORIENTED_EDGE ( 'NONE', *, *, #978, .F. ) ;
#1168 = CARTESIAN_POINT ( 'NONE',  ( -3.000000000000000900, -7.924621202458751200, 152.4000000000000100 ) ) ;
#1169 = EDGE_CURVE ( 'NONE', #111, #2249, #413, .T. ) ;
#1170 = ORIENTED_EDGE ( 'NONE', *, *, #120, .T. ) ;
#1171 = PLANE ( 'NONE',  #1103 ) ;
#1172 = AXIS2_PLACEMENT_3D ( 'NONE', #645, #615, #1019 ) ;
#1173 = ORIENTED_EDGE ( 'NONE', *, *, #899, .T. ) ;
#1174 = EDGE_CURVE ( 'NONE', #2412, #1666, #294, .T. ) ;
#1175 = CARTESIAN_POINT ( 'NONE',  ( -2.500000000000000400, 9.500000000000000000, 152.4000000000000100 ) ) ;
#1176 = CARTESIAN_POINT ( 'NONE',  ( -7.071067811865473700, -5.603553390593270400, -152.4000000000000100 ) ) ;
#1177 = CARTESIAN_POINT ( 'NONE',  ( -8.424621202458750300, 2.500000000000000000, 152.4000000000000100 ) ) ;
#1178 = DIRECTION ( 'NONE',  ( 1.000000000000000000, -0.0000000000000000000, -0.0000000000000000000 ) ) ;
#1179 = CIRCLE ( 'NONE', #1155, 2.999999999999999600 ) ;
#1180 = FACE_OUTER_BOUND ( 'NONE', #1709, .T. ) ;
#1181 = ORIENTED_EDGE ( 'NONE', *, *, #1718, .T. ) ;
#1182 = EDGE_CURVE ( 'NONE', #1266, #1424, #2378, .T. ) ;
#1183 = DIRECTION ( 'NONE',  ( -0.0000000000000000000, 0.0000000000000000000, -1.000000000000000000 ) ) ;
#1184 = CYLINDRICAL_SURFACE ( 'NONE', #389, 0.5000000000000004400 ) ;
#1185 = ORIENTED_EDGE ( 'NONE', *, *, #235, .F. ) ;
#1186 = FACE_OUTER_BOUND ( 'NONE', #1052, .T. ) ;
#1187 = DIRECTION ( 'NONE',  ( 0.7071067811865474600, 0.7071067811865476800, 0.0000000000000000000 ) ) ;
#1188 = ORIENTED_EDGE ( 'NONE', *, *, #2063, .T. ) ;
#1189 = CIRCLE ( 'NONE', #2132, 1.749999999999999800 ) ;
#1190 = CARTESIAN_POINT ( 'NONE',  ( -9.500000000000000000, 2.500000000000000400, 152.4000000000000100 ) ) ;
#1191 = CARTESIAN_POINT ( 'NONE',  ( 4.478679656440354200, 3.011165235168150400, 152.4000000000000100 ) ) ;
#1192 = ORIENTED_EDGE ( 'NONE', *, *, #1984, .T. ) ;
#1193 = CARTESIAN_POINT ( 'NONE',  ( -3.000000000000000900, -8.424621202458752100, -152.4000000000000100 ) ) ;
#1194 = DIRECTION ( 'NONE',  ( 1.000000000000000000, 0.0000000000000000000, 0.0000000000000000000 ) ) ;
#1195 = VERTEX_POINT ( 'NONE', #2264 ) ;
#1196 = ADVANCED_FACE ( 'NONE', ( #1845 ), #2307, .F. ) ;
#1197 = DIRECTION ( 'NONE',  ( -0.0000000000000000000, -0.0000000000000000000, -1.000000000000000000 ) ) ;
#1198 = ORIENTED_EDGE ( 'NONE', *, *, #848, .F. ) ;
#1199 = ORIENTED_EDGE ( 'NONE', *, *, #2028, .F. ) ;
#1200 = DIRECTION ( 'NONE',  ( -0.0000000000000000000, 0.0000000000000000000, -1.000000000000000000 ) ) ;
#1201 = ORIENTED_EDGE ( 'NONE', *, *, #2119, .F. ) ;
#1202 = AXIS2_PLACEMENT_3D ( 'NONE', #416, #828, #2254 ) ;
#1203 = CARTESIAN_POINT ( 'NONE',  ( -3.011165235168160600, -4.478679656440356800, 152.4000000000000100 ) ) ;
#1204 = EDGE_CURVE ( 'NONE', #937, #421, #2107, .T. ) ;
#1205 = APPROVAL_PERSON_ORGANIZATION ( #1942, #2344, #535 ) ;
#1206 = CARTESIAN_POINT ( 'NONE',  ( -0.8898448916085185400, 6.599999999999999600, -152.4000000000000100 ) ) ;
#1207 = CC_DESIGN_APPROVAL ( #2344, ( #2032 ) ) ;
#1208 = DIRECTION ( 'NONE',  ( -0.0000000000000000000, -0.0000000000000000000, -1.000000000000000000 ) ) ;
#1209 = CARTESIAN_POINT ( 'NONE',  ( -8.250000000000000000, 10.00000000000000200, 152.4000000000000100 ) ) ;
#1210 = VECTOR ( 'NONE', #225, 1000.000000000000000 ) ;
#1211 = DIRECTION ( 'NONE',  ( -0.7071067811865465700, -0.7071067811865484600, 0.0000000000000000000 ) ) ;
#1212 = VECTOR ( 'NONE', #380, 1000.000000000000000 ) ;
#1213 = CARTESIAN_POINT ( 'NONE',  ( 2.149999999999999900, 1.284004426264853500E-014, 152.4000000000000100 ) ) ;
#1214 = ORIENTED_EDGE ( 'NONE', *, *, #1220, .F. ) ;
#1215 = CYLINDRICAL_SURFACE ( 'NONE', #11, 0.5000000000000013300 ) ;
#1216 = CIRCLE ( 'NONE', #2521, 2.999999999999999600 ) ;
#1217 = ORIENTED_EDGE ( 'NONE', *, *, #1119, .F. ) ;
#1218 = CARTESIAN_POINT ( 'NONE',  ( 3.000000000000000900, 9.500000000000000000, 152.4000000000000100 ) ) ;
#1219 = VECTOR ( 'NONE', #967, 1000.000000000000000 ) ;
#1220 = EDGE_CURVE ( 'NONE', #2173, #1342, #1739, .T. ) ;
#1221 = CARTESIAN_POINT ( 'NONE',  ( 3.600000000000000100, 0.0000000000000000000, 152.4000000000000100 ) ) ;
#1222 = VERTEX_POINT ( 'NONE', #464 ) ;
#1223 = CIRCLE ( 'NONE', #1238, 0.5000000000000008900 ) ;
#1224 = AXIS2_PLACEMENT_3D ( 'NONE', #2355, #1774, #2568 ) ;
#1225 = ORIENTED_EDGE ( 'NONE', *, *, #627, .T. ) ;
#1226 = LINE ( 'NONE', #940, #519 ) ;
#1227 = ORIENTED_EDGE ( 'NONE', *, *, #2603, .F. ) ;
#1228 = CARTESIAN_POINT ( 'NONE',  ( -8.250000000000000000, -8.250000000000000000, 152.4000000000000100 ) ) ;
#1229 = ORIENTED_EDGE ( 'NONE', *, *, #2198, .T. ) ;
#1230 = VERTEX_POINT ( 'NONE', #700 ) ;
#1231 = DIRECTION ( 'NONE',  ( -0.0000000000000000000, -0.0000000000000000000, -1.000000000000000000 ) ) ;
#1232 = ORIENTED_EDGE ( 'NONE', *, *, #1753, .F. ) ;
#1233 = ORIENTED_EDGE ( 'NONE', *, *, #664, .F. ) ;
#1234 = EDGE_CURVE ( 'NONE', #92, #1165, #309, .T. ) ;
#1235 = CARTESIAN_POINT ( 'NONE',  ( -3.599999999999997400, -0.8898448916085081000, -152.4000000000000100 ) ) ;
#1236 = ORIENTED_EDGE ( 'NONE', *, *, #2177, .F. ) ;
#1237 = DIRECTION ( 'NONE',  ( 1.000000000000000000, 0.0000000000000000000, 0.0000000000000000000 ) ) ;
#1238 = AXIS2_PLACEMENT_3D ( 'NONE', #422, #815, #2017 ) ;
#1239 = DIRECTION ( 'NONE',  ( 1.000000000000000000, 0.0000000000000000000, 0.0000000000000000000 ) ) ;
#1240 = CARTESIAN_POINT ( 'NONE',  ( -10.00000000000000000, -3.000000000000001300, -152.4000000000000100 ) ) ;
#1241 = EDGE_CURVE ( 'NONE', #1293, #2283, #2302, .T. ) ;
#1242 = FACE_OUTER_BOUND ( 'NONE', #2245, .T. ) ;
#1243 = VECTOR ( 'NONE', #1160, 1000.000000000000000 ) ;
#1244 = CARTESIAN_POINT ( 'NONE',  ( -3.000000000000000900, 10.00000000000000000, 152.4000000000000100 ) ) ;
#1245 = EDGE_LOOP ( 'NONE', ( #1733, #2542, #154, #1285 ) ) ;
#1246 = DIRECTION ( 'NONE',  ( -1.000000000000000000, 0.0000000000000000000, 0.0000000000000000000 ) ) ;
#1247 = VECTOR ( 'NONE', #1443, 1000.000000000000000 ) ;
#1248 = DIRECTION ( 'NONE',  ( -1.000000000000000000, 0.0000000000000000000, 0.0000000000000000000 ) ) ;
#1249 = VERTEX_POINT ( 'NONE', #871 ) ;
#1250 = CARTESIAN_POINT ( 'NONE',  ( -3.011165235168160600, 4.478679656440357700, 152.4000000000000100 ) ) ;
#1251 = LINE ( 'NONE', #607, #2573 ) ;
#1252 = ORIENTED_EDGE ( 'NONE', *, *, #930, .T. ) ;
#1253 = AXIS2_PLACEMENT_3D ( 'NONE', #1690, #1682, #1073 ) ;
#1254 = ORIENTED_EDGE ( 'NONE', *, *, #1241, .T. ) ;
#1255 = DIRECTION ( 'NONE',  ( 0.0000000000000000000, -0.0000000000000000000, -1.000000000000000000 ) ) ;
#1256 = EDGE_CURVE ( 'NONE', #1840, #2274, #492, .T. ) ;
#1257 = FACE_OUTER_BOUND ( 'NONE', #913, .T. ) ;
#1258 = ORIENTED_EDGE ( 'NONE', *, *, #1745, .T. ) ;
#1259 = CARTESIAN_POINT ( 'NONE',  ( 0.8898448916085185400, -3.600000000000000500, 152.4000000000000100 ) ) ;
#1260 = PRODUCT_DEFINITION ( 'UNKNOWN', '', #2032, #361 ) ;
#1261 = CARTESIAN_POINT ( 'NONE',  ( -8.424621202458750300, -3.000000000000001300, 152.4000000000000100 ) ) ;
#1262 = ORIENTED_EDGE ( 'NONE', *, *, #257, .F. ) ;
#1263 = ORIENTED_EDGE ( 'NONE', *, *, #349, .F. ) ;
#1264 = CARTESIAN_POINT ( 'NONE',  ( -8.424621202458750300, -2.500000000000000000, -152.4000000000000100 ) ) ;
#1265 = VERTEX_POINT ( 'NONE', #1887 ) ;
#1266 = VERTEX_POINT ( 'NONE', #681 ) ;
#1267 = CARTESIAN_POINT ( 'NONE',  ( 7.071067811865473700, 5.603553390593270400, -152.4000000000000100 ) ) ;
#1268 = CARTESIAN_POINT ( 'NONE',  ( -5.249999999999997300, -7.924621202458751200, 152.4000000000000100 ) ) ;
#1269 = COORDINATED_UNIVERSAL_TIME_OFFSET ( 6, 0, .BEHIND. ) ;
#1270 = EDGE_CURVE ( 'NONE', #1487, #1923, #2453, .T. ) ;
#1271 = DIRECTION ( 'NONE',  ( -0.7071067811865474600, 0.7071067811865476800, 0.0000000000000000000 ) ) ;
#1272 = CARTESIAN_POINT ( 'NONE',  ( 2.499999999999999600, -8.424621202458752100, 152.4000000000000100 ) ) ;
#1273 = AXIS2_PLACEMENT_3D ( 'NONE', #442, #2050, #841 ) ;
#1274 = EDGE_CURVE ( 'NONE', #2157, #392, #843, .T. ) ;
#1275 = DIRECTION ( 'NONE',  ( -1.000000000000000000, 0.0000000000000000000, 0.0000000000000000000 ) ) ;
#1276 = CIRCLE ( 'NONE', #1432, 2.999999999999999600 ) ;
#1277 = CIRCLE ( 'NONE', #164, 2.150000000000012800 ) ;
#1278 = CARTESIAN_POINT ( 'NONE',  ( -2.150000000000025200, 1.257674520083185100E-014, 152.4000000000000100 ) ) ;
#1279 = ORIENTED_EDGE ( 'NONE', *, *, #1997, .F. ) ;
#1280 = CARTESIAN_POINT ( 'NONE',  ( -2.500000000000000400, -9.500000000000000000, 152.4000000000000100 ) ) ;
#1281 = VECTOR ( 'NONE', #1688, 1000.000000000000000 ) ;
#1282 = ADVANCED_FACE ( 'NONE', ( #1162 ), #1710, .F. ) ;
#1283 = VECTOR ( 'NONE', #218, 1000.000000000000000 ) ;
#1284 = LINE ( 'NONE', #2152, #750 ) ;
#1285 = ORIENTED_EDGE ( 'NONE', *, *, #1909, .T. ) ;
#1286 = DIRECTION ( 'NONE',  ( -1.000000000000000000, 0.0000000000000000000, 0.0000000000000000000 ) ) ;
#1287 = LINE ( 'NONE', #1843, #811 ) ;
#1288 = DIRECTION ( 'NONE',  ( -1.000000000000000000, 0.0000000000000000000, 0.0000000000000000000 ) ) ;
#1289 = EDGE_LOOP ( 'NONE', ( #1263, #138, #1323, #1737 ) ) ;
#1290 = VECTOR ( 'NONE', #2466, 1000.000000000000000 ) ;
#1291 = AXIS2_PLACEMENT_3D ( 'NONE', #1261, #1883, #2271 ) ;
#1292 = ADVANCED_FACE ( 'NONE', ( #1799 ), #2610, .F. ) ;
#1293 = VERTEX_POINT ( 'NONE', #671 ) ;
#1294 = AXIS2_PLACEMENT_3D ( 'NONE', #809, #1402, #1823 ) ;
#1295 = CARTESIAN_POINT ( 'NONE',  ( -3.000000000000000900, -7.924621202458751200, 152.4000000000000100 ) ) ;
#1296 = ORIENTED_EDGE ( 'NONE', *, *, #1988, .T. ) ;
#1297 = VERTEX_POINT ( 'NONE', #2487 ) ;
#1298 = ORIENTED_EDGE ( 'NONE', *, *, #2434, .F. ) ;
#1299 = ORIENTED_EDGE ( 'NONE', *, *, #863, .F. ) ;
#1300 = DIRECTION ( 'NONE',  ( 1.000000000000000000, 0.0000000000000000000, 0.0000000000000000000 ) ) ;
#1301 = DIRECTION ( 'NONE',  ( -0.0000000000000000000, 0.0000000000000000000, -1.000000000000000000 ) ) ;
#1302 = ADVANCED_FACE ( 'NONE', ( #2393 ), #470, .F. ) ;
#1303 = EDGE_CURVE ( 'NONE', #2170, #469, #53, .T. ) ;
#1304 = DIRECTION ( 'NONE',  ( 0.0000000000000000000, -0.0000000000000000000, -1.000000000000000000 ) ) ;
#1305 = FACE_OUTER_BOUND ( 'NONE', #150, .T. ) ;
#1306 = AXIS2_PLACEMENT_3D ( 'NONE', #853, #451, #234 ) ;
#1307 = ORIENTED_EDGE ( 'NONE', *, *, #280, .F. ) ;
#1308 = CIRCLE ( 'NONE', #200, 0.5000000000000004400 ) ;
#1309 = EDGE_CURVE ( 'NONE', #2249, #2623, #1574, .T. ) ;
#1310 = CARTESIAN_POINT ( 'NONE',  ( 7.924621202458749500, -3.000000000000001300, -152.4000000000000100 ) ) ;
#1311 = ORIENTED_EDGE ( 'NONE', *, *, #2216, .T. ) ;
#1312 = CIRCLE ( 'NONE', #2390, 2.150000000000012800 ) ;
#1313 = CARTESIAN_POINT ( 'NONE',  ( 7.924621202458747700, -5.249999999999995600, 152.4000000000000100 ) ) ;
#1314 = ORIENTED_EDGE ( 'NONE', *, *, #1805, .F. ) ;
#1315 = FACE_OUTER_BOUND ( 'NONE', #1445, .T. ) ;
#1316 = ORIENTED_EDGE ( 'NONE', *, *, #1448, .T. ) ;
#1317 = VECTOR ( 'NONE', #1788, 1000.000000000000000 ) ;
#1318 = DIRECTION ( 'NONE',  ( 0.0000000000000000000, 0.0000000000000000000, 1.000000000000000000 ) ) ;
#1319 = CARTESIAN_POINT ( 'NONE',  ( -9.500000000000000000, -2.500000000000000400, -152.4000000000000100 ) ) ;
#1320 = ORIENTED_EDGE ( 'NONE', *, *, #18, .T. ) ;
#1321 = EDGE_CURVE ( 'NONE', #2457, #550, #1189, .T. ) ;
#1322 =( LENGTH_UNIT ( ) NAMED_UNIT ( * ) SI_UNIT ( .MILLI., .METRE. ) );
#1323 = ORIENTED_EDGE ( 'NONE', *, *, #1483, .T. ) ;
#1324 = CARTESIAN_POINT ( 'NONE',  ( 5.249999999999997300, -7.924621202458751200, 152.4000000000000100 ) ) ;
#1325 = AXIS2_PLACEMENT_3D ( 'NONE', #2293, #1464, #1239 ) ;
#1326 = ORIENTED_EDGE ( 'NONE', *, *, #2044, .T. ) ;
#1327 = CARTESIAN_POINT ( 'NONE',  ( -8.424621202458750300, 2.500000000000000000, 152.4000000000000100 ) ) ;
#1328 = EDGE_CURVE ( 'NONE', #2497, #2285, #2042, .T. ) ;
#1329 = EDGE_LOOP ( 'NONE', ( #2493, #721, #2545, #2501 ) ) ;
#1330 = DIRECTION ( 'NONE',  ( -1.000000000000000000, 0.0000000000000000000, 0.0000000000000000000 ) ) ;
#1331 = ORIENTED_EDGE ( 'NONE', *, *, #440, .T. ) ;
#1332 = PERSON_AND_ORGANIZATION_ROLE ( 'creator' ) ;
#1333 = ADVANCED_FACE ( 'NONE', ( #1865 ), #2149, .F. ) ;
#1334 = CARTESIAN_POINT ( 'NONE',  ( -3.000000000000000900, 10.00000000000000000, -152.4000000000000100 ) ) ;
#1335 = DATE_AND_TIME ( #1112, #670 ) ;
#1336 = DIRECTION ( 'NONE',  ( 0.7071067811865465700, -0.7071067811865484600, 0.0000000000000000000 ) ) ;
#1337 = LINE ( 'NONE', #1416, #2289 ) ;
#1338 = AXIS2_PLACEMENT_3D ( 'NONE', #1897, #2514, #2507 ) ;
#1339 = CIRCLE ( 'NONE', #1561, 0.5000000000000013300 ) ;
#1340 = EDGE_CURVE ( 'NONE', #2368, #2167, #1096, .T. ) ;
#1341 = DIRECTION ( 'NONE',  ( 0.0000000000000000000, -0.0000000000000000000, -1.000000000000000000 ) ) ;
#1342 = VERTEX_POINT ( 'NONE', #1521 ) ;
#1343 = VECTOR ( 'NONE', #545, 1000.000000000000000 ) ;
#1344 = SECURITY_CLASSIFICATION ( '', '', #135 ) ;
#1345 = CYLINDRICAL_SURFACE ( 'NONE', #2166, 2.150000000000012800 ) ;
#1346 = ORIENTED_EDGE ( 'NONE', *, *, #575, .T. ) ;
#1347 = DIRECTION ( 'NONE',  ( -0.0000000000000000000, -0.0000000000000000000, -1.000000000000000000 ) ) ;
#1348 = EDGE_LOOP ( 'NONE', ( #1749, #1683, #2084, #1331 ) ) ;
#1349 = CARTESIAN_POINT ( 'NONE',  ( -10.00000000000000000, 3.000000000000001300, -152.4000000000000100 ) ) ;
#1350 = VECTOR ( 'NONE', #482, 1000.000000000000000 ) ;
#1351 = APPROVAL_ROLE ( '' ) ;
#1352 = ORIENTED_EDGE ( 'NONE', *, *, #2583, .T. ) ;
#1353 = VECTOR ( 'NONE', #1971, 1000.000000000000000 ) ;
#1354 = ORIENTED_EDGE ( 'NONE', *, *, #2028, .T. ) ;
#1355 = CARTESIAN_POINT ( 'NONE',  ( -7.924621202458747700, 5.249999999999995600, -152.4000000000000100 ) ) ;
#1356 = VERTEX_POINT ( 'NONE', #1729 ) ;
#1357 = EDGE_CURVE ( 'NONE', #1165, #212, #432, .T. ) ;
#1358 = ADVANCED_FACE ( 'NONE', ( #654 ), #1136, .F. ) ;
#1359 = DIRECTION ( 'NONE',  ( -1.000000000000000000, 3.304235192336776500E-016, 0.0000000000000000000 ) ) ;
#1360 = VERTEX_POINT ( 'NONE', #94 ) ;
#1361 = AXIS2_PLACEMENT_3D ( 'NONE', #1993, #2379, #566 ) ;
#1362 = CARTESIAN_POINT ( 'NONE',  ( -7.924621202458747700, 5.249999999999995600, 152.4000000000000100 ) ) ;
#1363 = EDGE_CURVE ( 'NONE', #421, #2170, #906, .T. ) ;
#1364 = EDGE_LOOP ( 'NONE', ( #2163, #1036, #1704, #2298 ) ) ;
#1365 = PLANE ( 'NONE',  #1083 ) ;
#1366 = ORIENTED_EDGE ( 'NONE', *, *, #2260, .T. ) ;
#1367 = DIRECTION ( 'NONE',  ( 1.000000000000000000, 0.0000000000000000000, 0.0000000000000000000 ) ) ;
#1368 = CARTESIAN_POINT ( 'NONE',  ( 9.500000000000000000, 2.500000000000000400, 152.4000000000000100 ) ) ;
#1369 = VECTOR ( 'NONE', #38, 1000.000000000000000 ) ;
#1370 = ADVANCED_FACE ( 'NONE', ( #1257 ), #2075, .F. ) ;
#1371 = DIRECTION ( 'NONE',  ( 1.000000000000000000, 0.0000000000000000000, 0.0000000000000000000 ) ) ;
#1372 = EDGE_CURVE ( 'NONE', #1554, #1605, #1130, .T. ) ;
#1373 = FACE_OUTER_BOUND ( 'NONE', #1743, .T. ) ;
#1374 = LINE ( 'NONE', #1168, #1243 ) ;
#1375 = ORIENTED_EDGE ( 'NONE', *, *, #1510, .T. ) ;
#1376 = FACE_OUTER_BOUND ( 'NONE', #2208, .T. ) ;
#1377 = EDGE_CURVE ( 'NONE', #1625, #113, #179, .T. ) ;
#1378 = DIRECTION ( 'NONE',  ( -0.0000000000000000000, -0.0000000000000000000, -1.000000000000000000 ) ) ;
#1379 = ORIENTED_EDGE ( 'NONE', *, *, #2402, .T. ) ;
#1380 = VECTOR ( 'NONE', #213, 1000.000000000000000 ) ;
#1381 = CARTESIAN_POINT ( 'NONE',  ( -5.249999999999997300, 7.424621202458749500, 152.4000000000000100 ) ) ;
#1382 = DIRECTION ( 'NONE',  ( 1.000000000000000000, 0.0000000000000000000, 0.0000000000000000000 ) ) ;
#1383 = ORIENTED_EDGE ( 'NONE', *, *, #827, .F. ) ;
#1384 = LINE ( 'NONE', #1164, #1317 ) ;
#1385 = ADVANCED_FACE ( 'NONE', ( #2513 ), #317, .F. ) ;
#1386 = EDGE_LOOP ( 'NONE', ( #107, #1137 ) ) ;
#1387 = CARTESIAN_POINT ( 'NONE',  ( -3.000000000000000900, 9.500000000000000000, -152.4000000000000100 ) ) ;
#1388 = CARTESIAN_POINT ( 'NONE',  ( 0.0000000000000000000, -3.600000000000000100, 152.4000000000000100 ) ) ;
#1389 = ORIENTED_EDGE ( 'NONE', *, *, #1066, .F. ) ;
#1390 = AXIS2_PLACEMENT_3D ( 'NONE', #1963, #730, #2153 ) ;
#1391 = CARTESIAN_POINT ( 'NONE',  ( -5.249999999999997300, 7.924621202458751200, 152.4000000000000100 ) ) ;
#1392 = EDGE_CURVE ( 'NONE', #398, #2052, #1705, .T. ) ;
#1393 = VERTEX_POINT ( 'NONE', #1529 ) ;
#1394 = CARTESIAN_POINT ( 'NONE',  ( 10.00000000000000000, -8.250000000000000000, -152.4000000000000100 ) ) ;
#1395 = AXIS2_PLACEMENT_3D ( 'NONE', #878, #1912, #1100 ) ;
#1396 = ORIENTED_EDGE ( 'NONE', *, *, #2051, .T. ) ;
#1397 = DIRECTION ( 'NONE',  ( -0.0000000000000000000, -0.0000000000000000000, -1.000000000000000000 ) ) ;
#1398 = CARTESIAN_POINT ( 'NONE',  ( 8.424621202458750300, 2.500000000000000000, -152.4000000000000100 ) ) ;
#1399 = LOCAL_TIME ( 10, 12, 47.00000000000000000, #1269 ) ;
#1400 = CARTESIAN_POINT ( 'NONE',  ( 3.000000000000000900, -7.924621202458751200, 152.4000000000000100 ) ) ;
#1401 = CARTESIAN_POINT ( 'NONE',  ( -8.424621202458750300, 2.500000000000000000, 152.4000000000000100 ) ) ;
#1402 = DIRECTION ( 'NONE',  ( 0.0000000000000000000, -0.0000000000000000000, 1.000000000000000000 ) ) ;
#1403 = LINE ( 'NONE', #2295, #264 ) ;
#1404 = LINE ( 'NONE', #2206, #383 ) ;
#1405 = DIRECTION ( 'NONE',  ( -0.0000000000000000000, 0.0000000000000000000, -1.000000000000000000 ) ) ;
#1406 = CARTESIAN_POINT ( 'NONE',  ( -8.250000000000000000, -8.250000000000000000, 152.4000000000000100 ) ) ;
#1407 = VECTOR ( 'NONE', #669, 1000.000000000000000 ) ;
#1408 = LINE ( 'NONE', #749, #1728 ) ;
#1409 = EDGE_CURVE ( 'NONE', #1605, #1222, #1059, .T. ) ;
#1410 = DIRECTION ( 'NONE',  ( -0.0000000000000000000, -0.0000000000000000000, -1.000000000000000000 ) ) ;
#1411 = VECTOR ( 'NONE', #1661, 1000.000000000000000 ) ;
#1412 = AXIS2_PLACEMENT_3D ( 'NONE', #2625, #1813, #1423 ) ;
#1413 = ORIENTED_EDGE ( 'NONE', *, *, #593, .F. ) ;
#1414 = EDGE_CURVE ( 'NONE', #1618, #1121, #17, .T. ) ;
#1415 = CYLINDRICAL_SURFACE ( 'NONE', #1741, 0.5000000000000004400 ) ;
#1416 = CARTESIAN_POINT ( 'NONE',  ( -3.000000000000000900, -10.00000000000000000, -152.4000000000000100 ) ) ;
#1417 = ORIENTED_EDGE ( 'NONE', *, *, #1340, .T. ) ;
#1418 = CIRCLE ( 'NONE', #1957, 0.5000000000000008900 ) ;
#1419 = CARTESIAN_POINT ( 'NONE',  ( -3.011165235168160600, -4.478679656440357700, 152.4000000000000100 ) ) ;
#1420 = CARTESIAN_POINT ( 'NONE',  ( 5.249999999999997300, 7.424621202458749500, -152.4000000000000100 ) ) ;
#1421 = ORIENTED_EDGE ( 'NONE', *, *, #1856, .F. ) ;
#1422 = DIRECTION ( 'NONE',  ( 1.000000000000000000, 0.0000000000000000000, 0.0000000000000000000 ) ) ;
#1423 = DIRECTION ( 'NONE',  ( -1.000000000000000000, 0.0000000000000000000, 0.0000000000000000000 ) ) ;
#1424 = VERTEX_POINT ( 'NONE', #520 ) ;
#1425 = CARTESIAN_POINT ( 'NONE',  ( 10.00000000000000000, -3.000000000000001300, 152.4000000000000100 ) ) ;
#1426 = ORIENTED_EDGE ( 'NONE', *, *, #1681, .T. ) ;
#1427 = CARTESIAN_POINT ( 'NONE',  ( -3.000000000000000900, 7.924621202458751200, -152.4000000000000100 ) ) ;
#1428 = ORIENTED_EDGE ( 'NONE', *, *, #1776, .F. ) ;
#1429 = DIRECTION ( 'NONE',  ( -2.924200878718996700E-015, -1.000000000000000000, 0.0000000000000000000 ) ) ;
#1430 = CARTESIAN_POINT ( 'NONE',  ( 5.249999999999997300, -7.924621202458751200, 152.4000000000000100 ) ) ;
#1431 = CARTESIAN_POINT ( 'NONE',  ( -9.500000000000000000, -2.500000000000000400, 152.4000000000000100 ) ) ;
#1432 = AXIS2_PLACEMENT_3D ( 'NONE', #1206, #1616, #1012 ) ;
#1433 = CARTESIAN_POINT ( 'NONE',  ( 3.000000000000000900, 10.00000000000000000, -152.4000000000000100 ) ) ;
#1434 = CARTESIAN_POINT ( 'NONE',  ( 3.000000000000000900, -8.424621202458752100, 152.4000000000000100 ) ) ;
#1435 = CIRCLE ( 'NONE', #1888, 0.5000000000000004400 ) ;
#1436 = CARTESIAN_POINT ( 'NONE',  ( -7.424621202458747700, -5.249999999999995600, 152.4000000000000100 ) ) ;
#1437 = ORIENTED_EDGE ( 'NONE', *, *, #204, .T. ) ;
#1438 = LINE ( 'NONE', #771, #350 ) ;
#1439 = ORIENTED_EDGE ( 'NONE', *, *, #588, .F. ) ;
#1440 = CARTESIAN_POINT ( 'NONE',  ( 10.00000000000000000, 3.000000000000001300, 152.4000000000000100 ) ) ;
#1441 = CARTESIAN_POINT ( 'NONE',  ( 3.000000000000000900, 9.500000000000000000, -152.4000000000000100 ) ) ;
#1442 = LINE ( 'NONE', #2036, #2327 ) ;
#1443 = DIRECTION ( 'NONE',  ( 0.0000000000000000000, 0.0000000000000000000, -1.000000000000000000 ) ) ;
#1444 = EDGE_CURVE ( 'NONE', #311, #1545, #1985, .T. ) ;
#1445 = EDGE_LOOP ( 'NONE', ( #2370, #2073, #495, #2018 ) ) ;
#1446 = CYLINDRICAL_SURFACE ( 'NONE', #2533, 0.5000000000000004400 ) ;
#1447 = ORIENTED_EDGE ( 'NONE', *, *, #518, .F. ) ;
#1448 = EDGE_CURVE ( 'NONE', #392, #368, #363, .T. ) ;
#1449 = CARTESIAN_POINT ( 'NONE',  ( -7.071067811865473700, 5.603553390593270400, 152.4000000000000100 ) ) ;
#1450 = CIRCLE ( 'NONE', #502, 1.749999999999999800 ) ;
#1451 = ORIENTED_EDGE ( 'NONE', *, *, #2458, .T. ) ;
#1452 = PLANE ( 'NONE',  #1202 ) ;
#1453 = CARTESIAN_POINT ( 'NONE',  ( -1.257674520083185100E-014, 1.257674520083185100E-014, -152.4000000000000100 ) ) ;
#1454 = ORIENTED_EDGE ( 'NONE', *, *, #1256, .F. ) ;
#1455 = ORIENTED_EDGE ( 'NONE', *, *, #2566, .F. ) ;
#1456 = DIRECTION ( 'NONE',  ( 0.0000000000000000000, 0.0000000000000000000, -1.000000000000000000 ) ) ;
#1457 = ORIENTED_EDGE ( 'NONE', *, *, #895, .T. ) ;
#1458 = DIRECTION ( 'NONE',  ( 0.0000000000000000000, -0.0000000000000000000, 1.000000000000000000 ) ) ;
#1459 = EDGE_CURVE ( 'NONE', #810, #2520, #1384, .T. ) ;
#1460 = DIRECTION ( 'NONE',  ( -1.000000000000000000, 0.0000000000000000000, 0.0000000000000000000 ) ) ;
#1461 = ORIENTED_EDGE ( 'NONE', *, *, #1587, .T. ) ;
#1462 = CARTESIAN_POINT ( 'NONE',  ( 0.8898448916085185400, 6.599999999999999600, 152.4000000000000100 ) ) ;
#1463 = AXIS2_PLACEMENT_3D ( 'NONE', #931, #2346, #1341 ) ;
#1464 = DIRECTION ( 'NONE',  ( -0.0000000000000000000, -0.0000000000000000000, -1.000000000000000000 ) ) ;
#1465 = CARTESIAN_POINT ( 'NONE',  ( 0.8898448916085185400, -6.599999999999999600, -152.4000000000000100 ) ) ;
#1466 = EDGE_CURVE ( 'NONE', #450, #1095, #2199, .T. ) ;
#1467 = CARTESIAN_POINT ( 'NONE',  ( 10.00000000000000000, 3.000000000000001300, 152.4000000000000100 ) ) ;
#1468 = CARTESIAN_POINT ( 'NONE',  ( -10.00000000000000000, -3.000000000000001300, 152.4000000000000100 ) ) ;
#1469 = LINE ( 'NONE', #2252, #2092 ) ;
#1470 = CIRCLE ( 'NONE', #2340, 0.5000000000000013300 ) ;
#1471 = DIRECTION ( 'NONE',  ( -0.0000000000000000000, -0.0000000000000000000, -1.000000000000000000 ) ) ;
#1472 = ORIENTED_EDGE ( 'NONE', *, *, #372, .T. ) ;
#1473 = FACE_OUTER_BOUND ( 'NONE', #289, .T. ) ;
#1474 = DIRECTION ( 'NONE',  ( 0.0000000000000000000, 0.0000000000000000000, 1.000000000000000000 ) ) ;
#1475 = DIRECTION ( 'NONE',  ( 0.7071067811865465700, 0.7071067811865483500, 0.0000000000000000000 ) ) ;
#1476 = VECTOR ( 'NONE', #1038, 1000.000000000000000 ) ;
#1477 = EDGE_LOOP ( 'NONE', ( #1199, #1902, #624, #626 ) ) ;
#1478 = CARTESIAN_POINT ( 'NONE',  ( 5.249999999999997300, 7.924621202458751200, -152.4000000000000100 ) ) ;
#1479 = LINE ( 'NONE', #90, #1350 ) ;
#1480 = DIRECTION ( 'NONE',  ( -0.7071067811865484600, -0.7071067811865466800, 0.0000000000000000000 ) ) ;
#1481 = ORIENTED_EDGE ( 'NONE', *, *, #2306, .T. ) ;
#1482 = PLANE ( 'NONE',  #1032 ) ;
#1483 = EDGE_CURVE ( 'NONE', #337, #1501, #722, .T. ) ;
#1484 = CYLINDRICAL_SURFACE ( 'NONE', #137, 2.999999999999999600 ) ;
#1485 = ORIENTED_EDGE ( 'NONE', *, *, #631, .T. ) ;
#1486 = CC_DESIGN_PERSON_AND_ORGANIZATION_ASSIGNMENT ( #32, #1526, ( #1344 ) ) ;
#1487 = VERTEX_POINT ( 'NONE', #2323 ) ;
#1488 = DIRECTION ( 'NONE',  ( -1.000000000000000000, 0.0000000000000000000, 0.0000000000000000000 ) ) ;
#1489 = EDGE_LOOP ( 'NONE', ( #1152, #717, #2248, #1311 ) ) ;
#1490 = ORIENTED_EDGE ( 'NONE', *, *, #1877, .F. ) ;
#1491 = CARTESIAN_POINT ( 'NONE',  ( 2.500000000000000400, 9.500000000000000000, 152.4000000000000100 ) ) ;
#1492 = DIRECTION ( 'NONE',  ( -1.000000000000000000, 0.0000000000000000000, 0.0000000000000000000 ) ) ;
#1493 = ADVANCED_FACE ( 'NONE', ( #755 ), #1772, .F. ) ;
#1494 = EDGE_CURVE ( 'NONE', #774, #125, #1226, .T. ) ;
#1495 = CARTESIAN_POINT ( 'NONE',  ( -3.000000000000000900, 10.00000000000000000, 152.4000000000000100 ) ) ;
#1496 = AXIS2_PLACEMENT_3D ( 'NONE', #394, #598, #365 ) ;
#1497 = EDGE_CURVE ( 'NONE', #932, #2457, #691, .T. ) ;
#1498 = DIRECTION ( 'NONE',  ( -1.000000000000000000, 0.0000000000000000000, 0.0000000000000000000 ) ) ;
#1499 = CIRCLE ( 'NONE', #1151, 0.5000000000000004400 ) ;
#1500 = CARTESIAN_POINT ( 'NONE',  ( -0.8898448916085185400, 6.599999999999999600, 152.4000000000000100 ) ) ;
#1501 = VERTEX_POINT ( 'NONE', #1368 ) ;
#1502 = CARTESIAN_POINT ( 'NONE',  ( -2.500000000000000400, 9.500000000000000000, 152.4000000000000100 ) ) ;
#1503 = LINE ( 'NONE', #1998, #954 ) ;
#1504 = CARTESIAN_POINT ( 'NONE',  ( 8.424621202458750300, -3.000000000000001300, 152.4000000000000100 ) ) ;
#1505 = ORIENTED_EDGE ( 'NONE', *, *, #797, .T. ) ;
#1506 = ADVANCED_FACE ( 'NONE', ( #622 ), #548, .F. ) ;
#1507 = CYLINDRICAL_SURFACE ( 'NONE', #1591, 0.5000000000000004400 ) ;
#1508 = VERTEX_POINT ( 'NONE', #1764 ) ;
#1509 = VECTOR ( 'NONE', #657, 1000.000000000000000 ) ;
#1510 = EDGE_CURVE ( 'NONE', #993, #303, #1450, .T. ) ;
#1511 = DIRECTION ( 'NONE',  ( -1.000000000000000000, 0.0000000000000000000, 0.0000000000000000000 ) ) ;
#1512 = ORIENTED_EDGE ( 'NONE', *, *, #2489, .T. ) ;
#1513 = VECTOR ( 'NONE', #1102, 1000.000000000000000 ) ;
#1514 = DIRECTION ( 'NONE',  ( 1.541976423090499200E-015, -1.000000000000000000, -0.0000000000000000000 ) ) ;
#1515 = AXIS2_PLACEMENT_3D ( 'NONE', #786, #169, #1965 ) ;
#1516 = VERTEX_POINT ( 'NONE', #1555 ) ;
#1517 = CARTESIAN_POINT ( 'NONE',  ( -7.424621202458747700, 5.249999999999995600, -152.4000000000000100 ) ) ;
#1518 = AXIS2_PLACEMENT_3D ( 'NONE', #1113, #1122, #1139 ) ;
#1519 = CARTESIAN_POINT ( 'NONE',  ( -5.603553390593272200, 7.071067811865475500, 152.4000000000000100 ) ) ;
#1520 = ORIENTED_EDGE ( 'NONE', *, *, #1959, .F. ) ;
#1521 = CARTESIAN_POINT ( 'NONE',  ( 5.603553390593272200, 7.071067811865475500, -152.4000000000000100 ) ) ;
#1522 = ORIENTED_EDGE ( 'NONE', *, *, #534, .T. ) ;
#1523 = EDGE_LOOP ( 'NONE', ( #1916, #2291, #2619, #122 ) ) ;
#1524 = CARTESIAN_POINT ( 'NONE',  ( 9.500000000000000000, -3.000000000000001300, 152.4000000000000100 ) ) ;
#1525 = PERSON_AND_ORGANIZATION ( #734, #1814 ) ;
#1526 = PERSON_AND_ORGANIZATION_ROLE ( 'classification_officer' ) ;
#1527 = AXIS2_PLACEMENT_3D ( 'NONE', #2377, #2593, #1382 ) ;
#1528 = EDGE_CURVE ( 'NONE', #2006, #904, #114, .T. ) ;
#1529 = CARTESIAN_POINT ( 'NONE',  ( 7.924621202458747700, -5.249999999999995600, -152.4000000000000100 ) ) ;
#1530 = APPROVAL ( #2531, 'UNSPECIFIED' ) ;
#1531 = VECTOR ( 'NONE', #36, 1000.000000000000000 ) ;
#1532 = LINE ( 'NONE', #1975, #2561 ) ;
#1533 = ADVANCED_FACE ( 'NONE', ( #2238 ), #1796, .T. ) ;
#1534 = DIRECTION ( 'NONE',  ( 1.000000000000000000, 0.0000000000000000000, 0.0000000000000000000 ) ) ;
#1535 = ORIENTED_EDGE ( 'NONE', *, *, #731, .T. ) ;
#1536 = VECTOR ( 'NONE', #258, 1000.000000000000000 ) ;
#1537 = APPROVAL_STATUS ( 'not_yet_approved' ) ;
#1538 = CIRCLE ( 'NONE', #1123, 0.5000000000000013300 ) ;
#1539 = CARTESIAN_POINT ( 'NONE',  ( -7.924621202458747700, -5.249999999999995600, 152.4000000000000100 ) ) ;
#1540 = ORIENTED_EDGE ( 'NONE', *, *, #1909, .F. ) ;
#1541 = VECTOR ( 'NONE', #497, 1000.000000000000000 ) ;
#1542 = ORIENTED_EDGE ( 'NONE', *, *, #627, .F. ) ;
#1543 = VECTOR ( 'NONE', #1956, 1000.000000000000000 ) ;
#1544 = DIRECTION ( 'NONE',  ( -0.7071067811865465700, 0.7071067811865484600, 0.0000000000000000000 ) ) ;
#1545 = VERTEX_POINT ( 'NONE', #536 ) ;
#1546 = EDGE_CURVE ( 'NONE', #1508, #1131, #2360, .T. ) ;
#1547 = PERSON_AND_ORGANIZATION_ROLE ( 'design_owner' ) ;
#1548 = ORIENTED_EDGE ( 'NONE', *, *, #486, .F. ) ;
#1549 = DIRECTION ( 'NONE',  ( 1.000000000000000000, 0.0000000000000000000, 0.0000000000000000000 ) ) ;
#1550 = ORIENTED_EDGE ( 'NONE', *, *, #1459, .F. ) ;
#1551 = CARTESIAN_POINT ( 'NONE',  ( -8.250000000000000000, 10.00000000000000200, 152.4000000000000100 ) ) ;
#1552 = ORIENTED_EDGE ( 'NONE', *, *, #323, .T. ) ;
#1553 = CARTESIAN_POINT ( 'NONE',  ( -5.249999999999997300, -7.424621202458749500, 152.4000000000000100 ) ) ;
#1554 = VERTEX_POINT ( 'NONE', #2559 ) ;
#1555 = CARTESIAN_POINT ( 'NONE',  ( 5.603553390593272200, 7.071067811865475500, 152.4000000000000100 ) ) ;
#1556 = CARTESIAN_POINT ( 'NONE',  ( 7.924621202458747700, -5.249999999999995600, 152.4000000000000100 ) ) ;
#1557 = DATE_AND_TIME ( #2591, #1399 ) ;
#1558 = ADVANCED_FACE ( 'NONE', ( #1768 ), #1783, .F. ) ;
#1559 = CARTESIAN_POINT ( 'NONE',  ( -6.599999999999996100, 0.8898448916085081000, -152.4000000000000100 ) ) ;
#1560 = CIRCLE ( 'NONE', #1291, 0.5000000000000004400 ) ;
#1561 = AXIS2_PLACEMENT_3D ( 'NONE', #1420, #1815, #2598 ) ;
#1562 = VECTOR ( 'NONE', #1608, 1000.000000000000000 ) ;
#1563 = CARTESIAN_POINT ( 'NONE',  ( 7.924621202458747700, 5.249999999999995600, 152.4000000000000100 ) ) ;
#1564 = LINE ( 'NONE', #379, #1017 ) ;
#1565 = CIRCLE ( 'NONE', #1390, 0.5000000000000004400 ) ;
#1566 = AXIS2_PLACEMENT_3D ( 'NONE', #1594, #407, #388 ) ;
#1567 = ORIENTED_EDGE ( 'NONE', *, *, #2538, .F. ) ;
#1568 = CARTESIAN_POINT ( 'NONE',  ( 7.424621202458747700, -5.249999999999995600, 152.4000000000000100 ) ) ;
#1569 = DIRECTION ( 'NONE',  ( 0.0000000000000000000, 0.0000000000000000000, -1.000000000000000000 ) ) ;
#1570 = LINE ( 'NONE', #2361, #1127 ) ;
#1571 = ORIENTED_EDGE ( 'NONE', *, *, #1870, .F. ) ;
#1572 = FACE_OUTER_BOUND ( 'NONE', #1068, .T. ) ;
#1573 = VERTEX_POINT ( 'NONE', #572 ) ;
#1574 = CIRCLE ( 'NONE', #439, 0.5000000000000008900 ) ;
#1575 = CC_DESIGN_SECURITY_CLASSIFICATION ( #1344, ( #2032 ) ) ;
#1576 = DIRECTION ( 'NONE',  ( 1.000000000000000000, 0.0000000000000000000, 0.0000000000000000000 ) ) ;
#1577 = EDGE_LOOP ( 'NONE', ( #1198, #42, #1780, #2033 ) ) ;
#1578 = EDGE_CURVE ( 'NONE', #460, #2582, #1094, .T. ) ;
#1579 = ORIENTED_EDGE ( 'NONE', *, *, #1044, .F. ) ;
#1580 = AXIS2_PLACEMENT_3D ( 'NONE', #1381, #2186, #1576 ) ;
#1581 = ORIENTED_EDGE ( 'NONE', *, *, #997, .F. ) ;
#1582 = ADVANCED_FACE ( 'NONE', ( #1829 ), #161, .F. ) ;
#1583 = DIRECTION ( 'NONE',  ( -0.0000000000000000000, -0.0000000000000000000, -1.000000000000000000 ) ) ;
#1584 = ORIENTED_EDGE ( 'NONE', *, *, #641, .F. ) ;
#1585 = DIRECTION ( 'NONE',  ( 1.000000000000000000, 0.0000000000000000000, 0.0000000000000000000 ) ) ;
#1586 = DIRECTION ( 'NONE',  ( 1.000000000000000000, 0.0000000000000000000, 0.0000000000000000000 ) ) ;
#1587 = EDGE_CURVE ( 'NONE', #2167, #2403, #1636, .T. ) ;
#1588 = VECTOR ( 'NONE', #16, 1000.000000000000000 ) ;
#1589 = CARTESIAN_POINT ( 'NONE',  ( -5.249999999999997300, -7.424621202458749500, -152.4000000000000100 ) ) ;
#1590 = VECTOR ( 'NONE', #282, 1000.000000000000000 ) ;
#1591 = AXIS2_PLACEMENT_3D ( 'NONE', #2491, #2120, #473 ) ;
#1592 = ADVANCED_FACE ( 'NONE', ( #2039 ), #1171, .F. ) ;
#1593 = ORIENTED_EDGE ( 'NONE', *, *, #1274, .F. ) ;
#1594 = CARTESIAN_POINT ( 'NONE',  ( 3.000000000000000900, -9.500000000000000000, -152.4000000000000100 ) ) ;
#1595 = PRODUCT ( '5537T501_T-Slotted Framing', '5537T501_T-Slotted Framing', '', ( #2550 ) ) ;
#1596 = FACE_OUTER_BOUND ( 'NONE', #334, .T. ) ;
#1597 = EDGE_CURVE ( 'NONE', #904, #12, #1898, .T. ) ;
#1598 = DIRECTION ( 'NONE',  ( -3.304235192336776000E-016, -1.000000000000000000, 0.0000000000000000000 ) ) ;
#1599 = ORIENTED_EDGE ( 'NONE', *, *, #1079, .T. ) ;
#1600 = VECTOR ( 'NONE', #1927, 1000.000000000000000 ) ;
#1601 = DIRECTION ( 'NONE',  ( 0.0000000000000000000, 0.0000000000000000000, -1.000000000000000000 ) ) ;
#1602 = ORIENTED_EDGE ( 'NONE', *, *, #1839, .T. ) ;
#1603 = VECTOR ( 'NONE', #101, 1000.000000000000000 ) ;
#1604 = CARTESIAN_POINT ( 'NONE',  ( 3.000000000000000900, 10.00000000000000000, 152.4000000000000100 ) ) ;
#1605 = VERTEX_POINT ( 'NONE', #1640 ) ;
#1606 = DIRECTION ( 'NONE',  ( 0.0000000000000000000, 0.0000000000000000000, -1.000000000000000000 ) ) ;
#1607 = EDGE_LOOP ( 'NONE', ( #2399, #2556, #279, #2178 ) ) ;
#1608 = DIRECTION ( 'NONE',  ( -0.0000000000000000000, -0.0000000000000000000, -1.000000000000000000 ) ) ;
#1609 = CARTESIAN_POINT ( 'NONE',  ( 3.000000000000000900, -7.924621202458751200, -152.4000000000000100 ) ) ;
#1610 = VERTEX_POINT ( 'NONE', #202 ) ;
#1611 = AXIS2_PLACEMENT_3D ( 'NONE', #2217, #2029, #992 ) ;
#1612 = DIRECTION ( 'NONE',  ( -0.0000000000000000000, -0.0000000000000000000, -1.000000000000000000 ) ) ;
#1613 = EDGE_CURVE ( 'NONE', #2582, #1966, #2389, .T. ) ;
#1614 = ORIENTED_EDGE ( 'NONE', *, *, #814, .T. ) ;
#1615 = DIRECTION ( 'NONE',  ( -1.000000000000000000, 0.0000000000000000000, 0.0000000000000000000 ) ) ;
#1616 = DIRECTION ( 'NONE',  ( -0.0000000000000000000, -0.0000000000000000000, -1.000000000000000000 ) ) ;
#1617 = CC_DESIGN_DATE_AND_TIME_ASSIGNMENT ( #1335, #528, ( #1344 ) ) ;
#1618 = VERTEX_POINT ( 'NONE', #2240 ) ;
#1619 = PLANE ( 'NONE',  #884 ) ;
#1620 = DIRECTION ( 'NONE',  ( 1.000000000000000000, 0.0000000000000000000, 0.0000000000000000000 ) ) ;
#1621 = CARTESIAN_POINT ( 'NONE',  ( 2.499999999999999600, 8.424621202458752100, 152.4000000000000100 ) ) ;
#1622 = DIRECTION ( 'NONE',  ( 0.0000000000000000000, -0.0000000000000000000, -1.000000000000000000 ) ) ;
#1623 = VECTOR ( 'NONE', #2313, 1000.000000000000000 ) ;
#1624 = FACE_OUTER_BOUND ( 'NONE', #727, .T. ) ;
#1625 = VERTEX_POINT ( 'NONE', #1430 ) ;
#1626 = LINE ( 'NONE', #2524, #2292 ) ;
#1627 = DIRECTION ( 'NONE',  ( 0.0000000000000000000, 0.0000000000000000000, 1.000000000000000000 ) ) ;
#1628 = EDGE_CURVE ( 'NONE', #2387, #2567, #1223, .T. ) ;
#1629 = DIRECTION ( 'NONE',  ( -1.000000000000000000, 0.0000000000000000000, 0.0000000000000000000 ) ) ;
#1630 = ORIENTED_EDGE ( 'NONE', *, *, #1497, .T. ) ;
#1631 = AXIS2_PLACEMENT_3D ( 'NONE', #19, #414, #2284 ) ;
#1632 = EDGE_CURVE ( 'NONE', #1121, #287, #688, .T. ) ;
#1633 = LINE ( 'NONE', #956, #549 ) ;
#1634 = ORIENTED_EDGE ( 'NONE', *, *, #1328, .T. ) ;
#1635 = DIRECTION ( 'NONE',  ( 1.000000000000000000, 3.304235192336776000E-016, 0.0000000000000000000 ) ) ;
#1636 = CIRCLE ( 'NONE', #860, 2.999999999999999100 ) ;
#1637 = DIRECTION ( 'NONE',  ( 1.000000000000000000, 0.0000000000000000000, 0.0000000000000000000 ) ) ;
#1638 = ORIENTED_EDGE ( 'NONE', *, *, #185, .T. ) ;
#1639 = VECTOR ( 'NONE', #254, 1000.000000000000000 ) ;
#1640 = CARTESIAN_POINT ( 'NONE',  ( 7.071067811865473700, 5.603553390593270400, 152.4000000000000100 ) ) ;
#1641 = PLANE ( 'NONE',  #190 ) ;
#1642 = CARTESIAN_POINT ( 'NONE',  ( 3.011165235168160600, 4.478679656440357700, 152.4000000000000100 ) ) ;
#1643 = ORIENTED_EDGE ( 'NONE', *, *, #2555, .F. ) ;
#1644 = DIRECTION ( 'NONE',  ( 0.0000000000000000000, -1.000000000000000000, -0.0000000000000000000 ) ) ;
#1645 = ORIENTED_EDGE ( 'NONE', *, *, #1587, .F. ) ;
#1646 = EDGE_CURVE ( 'NONE', #1095, #2103, #144, .T. ) ;
#1647 = CARTESIAN_POINT ( 'NONE',  ( -3.011165235168160600, -4.478679656440357700, -152.4000000000000100 ) ) ;
#1648 = DIRECTION ( 'NONE',  ( 1.000000000000000000, 0.0000000000000000000, 0.0000000000000000000 ) ) ;
#1649 = VERTEX_POINT ( 'NONE', #2435 ) ;
#1650 = AXIS2_PLACEMENT_3D ( 'NONE', #1706, #2498, #1498 ) ;
#1651 = DIRECTION ( 'NONE',  ( 1.000000000000000000, 0.0000000000000000000, 0.0000000000000000000 ) ) ;
#1652 = VERTEX_POINT ( 'NONE', #1604 ) ;
#1653 = EDGE_CURVE ( 'NONE', #596, #1054, #1287, .T. ) ;
#1654 = CARTESIAN_POINT ( 'NONE',  ( -5.249999999999997300, 7.424621202458749500, -152.4000000000000100 ) ) ;
#1655 = DIRECTION ( 'NONE',  ( -0.0000000000000000000, 0.0000000000000000000, -1.000000000000000000 ) ) ;
#1656 = DIRECTION ( 'NONE',  ( -0.0000000000000000000, -0.0000000000000000000, -1.000000000000000000 ) ) ;
#1657 = MANIFOLD_SOLID_BREP ( 'Mirror2', #586 ) ;
#1658 = VECTOR ( 'NONE', #461, 1000.000000000000000 ) ;
#1659 = FACE_OUTER_BOUND ( 'NONE', #496, .T. ) ;
#1660 = ORIENTED_EDGE ( 'NONE', *, *, #2162, .T. ) ;
#1661 = DIRECTION ( 'NONE',  ( -0.0000000000000000000, 0.0000000000000000000, -1.000000000000000000 ) ) ;
#1662 = DIRECTION ( 'NONE',  ( 1.000000000000000000, 0.0000000000000000000, 0.0000000000000000000 ) ) ;
#1663 = AXIS2_PLACEMENT_3D ( 'NONE', #2172, #1569, #1367 ) ;
#1664 = FACE_OUTER_BOUND ( 'NONE', #2490, .T. ) ;
#1665 = EDGE_CURVE ( 'NONE', #303, #119, #429, .T. ) ;
#1666 = VERTEX_POINT ( 'NONE', #2218 ) ;
#1667 = CIRCLE ( 'NONE', #1684, 0.5000000000000004400 ) ;
#1668 = DIRECTION ( 'NONE',  ( 0.7071067811865465700, 0.7071067811865484600, 0.0000000000000000000 ) ) ;
#1669 = CC_DESIGN_APPROVAL ( #1530, ( #1260 ) ) ;
#1670 = ORIENTED_EDGE ( 'NONE', *, *, #426, .F. ) ;
#1671 = CARTESIAN_POINT ( 'NONE',  ( 8.250000000000000000, -10.00000000000000200, 152.4000000000000100 ) ) ;
#1672 = VECTOR ( 'NONE', #477, 1000.000000000000000 ) ;
#1673 = ORIENTED_EDGE ( 'NONE', *, *, #1839, .F. ) ;
#1674 = CARTESIAN_POINT ( 'NONE',  ( 7.924621202458749500, 3.000000000000001300, 152.4000000000000100 ) ) ;
#1675 = CARTESIAN_POINT ( 'NONE',  ( -3.000000000000000900, -9.500000000000000000, 152.4000000000000100 ) ) ;
#1676 = ORIENTED_EDGE ( 'NONE', *, *, #561, .T. ) ;
#1677 = ORIENTED_EDGE ( 'NONE', *, *, #453, .T. ) ;
#1678 = DIRECTION ( 'NONE',  ( 1.000000000000000000, 3.304235192336776000E-016, 0.0000000000000000000 ) ) ;
#1679 = VERTEX_POINT ( 'NONE', #1011 ) ;
#1680 = DIRECTION ( 'NONE',  ( -1.000000000000000000, 0.0000000000000000000, 0.0000000000000000000 ) ) ;
#1681 = EDGE_CURVE ( 'NONE', #2204, #205, #1955, .T. ) ;
#1682 = DIRECTION ( 'NONE',  ( -0.0000000000000000000, 0.0000000000000000000, -1.000000000000000000 ) ) ;
#1683 = ORIENTED_EDGE ( 'NONE', *, *, #1681, .F. ) ;
#1684 = AXIS2_PLACEMENT_3D ( 'NONE', #157, #162, #2195 ) ;
#1685 = EDGE_CURVE ( 'NONE', #653, #1966, #396, .T. ) ;
#1686 = DATE_AND_TIME ( #2214, #129 ) ;
#1687 = CARTESIAN_POINT ( 'NONE',  ( -5.249999999999997300, -7.924621202458751200, 152.4000000000000100 ) ) ;
#1688 = DIRECTION ( 'NONE',  ( 0.0000000000000000000, 0.0000000000000000000, -1.000000000000000000 ) ) ;
#1689 = CARTESIAN_POINT ( 'NONE',  ( -3.000000000000000900, -7.924621202458751200, -152.4000000000000100 ) ) ;
#1690 = CARTESIAN_POINT ( 'NONE',  ( 6.599999999999996100, 0.8898448916085081000, 152.4000000000000100 ) ) ;
#1691 = LINE ( 'NONE', #378, #922 ) ;
#1692 = CYLINDRICAL_SURFACE ( 'NONE', #1063, 0.5000000000000004400 ) ;
#1693 = ORIENTED_EDGE ( 'NONE', *, *, #2138, .T. ) ;
#1694 = LINE ( 'NONE', #474, #1822 ) ;
#1695 = ADVANCED_FACE ( 'NONE', ( #1861 ), #2234, .T. ) ;
#1696 = CARTESIAN_POINT ( 'NONE',  ( -7.924621202458747700, 5.249999999999995600, 152.4000000000000100 ) ) ;
#1697 = ORIENTED_EDGE ( 'NONE', *, *, #406, .F. ) ;
#1698 = DIRECTION ( 'NONE',  ( -1.000000000000000000, 0.0000000000000000000, 0.0000000000000000000 ) ) ;
#1699 = CARTESIAN_POINT ( 'NONE',  ( 3.000000000000000900, 8.424621202458752100, 152.4000000000000100 ) ) ;
#1700 = LINE ( 'NONE', #2367, #112 ) ;
#1701 = AXIS2_PLACEMENT_3D ( 'NONE', #1465, #1858, #2261 ) ;
#1702 = ORIENTED_EDGE ( 'NONE', *, *, #2529, .T. ) ;
#1703 = CYLINDRICAL_SURFACE ( 'NONE', #1412, 0.5000000000000013300 ) ;
#1704 = ORIENTED_EDGE ( 'NONE', *, *, #704, .F. ) ;
#1705 = LINE ( 'NONE', #530, #965 ) ;
#1706 = CARTESIAN_POINT ( 'NONE',  ( 9.500000000000000000, -3.000000000000001300, -152.4000000000000100 ) ) ;
#1707 = EDGE_CURVE ( 'NONE', #2314, #529, #2484, .T. ) ;
#1708 = ADVANCED_FACE ( 'NONE', ( #753 ), #1703, .F. ) ;
#1709 = EDGE_LOOP ( 'NONE', ( #725, #915, #1167, #580 ) ) ;
#1710 = PLANE ( 'NONE',  #2099 ) ;
#1711 = ORIENTED_EDGE ( 'NONE', *, *, #366, .F. ) ;
#1712 = CARTESIAN_POINT ( 'NONE',  ( -3.000000000000000900, 8.424621202458752100, 152.4000000000000100 ) ) ;
#1713 = ORIENTED_EDGE ( 'NONE', *, *, #930, .F. ) ;
#1714 = ORIENTED_EDGE ( 'NONE', *, *, #697, .F. ) ;
#1715 = DIRECTION ( 'NONE',  ( -1.541976423090499000E-015, 1.000000000000000000, 0.0000000000000000000 ) ) ;
#1716 = ORIENTED_EDGE ( 'NONE', *, *, #133, .T. ) ;
#1717 = CARTESIAN_POINT ( 'NONE',  ( 2.499999999999999600, 8.424621202458752100, 152.4000000000000100 ) ) ;
#1718 = EDGE_CURVE ( 'NONE', #2100, #1907, #335, .T. ) ;
#1719 = DIRECTION ( 'NONE',  ( 0.7071067811865474600, -0.7071067811865476800, 0.0000000000000000000 ) ) ;
#1720 = PERSON_AND_ORGANIZATION ( #734, #1814 ) ;
#1721 = AXIS2_PLACEMENT_3D ( 'NONE', #1675, #1064, #846 ) ;
#1722 = EDGE_CURVE ( 'NONE', #457, #2623, #1251, .T. ) ;
#1723 = ADVANCED_FACE ( 'NONE', ( #1572 ), #1446, .F. ) ;
#1724 = CARTESIAN_POINT ( 'NONE',  ( -3.000000000000000900, 7.924621202458751200, 152.4000000000000100 ) ) ;
#1725 = CARTESIAN_POINT ( 'NONE',  ( -0.8898448916085185400, 3.600000000000000500, 152.4000000000000100 ) ) ;
#1726 = ORIENTED_EDGE ( 'NONE', *, *, #406, .T. ) ;
#1727 = APPLICATION_CONTEXT ( 'configuration controlled 3d designs of mechanical parts and assemblies' ) ;
#1728 = VECTOR ( 'NONE', #968, 1000.000000000000000 ) ;
#1729 = CARTESIAN_POINT ( 'NONE',  ( -3.000000000000000900, -10.00000000000000000, 152.4000000000000100 ) ) ;
#1730 = ORIENTED_EDGE ( 'NONE', *, *, #2004, .T. ) ;
#1731 = CIRCLE ( 'NONE', #2436, 0.5000000000000013300 ) ;
#1732 = DIRECTION ( 'NONE',  ( 1.000000000000000000, -3.304235192336776500E-016, 0.0000000000000000000 ) ) ;
#1733 = ORIENTED_EDGE ( 'NONE', *, *, #1510, .F. ) ;
#1734 = DIRECTION ( 'NONE',  ( -0.0000000000000000000, -0.0000000000000000000, -1.000000000000000000 ) ) ;
#1735 = FACE_OUTER_BOUND ( 'NONE', #835, .T. ) ;
#1736 = EDGE_CURVE ( 'NONE', #1545, #2173, #994, .T. ) ;
#1737 = ORIENTED_EDGE ( 'NONE', *, *, #155, .T. ) ;
#1738 = ADVANCED_FACE ( 'NONE', ( #1315 ), #447, .F. ) ;
#1739 = LINE ( 'NONE', #1092, #1290 ) ;
#1740 = DIRECTION ( 'NONE',  ( -1.000000000000000000, 3.304235192336776000E-016, 0.0000000000000000000 ) ) ;
#1741 = AXIS2_PLACEMENT_3D ( 'NONE', #1568, #1347, #748 ) ;
#1742 = ORIENTED_EDGE ( 'NONE', *, *, #171, .T. ) ;
#1743 = EDGE_LOOP ( 'NONE', ( #1522, #1782, #217, #141 ) ) ;
#1744 = DIRECTION ( 'NONE',  ( 0.0000000000000000000, -0.0000000000000000000, 1.000000000000000000 ) ) ;
#1745 = EDGE_CURVE ( 'NONE', #2081, #457, #1418, .T. ) ;
#1746 = DIRECTION ( 'NONE',  ( 8.065639195895844800E-016, 1.000000000000000000, 0.0000000000000000000 ) ) ;
#1747 = ORIENTED_EDGE ( 'NONE', *, *, #2566, .T. ) ;
#1748 = CARTESIAN_POINT ( 'NONE',  ( -7.924621202458747700, -5.249999999999995600, -152.4000000000000100 ) ) ;
#1749 = ORIENTED_EDGE ( 'NONE', *, *, #2449, .T. ) ;
#1750 = ORIENTED_EDGE ( 'NONE', *, *, #224, .T. ) ;
#1751 = DIRECTION ( 'NONE',  ( -0.0000000000000000000, -0.0000000000000000000, -1.000000000000000000 ) ) ;
#1752 = PERSON_AND_ORGANIZATION ( #734, #1814 ) ;
#1753 = EDGE_CURVE ( 'NONE', #83, #1230, #874, .T. ) ;
#1754 = APPROVAL ( #1537, 'UNSPECIFIED' ) ;
#1755 = VECTOR ( 'NONE', #2375, 1000.000000000000000 ) ;
#1756 = FACE_OUTER_BOUND ( 'NONE', #1289, .T. ) ;
#1757 = DIRECTION ( 'NONE',  ( 1.000000000000000000, 0.0000000000000000000, 0.0000000000000000000 ) ) ;
#1758 = VERTEX_POINT ( 'NONE', #666 ) ;
#1759 = DIRECTION ( 'NONE',  ( -1.000000000000000000, 0.0000000000000000000, 0.0000000000000000000 ) ) ;
#1760 = CIRCLE ( 'NONE', #292, 0.5000000000000004400 ) ;
#1761 = DIRECTION ( 'NONE',  ( 0.0000000000000000000, -0.0000000000000000000, -1.000000000000000000 ) ) ;
#1762 = ADVANCED_FACE ( 'NONE', ( #206 ), #81, .T. ) ;
#1763 = CYLINDRICAL_SURFACE ( 'NONE', #260, 1.749999999999999800 ) ;
#1764 = CARTESIAN_POINT ( 'NONE',  ( -3.599999999999997400, -0.8898448916085081000, 152.4000000000000100 ) ) ;
#1765 = DIRECTION ( 'NONE',  ( -1.541976423090499200E-015, -1.000000000000000000, -0.0000000000000000000 ) ) ;
#1766 = VECTOR ( 'NONE', #2562, 1000.000000000000000 ) ;
#1767 = ORIENTED_EDGE ( 'NONE', *, *, #1870, .T. ) ;
#1768 = FACE_OUTER_BOUND ( 'NONE', #2197, .T. ) ;
#1769 = DIRECTION ( 'NONE',  ( -0.0000000000000000000, -0.0000000000000000000, -1.000000000000000000 ) ) ;
#1770 = ORIENTED_EDGE ( 'NONE', *, *, #1984, .F. ) ;
#1771 = EDGE_CURVE ( 'NONE', #1652, #1074, #2015, .T. ) ;
#1772 = CYLINDRICAL_SURFACE ( 'NONE', #1224, 2.999999999999999600 ) ;
#1773 = EDGE_LOOP ( 'NONE', ( #567, #186, #969, #221 ) ) ;
#1774 = DIRECTION ( 'NONE',  ( 0.0000000000000000000, -0.0000000000000000000, -1.000000000000000000 ) ) ;
#1775 = AXIS2_PLACEMENT_3D ( 'NONE', #355, #982, #1811 ) ;
#1776 = EDGE_CURVE ( 'NONE', #2204, #2445, #2511, .T. ) ;
#1777 = ORIENTED_EDGE ( 'NONE', *, *, #534, .F. ) ;
#1778 = ADVANCED_FACE ( 'NONE', ( #778 ), #1484, .F. ) ;
#1779 = CARTESIAN_POINT ( 'NONE',  ( 3.000000000000000900, 8.424621202458752100, -152.4000000000000100 ) ) ;
#1780 = ORIENTED_EDGE ( 'NONE', *, *, #505, .T. ) ;
#1781 = EDGE_LOOP ( 'NONE', ( #1767, #2539, #1454, #813 ) ) ;
#1782 = ORIENTED_EDGE ( 'NONE', *, *, #402, .F. ) ;
#1783 = PLANE ( 'NONE',  #1361 ) ;
#1784 = VERTEX_POINT ( 'NONE', #64 ) ;
#1785 = DIRECTION ( 'NONE',  ( 1.000000000000000000, 0.0000000000000000000, 0.0000000000000000000 ) ) ;
#1786 = EDGE_CURVE ( 'NONE', #550, #368, #2164, .T. ) ;
#1787 = AXIS2_PLACEMENT_3D ( 'NONE', #1517, #1097, #2317 ) ;
#1788 = DIRECTION ( 'NONE',  ( 1.000000000000000000, -0.0000000000000000000, -0.0000000000000000000 ) ) ;
#1789 = ORIENTED_EDGE ( 'NONE', *, *, #1856, .T. ) ;
#1790 = FACE_OUTER_BOUND ( 'NONE', #660, .T. ) ;
#1791 = EDGE_CURVE ( 'NONE', #1652, #1148, #1158, .T. ) ;
#1792 = ORIENTED_EDGE ( 'NONE', *, *, #2449, .F. ) ;
#1793 = CARTESIAN_POINT ( 'NONE',  ( -7.924621202458747700, 5.249999999999995600, 152.4000000000000100 ) ) ;
#1794 = VECTOR ( 'NONE', #1885, 1000.000000000000000 ) ;
#1795 = ORIENTED_EDGE ( 'NONE', *, *, #2260, .F. ) ;
#1796 = CYLINDRICAL_SURFACE ( 'NONE', #961, 0.5000000000000004400 ) ;
#1797 = CARTESIAN_POINT ( 'NONE',  ( -3.599999999999997400, -0.8898448916085081000, 152.4000000000000100 ) ) ;
#1798 = ORIENTED_EDGE ( 'NONE', *, *, #88, .F. ) ;
#1799 = FACE_OUTER_BOUND ( 'NONE', #1958, .T. ) ;
#1800 = DIRECTION ( 'NONE',  ( 1.000000000000000000, 0.0000000000000000000, 0.0000000000000000000 ) ) ;
#1801 = ADVANCED_FACE ( 'NONE', ( #2105 ), #619, .T. ) ;
#1802 = PLANE ( 'NONE',  #2117 ) ;
#1803 = CARTESIAN_POINT ( 'NONE',  ( -0.8898448916085185400, -3.600000000000000500, 152.4000000000000100 ) ) ;
#1804 = ORIENTED_EDGE ( 'NONE', *, *, #1745, .F. ) ;
#1805 = EDGE_CURVE ( 'NONE', #1784, #1024, #462, .T. ) ;
#1806 = DIRECTION ( 'NONE',  ( 0.0000000000000000000, -0.0000000000000000000, -1.000000000000000000 ) ) ;
#1807 = EDGE_LOOP ( 'NONE', ( #1461, #1227, #60, #1742 ) ) ;
#1808 = AXIS2_PLACEMENT_3D ( 'NONE', #1878, #640, #1680 ) ;
#1809 = CARTESIAN_POINT ( 'NONE',  ( 2.500000000000000400, -9.500000000000000000, 152.4000000000000100 ) ) ;
#1810 = ORIENTED_EDGE ( 'NONE', *, *, #313, .T. ) ;
#1811 = DIRECTION ( 'NONE',  ( 1.000000000000000000, 0.0000000000000000000, 0.0000000000000000000 ) ) ;
#1812 = ORIENTED_EDGE ( 'NONE', *, *, #1685, .F. ) ;
#1813 = DIRECTION ( 'NONE',  ( -0.0000000000000000000, -0.0000000000000000000, -1.000000000000000000 ) ) ;
#1814 = ORGANIZATION ( 'UNSPECIFIED', 'UNSPECIFIED', '' ) ;
#1815 = DIRECTION ( 'NONE',  ( 0.0000000000000000000, -0.0000000000000000000, 1.000000000000000000 ) ) ;
#1816 = EDGE_CURVE ( 'NONE', #354, #1487, #277, .T. ) ;
#1817 = LINE ( 'NONE', #2398, #2409 ) ;
#1818 = DIRECTION ( 'NONE',  ( -1.000000000000000000, 0.0000000000000000000, -0.0000000000000000000 ) ) ;
#1819 = FACE_OUTER_BOUND ( 'NONE', #972, .T. ) ;
#1820 = AXIS2_PLACEMENT_3D ( 'NONE', #970, #2552, #559 ) ;
#1821 = LINE ( 'NONE', #130, #770 ) ;
#1822 = VECTOR ( 'NONE', #2318, 1000.000000000000000 ) ;
#1823 = DIRECTION ( 'NONE',  ( -1.000000000000000000, 0.0000000000000000000, 0.0000000000000000000 ) ) ;
#1824 = LINE ( 'NONE', #419, #1283 ) ;
#1825 = FACE_OUTER_BOUND ( 'NONE', #2212, .T. ) ;
#1826 = CARTESIAN_POINT ( 'NONE',  ( -7.424621202458747700, 5.249999999999995600, 152.4000000000000100 ) ) ;
#1827 = CARTESIAN_POINT ( 'NONE',  ( -7.071067811865473700, -5.603553390593270400, 152.4000000000000100 ) ) ;
#1828 = VERTEX_POINT ( 'NONE', #1687 ) ;
#1829 = FACE_OUTER_BOUND ( 'NONE', #2226, .T. ) ;
#1830 = VERTEX_POINT ( 'NONE', #1259 ) ;
#1831 = ORIENTED_EDGE ( 'NONE', *, *, #2216, .F. ) ;
#1832 = DIRECTION ( 'NONE',  ( 1.541976423090499000E-015, -1.000000000000000000, 0.0000000000000000000 ) ) ;
#1833 = ORIENTED_EDGE ( 'NONE', *, *, #1646, .T. ) ;
#1834 = AXIS2_PLACEMENT_3D ( 'NONE', #896, #2297, #661 ) ;
#1835 = DIRECTION ( 'NONE',  ( 1.000000000000000000, -8.065639195895846800E-016, 0.0000000000000000000 ) ) ;
#1836 = ORIENTED_EDGE ( 'NONE', *, *, #1392, .F. ) ;
#1837 = DIRECTION ( 'NONE',  ( 3.304235192336776000E-016, -1.000000000000000000, 0.0000000000000000000 ) ) ;
#1838 = CARTESIAN_POINT ( 'NONE',  ( 10.00000000000000000, 8.250000000000000000, -152.4000000000000100 ) ) ;
#1839 = EDGE_CURVE ( 'NONE', #868, #2016, #1981, .T. ) ;
#1840 = VERTEX_POINT ( 'NONE', #876 ) ;
#1841 = ORIENTED_EDGE ( 'NONE', *, *, #1256, .T. ) ;
#1842 = DIRECTION ( 'NONE',  ( -1.000000000000000000, 0.0000000000000000000, 0.0000000000000000000 ) ) ;
#1843 = CARTESIAN_POINT ( 'NONE',  ( -4.478679656440354200, -3.011165235168150400, 152.4000000000000100 ) ) ;
#1844 = DIRECTION ( 'NONE',  ( -0.0000000000000000000, -0.0000000000000000000, -1.000000000000000000 ) ) ;
#1845 = FACE_OUTER_BOUND ( 'NONE', #883, .T. ) ;
#1846 = PLANE ( 'NONE',  #2470 ) ;
#1847 = DIRECTION ( 'NONE',  ( 1.000000000000000000, 1.541976423090499000E-015, 0.0000000000000000000 ) ) ;
#1848 = ORIENTED_EDGE ( 'NONE', *, *, #1753, .T. ) ;
#1849 = VECTOR ( 'NONE', #344, 1000.000000000000000 ) ;
#1850 = CARTESIAN_POINT ( 'NONE',  ( -3.011165235168160600, 4.478679656440357700, -152.4000000000000100 ) ) ;
#1851 = EDGE_CURVE ( 'NONE', #1649, #1516, #360, .T. ) ;
#1852 = ADVANCED_BREP_SHAPE_REPRESENTATION ( '5537T501_T-Slotted Framing', ( #1657, #720 ), #443 ) ;
#1853 = ORIENTED_EDGE ( 'NONE', *, *, #2627, .T. ) ;
#1854 = CARTESIAN_POINT ( 'NONE',  ( -3.000000000000000900, 8.424621202458752100, 152.4000000000000100 ) ) ;
#1855 = AXIS2_PLACEMENT_3D ( 'NONE', #2074, #1471, #873 ) ;
#1856 = EDGE_CURVE ( 'NONE', #1487, #2006, #1924, .T. ) ;
#1857 = FACE_OUTER_BOUND ( 'NONE', #1523, .T. ) ;
#1858 = DIRECTION ( 'NONE',  ( -0.0000000000000000000, -0.0000000000000000000, -1.000000000000000000 ) ) ;
#1859 = EDGE_LOOP ( 'NONE', ( #89, #408, #1869, #865 ) ) ;
#1860 = CARTESIAN_POINT ( 'NONE',  ( 7.924621202458747700, -5.249999999999995600, 152.4000000000000100 ) ) ;
#1861 = FACE_OUTER_BOUND ( 'NONE', #1348, .T. ) ;
#1862 = CARTESIAN_POINT ( 'NONE',  ( -3.000000000000000900, 10.00000000000000000, -152.4000000000000100 ) ) ;
#1863 = ORIENTED_EDGE ( 'NONE', *, *, #1033, .F. ) ;
#1864 = CARTESIAN_POINT ( 'NONE',  ( -5.249999999999997300, 7.924621202458751200, 152.4000000000000100 ) ) ;
#1865 = FACE_OUTER_BOUND ( 'NONE', #1002, .T. ) ;
#1866 = DIRECTION ( 'NONE',  ( 0.0000000000000000000, -0.0000000000000000000, 1.000000000000000000 ) ) ;
#1867 = ORIENTED_EDGE ( 'NONE', *, *, #2622, .T. ) ;
#1868 = CARTESIAN_POINT ( 'NONE',  ( 10.00000000000000000, -3.000000000000001300, 152.4000000000000100 ) ) ;
#1869 = ORIENTED_EDGE ( 'NONE', *, *, #2357, .T. ) ;
#1870 = EDGE_CURVE ( 'NONE', #687, #2368, #903, .T. ) ;
#1871 = CARTESIAN_POINT ( 'NONE',  ( -7.924621202458747700, -5.249999999999995600, 152.4000000000000100 ) ) ;
#1872 = DIRECTION ( 'NONE',  ( -8.065639195895846800E-016, 1.000000000000000000, 0.0000000000000000000 ) ) ;
#1873 = ORIENTED_EDGE ( 'NONE', *, *, #246, .F. ) ;
#1874 = DIRECTION ( 'NONE',  ( 0.0000000000000000000, -1.000000000000000000, -0.0000000000000000000 ) ) ;
#1875 = ORIENTED_EDGE ( 'NONE', *, *, #384, .F. ) ;
#1876 = CARTESIAN_POINT ( 'NONE',  ( 3.000000000000000900, -7.924621202458751200, 152.4000000000000100 ) ) ;
#1877 = EDGE_CURVE ( 'NONE', #215, #29, #2331, .T. ) ;
#1878 = CARTESIAN_POINT ( 'NONE',  ( 6.599999999999996100, -0.8898448916085081000, 152.4000000000000100 ) ) ;
#1879 = DIRECTION ( 'NONE',  ( 8.065639195895846800E-016, 1.000000000000000000, 0.0000000000000000000 ) ) ;
#1880 = DIRECTION ( 'NONE',  ( 0.0000000000000000000, -0.0000000000000000000, 1.000000000000000000 ) ) ;
#1881 = LINE ( 'NONE', #601, #573 ) ;
#1882 = VECTOR ( 'NONE', #1598, 1000.000000000000000 ) ;
#1883 = DIRECTION ( 'NONE',  ( -0.0000000000000000000, -0.0000000000000000000, -1.000000000000000000 ) ) ;
#1884 = FACE_OUTER_BOUND ( 'NONE', #400, .T. ) ;
#1885 = DIRECTION ( 'NONE',  ( 0.0000000000000000000, 0.0000000000000000000, -1.000000000000000000 ) ) ;
#1886 = FACE_OUTER_BOUND ( 'NONE', #2270, .T. ) ;
#1887 = CARTESIAN_POINT ( 'NONE',  ( -2.500000000000000400, 9.500000000000000000, -152.4000000000000100 ) ) ;
#1888 = AXIS2_PLACEMENT_3D ( 'NONE', #844, #2450, #2246 ) ;
#1889 = LINE ( 'NONE', #30, #1476 ) ;
#1890 = ORIENTED_EDGE ( 'NONE', *, *, #1528, .F. ) ;
#1891 = EDGE_CURVE ( 'NONE', #2274, #847, #685, .T. ) ;
#1892 = ORIENTED_EDGE ( 'NONE', *, *, #991, .T. ) ;
#1893 = CIRCLE ( 'NONE', #630, 2.999999999999999600 ) ;
#1894 = DIRECTION ( 'NONE',  ( 0.0000000000000000000, -0.0000000000000000000, 1.000000000000000000 ) ) ;
#1895 = AXIS2_PLACEMENT_3D ( 'NONE', #2027, #1627, #1648 ) ;
#1896 = ORIENTED_EDGE ( 'NONE', *, *, #31, .T. ) ;
#1897 = CARTESIAN_POINT ( 'NONE',  ( -8.250000000000000000, 8.250000000000000000, 152.4000000000000100 ) ) ;
#1898 = CIRCLE ( 'NONE', #102, 2.999999999999999100 ) ;
#1899 = CARTESIAN_POINT ( 'NONE',  ( -8.250000000000000000, 8.250000000000000000, -152.4000000000000100 ) ) ;
#1900 = ORIENTED_EDGE ( 'NONE', *, *, #1363, .T. ) ;
#1901 = CARTESIAN_POINT ( 'NONE',  ( -2.499999999999999600, -8.424621202458752100, 152.4000000000000100 ) ) ;
#1902 = ORIENTED_EDGE ( 'NONE', *, *, #2352, .F. ) ;
#1903 = CARTESIAN_POINT ( 'NONE',  ( -5.603553390593272200, -7.071067811865475500, 152.4000000000000100 ) ) ;
#1904 = ORIENTED_EDGE ( 'NONE', *, *, #735, .F. ) ;
#1905 = EDGE_CURVE ( 'NONE', #1131, #2403, #989, .T. ) ;
#1906 = DIRECTION ( 'NONE',  ( -0.0000000000000000000, 0.0000000000000000000, -1.000000000000000000 ) ) ;
#1907 = VERTEX_POINT ( 'NONE', #1310 ) ;
#1908 = CC_DESIGN_PERSON_AND_ORGANIZATION_ASSIGNMENT ( #1720, #1332, ( #1260 ) ) ;
#1909 = EDGE_CURVE ( 'NONE', #1679, #303, #1479, .T. ) ;
#1910 = ADVANCED_FACE ( 'NONE', ( #203 ), #1114, .F. ) ;
#1911 = CARTESIAN_POINT ( 'NONE',  ( -8.424621202458750300, 3.000000000000001300, -152.4000000000000100 ) ) ;
#1912 = DIRECTION ( 'NONE',  ( 4.873668131198272900E-016, -1.000000000000000000, 0.0000000000000000000 ) ) ;
#1913 = VECTOR ( 'NONE', #236, 1000.000000000000000 ) ;
#1914 = VECTOR ( 'NONE', #602, 1000.000000000000000 ) ;
#1915 = FACE_OUTER_BOUND ( 'NONE', #1245, .T. ) ;
#1916 = ORIENTED_EDGE ( 'NONE', *, *, #2082, .F. ) ;
#1917 = CARTESIAN_POINT ( 'NONE',  ( -2.500000000000000000, 8.424621202458752100, 152.4000000000000100 ) ) ;
#1918 = EDGE_CURVE ( 'NONE', #754, #229, #1056, .T. ) ;
#1919 = CARTESIAN_POINT ( 'NONE',  ( 2.499999999999999600, -8.424621202458752100, -152.4000000000000100 ) ) ;
#1920 = ADVANCED_FACE ( 'NONE', ( #273 ), #48, .T. ) ;
#1921 = LINE ( 'NONE', #1440, #1411 ) ;
#1922 = AXIS2_PLACEMENT_3D ( 'NONE', #151, #1962, #1141 ) ;
#1923 = VERTEX_POINT ( 'NONE', #2091 ) ;
#1924 = LINE ( 'NONE', #2269, #935 ) ;
#1925 = ORIENTED_EDGE ( 'NONE', *, *, #2220, .T. ) ;
#1926 = VECTOR ( 'NONE', #1304, 1000.000000000000000 ) ;
#1927 = DIRECTION ( 'NONE',  ( 0.0000000000000000000, 0.0000000000000000000, -1.000000000000000000 ) ) ;
#1928 = EDGE_CURVE ( 'NONE', #1360, #1989, #2358, .T. ) ;
#1929 = CARTESIAN_POINT ( 'NONE',  ( -2.500000000000000000, -8.424621202458752100, -152.4000000000000100 ) ) ;
#1930 = ORIENTED_EDGE ( 'NONE', *, *, #246, .T. ) ;
#1931 = ORIENTED_EDGE ( 'NONE', *, *, #943, .F. ) ;
#1932 = CARTESIAN_POINT ( 'NONE',  ( 3.000000000000000900, -9.500000000000000000, 152.4000000000000100 ) ) ;
#1933 = ORIENTED_EDGE ( 'NONE', *, *, #100, .T. ) ;
#1934 = DIRECTION ( 'NONE',  ( -0.0000000000000000000, -0.0000000000000000000, -1.000000000000000000 ) ) ;
#1935 = ADVANCED_FACE ( 'NONE', ( #2268 ), #1106, .F. ) ;
#1936 = DIRECTION ( 'NONE',  ( 0.0000000000000000000, 0.0000000000000000000, -1.000000000000000000 ) ) ;
#1937 = ORIENTED_EDGE ( 'NONE', *, *, #2183, .T. ) ;
#1938 = ORIENTED_EDGE ( 'NONE', *, *, #2468, .T. ) ;
#1939 = AXIS2_PLACEMENT_3D ( 'NONE', #1177, #1969, #2575 ) ;
#1940 = EDGE_CURVE ( 'NONE', #2305, #2081, #651, .T. ) ;
#1941 = DIRECTION ( 'NONE',  ( -0.7071067811865474600, -0.7071067811865476800, 0.0000000000000000000 ) ) ;
#1942 = PERSON_AND_ORGANIZATION ( #734, #1814 ) ;
#1943 = DIRECTION ( 'NONE',  ( -8.065639195895844800E-016, 1.000000000000000000, 0.0000000000000000000 ) ) ;
#1944 = CARTESIAN_POINT ( 'NONE',  ( 2.500000000000000000, 8.424621202458752100, 152.4000000000000100 ) ) ;
#1945 = LINE ( 'NONE', #2607, #324 ) ;
#1946 = LINE ( 'NONE', #2209, #2093 ) ;
#1947 = FACE_OUTER_BOUND ( 'NONE', #127, .T. ) ;
#1948 = VECTOR ( 'NONE', #578, 1000.000000000000000 ) ;
#1949 = LINE ( 'NONE', #37, #237 ) ;
#1950 = ORIENTED_EDGE ( 'NONE', *, *, #2424, .F. ) ;
#1951 = DIRECTION ( 'NONE',  ( -0.0000000000000000000, 0.0000000000000000000, 1.000000000000000000 ) ) ;
#1952 = VECTOR ( 'NONE', #177, 1000.000000000000000 ) ;
#1953 = EDGE_CURVE ( 'NONE', #2445, #314, #2134, .T. ) ;
#1954 = VERTEX_POINT ( 'NONE', #2328 ) ;
#1955 = LINE ( 'NONE', #2250, #489 ) ;
#1956 = DIRECTION ( 'NONE',  ( 1.541976423090499200E-015, -1.000000000000000000, -0.0000000000000000000 ) ) ;
#1957 = AXIS2_PLACEMENT_3D ( 'NONE', #1854, #1894, #1651 ) ;
#1958 = EDGE_LOOP ( 'NONE', ( #1697, #435, #1084, #1170 ) ) ;
#1959 = EDGE_CURVE ( 'NONE', #1840, #687, #2541, .T. ) ;
#1960 = ORIENTED_EDGE ( 'NONE', *, *, #2310, .T. ) ;
#1961 = ORIENTED_EDGE ( 'NONE', *, *, #1204, .T. ) ;
#1962 = DIRECTION ( 'NONE',  ( -0.0000000000000000000, -0.0000000000000000000, -1.000000000000000000 ) ) ;
#1963 = CARTESIAN_POINT ( 'NONE',  ( 8.424621202458750300, 3.000000000000001300, 152.4000000000000100 ) ) ;
#1964 = ORIENTED_EDGE ( 'NONE', *, *, #349, .T. ) ;
#1965 = DIRECTION ( 'NONE',  ( -1.000000000000000000, 0.0000000000000000000, 0.0000000000000000000 ) ) ;
#1966 = VERTEX_POINT ( 'NONE', #1087 ) ;
#1967 = VERTEX_POINT ( 'NONE', #504 ) ;
#1968 = CARTESIAN_POINT ( 'NONE',  ( 3.599999999999997400, 0.8898448916085081000, 152.4000000000000100 ) ) ;
#1969 = DIRECTION ( 'NONE',  ( 0.0000000000000000000, 1.000000000000000000, 0.0000000000000000000 ) ) ;
#1970 = ADVANCED_FACE ( 'NONE', ( #1735 ), #1507, .T. ) ;
#1971 = DIRECTION ( 'NONE',  ( 0.0000000000000000000, -0.0000000000000000000, -1.000000000000000000 ) ) ;
#1972 = LINE ( 'NONE', #2590, #1882 ) ;
#1973 = DIRECTION ( 'NONE',  ( -1.000000000000000000, 0.0000000000000000000, 0.0000000000000000000 ) ) ;
#1974 = FACE_BOUND ( 'NONE', #1386, .T. ) ;
#1975 = CARTESIAN_POINT ( 'NONE',  ( 3.000000000000000900, 7.924621202458751200, -152.4000000000000100 ) ) ;
#1976 = CIRCLE ( 'NONE', #2551, 0.5000000000000004400 ) ;
#1977 = ORIENTED_EDGE ( 'NONE', *, *, #313, .F. ) ;
#1978 = VECTOR ( 'NONE', #216, 1000.000000000000000 ) ;
#1979 = ORIENTED_EDGE ( 'NONE', *, *, #2603, .T. ) ;
#1980 = ADVANCED_FACE ( 'NONE', ( #1186 ), #1415, .F. ) ;
#1981 = CIRCLE ( 'NONE', #1650, 0.5000000000000004400 ) ;
#1982 = DIRECTION ( 'NONE',  ( -3.304235192336776000E-016, -1.000000000000000000, 0.0000000000000000000 ) ) ;
#1983 = VERTEX_POINT ( 'NONE', #758 ) ;
#1984 = EDGE_CURVE ( 'NONE', #1758, #2305, #2606, .T. ) ;
#1985 = LINE ( 'NONE', #2509, #1603 ) ;
#1986 = CARTESIAN_POINT ( 'NONE',  ( -1.257674520083185100E-014, 1.257674520083185100E-014, 152.4000000000000100 ) ) ;
#1987 = AXIS2_PLACEMENT_3D ( 'NONE', #2592, #2376, #2207 ) ;
#1988 = EDGE_CURVE ( 'NONE', #2278, #229, #2231, .T. ) ;
#1989 = VERTEX_POINT ( 'NONE', #1968 ) ;
#1990 = DIRECTION ( 'NONE',  ( 0.0000000000000000000, -0.0000000000000000000, -1.000000000000000000 ) ) ;
#1991 = ORIENTED_EDGE ( 'NONE', *, *, #680, .T. ) ;
#1992 = ORIENTED_EDGE ( 'NONE', *, *, #1028, .T. ) ;
#1993 = CARTESIAN_POINT ( 'NONE',  ( 3.000000000000000900, 10.00000000000000000, 152.4000000000000100 ) ) ;
#1994 = ORIENTED_EDGE ( 'NONE', *, *, #2162, .F. ) ;
#1995 = APPROVAL_PERSON_ORGANIZATION ( #1752, #1530, #1351 ) ;
#1996 = DIRECTION ( 'NONE',  ( -1.000000000000000000, 0.0000000000000000000, 0.0000000000000000000 ) ) ;
#1997 = EDGE_CURVE ( 'NONE', #457, #939, #1700, .T. ) ;
#1998 = CARTESIAN_POINT ( 'NONE',  ( 3.011165235168160600, -4.478679656440356800, 152.4000000000000100 ) ) ;
#1999 = AXIS2_PLACEMENT_3D ( 'NONE', #1193, #1583, #1371 ) ;
#2000 = CARTESIAN_POINT ( 'NONE',  ( -8.424621202458750300, 2.500000000000000000, -152.4000000000000100 ) ) ;
#2001 = LINE ( 'NONE', #1671, #1623 ) ;
#2002 = CIRCLE ( 'NONE', #795, 0.5000000000000004400 ) ;
#2003 = CARTESIAN_POINT ( 'NONE',  ( -3.000000000000000900, -7.924621202458751200, 152.4000000000000100 ) ) ;
#2004 = EDGE_CURVE ( 'NONE', #875, #1652, #933, .T. ) ;
#2005 = CARTESIAN_POINT ( 'NONE',  ( 2.500000000000000000, -8.424621202458752100, 152.4000000000000100 ) ) ;
#2006 = VERTEX_POINT ( 'NONE', #131 ) ;
#2007 = VECTOR ( 'NONE', #2013, 1000.000000000000000 ) ;
#2008 = CARTESIAN_POINT ( 'NONE',  ( -10.00000000000000000, -8.250000000000000000, 152.4000000000000100 ) ) ;
#2009 = CIRCLE ( 'NONE', #1631, 1.749999999999999800 ) ;
#2010 = DIRECTION ( 'NONE',  ( -1.000000000000000000, 0.0000000000000000000, 0.0000000000000000000 ) ) ;
#2011 = ORIENTED_EDGE ( 'NONE', *, *, #899, .F. ) ;
#2012 = FACE_OUTER_BOUND ( 'NONE', #643, .T. ) ;
#2013 = DIRECTION ( 'NONE',  ( -0.0000000000000000000, -0.0000000000000000000, -1.000000000000000000 ) ) ;
#2014 = VERTEX_POINT ( 'NONE', #1551 ) ;
#2015 = LINE ( 'NONE', #251, #963 ) ;
#2016 = VERTEX_POINT ( 'NONE', #936 ) ;
#2017 = DIRECTION ( 'NONE',  ( -1.000000000000000000, 0.0000000000000000000, 0.0000000000000000000 ) ) ;
#2018 = ORIENTED_EDGE ( 'NONE', *, *, #2352, .T. ) ;
#2019 = ORIENTED_EDGE ( 'NONE', *, *, #2386, .T. ) ;
#2020 = DIRECTION ( 'NONE',  ( 0.0000000000000000000, -0.0000000000000000000, 1.000000000000000000 ) ) ;
#2021 = DIRECTION ( 'NONE',  ( 0.0000000000000000000, -0.0000000000000000000, -1.000000000000000000 ) ) ;
#2022 = ORIENTED_EDGE ( 'NONE', *, *, #1597, .F. ) ;
#2023 = DIRECTION ( 'NONE',  ( 0.7071067811865476800, -0.7071067811865474600, 0.0000000000000000000 ) ) ;
#2024 = DATE_AND_TIME ( #2558, #855 ) ;
#2025 = DIRECTION ( 'NONE',  ( -0.0000000000000000000, -0.0000000000000000000, -1.000000000000000000 ) ) ;
#2026 = DIRECTION ( 'NONE',  ( 1.000000000000000000, 0.0000000000000000000, 0.0000000000000000000 ) ) ;
#2027 = CARTESIAN_POINT ( 'NONE',  ( 8.250000000000000000, -8.250000000000000000, 152.4000000000000100 ) ) ;
#2028 = EDGE_CURVE ( 'NONE', #1610, #450, #2296, .T. ) ;
#2029 = DIRECTION ( 'NONE',  ( 0.7071067811865484600, -0.7071067811865466800, 0.0000000000000000000 ) ) ;
#2030 = LINE ( 'NONE', #1793, #2155 ) ;
#2031 = DIRECTION ( 'NONE',  ( -0.0000000000000000000, -0.0000000000000000000, -1.000000000000000000 ) ) ;
#2032 = PRODUCT_DEFINITION_FORMATION_WITH_SPECIFIED_SOURCE ( 'ANY', '', #1595, .NOT_KNOWN. ) ;
#2033 = ORIENTED_EDGE ( 'NONE', *, *, #1174, .T. ) ;
#2034 = LINE ( 'NONE', #1725, #2322 ) ;
#2035 = ORIENTED_EDGE ( 'NONE', *, *, #756, .T. ) ;
#2036 = CARTESIAN_POINT ( 'NONE',  ( 10.00000000000000000, 3.000000000000001300, 152.4000000000000100 ) ) ;
#2037 = FACE_OUTER_BOUND ( 'NONE', #656, .T. ) ;
#2038 = ORIENTED_EDGE ( 'NONE', *, *, #957, .T. ) ;
#2039 = FACE_OUTER_BOUND ( 'NONE', #2420, .T. ) ;
#2040 = VERTEX_POINT ( 'NONE', #533 ) ;
#2041 = DIRECTION ( 'NONE',  ( -0.0000000000000000000, 0.0000000000000000000, -1.000000000000000000 ) ) ;
#2042 = LINE ( 'NONE', #487, #2169 ) ;
#2043 = DIRECTION ( 'NONE',  ( -0.0000000000000000000, 0.0000000000000000000, -1.000000000000000000 ) ) ;
#2044 = EDGE_CURVE ( 'NONE', #2397, #2578, #1284, .T. ) ;
#2045 = CARTESIAN_POINT ( 'NONE',  ( -2.500000000000000400, -9.500000000000000000, -152.4000000000000100 ) ) ;
#2046 = DIRECTION ( 'NONE',  ( 0.0000000000000000000, 0.0000000000000000000, -1.000000000000000000 ) ) ;
#2047 = ORIENTED_EDGE ( 'NONE', *, *, #1135, .T. ) ;
#2048 = AXIS2_PLACEMENT_3D ( 'NONE', #1436, #629, #620 ) ;
#2049 = ORIENTED_EDGE ( 'NONE', *, *, #2505, .F. ) ;
#2050 = DIRECTION ( 'NONE',  ( 0.0000000000000000000, 0.0000000000000000000, -1.000000000000000000 ) ) ;
#2051 = EDGE_CURVE ( 'NONE', #939, #92, #2071, .T. ) ;
#2052 = VERTEX_POINT ( 'NONE', #552 ) ;
#2053 = CARTESIAN_POINT ( 'NONE',  ( -3.599999999999997400, 0.8898448916085081000, -152.4000000000000100 ) ) ;
#2054 = EDGE_LOOP ( 'NONE', ( #590, #2236, #1750, #633 ) ) ;
#2055 = DIRECTION ( 'NONE',  ( 0.0000000000000000000, -0.0000000000000000000, -1.000000000000000000 ) ) ;
#2056 = DATE_AND_TIME ( #2465, #920 ) ;
#2057 = CARTESIAN_POINT ( 'NONE',  ( 9.500000000000000000, 3.000000000000001300, -152.4000000000000100 ) ) ;
#2058 = CARTESIAN_POINT ( 'NONE',  ( -3.000000000000000900, -7.924621202458751200, 152.4000000000000100 ) ) ;
#2059 = DIRECTION ( 'NONE',  ( -0.0000000000000000000, 0.0000000000000000000, -1.000000000000000000 ) ) ;
#2060 = LINE ( 'NONE', #1876, #927 ) ;
#2061 = AXIS2_PLACEMENT_3D ( 'NONE', #1553, #1951, #919 ) ;
#2062 = LINE ( 'NONE', #802, #984 ) ;
#2063 = EDGE_CURVE ( 'NONE', #1249, #527, #1570, .T. ) ;
#2064 = ORIENTED_EDGE ( 'NONE', *, *, #1771, .F. ) ;
#2065 = CARTESIAN_POINT ( 'NONE',  ( 3.599999999999997400, 0.8898448916085081000, 152.4000000000000100 ) ) ;
#2066 = LINE ( 'NONE', #2065, #1536 ) ;
#2067 = DIRECTION ( 'NONE',  ( -1.000000000000000000, 0.0000000000000000000, 0.0000000000000000000 ) ) ;
#2068 = AXIS2_PLACEMENT_3D ( 'NONE', #887, #2494, #1288 ) ;
#2069 = CYLINDRICAL_SURFACE ( 'NONE', #34, 0.5000000000000004400 ) ;
#2070 = ORIENTED_EDGE ( 'NONE', *, *, #49, .T. ) ;
#2071 = CIRCLE ( 'NONE', #592, 0.5000000000000004400 ) ;
#2072 = DIRECTION ( 'NONE',  ( -3.304235192336776000E-016, 1.000000000000000000, 0.0000000000000000000 ) ) ;
#2073 = ORIENTED_EDGE ( 'NONE', *, *, #185, .F. ) ;
#2074 = CARTESIAN_POINT ( 'NONE',  ( 0.8898448916085185400, -6.599999999999999600, 152.4000000000000100 ) ) ;
#2075 = CYLINDRICAL_SURFACE ( 'NONE', #829, 0.5000000000000004400 ) ;
#2076 = ORIENTED_EDGE ( 'NONE', *, *, #715, .T. ) ;
#2077 = CARTESIAN_POINT ( 'NONE',  ( 0.0000000000000000000, -3.600000000000000100, -152.4000000000000100 ) ) ;
#2078 = CARTESIAN_POINT ( 'NONE',  ( -7.924621202458747700, -5.249999999999995600, 152.4000000000000100 ) ) ;
#2079 = ORIENTED_EDGE ( 'NONE', *, *, #1891, .T. ) ;
#2080 = CARTESIAN_POINT ( 'NONE',  ( -3.000000000000000900, -8.424621202458752100, 152.4000000000000100 ) ) ;
#2081 = VERTEX_POINT ( 'NONE', #948 ) ;
#2082 = EDGE_CURVE ( 'NONE', #1666, #1573, #1022, .T. ) ;
#2083 = DIRECTION ( 'NONE',  ( -1.000000000000000000, 0.0000000000000000000, 0.0000000000000000000 ) ) ;
#2084 = ORIENTED_EDGE ( 'NONE', *, *, #2256, .F. ) ;
#2085 = EDGE_CURVE ( 'NONE', #1830, #1230, #142, .T. ) ;
#2086 = ADVANCED_FACE ( 'NONE', ( #614 ), #1365, .F. ) ;
#2087 = CARTESIAN_POINT ( 'NONE',  ( 0.8898448916085185400, 6.599999999999999600, 152.4000000000000100 ) ) ;
#2088 = ORIENTED_EDGE ( 'NONE', *, *, #1988, .F. ) ;
#2089 = DIRECTION ( 'NONE',  ( -1.541976423090499200E-015, -1.000000000000000000, -0.0000000000000000000 ) ) ;
#2090 = CARTESIAN_POINT ( 'NONE',  ( 7.924621202458747700, 5.249999999999995600, -152.4000000000000100 ) ) ;
#2091 = CARTESIAN_POINT ( 'NONE',  ( 4.478679656440354200, -3.011165235168150400, 152.4000000000000100 ) ) ;
#2092 = VECTOR ( 'NONE', #261, 1000.000000000000000 ) ;
#2093 = VECTOR ( 'NONE', #2410, 1000.000000000000000 ) ;
#2094 = LINE ( 'NONE', #1425, #2474 ) ;
#2095 = CARTESIAN_POINT ( 'NONE',  ( 5.603553390593272200, -7.071067811865475500, -152.4000000000000100 ) ) ;
#2096 = LINE ( 'NONE', #367, #1948 ) ;
#2097 = ADVANCED_FACE ( 'NONE', ( #1825 ), #79, .F. ) ;
#2098 = DIRECTION ( 'NONE',  ( -1.000000000000000000, 8.065639195895846800E-016, 0.0000000000000000000 ) ) ;
#2099 = AXIS2_PLACEMENT_3D ( 'NONE', #881, #1480, #263 ) ;
#2100 = VERTEX_POINT ( 'NONE', #511 ) ;
#2101 = VECTOR ( 'NONE', #1757, 1000.000000000000000 ) ;
#2102 = EDGE_CURVE ( 'NONE', #78, #754, #2161, .T. ) ;
#2103 = VERTEX_POINT ( 'NONE', #1176 ) ;
#2104 = DIRECTION ( 'NONE',  ( 1.000000000000000000, 0.0000000000000000000, 0.0000000000000000000 ) ) ;
#2105 = FACE_OUTER_BOUND ( 'NONE', #558, .T. ) ;
#2106 = EDGE_LOOP ( 'NONE', ( #1581, #1795, #1101, #1485 ) ) ;
#2107 = LINE ( 'NONE', #1016, #1639 ) ;
#2108 = DIRECTION ( 'NONE',  ( 1.000000000000000000, 0.0000000000000000000, 0.0000000000000000000 ) ) ;
#2109 = ADVANCED_FACE ( 'NONE', ( #1154 ), #2600, .F. ) ;
#2110 = ORIENTED_EDGE ( 'NONE', *, *, #943, .T. ) ;
#2111 = DIRECTION ( 'NONE',  ( 0.0000000000000000000, 1.000000000000000000, 0.0000000000000000000 ) ) ;
#2112 = DIRECTION ( 'NONE',  ( -0.7071067811865474600, 0.7071067811865476800, 0.0000000000000000000 ) ) ;
#2113 = EDGE_LOOP ( 'NONE', ( #1505, #941, #1428, #1426 ) ) ;
#2114 = DIRECTION ( 'NONE',  ( -0.7071067811865465700, -0.7071067811865484600, 0.0000000000000000000 ) ) ;
#2115 = EDGE_CURVE ( 'NONE', #2520, #529, #959, .T. ) ;
#2116 = ORIENTED_EDGE ( 'NONE', *, *, #1079, .F. ) ;
#2117 = AXIS2_PLACEMENT_3D ( 'NONE', #1244, #2255, #2427 ) ;
#2118 = ORIENTED_EDGE ( 'NONE', *, *, #684, .T. ) ;
#2119 = EDGE_CURVE ( 'NONE', #754, #782, #1667, .T. ) ;
#2120 = DIRECTION ( 'NONE',  ( 0.0000000000000000000, 0.0000000000000000000, -1.000000000000000000 ) ) ;
#2121 = DIRECTION ( 'NONE',  ( -0.0000000000000000000, -0.0000000000000000000, -1.000000000000000000 ) ) ;
#2122 = ADVANCED_FACE ( 'NONE', ( #2012 ), #1166, .F. ) ;
#2123 = DIRECTION ( 'NONE',  ( 0.0000000000000000000, -0.0000000000000000000, 1.000000000000000000 ) ) ;
#2124 = CIRCLE ( 'NONE', #1294, 2.999999999999999100 ) ;
#2125 = FACE_OUTER_BOUND ( 'NONE', #1065, .T. ) ;
#2126 = CARTESIAN_POINT ( 'NONE',  ( 3.600000000000000100, 0.0000000000000000000, 152.4000000000000100 ) ) ;
#2127 = ORIENTED_EDGE ( 'NONE', *, *, #1928, .T. ) ;
#2128 = EDGE_CURVE ( 'NONE', #1054, #1131, #459, .T. ) ;
#2129 =( NAMED_UNIT ( * ) SI_UNIT ( $, .STERADIAN. ) SOLID_ANGLE_UNIT ( ) );
#2130 = FACE_OUTER_BOUND ( 'NONE', #316, .T. ) ;
#2131 = DIRECTION ( 'NONE',  ( -3.304235192336776500E-016, -1.000000000000000000, 0.0000000000000000000 ) ) ;
#2132 = AXIS2_PLACEMENT_3D ( 'NONE', #299, #2519, #716 ) ;
#2133 = ORIENTED_EDGE ( 'NONE', *, *, #1135, .F. ) ;
#2134 = CIRCLE ( 'NONE', #683, 0.5000000000000004400 ) ;
#2135 = ORIENTED_EDGE ( 'NONE', *, *, #49, .F. ) ;
#2136 = VECTOR ( 'NONE', #508, 1000.000000000000000 ) ;
#2137 = CARTESIAN_POINT ( 'NONE',  ( -3.000000000000000900, 9.500000000000000000, 152.4000000000000100 ) ) ;
#2138 = EDGE_CURVE ( 'NONE', #1356, #2040, #870, .T. ) ;
#2139 = CARTESIAN_POINT ( 'NONE',  ( 7.424621202458747700, -5.249999999999995600, -152.4000000000000100 ) ) ;
#2140 = ORIENTED_EDGE ( 'NONE', *, *, #1309, .T. ) ;
#2141 = ORIENTED_EDGE ( 'NONE', *, *, #1665, .F. ) ;
#2142 = CARTESIAN_POINT ( 'NONE',  ( 10.00000000000000000, -3.000000000000001300, 152.4000000000000100 ) ) ;
#2143 = ORIENTED_EDGE ( 'NONE', *, *, #2627, .F. ) ;
#2144 = DIRECTION ( 'NONE',  ( 0.7071067811865484600, 0.7071067811865466800, -0.0000000000000000000 ) ) ;
#2145 = ORIENTED_EDGE ( 'NONE', *, *, #918, .T. ) ;
#2146 = CARTESIAN_POINT ( 'NONE',  ( 3.000000000000000900, -7.924621202458751200, 152.4000000000000100 ) ) ;
#2147 = EDGE_LOOP ( 'NONE', ( #20, #1831, #1873, #523 ) ) ;
#2148 = AXIS2_PLACEMENT_3D ( 'NONE', #958, #791, #348 ) ;
#2149 = PLANE ( 'NONE',  #1463 ) ;
#2150 = VECTOR ( 'NONE', #1761, 1000.000000000000000 ) ;
#2151 = CC_DESIGN_APPROVAL ( #1754, ( #1344 ) ) ;
#2152 = CARTESIAN_POINT ( 'NONE',  ( 3.011165235168160600, -4.478679656440356800, -152.4000000000000100 ) ) ;
#2153 = DIRECTION ( 'NONE',  ( -1.000000000000000000, 0.0000000000000000000, 0.0000000000000000000 ) ) ;
#2154 = CYLINDRICAL_SURFACE ( 'NONE', #662, 0.5000000000000004400 ) ;
#2155 = VECTOR ( 'NONE', #2188, 1000.000000000000000 ) ;
#2156 = DIRECTION ( 'NONE',  ( -0.0000000000000000000, -0.0000000000000000000, -1.000000000000000000 ) ) ;
#2157 = VERTEX_POINT ( 'NONE', #2008 ) ;
#2158 = VECTOR ( 'NONE', #327, 1000.000000000000000 ) ;
#2159 = ADVANCED_FACE ( 'NONE', ( #1091 ), #779, .F. ) ;
#2160 = ORIENTED_EDGE ( 'NONE', *, *, #571, .T. ) ;
#2161 = LINE ( 'NONE', #1327, #2194 ) ;
#2162 = EDGE_CURVE ( 'NONE', #1830, #1954, #1893, .T. ) ;
#2163 = ORIENTED_EDGE ( 'NONE', *, *, #2392, .T. ) ;
#2164 = LINE ( 'NONE', #2286, #13 ) ;
#2165 = CARTESIAN_POINT ( 'NONE',  ( -8.250000000000000000, -10.00000000000000200, 152.4000000000000100 ) ) ;
#2166 = AXIS2_PLACEMENT_3D ( 'NONE', #1045, #2464, #2244 ) ;
#2167 = VERTEX_POINT ( 'NONE', #562 ) ;
#2168 = EDGE_CURVE ( 'NONE', #2432, #696, #332, .T. ) ;
#2169 = VECTOR ( 'NONE', #310, 1000.000000000000000 ) ;
#2170 = VERTEX_POINT ( 'NONE', #769 ) ;
#2171 = DIRECTION ( 'NONE',  ( -1.000000000000000000, -8.065639195895846800E-016, 0.0000000000000000000 ) ) ;
#2172 = CARTESIAN_POINT ( 'NONE',  ( -6.599999999999996100, 0.8898448916085081000, 152.4000000000000100 ) ) ;
#2173 = VERTEX_POINT ( 'NONE', #990 ) ;
#2174 = DIRECTION ( 'NONE',  ( 1.000000000000000000, 0.0000000000000000000, 0.0000000000000000000 ) ) ;
#2175 = ORIENTED_EDGE ( 'NONE', *, *, #321, .F. ) ;
#2176 = ORIENTED_EDGE ( 'NONE', *, *, #2138, .F. ) ;
#2177 = EDGE_CURVE ( 'NONE', #113, #2387, #2480, .T. ) ;
#2178 = ORIENTED_EDGE ( 'NONE', *, *, #1707, .T. ) ;
#2179 = DIRECTION ( 'NONE',  ( 0.0000000000000000000, -0.0000000000000000000, 1.000000000000000000 ) ) ;
#2180 = AXIS2_PLACEMENT_3D ( 'NONE', #924, #1769, #728 ) ;
#2181 = PERSON_AND_ORGANIZATION ( #734, #1814 ) ;
#2182 = CARTESIAN_POINT ( 'NONE',  ( 7.071067811865473700, -5.603553390593270400, -152.4000000000000100 ) ) ;
#2183 = EDGE_CURVE ( 'NONE', #1983, #687, #1633, .T. ) ;
#2184 = DIRECTION ( 'NONE',  ( 1.000000000000000000, 0.0000000000000000000, 0.0000000000000000000 ) ) ;
#2185 = ADVANCED_FACE ( 'NONE', ( #2037 ), #176, .F. ) ;
#2186 = DIRECTION ( 'NONE',  ( 0.0000000000000000000, 0.0000000000000000000, -1.000000000000000000 ) ) ;
#2187 = CIRCLE ( 'NONE', #2371, 0.5000000000000004400 ) ;
#2188 = DIRECTION ( 'NONE',  ( 1.541976423090499200E-015, 1.000000000000000000, 0.0000000000000000000 ) ) ;
#2189 = VECTOR ( 'NONE', #99, 1000.000000000000000 ) ;
#2190 = ORIENTED_EDGE ( 'NONE', *, *, #680, .F. ) ;
#2191 = LINE ( 'NONE', #638, #2446 ) ;
#2192 = DIRECTION ( 'NONE',  ( 0.0000000000000000000, -0.0000000000000000000, -1.000000000000000000 ) ) ;
#2193 = ORIENTED_EDGE ( 'NONE', *, *, #911, .F. ) ;
#2194 = VECTOR ( 'NONE', #1785, 1000.000000000000000 ) ;
#2195 = DIRECTION ( 'NONE',  ( 1.000000000000000000, 0.0000000000000000000, 0.0000000000000000000 ) ) ;
#2196 = AXIS2_PLACEMENT_3D ( 'NONE', #642, #1037, #1637 ) ;
#2197 = EDGE_LOOP ( 'NONE', ( #1071, #2064, #964, #1896 ) ) ;
#2198 = EDGE_CURVE ( 'NONE', #1967, #1830, #718, .T. ) ;
#2199 = LINE ( 'NONE', #1748, #245 ) ;
#2200 = ADVANCED_FACE ( 'NONE', ( #2602 ), #1802, .F. ) ;
#2201 = ORIENTED_EDGE ( 'NONE', *, *, #1099, .T. ) ;
#2202 = DIRECTION ( 'NONE',  ( 1.000000000000000000, 0.0000000000000000000, 0.0000000000000000000 ) ) ;
#2203 = CC_DESIGN_DATE_AND_TIME_ASSIGNMENT ( #2056, #338, ( #1260 ) ) ;
#2204 = VERTEX_POINT ( 'NONE', #577 ) ;
#2205 = CARTESIAN_POINT ( 'NONE',  ( -8.424621202458750300, -2.500000000000000000, 152.4000000000000100 ) ) ;
#2206 = CARTESIAN_POINT ( 'NONE',  ( -10.00000000000000000, 8.250000000000000000, 152.4000000000000100 ) ) ;
#2207 = DIRECTION ( 'NONE',  ( 0.7071067811865474600, -0.7071067811865476800, 0.0000000000000000000 ) ) ;
#2208 = EDGE_LOOP ( 'NONE', ( #576, #1798, #1233, #1252 ) ) ;
#2209 = CARTESIAN_POINT ( 'NONE',  ( -7.071067811865473700, -5.603553390593270400, 152.4000000000000100 ) ) ;
#2210 = ORIENTED_EDGE ( 'NONE', *, *, #2374, .T. ) ;
#2211 = DIRECTION ( 'NONE',  ( -1.000000000000000000, 0.0000000000000000000, 0.0000000000000000000 ) ) ;
#2212 = EDGE_LOOP ( 'NONE', ( #1383, #1490, #1346, #985 ) ) ;
#2213 = DIRECTION ( 'NONE',  ( -0.0000000000000000000, -0.0000000000000000000, -1.000000000000000000 ) ) ;
#2214 = CALENDAR_DATE ( 2023, 15, 9 ) ;
#2215 = DIRECTION ( 'NONE',  ( 0.0000000000000000000, 0.0000000000000000000, 1.000000000000000000 ) ) ;
#2216 = EDGE_CURVE ( 'NONE', #2014, #212, #172, .T. ) ;
#2217 = CARTESIAN_POINT ( 'NONE',  ( 3.011165235168160600, 4.478679656440356800, 152.4000000000000100 ) ) ;
#2218 = CARTESIAN_POINT ( 'NONE',  ( 3.000000000000000900, 7.924621202458751200, -152.4000000000000100 ) ) ;
#2219 = AXIS2_PLACEMENT_3D ( 'NONE', #1986, #145, #2174 ) ;
#2220 = EDGE_CURVE ( 'NONE', #667, #937, #714, .T. ) ;
#2221 = DIRECTION ( 'NONE',  ( 1.000000000000000000, 2.924200878718996700E-015, 0.0000000000000000000 ) ) ;
#2222 = FACE_OUTER_BOUND ( 'NONE', #437, .T. ) ;
#2223 = VECTOR ( 'NONE', #1200, 1000.000000000000000 ) ;
#2224 = DIRECTION ( 'NONE',  ( 1.000000000000000000, 0.0000000000000000000, 0.0000000000000000000 ) ) ;
#2225 = CARTESIAN_POINT ( 'NONE',  ( -8.424621202458750300, -3.000000000000001300, 152.4000000000000100 ) ) ;
#2226 = EDGE_LOOP ( 'NONE', ( #1614, #665, #488, #2047 ) ) ;
#2227 = CYLINDRICAL_SURFACE ( 'NONE', #2239, 1.749999999999999800 ) ;
#2228 = DIRECTION ( 'NONE',  ( 1.000000000000000000, 0.0000000000000000000, 0.0000000000000000000 ) ) ;
#2229 = ORIENTED_EDGE ( 'NONE', *, *, #561, .F. ) ;
#2230 = CARTESIAN_POINT ( 'NONE',  ( 6.599999999999996100, -0.8898448916085081000, -152.4000000000000100 ) ) ;
#2231 = LINE ( 'NONE', #738, #2101 ) ;
#2232 = CARTESIAN_POINT ( 'NONE',  ( 5.603553390593272200, -7.071067811865475500, 152.4000000000000100 ) ) ;
#2233 = EDGE_LOOP ( 'NONE', ( #1314, #1041, #1960, #2035 ) ) ;
#2234 = CYLINDRICAL_SURFACE ( 'NONE', #646, 1.749999999999999800 ) ;
#2235 = DIRECTION ( 'NONE',  ( -0.0000000000000000000, 0.0000000000000000000, -1.000000000000000000 ) ) ;
#2236 = ORIENTED_EDGE ( 'NONE', *, *, #1578, .F. ) ;
#2237 = CARTESIAN_POINT ( 'NONE',  ( -2.500000000000000000, -8.424621202458752100, 152.4000000000000100 ) ) ;
#2238 = FACE_OUTER_BOUND ( 'NONE', #1364, .T. ) ;
#2239 = AXIS2_PLACEMENT_3D ( 'NONE', #2287, #270, #1286 ) ;
#2240 = CARTESIAN_POINT ( 'NONE',  ( -7.924621202458749500, -3.000000000000001300, 152.4000000000000100 ) ) ;
#2241 = DIRECTION ( 'NONE',  ( -0.0000000000000000000, -0.0000000000000000000, -1.000000000000000000 ) ) ;
#2242 = ORIENTED_EDGE ( 'NONE', *, *, #1816, .F. ) ;
#2243 = EDGE_CURVE ( 'NONE', #1508, #532, #454, .T. ) ;
#2244 = DIRECTION ( 'NONE',  ( -1.000000000000000000, 0.0000000000000000000, 0.0000000000000000000 ) ) ;
#2245 = EDGE_LOOP ( 'NONE', ( #1307, #2176, #839, #1630 ) ) ;
#2246 = DIRECTION ( 'NONE',  ( 1.000000000000000000, 0.0000000000000000000, 0.0000000000000000000 ) ) ;
#2247 = DIRECTION ( 'NONE',  ( 0.0000000000000000000, -0.0000000000000000000, 1.000000000000000000 ) ) ;
#2248 = ORIENTED_EDGE ( 'NONE', *, *, #453, .F. ) ;
#2249 = VERTEX_POINT ( 'NONE', #1427 ) ;
#2250 = CARTESIAN_POINT ( 'NONE',  ( 10.00000000000000000, -8.250000000000000000, 152.4000000000000100 ) ) ;
#2251 = ORIENTED_EDGE ( 'NONE', *, *, #1414, .F. ) ;
#2252 = CARTESIAN_POINT ( 'NONE',  ( -2.499999999999999600, -8.424621202458752100, 152.4000000000000100 ) ) ;
#2253 = DIRECTION ( 'NONE',  ( -1.000000000000000000, -3.304235192336776500E-016, 0.0000000000000000000 ) ) ;
#2254 = DIRECTION ( 'NONE',  ( -1.000000000000000000, 4.873668131198272900E-016, 0.0000000000000000000 ) ) ;
#2255 = DIRECTION ( 'NONE',  ( -3.304235192336776500E-016, -1.000000000000000000, 0.0000000000000000000 ) ) ;
#2256 = EDGE_CURVE ( 'NONE', #469, #2204, #2265, .T. ) ;
#2257 = AXIS2_PLACEMENT_3D ( 'NONE', #1434, #2215, #1842 ) ;
#2258 = LINE ( 'NONE', #1556, #2563 ) ;
#2259 = VECTOR ( 'NONE', #676, 1000.000000000000000 ) ;
#2260 = EDGE_CURVE ( 'NONE', #1516, #1342, #1889, .T. ) ;
#2261 = DIRECTION ( 'NONE',  ( -1.000000000000000000, 0.0000000000000000000, 0.0000000000000000000 ) ) ;
#2262 = EDGE_LOOP ( 'NONE', ( #1225, #765, #343, #2482 ) ) ;
#2263 = CARTESIAN_POINT ( 'NONE',  ( 5.249999999999997300, -7.424621202458749500, -152.4000000000000100 ) ) ;
#2264 = CARTESIAN_POINT ( 'NONE',  ( -10.00000000000000000, 3.000000000000001300, 152.4000000000000100 ) ) ;
#2265 = CIRCLE ( 'NONE', #1895, 1.749999999999999800 ) ;
#2266 = CARTESIAN_POINT ( 'NONE',  ( -7.071067811865473700, 5.603553390593270400, -152.4000000000000100 ) ) ;
#2267 = EDGE_LOOP ( 'NONE', ( #1812, #703 ) ) ;
#2268 = FACE_OUTER_BOUND ( 'NONE', #793, .T. ) ;
#2269 = CARTESIAN_POINT ( 'NONE',  ( 7.071067811865473700, -5.603553390593270400, 152.4000000000000100 ) ) ;
#2270 = EDGE_LOOP ( 'NONE', ( #1417, #373, #825, #491 ) ) ;
#2271 = DIRECTION ( 'NONE',  ( 1.000000000000000000, 0.0000000000000000000, 0.0000000000000000000 ) ) ;
#2272 = VECTOR ( 'NONE', #1719, 1000.000000000000000 ) ;
#2273 = DIRECTION ( 'NONE',  ( 3.304235192336776000E-016, -1.000000000000000000, 0.0000000000000000000 ) ) ;
#2274 = VERTEX_POINT ( 'NONE', #238 ) ;
#2275 = EDGE_CURVE ( 'NONE', #1966, #653, #1312, .T. ) ;
#2276 = DIRECTION ( 'NONE',  ( 0.0000000000000000000, -0.0000000000000000000, 1.000000000000000000 ) ) ;
#2277 = ORIENTED_EDGE ( 'NONE', *, *, #553, .F. ) ;
#2278 = VERTEX_POINT ( 'NONE', #1001 ) ;
#2279 = DIRECTION ( 'NONE',  ( -0.0000000000000000000, 0.0000000000000000000, -1.000000000000000000 ) ) ;
#2280 = PRODUCT_DEFINITION_SHAPE ( 'NONE', 'NONE',  #1260 ) ;
#2281 = CARTESIAN_POINT ( 'NONE',  ( 9.500000000000000000, -2.500000000000000400, 152.4000000000000100 ) ) ;
#2282 = EDGE_CURVE ( 'NONE', #2157, #550, #2191, .T. ) ;
#2283 = VERTEX_POINT ( 'NONE', #2444 ) ;
#2284 = DIRECTION ( 'NONE',  ( 1.000000000000000000, 0.0000000000000000000, 0.0000000000000000000 ) ) ;
#2285 = VERTEX_POINT ( 'NONE', #1850 ) ;
#2286 = CARTESIAN_POINT ( 'NONE',  ( -10.00000000000000000, -3.000000000000001300, -152.4000000000000100 ) ) ;
#2287 = CARTESIAN_POINT ( 'NONE',  ( 8.250000000000000000, 8.250000000000000000, 152.4000000000000100 ) ) ;
#2288 = DIRECTION ( 'NONE',  ( 8.065639195895844800E-016, -1.000000000000000000, 0.0000000000000000000 ) ) ;
#2289 = VECTOR ( 'NONE', #2431, 1000.000000000000000 ) ;
#2290 = VECTOR ( 'NONE', #625, 1000.000000000000000 ) ;
#2291 = ORIENTED_EDGE ( 'NONE', *, *, #1174, .F. ) ;
#2292 = VECTOR ( 'NONE', #1746, 1000.000000000000000 ) ;
#2293 = CARTESIAN_POINT ( 'NONE',  ( 7.424621202458747700, -5.249999999999995600, 152.4000000000000100 ) ) ;
#2294 = LINE ( 'NONE', #2478, #682 ) ;
#2295 = CARTESIAN_POINT ( 'NONE',  ( 7.924621202458749500, -3.000000000000001300, 152.4000000000000100 ) ) ;
#2296 = CIRCLE ( 'NONE', #2180, 0.5000000000000004400 ) ;
#2297 = DIRECTION ( 'NONE',  ( -0.0000000000000000000, -0.0000000000000000000, -1.000000000000000000 ) ) ;
#2298 = ORIENTED_EDGE ( 'NONE', *, *, #85, .T. ) ;
#2299 = VECTOR ( 'NONE', #1837, 1000.000000000000000 ) ;
#2300 = EDGE_LOOP ( 'NONE', ( #444, #302, #2447, #1316 ) ) ;
#2301 = ADVANCED_FACE ( 'NONE', ( #2130 ), #2069, .T. ) ;
#2302 = LINE ( 'NONE', #1674, #555 ) ;
#2303 = ORIENTED_EDGE ( 'NONE', *, *, #458, .F. ) ;
#2304 = CARTESIAN_POINT ( 'NONE',  ( 2.149999999999999900, 1.284004426264853500E-014, 152.4000000000000100 ) ) ;
#2305 = VERTEX_POINT ( 'NONE', #1864 ) ;
#2306 = EDGE_CURVE ( 'NONE', #83, #1163, #2354, .T. ) ;
#2307 = PLANE ( 'NONE',  #845 ) ;
#2308 = ORIENTED_EDGE ( 'NONE', *, *, #2329, .F. ) ;
#2309 = AXIS2_PLACEMENT_3D ( 'NONE', #2263, #253, #2440 ) ;
#2310 = EDGE_CURVE ( 'NONE', #1501, #371, #1824, .T. ) ;
#2311 = DIRECTION ( 'NONE',  ( 0.7071067811865474600, -0.7071067811865476800, 0.0000000000000000000 ) ) ;
#2312 = ORIENTED_EDGE ( 'NONE', *, *, #539, .F. ) ;
#2313 = DIRECTION ( 'NONE',  ( -0.0000000000000000000, -0.0000000000000000000, -1.000000000000000000 ) ) ;
#2314 = VERTEX_POINT ( 'NONE', #2237 ) ;
#2315 = CARTESIAN_POINT ( 'NONE',  ( 0.0000000000000000000, 0.0000000000000000000, 0.0000000000000000000 ) ) ;
#2316 = ADVANCED_FACE ( 'NONE', ( #806 ), #747, .F. ) ;
#2317 = DIRECTION ( 'NONE',  ( -1.000000000000000000, 0.0000000000000000000, 0.0000000000000000000 ) ) ;
#2318 = DIRECTION ( 'NONE',  ( -1.000000000000000000, 0.0000000000000000000, -0.0000000000000000000 ) ) ;
#2319 = EDGE_CURVE ( 'NONE', #1516, #547, #1731, .T. ) ;
#2320 = EDGE_LOOP ( 'NONE', ( #1326, #1185, #2373, #2038 ) ) ;
#2321 = CARTESIAN_POINT ( 'NONE',  ( -3.000000000000000900, -9.500000000000000000, 152.4000000000000100 ) ) ;
#2322 = VECTOR ( 'NONE', #1070, 1000.000000000000000 ) ;
#2323 = CARTESIAN_POINT ( 'NONE',  ( 7.071067811865473700, -5.603553390593270400, 152.4000000000000100 ) ) ;
#2324 = ORIENTED_EDGE ( 'NONE', *, *, #235, .T. ) ;
#2325 = CARTESIAN_POINT ( 'NONE',  ( -0.8898448916085185400, -3.600000000000000500, -152.4000000000000100 ) ) ;
#2326 = ADVANCED_FACE ( 'NONE', ( #1664 ), #1763, .T. ) ;
#2327 = VECTOR ( 'NONE', #2273, 1000.000000000000000 ) ;
#2328 = CARTESIAN_POINT ( 'NONE',  ( 3.011165235168160600, -4.478679656440357700, 152.4000000000000100 ) ) ;
#2329 = EDGE_CURVE ( 'NONE', #2534, #398, #775, .T. ) ;
#2330 = ORIENTED_EDGE ( 'NONE', *, *, #1997, .T. ) ;
#2331 = LINE ( 'NONE', #1903, #1026 ) ;
#2332 = ORIENTED_EDGE ( 'NONE', *, *, #2518, .T. ) ;
#2333 = VECTOR ( 'NONE', #1740, 1000.000000000000000 ) ;
#2334 = ORIENTED_EDGE ( 'NONE', *, *, #85, .F. ) ;
#2335 = DIRECTION ( 'NONE',  ( 1.000000000000000000, 0.0000000000000000000, 0.0000000000000000000 ) ) ;
#2336 = ORIENTED_EDGE ( 'NONE', *, *, #445, .T. ) ;
#2337 = DIRECTION ( 'NONE',  ( 0.0000000000000000000, -0.0000000000000000000, -1.000000000000000000 ) ) ;
#2338 = ORIENTED_EDGE ( 'NONE', *, *, #1321, .T. ) ;
#2339 = DIRECTION ( 'NONE',  ( 0.0000000000000000000, 0.0000000000000000000, 1.000000000000000000 ) ) ;
#2340 = AXIS2_PLACEMENT_3D ( 'NONE', #1589, #376, #1629 ) ;
#2341 = ADVANCED_FACE ( 'NONE', ( #1596 ), #1482, .F. ) ;
#2342 = EDGE_CURVE ( 'NONE', #595, #1610, #1053, .T. ) ;
#2343 = ORIENTED_EDGE ( 'NONE', *, *, #1718, .F. ) ;
#2344 = APPROVAL ( #938, 'UNSPECIFIED' ) ;
#2345 = ORIENTED_EDGE ( 'NONE', *, *, #486, .T. ) ;
#2346 = DIRECTION ( 'NONE',  ( 0.0000000000000000000, 1.000000000000000000, 0.0000000000000000000 ) ) ;
#2347 = LINE ( 'NONE', #1042, #1658 ) ;
#2348 = LINE ( 'NONE', #183, #1212 ) ;
#2349 = ADVANCED_FACE ( 'NONE', ( #1124 ), #1184, .T. ) ;
#2350 = ORIENTED_EDGE ( 'NONE', *, *, #1086, .F. ) ;
#2351 = VECTOR ( 'NONE', #1183, 1000.000000000000000 ) ;
#2352 = EDGE_CURVE ( 'NONE', #125, #1610, #900, .T. ) ;
#2353 = DIRECTION ( 'NONE',  ( 1.000000000000000000, 0.0000000000000000000, 0.0000000000000000000 ) ) ;
#2354 = CIRCLE ( 'NONE', #1172, 2.999999999999999600 ) ;
#2355 = CARTESIAN_POINT ( 'NONE',  ( -0.8898448916085185400, -6.599999999999999600, 152.4000000000000100 ) ) ;
#2356 = AXIS2_PLACEMENT_3D ( 'NONE', #1932, #907, #1549 ) ;
#2357 = EDGE_CURVE ( 'NONE', #527, #1649, #1216, .T. ) ;
#2358 = LINE ( 'NONE', #2126, #1541 ) ;
#2359 = ORIENTED_EDGE ( 'NONE', *, *, #1877, .T. ) ;
#2360 = LINE ( 'NONE', #1797, #1353 ) ;
#2361 = CARTESIAN_POINT ( 'NONE',  ( 0.0000000000000000000, 3.600000000000000100, 152.4000000000000100 ) ) ;
#2362 = ORIENTED_EDGE ( 'NONE', *, *, #1028, .F. ) ;
#2363 = ADVANCED_FACE ( 'NONE', ( #579 ), #329, .F. ) ;
#2364 = CYLINDRICAL_SURFACE ( 'NONE', #980, 0.5000000000000004400 ) ;
#2365 = CARTESIAN_POINT ( 'NONE',  ( 3.000000000000000900, -10.00000000000000000, 152.4000000000000100 ) ) ;
#2366 = ORIENTED_EDGE ( 'NONE', *, *, #2102, .F. ) ;
#2367 = CARTESIAN_POINT ( 'NONE',  ( -2.499999999999999600, 8.424621202458752100, 152.4000000000000100 ) ) ;
#2368 = VERTEX_POINT ( 'NONE', #2266 ) ;
#2369 = CARTESIAN_POINT ( 'NONE',  ( -9.500000000000000000, -2.500000000000000400, 152.4000000000000100 ) ) ;
#2370 = ORIENTED_EDGE ( 'NONE', *, *, #2342, .F. ) ;
#2371 = AXIS2_PLACEMENT_3D ( 'NONE', #2057, #1844, #1248 ) ;
#2372 = CARTESIAN_POINT ( 'NONE',  ( -9.500000000000000000, 3.000000000000001300, 152.4000000000000100 ) ) ;
#2373 = ORIENTED_EDGE ( 'NONE', *, *, #768, .F. ) ;
#2374 = EDGE_CURVE ( 'NONE', #152, #1356, #269, .T. ) ;
#2375 = DIRECTION ( 'NONE',  ( -0.0000000000000000000, 0.0000000000000000000, -1.000000000000000000 ) ) ;
#2376 = DIRECTION ( 'NONE',  ( -0.7071067811865476800, -0.7071067811865474600, 0.0000000000000000000 ) ) ;
#2377 = CARTESIAN_POINT ( 'NONE',  ( -6.599999999999996100, -0.8898448916085081000, 152.4000000000000100 ) ) ;
#2378 = CIRCLE ( 'NONE', #2419, 0.5000000000000004400 ) ;
#2379 = DIRECTION ( 'NONE',  ( 3.304235192336776500E-016, -1.000000000000000000, 0.0000000000000000000 ) ) ;
#2380 = EDGE_LOOP ( 'NONE', ( #2523, #174, #1933, #2201 ) ) ;
#2381 = CIRCLE ( 'NONE', #2061, 0.5000000000000013300 ) ;
#2382 = ORIENTED_EDGE ( 'NONE', *, *, #2486, .F. ) ;
#2383 = DIRECTION ( 'NONE',  ( -0.0000000000000000000, -0.0000000000000000000, -1.000000000000000000 ) ) ;
#2384 = CARTESIAN_POINT ( 'NONE',  ( -9.500000000000000000, 3.000000000000001300, 152.4000000000000100 ) ) ;
#2385 = CYLINDRICAL_SURFACE ( 'NONE', #1306, 0.5000000000000008900 ) ;
#2386 = EDGE_CURVE ( 'NONE', #314, #1266, #2294, .T. ) ;
#2387 = VERTEX_POINT ( 'NONE', #41 ) ;
#2388 = ADVANCED_FACE ( 'NONE', ( #929 ), #1345, .F. ) ;
#2389 = LINE ( 'NONE', #1213, #1380 ) ;
#2390 = AXIS2_PLACEMENT_3D ( 'NONE', #1453, #2452, #410 ) ;
#2391 = ORIENTED_EDGE ( 'NONE', *, *, #106, .F. ) ;
#2392 = EDGE_CURVE ( 'NONE', #696, #2278, #648, .T. ) ;
#2393 = FACE_OUTER_BOUND ( 'NONE', #2300, .T. ) ;
#2394 = CARTESIAN_POINT ( 'NONE',  ( -3.011165235168160600, 4.478679656440356800, -152.4000000000000100 ) ) ;
#2395 = DIRECTION ( 'NONE',  ( 1.541976423090499200E-015, 1.000000000000000000, 0.0000000000000000000 ) ) ;
#2396 = CARTESIAN_POINT ( 'NONE',  ( -7.924621202458749500, 3.000000000000001300, 152.4000000000000100 ) ) ;
#2397 = VERTEX_POINT ( 'NONE', #52 ) ;
#2398 = CARTESIAN_POINT ( 'NONE',  ( -2.150000000000025200, 1.257674520083185100E-014, 152.4000000000000100 ) ) ;
#2399 = ORIENTED_EDGE ( 'NONE', *, *, #2115, .F. ) ;
#2400 = ORIENTED_EDGE ( 'NONE', *, *, #1372, .T. ) ;
#2401 = ADVANCED_FACE ( 'NONE', ( #510 ), #1846, .F. ) ;
#2402 = EDGE_CURVE ( 'NONE', #386, #111, #1538, .T. ) ;
#2403 = VERTEX_POINT ( 'NONE', #2053 ) ;
#2404 = CARTESIAN_POINT ( 'NONE',  ( 2.500000000000000000, 8.424621202458752100, 152.4000000000000100 ) ) ;
#2405 = PERSON_AND_ORGANIZATION ( #734, #1814 ) ;
#2406 = PLANE ( 'NONE',  #1566 ) ;
#2407 = CARTESIAN_POINT ( 'NONE',  ( 3.000000000000000900, -7.924621202458751200, 152.4000000000000100 ) ) ;
#2408 = CARTESIAN_POINT ( 'NONE',  ( -10.00000000000000000, 3.000000000000001300, -152.4000000000000100 ) ) ;
#2409 = VECTOR ( 'NONE', #1197, 1000.000000000000000 ) ;
#2410 = DIRECTION ( 'NONE',  ( 0.0000000000000000000, -0.0000000000000000000, -1.000000000000000000 ) ) ;
#2411 = FACE_OUTER_BOUND ( 'NONE', #1477, .T. ) ;
#2412 = VERTEX_POINT ( 'NONE', #1025 ) ;
#2413 = VECTOR ( 'NONE', #2114, 1000.000000000000000 ) ;
#2414 = DIRECTION ( 'NONE',  ( -1.000000000000000000, 3.304235192336776000E-016, 0.0000000000000000000 ) ) ;
#2415 = LINE ( 'NONE', #1860, #1978 ) ;
#2416 = DIRECTION ( 'NONE',  ( -0.0000000000000000000, -0.0000000000000000000, -1.000000000000000000 ) ) ;
#2417 = EDGE_LOOP ( 'NONE', ( #2485, #1931, #2175, #752 ) ) ;
#2418 = VECTOR ( 'NONE', #1982, 1000.000000000000000 ) ;
#2419 = AXIS2_PLACEMENT_3D ( 'NONE', #1504, #61, #1488 ) ;
#2420 = EDGE_LOOP ( 'NONE', ( #96, #1977, #1173, #2359 ) ) ;
#2421 = VECTOR ( 'NONE', #1069, 1000.000000000000000 ) ;
#2422 = ORIENTED_EDGE ( 'NONE', *, *, #2402, .F. ) ;
#2423 = CARTESIAN_POINT ( 'NONE',  ( 3.000000000000000900, -8.424621202458752100, 152.4000000000000100 ) ) ;
#2424 = EDGE_CURVE ( 'NONE', #1679, #337, #1442, .T. ) ;
#2425 = ORIENTED_EDGE ( 'NONE', *, *, #1303, .T. ) ;
#2426 = CARTESIAN_POINT ( 'NONE',  ( 3.000000000000000900, 7.924621202458751200, 152.4000000000000100 ) ) ;
#2427 = DIRECTION ( 'NONE',  ( 1.000000000000000000, -3.304235192336776500E-016, 0.0000000000000000000 ) ) ;
#2428 = ORIENTED_EDGE ( 'NONE', *, *, #274, .F. ) ;
#2429 = PLANE ( 'NONE',  #1611 ) ;
#2430 = EDGE_LOOP ( 'NONE', ( #849, #2382, #897, #2110 ) ) ;
#2431 = DIRECTION ( 'NONE',  ( -1.000000000000000000, -3.304235192336776000E-016, 0.0000000000000000000 ) ) ;
#2432 = VERTEX_POINT ( 'NONE', #836 ) ;
#2433 = DIRECTION ( 'NONE',  ( -0.0000000000000000000, 0.0000000000000000000, -1.000000000000000000 ) ) ;
#2434 = EDGE_CURVE ( 'NONE', #1828, #810, #2536, .T. ) ;
#2435 = CARTESIAN_POINT ( 'NONE',  ( 3.011165235168160600, 4.478679656440357700, 152.4000000000000100 ) ) ;
#2436 = AXIS2_PLACEMENT_3D ( 'NONE', #22, #2247, #1008 ) ;
#2437 = EDGE_CURVE ( 'NONE', #2578, #113, #201, .T. ) ;
#2438 = CARTESIAN_POINT ( 'NONE',  ( -3.011165235168160600, -4.478679656440356800, 152.4000000000000100 ) ) ;
#2439 = LINE ( 'NONE', #636, #1913 ) ;
#2440 = DIRECTION ( 'NONE',  ( 1.000000000000000000, 0.0000000000000000000, 0.0000000000000000000 ) ) ;
#2441 = CARTESIAN_POINT ( 'NONE',  ( -7.924621202458747700, -5.249999999999995600, -152.4000000000000100 ) ) ;
#2442 = ORIENTED_EDGE ( 'NONE', *, *, #817, .F. ) ;
#2443 = LINE ( 'NONE', #570, #2351 ) ;
#2444 = CARTESIAN_POINT ( 'NONE',  ( 7.924621202458749500, 3.000000000000001300, -152.4000000000000100 ) ) ;
#2445 = VERTEX_POINT ( 'NONE', #1868 ) ;
#2446 = VECTOR ( 'NONE', #2055, 1000.000000000000000 ) ;
#2447 = ORIENTED_EDGE ( 'NONE', *, *, #1274, .T. ) ;
#2448 = VECTOR ( 'NONE', #1668, 1000.000000000000000 ) ;
#2449 = EDGE_CURVE ( 'NONE', #1125, #205, #2009, .T. ) ;
#2450 = DIRECTION ( 'NONE',  ( 0.0000000000000000000, 0.0000000000000000000, 1.000000000000000000 ) ) ;
#2451 = ORIENTED_EDGE ( 'NONE', *, *, #1722, .T. ) ;
#2452 = DIRECTION ( 'NONE',  ( -0.0000000000000000000, -0.0000000000000000000, -1.000000000000000000 ) ) ;
#2453 = LINE ( 'NONE', #1062, #584 ) ;
#2454 = ORIENTED_EDGE ( 'NONE', *, *, #2183, .F. ) ;
#2455 = DIRECTION ( 'NONE',  ( -1.000000000000000000, 0.0000000000000000000, -0.0000000000000000000 ) ) ;
#2456 = CARTESIAN_POINT ( 'NONE',  ( -5.603553390593272200, 7.071067811865475500, -152.4000000000000100 ) ) ;
#2457 = VERTEX_POINT ( 'NONE', #1060 ) ;
#2458 = EDGE_CURVE ( 'NONE', #1074, #993, #424, .T. ) ;
#2459 = DIRECTION ( 'NONE',  ( -0.0000000000000000000, -0.0000000000000000000, -1.000000000000000000 ) ) ;
#2460 = ORIENTED_EDGE ( 'NONE', *, *, #2128, .F. ) ;
#2461 = DIRECTION ( 'NONE',  ( 0.0000000000000000000, 0.0000000000000000000, -1.000000000000000000 ) ) ;
#2462 = ORIENTED_EDGE ( 'NONE', *, *, #2622, .F. ) ;
#2463 = EDGE_LOOP ( 'NONE', ( #1093, #362, #2116, #2324 ) ) ;
#2464 = DIRECTION ( 'NONE',  ( -0.0000000000000000000, -0.0000000000000000000, -1.000000000000000000 ) ) ;
#2465 = CALENDAR_DATE ( 2023, 15, 9 ) ;
#2466 = DIRECTION ( 'NONE',  ( 0.7071067811865465700, 0.7071067811865484600, 0.0000000000000000000 ) ) ;
#2467 = CARTESIAN_POINT ( 'NONE',  ( 7.424621202458747700, 5.249999999999995600, -152.4000000000000100 ) ) ;
#2468 = EDGE_CURVE ( 'NONE', #337, #119, #1921, .T. ) ;
#2469 = DIRECTION ( 'NONE',  ( -0.0000000000000000000, 0.0000000000000000000, -1.000000000000000000 ) ) ;
#2470 = AXIS2_PLACEMENT_3D ( 'NONE', #2058, #1644, #2043 ) ;
#2471 = FACE_OUTER_BOUND ( 'NONE', #599, .T. ) ;
#2472 = LINE ( 'NONE', #1191, #2223 ) ;
#2473 = CARTESIAN_POINT ( 'NONE',  ( 3.000000000000000900, -10.00000000000000000, -152.4000000000000100 ) ) ;
#2474 = VECTOR ( 'NONE', #1397, 1000.000000000000000 ) ;
#2475 = PLANE ( 'NONE',  #312 ) ;
#2476 = LINE ( 'NONE', #1431, #1146 ) ;
#2477 = VECTOR ( 'NONE', #247, 1000.000000000000000 ) ;
#2478 = CARTESIAN_POINT ( 'NONE',  ( 8.424621202458750300, -2.500000000000000000, 152.4000000000000100 ) ) ;
#2479 = ORIENTED_EDGE ( 'NONE', *, *, #2168, .T. ) ;
#2480 = LINE ( 'NONE', #1609, #485 ) ;
#2481 = DIRECTION ( 'NONE',  ( -0.0000000000000000000, -0.0000000000000000000, -1.000000000000000000 ) ) ;
#2482 = ORIENTED_EDGE ( 'NONE', *, *, #88, .T. ) ;
#2483 = CARTESIAN_POINT ( 'NONE',  ( 8.424621202458750300, -2.500000000000000000, -152.4000000000000100 ) ) ;
#2484 = LINE ( 'NONE', #385, #551 ) ;
#2485 = ORIENTED_EDGE ( 'NONE', *, *, #2177, .T. ) ;
#2486 = EDGE_CURVE ( 'NONE', #937, #2567, #1949, .T. ) ;
#2487 = CARTESIAN_POINT ( 'NONE',  ( 2.500000000000000400, 9.500000000000000000, -152.4000000000000100 ) ) ;
#2488 = AXIS2_PLACEMENT_3D ( 'NONE', #121, #2123, #1111 ) ;
#2489 = EDGE_CURVE ( 'NONE', #354, #1393, #2415, .T. ) ;
#2490 = EDGE_LOOP ( 'NONE', ( #8, #2510, #960, #2579 ) ) ;
#2491 = CARTESIAN_POINT ( 'NONE',  ( -3.000000000000000900, 9.500000000000000000, 152.4000000000000100 ) ) ;
#2492 = DIRECTION ( 'NONE',  ( -0.0000000000000000000, -0.0000000000000000000, -1.000000000000000000 ) ) ;
#2493 = ORIENTED_EDGE ( 'NONE', *, *, #857, .F. ) ;
#2494 = DIRECTION ( 'NONE',  ( -0.0000000000000000000, -0.0000000000000000000, -1.000000000000000000 ) ) ;
#2495 = ADVANCED_FACE ( 'NONE', ( #2508 ), #2475, .F. ) ;
#2496 = DIRECTION ( 'NONE',  ( 3.304235192336776500E-016, -1.000000000000000000, 0.0000000000000000000 ) ) ;
#2497 = VERTEX_POINT ( 'NONE', #1250 ) ;
#2498 = DIRECTION ( 'NONE',  ( 0.0000000000000000000, 0.0000000000000000000, 1.000000000000000000 ) ) ;
#2499 = AXIS2_PLACEMENT_3D ( 'NONE', #877, #2492, #1698 ) ;
#2500 = FACE_OUTER_BOUND ( 'NONE', #2380, .T. ) ;
#2501 = ORIENTED_EDGE ( 'NONE', *, *, #224, .F. ) ;
#2502 = LINE ( 'NONE', #723, #679 ) ;
#2503 = ADVANCED_FACE ( 'NONE', ( #866 ), #2385, .T. ) ;
#2504 = DIRECTION ( 'NONE',  ( 0.0000000000000000000, 0.0000000000000000000, -1.000000000000000000 ) ) ;
#2505 = EDGE_CURVE ( 'NONE', #1605, #398, #357, .T. ) ;
#2506 = EDGE_LOOP ( 'NONE', ( #1867, #184, #1279, #2451 ) ) ;
#2507 = DIRECTION ( 'NONE',  ( -1.000000000000000000, 0.0000000000000000000, 0.0000000000000000000 ) ) ;
#2508 = FACE_OUTER_BOUND ( 'NONE', #658, .T. ) ;
#2509 = CARTESIAN_POINT ( 'NONE',  ( 0.0000000000000000000, 3.600000000000000100, -152.4000000000000100 ) ) ;
#2510 = ORIENTED_EDGE ( 'NONE', *, *, #1497, .F. ) ;
#2511 = LINE ( 'NONE', #1040, #1509 ) ;
#2512 = ORIENTED_EDGE ( 'NONE', *, *, #1646, .F. ) ;
#2513 = FACE_OUTER_BOUND ( 'NONE', #2113, .T. ) ;
#2514 = DIRECTION ( 'NONE',  ( 0.0000000000000000000, -0.0000000000000000000, 1.000000000000000000 ) ) ;
#2515 = AXIS2_PLACEMENT_3D ( 'NONE', #1218, #2235, #438 ) ;
#2516 = ADVANCED_FACE ( 'NONE', ( #1376 ), #861, .F. ) ;
#2517 = ORIENTED_EDGE ( 'NONE', *, *, #2489, .F. ) ;
#2518 = EDGE_CURVE ( 'NONE', #560, #875, #838, .T. ) ;
#2519 = DIRECTION ( 'NONE',  ( -0.0000000000000000000, -0.0000000000000000000, -1.000000000000000000 ) ) ;
#2520 = VERTEX_POINT ( 'NONE', #1689 ) ;
#2521 = AXIS2_PLACEMENT_3D ( 'NONE', #1462, #1880, #2083 ) ;
#2522 = CARTESIAN_POINT ( 'NONE',  ( -8.424621202458750300, 2.500000000000000000, 152.4000000000000100 ) ) ;
#2523 = ORIENTED_EDGE ( 'NONE', *, *, #219, .F. ) ;
#2524 = CARTESIAN_POINT ( 'NONE',  ( 2.499999999999999600, 8.424621202458752100, -152.4000000000000100 ) ) ;
#2525 = EDGE_LOOP ( 'NONE', ( #2190, #710, #732, #1254 ) ) ;
#2526 = COORDINATED_UNIVERSAL_TIME_OFFSET ( 6, 0, .BEHIND. ) ;
#2527 = ADVANCED_FACE ( 'NONE', ( #1857 ), #804, .T. ) ;
#2528 = DIRECTION ( 'NONE',  ( 8.065639195895846800E-016, -1.000000000000000000, 0.0000000000000000000 ) ) ;
#2529 = EDGE_CURVE ( 'NONE', #1163, #29, #1014, .T. ) ;
#2530 = FACE_OUTER_BOUND ( 'NONE', #2430, .T. ) ;
#2531 = APPROVAL_STATUS ( 'not_yet_approved' ) ;
#2532 = FACE_OUTER_BOUND ( 'NONE', #189, .T. ) ;
#2533 = AXIS2_PLACEMENT_3D ( 'NONE', #591, #33, #850 ) ;
#2534 = VERTEX_POINT ( 'NONE', #2090 ) ;
#2535 = LINE ( 'NONE', #2232, #2007 ) ;
#2536 = LINE ( 'NONE', #1268, #2477 ) ;
#2537 = DIRECTION ( 'NONE',  ( -0.0000000000000000000, -0.0000000000000000000, -1.000000000000000000 ) ) ;
#2538 = EDGE_CURVE ( 'NONE', #63, #2314, #40, .T. ) ;
#2539 = ORIENTED_EDGE ( 'NONE', *, *, #308, .F. ) ;
#2540 = CARTESIAN_POINT ( 'NONE',  ( -2.150000000000025200, 1.257674520083185100E-014, -152.4000000000000100 ) ) ;
#2541 = LINE ( 'NONE', #1696, #1600 ) ;
#2542 = ORIENTED_EDGE ( 'NONE', *, *, #31, .F. ) ;
#2543 = VECTOR ( 'NONE', #2455, 1000.000000000000000 ) ;
#2544 = DIRECTION ( 'NONE',  ( 1.000000000000000000, -1.541976423090499000E-015, 0.0000000000000000000 ) ) ;
#2545 = ORIENTED_EDGE ( 'NONE', *, *, #2275, .T. ) ;
#2546 = PLANE ( 'NONE',  #1518 ) ;
#2547 = CARTESIAN_POINT ( 'NONE',  ( -5.249999999999997300, -7.424621202458749500, 152.4000000000000100 ) ) ;
#2548 = CARTESIAN_POINT ( 'NONE',  ( 5.249999999999997300, 7.924621202458751200, 152.4000000000000100 ) ) ;
#2549 = ORIENTED_EDGE ( 'NONE', *, *, #2004, .F. ) ;
#2550 = MECHANICAL_CONTEXT ( 'NONE', #1727, 'mechanical' ) ;
#2551 = AXIS2_PLACEMENT_3D ( 'NONE', #132, #1734, #1759 ) ;
#2552 = DIRECTION ( 'NONE',  ( 0.0000000000000000000, 1.000000000000000000, 0.0000000000000000000 ) ) ;
#2553 = ORIENTED_EDGE ( 'NONE', *, *, #1707, .F. ) ;
#2554 = DIRECTION ( 'NONE',  ( -1.541976423090499200E-015, 1.000000000000000000, -0.0000000000000000000 ) ) ;
#2555 = EDGE_CURVE ( 'NONE', #212, #2432, #830, .T. ) ;
#2556 = ORIENTED_EDGE ( 'NONE', *, *, #780, .F. ) ;
#2557 = ADVANCED_FACE ( 'NONE', ( #2125 ), #290, .F. ) ;
#2558 = CALENDAR_DATE ( 2023, 15, 9 ) ;
#2559 = CARTESIAN_POINT ( 'NONE',  ( 7.924621202458747700, 5.249999999999995600, 152.4000000000000100 ) ) ;
#2560 = CIRCLE ( 'NONE', #1338, 1.749999999999999800 ) ;
#2561 = VECTOR ( 'NONE', #1818, 1000.000000000000000 ) ;
#2562 = DIRECTION ( 'NONE',  ( -0.0000000000000000000, -0.0000000000000000000, -1.000000000000000000 ) ) ;
#2563 = VECTOR ( 'NONE', #1765, 1000.000000000000000 ) ;
#2564 = DIRECTION ( 'NONE',  ( 0.0000000000000000000, -0.0000000000000000000, -1.000000000000000000 ) ) ;
#2565 = VECTOR ( 'NONE', #1601, 1000.000000000000000 ) ;
#2566 = EDGE_CURVE ( 'NONE', #2567, #677, #783, .T. ) ;
#2567 = VERTEX_POINT ( 'NONE', #1078 ) ;
#2568 = DIRECTION ( 'NONE',  ( 1.000000000000000000, 0.0000000000000000000, 0.0000000000000000000 ) ) ;
#2569 = AXIS2_PLACEMENT_3D ( 'NONE', #2080, #893, #678 ) ;
#2570 = FACE_OUTER_BOUND ( 'NONE', #2054, .T. ) ;
#2571 = ORIENTED_EDGE ( 'NONE', *, *, #797, .F. ) ;
#2572 = DIRECTION ( 'NONE',  ( -0.7071067811865484600, 0.7071067811865466800, 0.0000000000000000000 ) ) ;
#2573 = VECTOR ( 'NONE', #995, 1000.000000000000000 ) ;
#2574 = DIRECTION ( 'NONE',  ( 0.0000000000000000000, -1.000000000000000000, 0.0000000000000000000 ) ) ;
#2575 = DIRECTION ( 'NONE',  ( 0.0000000000000000000, -0.0000000000000000000, -1.000000000000000000 ) ) ;
#2576 = ORIENTED_EDGE ( 'NONE', *, *, #445, .F. ) ;
#2577 = VECTOR ( 'NONE', #2072, 1000.000000000000000 ) ;
#2578 = VERTEX_POINT ( 'NONE', #2095 ) ;
#2579 = ORIENTED_EDGE ( 'NONE', *, *, #2282, .T. ) ;
#2580 = CARTESIAN_POINT ( 'NONE',  ( -0.8898448916085185400, 6.599999999999999600, 152.4000000000000100 ) ) ;
#2581 = ADVANCED_FACE ( 'NONE', ( #2570 ), #166, .F. ) ;
#2582 = VERTEX_POINT ( 'NONE', #2304 ) ;
#2583 = EDGE_CURVE ( 'NONE', #939, #1265, #1116, .T. ) ;
#2584 = ORIENTED_EDGE ( 'NONE', *, *, #1632, .T. ) ;
#2585 = AXIS2_PLACEMENT_3D ( 'NONE', #1779, #2537, #1973 ) ;
#2586 = CARTESIAN_POINT ( 'NONE',  ( 8.250000000000000000, 8.250000000000000000, -152.4000000000000100 ) ) ;
#2587 = ORIENTED_EDGE ( 'NONE', *, *, #1448, .F. ) ;
#2588 = CARTESIAN_POINT ( 'NONE',  ( -0.8898448916085185400, -6.599999999999999600, 152.4000000000000100 ) ) ;
#2589 = EDGE_CURVE ( 'NONE', #2412, #560, #86, .T. ) ;
#2590 = CARTESIAN_POINT ( 'NONE',  ( -10.00000000000000000, 3.000000000000001300, 152.4000000000000100 ) ) ;
#2591 = CALENDAR_DATE ( 2023, 15, 9 ) ;
#2592 = CARTESIAN_POINT ( 'NONE',  ( 7.071067811865473700, -5.603553390593270400, 152.4000000000000100 ) ) ;
#2593 = DIRECTION ( 'NONE',  ( -0.0000000000000000000, 0.0000000000000000000, 1.000000000000000000 ) ) ;
#2594 = ADVANCED_FACE ( 'NONE', ( #1305 ), #2364, .T. ) ;
#2595 = DIRECTION ( 'NONE',  ( -0.0000000000000000000, -0.0000000000000000000, -1.000000000000000000 ) ) ;
#2596 = FACE_OUTER_BOUND ( 'NONE', #243, .T. ) ;
#2597 = VECTOR ( 'NONE', #391, 1000.000000000000000 ) ;
#2598 = DIRECTION ( 'NONE',  ( 1.000000000000000000, 0.0000000000000000000, 0.0000000000000000000 ) ) ;
#2599 = ORIENTED_EDGE ( 'NONE', *, *, #293, .F. ) ;
#2600 = PLANE ( 'NONE',  #946 ) ;
#2601 = AXIS2_PLACEMENT_3D ( 'NONE', #399, #2221, #412 ) ;
#2602 = FACE_OUTER_BOUND ( 'NONE', #2147, .T. ) ;
#2603 = EDGE_CURVE ( 'NONE', #532, #2403, #305, .T. ) ;
#2604 = DIRECTION ( 'NONE',  ( -0.0000000000000000000, -0.0000000000000000000, -1.000000000000000000 ) ) ;
#2605 = ORIENTED_EDGE ( 'NONE', *, *, #684, .F. ) ;
#2606 = CIRCLE ( 'NONE', #816, 0.5000000000000013300 ) ;
#2607 = CARTESIAN_POINT ( 'NONE',  ( -3.000000000000000900, 10.00000000000000000, 152.4000000000000100 ) ) ;
#2608 = CC_DESIGN_PERSON_AND_ORGANIZATION_ASSIGNMENT ( #2405, #117, ( #2032 ) ) ;
#2609 = ORIENTED_EDGE ( 'NONE', *, *, #35, .F. ) ;
#2610 = CYLINDRICAL_SURFACE ( 'NONE', #1253, 2.999999999999999100 ) ;
#2611 = CARTESIAN_POINT ( 'NONE',  ( 8.250000000000000000, 10.00000000000000200, 152.4000000000000100 ) ) ;
#2612 = DIRECTION ( 'NONE',  ( 0.0000000000000000000, -0.0000000000000000000, -1.000000000000000000 ) ) ;
#2613 = EDGE_LOOP ( 'NONE', ( #1550, #1298, #1676, #1098 ) ) ;
#2614 = DIRECTION ( 'NONE',  ( -1.000000000000000000, -0.0000000000000000000, -0.0000000000000000000 ) ) ;
#2615 = DIRECTION ( 'NONE',  ( -8.065639195895846800E-016, -1.000000000000000000, 0.0000000000000000000 ) ) ;
#2616 = ORIENTED_EDGE ( 'NONE', *, *, #2051, .F. ) ;
#2617 = DIRECTION ( 'NONE',  ( -1.541976423090499200E-015, 1.000000000000000000, -0.0000000000000000000 ) ) ;
#2618 = VERTEX_POINT ( 'NONE', #1478 ) ;
#2619 = ORIENTED_EDGE ( 'NONE', *, *, #2589, .T. ) ;
#2620 = CARTESIAN_POINT ( 'NONE',  ( 9.500000000000000000, 3.000000000000001300, 152.4000000000000100 ) ) ;
#2621 = DIRECTION ( 'NONE',  ( -2.924200878718997100E-015, 1.000000000000000000, 0.0000000000000000000 ) ) ;
#2622 = EDGE_CURVE ( 'NONE', #2623, #1265, #1007, .T. ) ;
#2623 = VERTEX_POINT ( 'NONE', #67 ) ;
#2624 = CARTESIAN_POINT ( 'NONE',  ( 4.478679656440354200, -3.011165235168150400, -152.4000000000000100 ) ) ;
#2625 = CARTESIAN_POINT ( 'NONE',  ( 5.249999999999997300, -7.424621202458749500, 152.4000000000000100 ) ) ;
#2626 = AXIS2_PLACEMENT_3D ( 'NONE', #397, #1474, #259 ) ;
#2627 = EDGE_CURVE ( 'NONE', #152, #1140, #1142, .T. ) ;
ENDSEC;
END-ISO-10303-21;
