ISO-10303-21;
HEADER;
FILE_DESCRIPTION (( 'STEP AP203' ),
    '1' );
FILE_NAME ('5537T161_T-Slotted Framing.STEP',
    '2023-05-31T14:51:47',
    ( 'Administrator' ),
    ( 'Managed by Terraform' ),
    'SwSTEP 2.0',
    'SolidWorks 2017',
    '' );
FILE_SCHEMA (( 'CONFIG_CONTROL_DESIGN' ));
ENDSEC;

DATA;
#1 = ORIENTED_EDGE ( 'NONE', *, *, #3812, .F. ) ;
#2 = CARTESIAN_POINT ( 'NONE',  ( 0.1525981339200726300, 4.567958795134861000, -1.499999999999999600 ) ) ;
#3 = CARTESIAN_POINT ( 'NONE',  ( -1.980384757729329000, -3.700000000000003300, -1.979895888421108300E-015 ) ) ;
#4 = CARTESIAN_POINT ( 'NONE',  ( -1.980384757729329000, -4.550000000000002500, 0.8203022253684421100 ) ) ;
#5 = CARTESIAN_POINT ( 'NONE',  ( 1.980384757729328500, -1.650000000000003000, -0.8203022253684464400 ) ) ;
#6 = ORIENTED_EDGE ( 'NONE', *, *, #4050, .F. ) ;
#7 = CARTESIAN_POINT ( 'NONE',  ( -1.035533905932737100, 2.049999999999998000, -2.500000000000000400 ) ) ;
#8 = CARTESIAN_POINT ( 'NONE',  ( -0.8203022253684444400, -1.250000000000003100, 1.980384757729327200 ) ) ;
#9 = CARTESIAN_POINT ( 'NONE',  ( -0.1037368625221426200, -5.919615242270885400, 1.980384757729325900 ) ) ;
#10 = CARTESIAN_POINT ( 'NONE',  ( 0.8203022253684454400, 2.349999999999997900, -1.980384757729330100 ) ) ;
#11 = ORIENTED_EDGE ( 'NONE', *, *, #3636, .F. ) ;
#12 = CARTESIAN_POINT ( 'NONE',  ( -2.499999999999998700, -4.200000000000001100, -2.011713145582856100E-015 ) ) ;
#13 = CARTESIAN_POINT ( 'NONE',  ( 2.499999999999998200, -2.850000000000004100, -1.035533905932739800 ) ) ;
#14 = CARTESIAN_POINT ( 'NONE',  ( 1.169396214691686500, -5.703154309543067200, 1.865556251165291700 ) ) ;
#15 = CARTESIAN_POINT ( 'NONE',  ( 0.8203022253684454400, 0.7499999999999973400, -1.980384757729330100 ) ) ;
#16 = CARTESIAN_POINT ( 'NONE',  ( 0.0000000000000000000, -1.500000000000003100, -1.980384757729330500 ) ) ;
#17 = DIRECTION ( 'NONE',  ( 0.0000000000000000000, -0.7071067811865463500, -0.7071067811865487900 ) ) ;
#18 = B_SPLINE_CURVE_WITH_KNOTS ( 'NONE', 3,
 ( #1252, #55, #455, #2496, #2139, #3359, #3290, #4524 ),
 .UNSPECIFIED., .F., .F.,
 ( 4, 2, 2, 4 ),
 ( 2.544365555432970300E-007, 0.0004475380576734583900, 0.0008948216787913735500, 0.001789388921027204200 ),
 .UNSPECIFIED. ) ;
#19 = CARTESIAN_POINT ( 'NONE',  ( -2.425271854633429100E-016, -3.500000000000003600, 1.980384757729327200 ) ) ;
#20 = DIRECTION ( 'NONE',  ( -2.891205793294678300E-016, 0.0000000000000000000, -1.000000000000000000 ) ) ;
#21 = CARTESIAN_POINT ( 'NONE',  ( -1.980384757729329000, -4.450000000000002800, 0.8203022253684421100 ) ) ;
#22 = CARTESIAN_POINT ( 'NONE',  ( 1.980384757729329000, -0.2000000000000022600, -1.494841517494422500E-015 ) ) ;
#23 = AXIS2_PLACEMENT_3D ( 'NONE', #1246, #3283, #4072 ) ;
#24 = CARTESIAN_POINT ( 'NONE',  ( -1.980384757729329000, -0.5500000000000036000, -0.8203022253684462100 ) ) ;
#25 = CARTESIAN_POINT ( 'NONE',  ( -1.980384757729329000, -4.500000000000003600, -1.979895888421108300E-015 ) ) ;
#26 = CARTESIAN_POINT ( 'NONE',  ( -0.8203022253684444400, 0.3499999999999970400, 1.980384757729327200 ) ) ;
#27 = CARTESIAN_POINT ( 'NONE',  ( -0.6216301860288302400, -0.4685993479184148400, 1.940469744672754600 ) ) ;
#28 = VECTOR ( 'NONE', #3785, 1000.000000000000100 ) ;
#29 = CARTESIAN_POINT ( 'NONE',  ( 0.0000000000000000000, 4.799999999999997200, 8.673617379884030500E-016 ) ) ;
#30 = CARTESIAN_POINT ( 'NONE',  ( 0.0000000000000000000, 1.999999999999998200, 0.0000000000000000000 ) ) ;
#31 = CARTESIAN_POINT ( 'NONE',  ( -2.499999999999998700, -1.750000000000004000, -1.035533905932739300 ) ) ;
#32 = CARTESIAN_POINT ( 'NONE',  ( 2.451292141924968700, -5.435089575337848100, 0.2983797656753450200 ) ) ;
#33 = FACE_OUTER_BOUND ( 'NONE', #1808, .T. ) ;
#34 = ORIENTED_EDGE ( 'NONE', *, *, #2012, .F. ) ;
#35 = CARTESIAN_POINT ( 'NONE',  ( 0.0000000000000000000, 1.599999999999997200, -1.980384757729330500 ) ) ;
#36 = CARTESIAN_POINT ( 'NONE',  ( 1.980384757729329000, -2.500000000000003600, -1.494841517494422500E-015 ) ) ;
#37 = CARTESIAN_POINT ( 'NONE',  ( 1.767766952966367800, -4.600000000000004100, 1.767766952966366400 ) ) ;
#38 = CARTESIAN_POINT ( 'NONE',  ( 0.0000000000000000000, -0.7000000000000036200, -1.980384757729330500 ) ) ;
#39 = CLOSED_SHELL ( 'NONE', ( #2479, #1992, #2743, #1390, #4664, #714, #2075, #1295, #600, #4486, #5060, #4033, #5031, #538, #4428, #4270, #3633, #277, #4546, #2868, #3692, #4876, #1965, #3188, #3584, #3661, #1098, #2368, #446, #386, #818, #2393, #4118, #4750, #4801, #3021, #1670, #3964, #791, #2225, #2657, #569, #1124, #1539, #3813, #1939, #4912 ) ) ;
#40 = CYLINDRICAL_SURFACE ( 'NONE', #2379, 2.499999999999998200 ) ;
#41 = CARTESIAN_POINT ( 'NONE',  ( 2.295323121290969900E-012, 1.699999999999909100, -1.980384757729300300 ) ) ;
#42 = CARTESIAN_POINT ( 'NONE',  ( -2.425271854633429100E-016, -2.700000000000003300, 1.980384757729327200 ) ) ;
#43 = EDGE_CURVE ( 'NONE', #1813, #2588, #5277, .T. ) ;
#44 = CARTESIAN_POINT ( 'NONE',  ( 1.400343491548886800, -0.9000000000000023500, -1.400343491548887900 ) ) ;
#45 = CARTESIAN_POINT ( 'NONE',  ( -0.8203022253684441000, -2.250000000000003600, -1.980384757729330500 ) ) ;
#46 = VECTOR ( 'NONE', #2039, 1000.000000000000000 ) ;
#47 = CARTESIAN_POINT ( 'NONE',  ( 1.035533905932738900, -5.950000000000005500, -2.500000000000000400 ) ) ;
#48 = CARTESIAN_POINT ( 'NONE',  ( -1.980384757729329000, -4.550000000000002500, 0.8203022253684421100 ) ) ;
#49 = CARTESIAN_POINT ( 'NONE',  ( -1.035533905932737100, -1.850000000000004500, -2.500000000000000400 ) ) ;
#50 = CARTESIAN_POINT ( 'NONE',  ( -1.400343491548886600, 1.899999999999997200, 1.400343491548884400 ) ) ;
#51 = CARTESIAN_POINT ( 'NONE',  ( 2.499999999999998700, -2.100000000000004500, -1.399389746009179600E-015 ) ) ;
#52 = DIRECTION ( 'NONE',  ( 0.0000000000000000000, -0.0000000000000000000, -1.000000000000000000 ) ) ;
#53 = CARTESIAN_POINT ( 'NONE',  ( -1.400343491548886400, 0.8999999999999971400, -1.400343491548888400 ) ) ;
#54 = CARTESIAN_POINT ( 'NONE',  ( -0.8203022253684444400, 1.249999999999996900, 1.980384757729327200 ) ) ;
#55 = CARTESIAN_POINT ( 'NONE',  ( -0.9336893444275707900, 4.732336059356865300, -1.382802616965769700 ) ) ;
#56 = CARTESIAN_POINT ( 'NONE',  ( -1.400343491548886400, -0.6000000000000033100, -1.400343491548888400 ) ) ;
#57 = ORIENTED_EDGE ( 'NONE', *, *, #5194, .T. ) ;
#58 = CARTESIAN_POINT ( 'NONE',  ( 0.8203022253684436600, -1.850000000000003600, 1.980384757729327600 ) ) ;
#59 = CARTESIAN_POINT ( 'NONE',  ( 1.400343491548886800, -0.1000000000000028600, -1.400343491548887900 ) ) ;
#60 = EDGE_LOOP ( 'NONE', ( #4133, #1502 ) ) ;
#61 = CARTESIAN_POINT ( 'NONE',  ( 0.0000000000000000000, -2.300000000000003400, -1.980384757729330500 ) ) ;
#62 = CARTESIAN_POINT ( 'NONE',  ( -1.767766952966367800, -5.000000000000004400, -1.767766952966370000 ) ) ;
#63 = CARTESIAN_POINT ( 'NONE',  ( 0.0000000000000000000, 4.799999999999998900, 6.195440985631449400E-016 ) ) ;
#64 = ORIENTED_EDGE ( 'NONE', *, *, #755, .F. ) ;
#65 = CARTESIAN_POINT ( 'NONE',  ( 1.767766952966368400, -2.000000000000004400, -1.767766952966369500 ) ) ;
#66 = CARTESIAN_POINT ( 'NONE',  ( 2.499999999999998200, -4.650000000000002100, 1.035533905932736600 ) ) ;
#67 = CARTESIAN_POINT ( 'NONE',  ( -1.035533905932737100, -2.650000000000005200, -2.500000000000000400 ) ) ;
#68 = CARTESIAN_POINT ( 'NONE',  ( 1.767766952966367800, -2.200000000000004200, 1.767766952966366400 ) ) ;
#69 = CARTESIAN_POINT ( 'NONE',  ( -1.062941440877894500, -0.1408760536287299300, 2.112271499046816100 ) ) ;
#70 = EDGE_LOOP ( 'NONE', ( #3587, #5030, #970, #3167 ) ) ;
#71 = CARTESIAN_POINT ( 'NONE',  ( 1.980384757729328500, -1.050000000000002300, 0.8203022253684436600 ) ) ;
#72 = CARTESIAN_POINT ( 'NONE',  ( -2.425271854633429100E-016, 1.299999999999996500, 1.980384757729327200 ) ) ;
#73 = CARTESIAN_POINT ( 'NONE',  ( -0.8203022253684444400, -2.750000000000003100, 1.980384757729327200 ) ) ;
#74 = EDGE_CURVE ( 'NONE', #458, #3686, #4277, .T. ) ;
#75 = CARTESIAN_POINT ( 'NONE',  ( 0.8203022253684455500, -0.7500000000000031100, -1.980384757729330100 ) ) ;
#76 = CARTESIAN_POINT ( 'NONE',  ( -0.8203022253684441000, 0.8499999999999974200, -1.980384757729330500 ) ) ;
#77 = CARTESIAN_POINT ( 'NONE',  ( 0.0000000000000000000, -0.7000000000000036200, -1.980384757729330500 ) ) ;
#78 = CARTESIAN_POINT ( 'NONE',  ( -1.035533905932737100, -6.650000000000004800, -2.500000000000000400 ) ) ;
#79 = ORIENTED_EDGE ( 'NONE', *, *, #3771, .T. ) ;
#80 = CARTESIAN_POINT ( 'NONE',  ( 0.0000000000000000000, -5.600000000000002300, -1.980384757729330500 ) ) ;
#81 = CARTESIAN_POINT ( 'NONE',  ( 1.767766952966367800, -1.400000000000004600, 1.767766952966366400 ) ) ;
#82 = CARTESIAN_POINT ( 'NONE',  ( -2.499999999999998700, -4.250000000000001800, -1.035533905932739300 ) ) ;
#83 = DIRECTION ( 'NONE',  ( -0.0000000000000000000, -1.000000000000000000, -3.097720492815726700E-016 ) ) ;
#84 = CARTESIAN_POINT ( 'NONE',  ( -3.061616997868381700E-016, 1.699999999999996600, 2.499999999999996900 ) ) ;
#85 = CARTESIAN_POINT ( 'NONE',  ( 2.499999999999998700, -5.400000000000002100, -1.399389746009179600E-015 ) ) ;
#86 = CARTESIAN_POINT ( 'NONE',  ( 0.8203022253684454400, 1.549999999999997400, -1.980384757729330100 ) ) ;
#87 = CARTESIAN_POINT ( 'NONE',  ( -2.499999999999998700, -1.050000000000001400, -1.035533905932739300 ) ) ;
#88 = CARTESIAN_POINT ( 'NONE',  ( -1.400343491548886400, -1.400000000000003700, -1.400343491548888400 ) ) ;
#89 = CARTESIAN_POINT ( 'NONE',  ( 1.400343491548886800, 0.7999999999999969400, -1.400343491548887900 ) ) ;
#90 = CARTESIAN_POINT ( 'NONE',  ( 0.0000000000000000000, -2.602085213965210600E-015, -1.980384757729330500 ) ) ;
#91 = AXIS2_PLACEMENT_3D ( 'NONE', #113, #2559, #4988 ) ;
#92 = CARTESIAN_POINT ( 'NONE',  ( -1.980384757729329000, 0.2499999999999967500, -0.8203022253684462100 ) ) ;
#93 = CARTESIAN_POINT ( 'NONE',  ( 1.980384757729329000, 2.199999999999997100, -1.494841517494422500E-015 ) ) ;
#94 = CARTESIAN_POINT ( 'NONE',  ( 0.0000000000000000000, -4.800000000000003400, -1.980384757729330500 ) ) ;
#95 = CARTESIAN_POINT ( 'NONE',  ( -1.400343491548886400, -0.6000000000000033100, -1.400343491548888400 ) ) ;
#96 = VECTOR ( 'NONE', #3045, 1000.000000000000000 ) ;
#97 = CARTESIAN_POINT ( 'NONE',  ( 0.8660254037844402600, 1.999999999999998700, -1.499999999999999800 ) ) ;
#98 = EDGE_CURVE ( 'NONE', #647, #131, #2322, .T. ) ;
#99 = CARTESIAN_POINT ( 'NONE',  ( -1.035533905932737300, 0.04999999999999535400, 2.499999999999996900 ) ) ;
#100 = CARTESIAN_POINT ( 'NONE',  ( -2.069815959657332900, -5.549820016836427800, 1.123345882209452900 ) ) ;
#101 = CARTESIAN_POINT ( 'NONE',  ( -2.499999999999998700, -6.500000000000005300, -2.011713145582856100E-015 ) ) ;
#102 = VECTOR ( 'NONE', #2035, 1000.000000000000000 ) ;
#103 = CARTESIAN_POINT ( 'NONE',  ( -0.4574376970914726400, 1.837052314444371600, 2.172841718164579400 ) ) ;
#104 = CARTESIAN_POINT ( 'NONE',  ( 1.980384757729328500, 1.449999999999996400, 0.8203022253684436600 ) ) ;
#105 = CARTESIAN_POINT ( 'NONE',  ( -1.400343491548886400, 0.9999999999999965600, -1.400343491548888400 ) ) ;
#106 = AXIS2_PLACEMENT_3D ( 'NONE', #1846, #687, #2706 ) ;
#107 = FACE_OUTER_BOUND ( 'NONE', #4408, .T. ) ;
#108 = CARTESIAN_POINT ( 'NONE',  ( 1.767766952966368400, -6.000000000000004400, -1.767766952966369500 ) ) ;
#109 = VERTEX_POINT ( 'NONE', #2924 ) ;
#110 = CARTESIAN_POINT ( 'NONE',  ( 0.8203022253684455500, -5.650000000000003000, -1.980384757729330100 ) ) ;
#111 = CARTESIAN_POINT ( 'NONE',  ( 2.499999999999998700, 1.799999999999998700, -1.399389746009179600E-015 ) ) ;
#112 = CARTESIAN_POINT ( 'NONE',  ( 1.726735189924545100, -2.539966600584122200, 1.125363399684709000 ) ) ;
#113 = CARTESIAN_POINT ( 'NONE',  ( 1.704300128813400600E-015, 0.0000000000000000000, 1.416666666666672100 ) ) ;
#114 = CARTESIAN_POINT ( 'NONE',  ( -2.499999999999998700, -5.050000000000000700, -1.035533905932739300 ) ) ;
#115 = EDGE_LOOP ( 'NONE', ( #4672, #1085, #3202, #422 ) ) ;
#116 = CARTESIAN_POINT ( 'NONE',  ( -2.499999999999998700, 1.499999999999996200, -2.011713145582856100E-015 ) ) ;
#117 = DIRECTION ( 'NONE',  ( 0.0000000000000000000, -1.000000000000000000, 0.0000000000000000000 ) ) ;
#118 = CARTESIAN_POINT ( 'NONE',  ( 2.499999999999998200, -4.450000000000003700, -1.035533905932739800 ) ) ;
#119 = CARTESIAN_POINT ( 'NONE',  ( -2.020520572929263500, 1.768527189993205100, 0.6104887656329384100 ) ) ;
#120 = CARTESIAN_POINT ( 'NONE',  ( -2.425271854633429100E-016, 0.4999999999999970000, 1.980384757729327200 ) ) ;
#121 = ORIENTED_EDGE ( 'NONE', *, *, #1439, .T. ) ;
#122 = CARTESIAN_POINT ( 'NONE',  ( 1.980384757729328500, 0.7499999999999973400, -0.8203022253684465500 ) ) ;
#123 = CARTESIAN_POINT ( 'NONE',  ( -1.035533905932741100, -1.950000000000002000, -2.499999999999996900 ) ) ;
#124 = CARTESIAN_POINT ( 'NONE',  ( -1.980384757729329000, 1.899999999999997200, -1.979895888421108300E-015 ) ) ;
#125 = EDGE_LOOP ( 'NONE', ( #3594, #392, #3206, #651 ) ) ;
#126 = CARTESIAN_POINT ( 'NONE',  ( 1.035533905932738900, -1.950000000000004600, -2.500000000000000400 ) ) ;
#127 = CARTESIAN_POINT ( 'NONE',  ( -0.8203022253684441000, -1.550000000000002700, -1.980384757729330500 ) ) ;
#128 = CARTESIAN_POINT ( 'NONE',  ( -2.425271854633429100E-016, -2.700000000000003300, 1.980384757729327200 ) ) ;
#129 = EDGE_CURVE ( 'NONE', #4231, #4260, #4529, .T. ) ;
#130 = CARTESIAN_POINT ( 'NONE',  ( -1.035533905932737300, 0.04999999999999536100, 2.499999999999996900 ) ) ;
#131 = VERTEX_POINT ( 'NONE', #5150 ) ;
#132 = DIRECTION ( 'NONE',  ( -0.0000000000000000000, -1.000000000000000000, -3.097720492815726700E-016 ) ) ;
#133 = DIRECTION ( 'NONE',  ( 0.0000000000000000000, 0.0000000000000000000, -1.000000000000000000 ) ) ;
#134 = CARTESIAN_POINT ( 'NONE',  ( -1.035533905932737300, 0.8499999999999958700, 2.499999999999996900 ) ) ;
#135 = CARTESIAN_POINT ( 'NONE',  ( 2.352608111180782800, -2.974246775783519100, -0.7826284630003217400 ) ) ;
#136 = MANIFOLD_SOLID_BREP ( 'Boss-Extrude3', #39 ) ;
#137 = CARTESIAN_POINT ( 'NONE',  ( 1.980384757729329000, 2.199999999999997100, -1.494841517494422500E-015 ) ) ;
#138 = CARTESIAN_POINT ( 'NONE',  ( 1.428658187597606500E-015, 0.0000000000000000000, -1.416666666666671200 ) ) ;
#139 = CARTESIAN_POINT ( 'NONE',  ( 0.8203022253684454400, 2.449999999999997100, -1.980384757729330100 ) ) ;
#140 = EDGE_LOOP ( 'NONE', ( #649, #4035, #3973, #5121 ) ) ;
#141 = EDGE_CURVE ( 'NONE', #934, #3277, #3048, .T. ) ;
#142 = ORIENTED_EDGE ( 'NONE', *, *, #1807, .F. ) ;
#143 = CARTESIAN_POINT ( 'NONE',  ( 1.980384757729328500, -0.9500000000000030600, 0.8203022253684436600 ) ) ;
#144 = CARTESIAN_POINT ( 'NONE',  ( -1.400343491548886400, 1.699999999999996600, -1.400343491548888400 ) ) ;
#145 = CARTESIAN_POINT ( 'NONE',  ( 2.499999999999998200, -3.650000000000004400, -1.035533905932739800 ) ) ;
#146 = B_SPLINE_CURVE_WITH_KNOTS ( 'NONE', 3,
 ( #3033, #980, #4291, #2219, #3419, #5043 ),
 .UNSPECIFIED., .F., .F.,
 ( 4, 2, 4 ),
 ( 1.160856030600982800E-017, 0.0006257137274826337800, 0.001251427454965256300 ),
 .UNSPECIFIED. ) ;
#147 = CARTESIAN_POINT ( 'NONE',  ( -1.767766952966368000, -4.000000000000004400, 1.767766952966365800 ) ) ;
#148 = CARTESIAN_POINT ( 'NONE',  ( -1.980384757729329000, -2.200000000000002400, -1.979895888421108300E-015 ) ) ;
#149 = CARTESIAN_POINT ( 'NONE',  ( 0.0000000000000000000, -2.300000000000003400, -1.980384757729330500 ) ) ;
#150 = DIRECTION ( 'NONE',  ( 0.0000000000000000000, 3.106325876339887200E-016, -1.000000000000000000 ) ) ;
#151 = CARTESIAN_POINT ( 'NONE',  ( 1.035533905932738900, -1.250000000000002000, -2.500000000000000400 ) ) ;
#152 = CARTESIAN_POINT ( 'NONE',  ( 2.499999999999998200, 1.849999999999995600, 1.035533905932736600 ) ) ;
#153 = CARTESIAN_POINT ( 'NONE',  ( -2.309446252953067700, -5.581725637423304000, 0.2524904238019173300 ) ) ;
#154 = CYLINDRICAL_SURFACE ( 'NONE', #5126, 2.499999999999998200 ) ;
#155 = CARTESIAN_POINT ( 'NONE',  ( -2.499999999999998700, -4.850000000000005000, 1.035533905932735100 ) ) ;
#156 = DIRECTION ( 'NONE',  ( -0.8660254037844383700, 0.0000000000000000000, 0.5000000000000004400 ) ) ;
#157 = CARTESIAN_POINT ( 'NONE',  ( -1.980384757729329000, 0.2999999999999964400, -1.979895888421108300E-015 ) ) ;
#158 = CARTESIAN_POINT ( 'NONE',  ( 1.400343491548886800, 0.7999999999999969400, -1.400343491548887900 ) ) ;
#159 = VECTOR ( 'NONE', #1620, 1000.000000000000000 ) ;
#160 = CARTESIAN_POINT ( 'NONE',  ( -1.980384757729329000, 1.049999999999996900, 0.8203022253684421100 ) ) ;
#161 = CARTESIAN_POINT ( 'NONE',  ( 3.061616997868381200E-016, 1.999999999999997300, 2.499999999999998200 ) ) ;
#162 = AXIS2_PLACEMENT_3D ( 'NONE', #2791, #2369, #378 ) ;
#163 = CARTESIAN_POINT ( 'NONE',  ( 0.0000000000000000000, 0.09999999999999678600, -1.980384757729330500 ) ) ;
#164 = LINE ( 'NONE', #749, #4764 ) ;
#165 = CARTESIAN_POINT ( 'NONE',  ( -1.035533905932737300, -2.350000000000004100, 2.499999999999996900 ) ) ;
#166 = CARTESIAN_POINT ( 'NONE',  ( -1.400343491548886600, -3.700000000000002800, 1.400343491548884400 ) ) ;
#167 = CARTESIAN_POINT ( 'NONE',  ( -1.400343491548886400, -3.800000000000003400, -1.400343491548888400 ) ) ;
#168 = CARTESIAN_POINT ( 'NONE',  ( -2.499999999999998700, -0.1000000000000046000, -2.011713145582856100E-015 ) ) ;
#169 = CARTESIAN_POINT ( 'NONE',  ( 2.499999999999998700, -3.000000000000001800, -1.399389746009179600E-015 ) ) ;
#170 = CYLINDRICAL_SURFACE ( 'NONE', #3660, 2.499999999999998200 ) ;
#171 = CARTESIAN_POINT ( 'NONE',  ( 0.0000000000000000000, -6.000000000000001800, -2.500000000000000400 ) ) ;
#172 = EDGE_CURVE ( 'NONE', #779, #5226, #2555, .T. ) ;
#173 = CARTESIAN_POINT ( 'NONE',  ( -1.767766952966368000, -4.800000000000005200, 1.767766952966365800 ) ) ;
#174 =( BOUNDED_CURVE ( )  B_SPLINE_CURVE ( 2, ( #1830, #616, #3484, #145, #2229, #1444, #2675, #3836, #4282 ),
 .UNSPECIFIED., .F., .T. ) 
 B_SPLINE_CURVE_WITH_KNOTS ( ( 3, 2, 2, 2, 3 ),
 ( 0.6363636363636364600, 0.6477272727272728200, 0.6590909090909091700, 0.6704545454545454100, 0.6818181818181818800 ),
 .UNSPECIFIED. ) 
 CURVE ( )  GEOMETRIC_REPRESENTATION_ITEM ( )  RATIONAL_B_SPLINE_CURVE ( ( 0.9999999999999992200, 0.9238795325112875200, 1.000000000000000000, 0.9238795325112867400, 1.000000000000000000, 0.9238795325112867400, 1.000000000000000000, 0.9238795325112867400, 1.000000000000000000 ) ) 
 REPRESENTATION_ITEM ( '' )  );
#175 = CARTESIAN_POINT ( 'NONE',  ( -1.767766952966367800, -5.000000000000004400, -1.767766952966370000 ) ) ;
#176 = CARTESIAN_POINT ( 'NONE',  ( -1.767766952966368000, -0.9000000000000014700, 1.767766952966365800 ) ) ;
#177 = CARTESIAN_POINT ( 'NONE',  ( -1.400343491548886600, 1.199999999999997100, 1.400343491548884400 ) ) ;
#178 = CIRCLE ( 'NONE', #280, 2.499999999999998200 ) ;
#179 = CARTESIAN_POINT ( 'NONE',  ( 1.980384757729328500, 1.549999999999997400, -0.8203022253684464400 ) ) ;
#180 = CARTESIAN_POINT ( 'NONE',  ( 0.0000000000000000000, -2.800000000000001600, -2.500000000000000400 ) ) ;
#181 = VERTEX_POINT ( 'NONE', #648 ) ;
#182 = CARTESIAN_POINT ( 'NONE',  ( 0.0000000000000000000, 4.799999999999998900, 6.195440985631449400E-016 ) ) ;
#183 = CARTESIAN_POINT ( 'NONE',  ( -1.767766952966368000, -1.600000000000004100, 1.767766952966365800 ) ) ;
#184 = CARTESIAN_POINT ( 'NONE',  ( 1.035533905932738900, -2.750000000000004400, -2.500000000000000400 ) ) ;
#185 = CARTESIAN_POINT ( 'NONE',  ( -1.980384757729329000, -1.400000000000002800, -1.979895888421108300E-015 ) ) ;
#186 = CARTESIAN_POINT ( 'NONE',  ( 0.8203022253684436600, -1.850000000000003600, 1.980384757729327600 ) ) ;
#187 = ORIENTED_EDGE ( 'NONE', *, *, #2355, .F. ) ;
#188 = CARTESIAN_POINT ( 'NONE',  ( -1.767766952966367800, -3.500000000000001800, -1.767766952966370000 ) ) ;
#189 = CARTESIAN_POINT ( 'NONE',  ( 0.0000000000000000000, -5.716987298107783400, -2.183012701892213900 ) ) ;
#190 = CARTESIAN_POINT ( 'NONE',  ( -1.980384757729329000, -6.250000000000003600, -0.8203022253684462100 ) ) ;
#191 = ORIENTED_EDGE ( 'NONE', *, *, #5067, .T. ) ;
#192 = CARTESIAN_POINT ( 'NONE',  ( 0.0000000000000000000, -6.000000000000003600, 1.899999999999993000 ) ) ;
#193 = CARTESIAN_POINT ( 'NONE',  ( 0.0000000000000000000, -5.600000000000002300, -1.980384757729330500 ) ) ;
#194 = CARTESIAN_POINT ( 'NONE',  ( 1.980384757729328500, -5.750000000000002700, -0.8203022253684464400 ) ) ;
#195 = AXIS2_PLACEMENT_3D ( 'NONE', #4558, #4655, #133 ) ;
#196 = VERTEX_POINT ( 'NONE', #1863 ) ;
#197 = CARTESIAN_POINT ( 'NONE',  ( 1.035533905932738900, -2.750000000000004000, -2.500000000000000400 ) ) ;
#198 = CARTESIAN_POINT ( 'NONE',  ( -2.499999999999998700, -3.350000000000004500, -1.035533905932739300 ) ) ;
#199 = CARTESIAN_POINT ( 'NONE',  ( 1.767766952966367800, 0.09999999999999853500, 1.767766952966366400 ) ) ;
#200 = CARTESIAN_POINT ( 'NONE',  ( 2.499999999999998200, -1.250000000000004700, -1.035533905932739800 ) ) ;
#201 = AXIS2_PLACEMENT_3D ( 'NONE', #4100, #4501, #885 ) ;
#202 = CARTESIAN_POINT ( 'NONE',  ( 1.980384757729328500, -3.350000000000003600, -0.8203022253684465500 ) ) ;
#203 = CARTESIAN_POINT ( 'NONE',  ( 0.8203022253684454400, -1.550000000000004000, -1.980384757729330100 ) ) ;
#204 = EDGE_CURVE ( 'NONE', #2745, #5110, #2329, .T. ) ;
#205 = CARTESIAN_POINT ( 'NONE',  ( 2.499999999999998200, -2.250000000000001300, 1.035533905932736600 ) ) ;
#206 = CARTESIAN_POINT ( 'NONE',  ( -1.035533905932737300, -4.050000000000001600, 2.499999999999996900 ) ) ;
#207 = CARTESIAN_POINT ( 'NONE',  ( -0.7318594372980484800, 4.732917016756803500, 1.500000000000002700 ) ) ;
#208 = CARTESIAN_POINT ( 'NONE',  ( -1.980384757729329000, -6.150000000000003000, 0.8203022253684421100 ) ) ;
#209 = CARTESIAN_POINT ( 'NONE',  ( -2.230358326206156600, -2.760191228237053100, -0.3942910140966835500 ) ) ;
#210 = CARTESIAN_POINT ( 'NONE',  ( -1.603230164106409100, -0.5196152422706671300, 1.162573365231625700 ) ) ;
#211 = CARTESIAN_POINT ( 'NONE',  ( -1.980384757729329000, -6.250000000000003600, -0.8203022253684462100 ) ) ;
#212 = CARTESIAN_POINT ( 'NONE',  ( -1.400343491548886600, -3.700000000000002800, 1.400343491548884400 ) ) ;
#213 = CARTESIAN_POINT ( 'NONE',  ( 0.0000000000000000000, -2.873205080756890100, -2.373205080756887000 ) ) ;
#214 = CARTESIAN_POINT ( 'NONE',  ( 1.035533905932732900, -1.450000000000004400, 2.500000000000000900 ) ) ;
#215 = CARTESIAN_POINT ( 'NONE',  ( 3.061616997868381700E-016, -3.000000000000001800, 2.499999999999996900 ) ) ;
#216 = CARTESIAN_POINT ( 'NONE',  ( -1.767766952966367800, -0.2000000000000040100, -1.767766952966370000 ) ) ;
#217 = CARTESIAN_POINT ( 'NONE',  ( 0.8203022253684436600, 1.249999999999997300, 1.980384757729327600 ) ) ;
#218 = CARTESIAN_POINT ( 'NONE',  ( -0.8203022253684441000, -0.6500000000000030200, -1.980384757729330500 ) ) ;
#219 = LINE ( 'NONE', #4626, #4815 ) ;
#220 = CARTESIAN_POINT ( 'NONE',  ( -1.767766952966367800, -1.900000000000001500, -1.767766952966370000 ) ) ;
#221 = CARTESIAN_POINT ( 'NONE',  ( -0.8660254037844380400, 1.999999999999997800, 1.500000000000002900 ) ) ;
#222 = CARTESIAN_POINT ( 'NONE',  ( -1.035533905932737300, -1.650000000000001500, 2.499999999999996900 ) ) ;
#223 = DIRECTION ( 'NONE',  ( 0.0000000000000000000, 0.0000000000000000000, 1.000000000000000000 ) ) ;
#224 = CIRCLE ( 'NONE', #3703, 5.235456045083371800 ) ;
#225 = CARTESIAN_POINT ( 'NONE',  ( -0.8660254037844380400, 4.799999999999998900, 1.500000000000002900 ) ) ;
#226 = VERTEX_POINT ( 'NONE', #2294 ) ;
#227 = CARTESIAN_POINT ( 'NONE',  ( 0.8203022253684454400, -4.850000000000003200, -1.980384757729330100 ) ) ;
#228 = CARTESIAN_POINT ( 'NONE',  ( 0.0000000000000000000, 4.799999999999998900, 6.195440985631449400E-016 ) ) ;
#229 = CARTESIAN_POINT ( 'NONE',  ( 0.0000000000000000000, 1.999999999999998200, -1.982541115402066100E-015 ) ) ;
#230 = AXIS2_PLACEMENT_3D ( 'NONE', #4378, #4780, #719 ) ;
#231 =( BOUNDED_SURFACE ( )  B_SPLINE_SURFACE ( 1, 2, ( 
 ( #4503, #2857, #2025, #5238, #3270, #3216, #3615, #3670, #356, #754, #2418, #4023, #415, #1178, #2840, #2047, #4868, #4484, #1591, #2442, #3233, #2463, #2478, #1233, #809, #2819, #4427, #2009, #2066, #1253, #5274, #4101, #774, #3632, #4080, #830, #1193, #3251, #2087, #4043, #1649, #4890, #1610, #3691, #4910, #4445, #4852, #5254, #374, #3651, #1212, #4060, #3345, #1312, #2567, #2896, #19, #3372, #886, #3761, #2173, #4930, #1273, #1292, #506, #2535, #4577, #3329, #1330, #3776, #4994, #73, #867, #918, #3309, #902, #1752, #4167, #851, #473, #2519, #4962, #2949, #2915, #4132, #3742, #4593, #4151, #1720, #2157, #4564, #1347, #4182, #491, #1705, #4978, #3728, #1737, #88, #2965, #434, #3709, #4116, #1686, #2140, #2548, #456, #4525, #3360, #4545, #2101, #2122, #38, #4946, #56, #2932, #4237, #946, #537, #5066, #3407, #3060, #577, #3853, #3872, #4661, #4645, #2240, #1438, #2638, #1789, #5009, #157, #2255, #3386, #3444, #120, #522, #4611, #3793, #2655, #2583, #2617, #1806, #2224, #4256, #1363, #2208, #3001, #5049, #177, #985, #3039, #2601, #4199, #104, #1825, #1007, #1417, #4276, #3811, #1380, #1399, #596, #4220, #3019, #1842, #2981, #3462, #4677, #2190, #932, #1770, #4627, #5029, #139, #558 ),
 ( #3424, #967, #3831, #211, #1455, #2273, #630, #3077, #2672, #3479, #3091, #3890, #5102, #613, #2688, #5084, #193, #1024, #4295, #1857, #4695, #401, #1257, #3673, #2806, #5258, #4432, #4468, #2467, #2425, #3638, #2843, #4104, #797, #380, #4084, #3254, #4, #3293, #5278, #1196, #4489, #2824, #813, #2070, #4896, #2880, #4820, #1674, #758, #3655, #2052, #5241, #3276, #4872, #4047, #834, #1614, #339, #3220, #2404, #3695, #1217, #3234, #359, #2481, #777, #419, #2863, #1238, #4506, #1653, #1632, #5225, #3619, #1182, #4450, #2013, #4027, #1596, #4837, #2029, #4857, #2446, #4063, #3313, #4580, #1756, #2126, #3745, #4154, #3764, #855, #1708, #4933, #1315, #1740, #2952, #4965, #4530, #3714, #2092, #1332, #510, #1724, #3376, #2105, #2523, #888, #2571, #44, #2538, #920, #4915, #4567, #2143, #4120, #2160, #4981, #2504, #3780, #2551, #1690, #1350, #22, #1297, #59, #3348, #90, #2901, #439, #2970, #2936, #495, #4185, #2918, #1277, #3332, #461, #4549, #4170, #871, #3362, #3730, #4135, #76, #4949, #476, #906, #160, #1010, #3450, #2586, #5033, #4202, #4241, #2228, #2194, #3410, #2621, #3876, #561, #144, #3859, #3023, #5071, #3064, #5052, #949, #4262, #2603, #581, #1829, #4666, #2660, #4597, #1443 ) ),
 .UNSPECIFIED., .F., .F., .F. ) 
 B_SPLINE_SURFACE_WITH_KNOTS ( ( 2, 2 ),
 ( 3, 2, 2, 2, 2, 2, 2, 2, 2, 2, 2, 2, 2, 2, 2, 2, 2, 2, 2, 2, 2, 2, 2, 2, 2, 2, 2, 2, 2, 2, 2, 2, 2, 2, 2, 2, 2, 2, 2, 2, 2, 2, 2, 2, 2, 2, 2, 2, 2, 2, 2, 2, 2, 2, 2, 2, 2, 2, 2, 2, 2, 2, 2, 2, 2, 2, 2, 2, 2, 2, 2, 2, 2, 2, 2, 2, 2, 2, 2, 2, 2, 2, 2, 2, 2, 2, 2, 2, 3 ),
 ( 0.0000000000000000000, 1.000000000000000000 ),
 ( 0.0000000000000000000, 0.01136363636363636400, 0.02272727272727272800, 0.03409090909090908800, 0.04545454545454545600, 0.05681818181818181600, 0.06818181818181817700, 0.07954545454545454400, 0.09090909090909091200, 0.1022727272727272800, 0.1136363636363636300, 0.1250000000000000000, 0.1363636363636363500, 0.1477272727272727300, 0.1590909090909090900, 0.1704545454545454400, 0.1818181818181818200, 0.1931818181818181800, 0.2045454545454545600, 0.2159090909090909100, 0.2272727272727272700, 0.2386363636363636500, 0.2500000000000000000, 0.2613636363636363500, 0.2727272727272727100, 0.2840909090909091200, 0.2954545454545454700, 0.3068181818181818200, 0.3181818181818181800, 0.3295454545454545300, 0.3409090909090908800, 0.3522727272727272900, 0.3636363636363636500, 0.3750000000000000000, 0.3863636363636363500, 0.3977272727272727100, 0.4090909090909091200, 0.4204545454545454700, 0.4318181818181818200, 0.4431818181818181800, 0.4545454545454545300, 0.4659090909090908800, 0.4772727272727272900, 0.4886363636363636500, 0.5000000000000000000, 0.5113636363636363500, 0.5227272727272727100, 0.5340909090909090600, 0.5454545454545454100, 0.5568181818181817700, 0.5681818181818182300, 0.5795454545454545900, 0.5909090909090909400, 0.6022727272727272900, 0.6136363636363636500, 0.6250000000000000000, 0.6363636363636363500, 0.6477272727272727100, 0.6590909090909090600, 0.6704545454545454100, 0.6818181818181817700, 0.6931818181818182300, 0.7045454545454545900, 0.7159090909090909400, 0.7272727272727272900, 0.7386363636363636500, 0.7500000000000000000, 0.7613636363636363500, 0.7727272727272727100, 0.7840909090909090600, 0.7954545454545454100, 0.8068181818181817700, 0.8181818181818182300, 0.8295454545454545900, 0.8409090909090909400, 0.8522727272727272900, 0.8636363636363636500, 0.8750000000000000000, 0.8863636363636363500, 0.8977272727272727100, 0.9090909090909090600, 0.9204545454545454100, 0.9318181818181817700, 0.9431818181818182300, 0.9545454545454545900, 0.9659090909090909400, 0.9772727272727272900, 0.9886363636363636500, 1.000000000000000000 ),
 .UNSPECIFIED. ) 
 GEOMETRIC_REPRESENTATION_ITEM ( )  RATIONAL_B_SPLINE_SURFACE ( (
 ( 1.000000000000000000, 0.9238795325112867400, 1.000000000000000000, 0.9238795325112867400, 1.000000000000000000, 0.9238795325112867400, 1.000000000000000000, 0.9238795325112867400, 1.000000000000000000, 0.9238795325112867400, 1.000000000000000000, 0.9238795325112867400, 1.000000000000000000, 0.9238795325112867400, 1.000000000000000000, 0.9238795325112867400, 1.000000000000000000, 0.9238795325112867400, 1.000000000000000000, 0.9238795325112867400, 1.000000000000000000, 0.9238795325112867400, 1.000000000000000000, 0.9238795325112867400, 1.000000000000000000, 0.9238795325112867400, 1.000000000000000000, 0.9238795325112867400, 1.000000000000000000, 0.9238795325112867400, 1.000000000000000000, 0.9238795325112867400, 1.000000000000000000, 0.9238795325112867400, 1.000000000000000000, 0.9238795325112867400, 1.000000000000000000, 0.9238795325112867400, 1.000000000000000000, 0.9238795325112867400, 1.000000000000000000, 0.9238795325112867400, 1.000000000000000000, 0.9238795325112867400, 1.000000000000000000, 0.9238795325112867400, 1.000000000000000000, 0.9238795325112867400, 1.000000000000000000, 0.9238795325112867400, 1.000000000000000000, 0.9238795325112867400, 1.000000000000000000, 0.9238795325112867400, 1.000000000000000000, 0.9238795325112867400, 1.000000000000000000, 0.9238795325112867400, 1.000000000000000000, 0.9238795325112867400, 1.000000000000000000, 0.9238795325112867400, 1.000000000000000000, 0.9238795325112867400, 1.000000000000000000, 0.9238795325112867400, 1.000000000000000000, 0.9238795325112867400, 1.000000000000000000, 0.9238795325112867400, 1.000000000000000000, 0.9238795325112867400, 1.000000000000000000, 0.9238795325112867400, 1.000000000000000000, 0.9238795325112867400, 1.000000000000000000, 0.9238795325112867400, 1.000000000000000000, 0.9238795325112867400, 1.000000000000000000, 0.9238795325112867400, 1.000000000000000000, 0.9238795325112867400, 1.000000000000000000, 0.9238795325112867400, 1.000000000000000000, 0.9238795325112867400, 1.000000000000000000, 0.9238795325112867400, 1.000000000000000000, 0.9238795325112867400, 1.000000000000000000, 0.9238795325112867400, 1.000000000000000000, 0.9238795325112867400, 1.000000000000000000, 0.9238795325112867400, 1.000000000000000000, 0.9238795325112867400, 1.000000000000000000, 0.9238795325112867400, 1.000000000000000000, 0.9238795325112867400, 1.000000000000000000, 0.9238795325112867400, 1.000000000000000000, 0.9238795325112867400, 1.000000000000000000, 0.9238795325112867400, 1.000000000000000000, 0.9238795325112867400, 1.000000000000000000, 0.9238795325112867400, 1.000000000000000000, 0.9238795325112867400, 1.000000000000000000, 0.9238795325112867400, 1.000000000000000000, 0.9238795325112867400, 1.000000000000000000, 0.9238795325112867400, 1.000000000000000000, 0.9238795325112867400, 1.000000000000000000, 0.9238795325112867400, 1.000000000000000000, 0.9238795325112867400, 1.000000000000000000, 0.9238795325112867400, 1.000000000000000000, 0.9238795325112867400, 1.000000000000000000, 0.9238795325112867400, 1.000000000000000000, 0.9238795325112867400, 1.000000000000000000, 0.9238795325112867400, 1.000000000000000000, 0.9238795325112867400, 1.000000000000000000, 0.9238795325112867400, 1.000000000000000000, 0.9238795325112867400, 1.000000000000000000, 0.9238795325112867400, 1.000000000000000000, 0.9238795325112867400, 1.000000000000000000, 0.9238795325112867400, 1.000000000000000000, 0.9238795325112867400, 1.000000000000000000, 0.9238795325112867400, 1.000000000000000000, 0.9238795325112867400, 1.000000000000000000, 0.9238795325112867400, 1.000000000000000000, 0.9238795325112867400, 1.000000000000000000, 0.9238795325112867400, 1.000000000000000000, 0.9238795325112867400, 1.000000000000000000, 0.9238795325112867400, 1.000000000000000000, 0.9238795325112867400, 1.000000000000000000, 0.9238795325112867400, 1.000000000000000000, 0.9238795325112867400, 1.000000000000000000, 0.9238795325112867400, 1.000000000000000000, 0.9238795325112867400, 1.000000000000000000),
 ( 1.000000000000000000, 0.9238795325112867400, 1.000000000000000000, 0.9238795325112867400, 1.000000000000000000, 0.9238795325112867400, 1.000000000000000000, 0.9238795325112867400, 1.000000000000000000, 0.9238795325112867400, 1.000000000000000000, 0.9238795325112867400, 1.000000000000000000, 0.9238795325112867400, 1.000000000000000000, 0.9238795325112867400, 1.000000000000000000, 0.9238795325112867400, 1.000000000000000000, 0.9238795325112867400, 1.000000000000000000, 0.9238795325112867400, 1.000000000000000000, 0.9238795325112867400, 1.000000000000000000, 0.9238795325112867400, 1.000000000000000000, 0.9238795325112867400, 1.000000000000000000, 0.9238795325112867400, 1.000000000000000000, 0.9238795325112867400, 1.000000000000000000, 0.9238795325112867400, 1.000000000000000000, 0.9238795325112867400, 1.000000000000000000, 0.9238795325112867400, 1.000000000000000000, 0.9238795325112867400, 1.000000000000000000, 0.9238795325112867400, 1.000000000000000000, 0.9238795325112867400, 1.000000000000000000, 0.9238795325112867400, 1.000000000000000000, 0.9238795325112867400, 1.000000000000000000, 0.9238795325112867400, 1.000000000000000000, 0.9238795325112867400, 1.000000000000000000, 0.9238795325112867400, 1.000000000000000000, 0.9238795325112867400, 1.000000000000000000, 0.9238795325112867400, 1.000000000000000000, 0.9238795325112867400, 1.000000000000000000, 0.9238795325112867400, 1.000000000000000000, 0.9238795325112867400, 1.000000000000000000, 0.9238795325112867400, 1.000000000000000000, 0.9238795325112867400, 1.000000000000000000, 0.9238795325112867400, 1.000000000000000000, 0.9238795325112867400, 1.000000000000000000, 0.9238795325112867400, 1.000000000000000000, 0.9238795325112867400, 1.000000000000000000, 0.9238795325112867400, 1.000000000000000000, 0.9238795325112867400, 1.000000000000000000, 0.9238795325112867400, 1.000000000000000000, 0.9238795325112867400, 1.000000000000000000, 0.9238795325112867400, 1.000000000000000000, 0.9238795325112867400, 1.000000000000000000, 0.9238795325112867400, 1.000000000000000000, 0.9238795325112867400, 1.000000000000000000, 0.9238795325112867400, 1.000000000000000000, 0.9238795325112867400, 1.000000000000000000, 0.9238795325112867400, 1.000000000000000000, 0.9238795325112867400, 1.000000000000000000, 0.9238795325112867400, 1.000000000000000000, 0.9238795325112867400, 1.000000000000000000, 0.9238795325112867400, 1.000000000000000000, 0.9238795325112867400, 1.000000000000000000, 0.9238795325112867400, 1.000000000000000000, 0.9238795325112867400, 1.000000000000000000, 0.9238795325112867400, 1.000000000000000000, 0.9238795325112867400, 1.000000000000000000, 0.9238795325112867400, 1.000000000000000000, 0.9238795325112867400, 1.000000000000000000, 0.9238795325112867400, 1.000000000000000000, 0.9238795325112867400, 1.000000000000000000, 0.9238795325112867400, 1.000000000000000000, 0.9238795325112867400, 1.000000000000000000, 0.9238795325112867400, 1.000000000000000000, 0.9238795325112867400, 1.000000000000000000, 0.9238795325112867400, 1.000000000000000000, 0.9238795325112867400, 1.000000000000000000, 0.9238795325112867400, 1.000000000000000000, 0.9238795325112867400, 1.000000000000000000, 0.9238795325112867400, 1.000000000000000000, 0.9238795325112867400, 1.000000000000000000, 0.9238795325112867400, 1.000000000000000000, 0.9238795325112867400, 1.000000000000000000, 0.9238795325112867400, 1.000000000000000000, 0.9238795325112867400, 1.000000000000000000, 0.9238795325112867400, 1.000000000000000000, 0.9238795325112867400, 1.000000000000000000, 0.9238795325112867400, 1.000000000000000000, 0.9238795325112867400, 1.000000000000000000, 0.9238795325112867400, 1.000000000000000000, 0.9238795325112867400, 1.000000000000000000, 0.9238795325112867400, 1.000000000000000000, 0.9238795325112867400, 1.000000000000000000, 0.9238795325112867400, 1.000000000000000000, 0.9238795325112867400, 1.000000000000000000, 0.9238795325112867400, 1.000000000000000000, 0.9238795325112867400, 1.000000000000000000) ) ) 
 REPRESENTATION_ITEM ( '' )  SURFACE ( )  );
#232 = CARTESIAN_POINT ( 'NONE',  ( 2.499999999999998200, 1.849999999999999400, -1.035533905932739800 ) ) ;
#233 = CARTESIAN_POINT ( 'NONE',  ( -1.035533905932737300, -1.550000000000004500, 2.499999999999996900 ) ) ;
#234 = VECTOR ( 'NONE', #2243, 1000.000000000000000 ) ;
#235 = CARTESIAN_POINT ( 'NONE',  ( -0.8203022253684443300, -0.4500000000000025100, 1.980384757729327200 ) ) ;
#236 = CARTESIAN_POINT ( 'NONE',  ( 1.400343491548886800, -0.8000000000000029300, -1.400343491548887900 ) ) ;
#237 =( BOUNDED_SURFACE ( )  B_SPLINE_SURFACE ( 1, 2, ( 
 ( #2994, #4571, #1747, #1763, #2595, #551, #531, #516, #3804, #3418, #3787, #1304, #4605, #1375, #2577, #4556, #2183, #2149, #1714, #483, #2542, #4621, #3735, #3769, #3381, #925, #2203, #66, #3368, #4971, #1356, #2132, #3353, #4193, #895, #82, #2958, #499, #1340, #4176, #4586, #2166, #3437, #5076, #1466, #979, #1430, #2283, #959, #2665, #188, #3032, #1038, #3489, #639, #5115, #3072, #570, #4704, #3824, #169, #4271, #2249, #3899, #1391, #4232, #4304, #1835, #4687, #3100, #3845, #2218, #2235, #1870, #3457, #205, #4249, #2268, #2698, #1799, #1017, #1819, #220, #4638, #1851, #5042, #5095, #2632, #4673, #1412, #608, #3884, #4654, #5061, #3472, #151, #1449, #4289, #3085, #2682, #2648, #3055, #622, #591, #999, #3865, #4771, #711, #3168, #3986, #3506, #5195, #4722, #1517, #3152, #3933, #1944, #3554, #5145, #4788, #2319, #4317, #1889, #1053, #1960, #5164, #1905, #4740, #2766, #1503, #4354, #1534, #2352, #2370, #289, #273, #3572, #2778, #1111, #3917, #4369, #1127, #4756, #2300, #5179, #1073, #1484, #238, #5130, #1551, #3183, #3538, #2748, #693, #4388, #2712, #3134, #4335, #3968, #308, #3115, #656, #3522, #2731, #256, #675, #1093, #3952, #1927, #2339, #3203, #4838, #1218, #743, #1184, #2053, #728 ),
 ( #402, #4873, #2427, #2793, #4470, #3589, #5227, #4029, #2014, #3255, #1148, #3997, #4064, #1597, #4451, #2864, #326, #1979, #1996, #1634, #3221, #5259, #4013, #2031, #2468, #1566, #778, #1580, #5279, #4402, #1616, #4803, #4858, #2389, #4433, #3604, #360, #3639, #1166, #4821, #5242, #5210, #2826, #3236, #2844, #1197, #4416, #2405, #4048, #2808, #382, #341, #2447, #798, #3656, #759, #3620, #4966, #4490, #1278, #2919, #3696, #1709, #3333, #4917, #4568, #2093, #4085, #1654, #814, #1725, #4934, #1675, #4508, #2539, #1260, #4122, #1299, #4550, #2144, #61, #45, #2937, #2552, #872, #3675, #4136, #477, #4531, #2072, #2127, #836, #1240, #5, #4897, #3349, #2954, #3314, #2525, #462, #4950, #2482, #2902, #4105, #3731, #889, #3746, #1317, #420, #2881, #3278, #4156, #77, #3294, #2505, #24, #441, #2106, #856, #3716, #1691, #1812, #496, #4614, #2196, #2572, #564, #3026, #163, #4648, #5016, #92, #4243, #3363, #4998, #3798, #1775, #3427, #907, #3766, #3838, #1368, #4225, #2643, #2971, #1742, #1758, #973, #2984, #5036, #3781, #1794, #2230, #1333, #543, #1351, #1406, #4171, #1386, #5054, #4632, #4581, #937, #512, #124, #3412, #3377, #4599, #4205, #2161, #2605, #3007, #2623, #952, #4982, #921, #3817 ) ),
 .UNSPECIFIED., .F., .F., .F. ) 
 B_SPLINE_SURFACE_WITH_KNOTS ( ( 2, 2 ),
 ( 3, 2, 2, 2, 2, 2, 2, 2, 2, 2, 2, 2, 2, 2, 2, 2, 2, 2, 2, 2, 2, 2, 2, 2, 2, 2, 2, 2, 2, 2, 2, 2, 2, 2, 2, 2, 2, 2, 2, 2, 2, 2, 2, 2, 2, 2, 2, 2, 2, 2, 2, 2, 2, 2, 2, 2, 2, 2, 2, 2, 2, 2, 2, 2, 2, 2, 2, 2, 2, 2, 2, 2, 2, 2, 2, 2, 2, 2, 2, 2, 2, 2, 2, 2, 2, 2, 2, 2, 3 ),
 ( 0.0000000000000000000, 1.000000000000000000 ),
 ( 0.0000000000000000000, 0.01136363636363636400, 0.02272727272727272800, 0.03409090909090908800, 0.04545454545454545600, 0.05681818181818181600, 0.06818181818181817700, 0.07954545454545454400, 0.09090909090909091200, 0.1022727272727272800, 0.1136363636363636300, 0.1250000000000000000, 0.1363636363636363500, 0.1477272727272727300, 0.1590909090909090900, 0.1704545454545454400, 0.1818181818181818200, 0.1931818181818181800, 0.2045454545454545600, 0.2159090909090909100, 0.2272727272727272700, 0.2386363636363636500, 0.2500000000000000000, 0.2613636363636363500, 0.2727272727272727100, 0.2840909090909091200, 0.2954545454545454700, 0.3068181818181818200, 0.3181818181818181800, 0.3295454545454545300, 0.3409090909090908800, 0.3522727272727272900, 0.3636363636363636500, 0.3750000000000000000, 0.3863636363636363500, 0.3977272727272727100, 0.4090909090909091200, 0.4204545454545454700, 0.4318181818181818200, 0.4431818181818181800, 0.4545454545454545300, 0.4659090909090908800, 0.4772727272727272900, 0.4886363636363636500, 0.5000000000000000000, 0.5113636363636363500, 0.5227272727272727100, 0.5340909090909090600, 0.5454545454545454100, 0.5568181818181817700, 0.5681818181818182300, 0.5795454545454545900, 0.5909090909090909400, 0.6022727272727272900, 0.6136363636363636500, 0.6250000000000000000, 0.6363636363636363500, 0.6477272727272727100, 0.6590909090909090600, 0.6704545454545454100, 0.6818181818181817700, 0.6931818181818182300, 0.7045454545454545900, 0.7159090909090909400, 0.7272727272727272900, 0.7386363636363636500, 0.7500000000000000000, 0.7613636363636363500, 0.7727272727272727100, 0.7840909090909090600, 0.7954545454545454100, 0.8068181818181817700, 0.8181818181818182300, 0.8295454545454545900, 0.8409090909090909400, 0.8522727272727272900, 0.8636363636363636500, 0.8750000000000000000, 0.8863636363636363500, 0.8977272727272727100, 0.9090909090909090600, 0.9204545454545454100, 0.9318181818181817700, 0.9431818181818182300, 0.9545454545454545900, 0.9659090909090909400, 0.9772727272727272900, 0.9886363636363636500, 1.000000000000000000 ),
 .UNSPECIFIED. ) 
 GEOMETRIC_REPRESENTATION_ITEM ( )  RATIONAL_B_SPLINE_SURFACE ( (
 ( 1.000000000000000000, 0.9238795325112867400, 1.000000000000000000, 0.9238795325112867400, 1.000000000000000000, 0.9238795325112867400, 1.000000000000000000, 0.9238795325112867400, 1.000000000000000000, 0.9238795325112867400, 1.000000000000000000, 0.9238795325112867400, 1.000000000000000000, 0.9238795325112867400, 1.000000000000000000, 0.9238795325112867400, 1.000000000000000000, 0.9238795325112867400, 1.000000000000000000, 0.9238795325112867400, 1.000000000000000000, 0.9238795325112867400, 1.000000000000000000, 0.9238795325112867400, 1.000000000000000000, 0.9238795325112867400, 1.000000000000000000, 0.9238795325112867400, 1.000000000000000000, 0.9238795325112867400, 1.000000000000000000, 0.9238795325112867400, 1.000000000000000000, 0.9238795325112867400, 1.000000000000000000, 0.9238795325112867400, 1.000000000000000000, 0.9238795325112867400, 1.000000000000000000, 0.9238795325112867400, 1.000000000000000000, 0.9238795325112867400, 1.000000000000000000, 0.9238795325112867400, 1.000000000000000000, 0.9238795325112867400, 1.000000000000000000, 0.9238795325112867400, 1.000000000000000000, 0.9238795325112867400, 1.000000000000000000, 0.9238795325112867400, 1.000000000000000000, 0.9238795325112867400, 1.000000000000000000, 0.9238795325112867400, 1.000000000000000000, 0.9238795325112867400, 1.000000000000000000, 0.9238795325112867400, 1.000000000000000000, 0.9238795325112867400, 1.000000000000000000, 0.9238795325112867400, 1.000000000000000000, 0.9238795325112867400, 1.000000000000000000, 0.9238795325112867400, 1.000000000000000000, 0.9238795325112867400, 1.000000000000000000, 0.9238795325112867400, 1.000000000000000000, 0.9238795325112867400, 1.000000000000000000, 0.9238795325112867400, 1.000000000000000000, 0.9238795325112867400, 1.000000000000000000, 0.9238795325112867400, 1.000000000000000000, 0.9238795325112867400, 1.000000000000000000, 0.9238795325112867400, 1.000000000000000000, 0.9238795325112867400, 1.000000000000000000, 0.9238795325112867400, 1.000000000000000000, 0.9238795325112867400, 1.000000000000000000, 0.9238795325112867400, 1.000000000000000000, 0.9238795325112867400, 1.000000000000000000, 0.9238795325112867400, 1.000000000000000000, 0.9238795325112867400, 1.000000000000000000, 0.9238795325112867400, 1.000000000000000000, 0.9238795325112867400, 1.000000000000000000, 0.9238795325112867400, 1.000000000000000000, 0.9238795325112867400, 1.000000000000000000, 0.9238795325112867400, 1.000000000000000000, 0.9238795325112867400, 1.000000000000000000, 0.9238795325112867400, 1.000000000000000000, 0.9238795325112867400, 1.000000000000000000, 0.9238795325112867400, 1.000000000000000000, 0.9238795325112867400, 1.000000000000000000, 0.9238795325112867400, 1.000000000000000000, 0.9238795325112867400, 1.000000000000000000, 0.9238795325112867400, 1.000000000000000000, 0.9238795325112867400, 1.000000000000000000, 0.9238795325112867400, 1.000000000000000000, 0.9238795325112867400, 1.000000000000000000, 0.9238795325112867400, 1.000000000000000000, 0.9238795325112867400, 1.000000000000000000, 0.9238795325112867400, 1.000000000000000000, 0.9238795325112867400, 1.000000000000000000, 0.9238795325112867400, 1.000000000000000000, 0.9238795325112867400, 1.000000000000000000, 0.9238795325112867400, 1.000000000000000000, 0.9238795325112867400, 1.000000000000000000, 0.9238795325112867400, 1.000000000000000000, 0.9238795325112867400, 1.000000000000000000, 0.9238795325112867400, 1.000000000000000000, 0.9238795325112867400, 1.000000000000000000, 0.9238795325112867400, 1.000000000000000000, 0.9238795325112867400, 1.000000000000000000, 0.9238795325112867400, 1.000000000000000000, 0.9238795325112867400, 1.000000000000000000, 0.9238795325112867400, 1.000000000000000000, 0.9238795325112867400, 1.000000000000000000, 0.9238795325112867400, 1.000000000000000000, 0.9238795325112867400, 1.000000000000000000, 0.9238795325112867400, 1.000000000000000000, 0.9238795325112867400, 1.000000000000000000, 0.9238795325112867400, 1.000000000000000000),
 ( 1.000000000000000000, 0.9238795325112867400, 1.000000000000000000, 0.9238795325112867400, 1.000000000000000000, 0.9238795325112867400, 1.000000000000000000, 0.9238795325112867400, 1.000000000000000000, 0.9238795325112867400, 1.000000000000000000, 0.9238795325112867400, 1.000000000000000000, 0.9238795325112867400, 1.000000000000000000, 0.9238795325112867400, 1.000000000000000000, 0.9238795325112867400, 1.000000000000000000, 0.9238795325112867400, 1.000000000000000000, 0.9238795325112867400, 1.000000000000000000, 0.9238795325112867400, 1.000000000000000000, 0.9238795325112867400, 1.000000000000000000, 0.9238795325112867400, 1.000000000000000000, 0.9238795325112867400, 1.000000000000000000, 0.9238795325112867400, 1.000000000000000000, 0.9238795325112867400, 1.000000000000000000, 0.9238795325112867400, 1.000000000000000000, 0.9238795325112867400, 1.000000000000000000, 0.9238795325112867400, 1.000000000000000000, 0.9238795325112867400, 1.000000000000000000, 0.9238795325112867400, 1.000000000000000000, 0.9238795325112867400, 1.000000000000000000, 0.9238795325112867400, 1.000000000000000000, 0.9238795325112867400, 1.000000000000000000, 0.9238795325112867400, 1.000000000000000000, 0.9238795325112867400, 1.000000000000000000, 0.9238795325112867400, 1.000000000000000000, 0.9238795325112867400, 1.000000000000000000, 0.9238795325112867400, 1.000000000000000000, 0.9238795325112867400, 1.000000000000000000, 0.9238795325112867400, 1.000000000000000000, 0.9238795325112867400, 1.000000000000000000, 0.9238795325112867400, 1.000000000000000000, 0.9238795325112867400, 1.000000000000000000, 0.9238795325112867400, 1.000000000000000000, 0.9238795325112867400, 1.000000000000000000, 0.9238795325112867400, 1.000000000000000000, 0.9238795325112867400, 1.000000000000000000, 0.9238795325112867400, 1.000000000000000000, 0.9238795325112867400, 1.000000000000000000, 0.9238795325112867400, 1.000000000000000000, 0.9238795325112867400, 1.000000000000000000, 0.9238795325112867400, 1.000000000000000000, 0.9238795325112867400, 1.000000000000000000, 0.9238795325112867400, 1.000000000000000000, 0.9238795325112867400, 1.000000000000000000, 0.9238795325112867400, 1.000000000000000000, 0.9238795325112867400, 1.000000000000000000, 0.9238795325112867400, 1.000000000000000000, 0.9238795325112867400, 1.000000000000000000, 0.9238795325112867400, 1.000000000000000000, 0.9238795325112867400, 1.000000000000000000, 0.9238795325112867400, 1.000000000000000000, 0.9238795325112867400, 1.000000000000000000, 0.9238795325112867400, 1.000000000000000000, 0.9238795325112867400, 1.000000000000000000, 0.9238795325112867400, 1.000000000000000000, 0.9238795325112867400, 1.000000000000000000, 0.9238795325112867400, 1.000000000000000000, 0.9238795325112867400, 1.000000000000000000, 0.9238795325112867400, 1.000000000000000000, 0.9238795325112867400, 1.000000000000000000, 0.9238795325112867400, 1.000000000000000000, 0.9238795325112867400, 1.000000000000000000, 0.9238795325112867400, 1.000000000000000000, 0.9238795325112867400, 1.000000000000000000, 0.9238795325112867400, 1.000000000000000000, 0.9238795325112867400, 1.000000000000000000, 0.9238795325112867400, 1.000000000000000000, 0.9238795325112867400, 1.000000000000000000, 0.9238795325112867400, 1.000000000000000000, 0.9238795325112867400, 1.000000000000000000, 0.9238795325112867400, 1.000000000000000000, 0.9238795325112867400, 1.000000000000000000, 0.9238795325112867400, 1.000000000000000000, 0.9238795325112867400, 1.000000000000000000, 0.9238795325112867400, 1.000000000000000000, 0.9238795325112867400, 1.000000000000000000, 0.9238795325112867400, 1.000000000000000000, 0.9238795325112867400, 1.000000000000000000, 0.9238795325112867400, 1.000000000000000000, 0.9238795325112867400, 1.000000000000000000, 0.9238795325112867400, 1.000000000000000000, 0.9238795325112867400, 1.000000000000000000, 0.9238795325112867400, 1.000000000000000000, 0.9238795325112867400, 1.000000000000000000, 0.9238795325112867400, 1.000000000000000000) ) ) 
 REPRESENTATION_ITEM ( '' )  SURFACE ( )  );
#238 = CARTESIAN_POINT ( 'NONE',  ( -2.499999999999998700, 1.349999999999999000, -1.035533905932739300 ) ) ;
#239 = CARTESIAN_POINT ( 'NONE',  ( -1.767766952966367800, -4.300000000000001600, -1.767766952966370000 ) ) ;
#240 = EDGE_CURVE ( 'NONE', #2652, #4239, #178, .T. ) ;
#241 = ORIENTED_EDGE ( 'NONE', *, *, #1942, .T. ) ;
#242 = CARTESIAN_POINT ( 'NONE',  ( -3.061616997868381700E-016, -2.400000000000001700, 2.499999999999996900 ) ) ;
#243 = DIRECTION ( 'NONE',  ( 0.0000000000000000000, -1.000000000000000000, 0.0000000000000000000 ) ) ;
#244 = CARTESIAN_POINT ( 'NONE',  ( -2.425271854633429100E-016, -2.000000000000002700, 1.980384757729327200 ) ) ;
#245 = CARTESIAN_POINT ( 'NONE',  ( 0.8203022253684454400, -4.050000000000003400, -1.980384757729330100 ) ) ;
#246 = ORIENTED_EDGE ( 'NONE', *, *, #2256, .T. ) ;
#247 = CARTESIAN_POINT ( 'NONE',  ( -1.767766952966368000, -3.200000000000004600, 1.767766952966365800 ) ) ;
#248 = CARTESIAN_POINT ( 'NONE',  ( 1.664386866925748000, 4.732336059356867100, -0.1171973830342281200 ) ) ;
#249 = CARTESIAN_POINT ( 'NONE',  ( -0.8203022253684444400, -5.950000000000005500, 1.980384757729327200 ) ) ;
#250 = CARTESIAN_POINT ( 'NONE',  ( 2.103328828332514400, -2.922004678613944400, 1.211632733365477500 ) ) ;
#251 = ORIENTED_EDGE ( 'NONE', *, *, #43, .T. ) ;
#252 = CARTESIAN_POINT ( 'NONE',  ( -3.061616997868381700E-016, -1.500000000000004000, 2.499999999999996900 ) ) ;
#253 = CARTESIAN_POINT ( 'NONE',  ( -2.425271854633429100E-016, -1.200000000000002200, 1.980384757729327200 ) ) ;
#254 = CARTESIAN_POINT ( 'NONE',  ( -1.400343491548886400, 0.9999999999999965600, -1.400343491548888400 ) ) ;
#255 = ORIENTED_EDGE ( 'NONE', *, *, #4145, .T. ) ;
#256 = CARTESIAN_POINT ( 'NONE',  ( -2.499999999999998700, 2.199999999999998800, -2.011713145582856100E-015 ) ) ;
#257 = CARTESIAN_POINT ( 'NONE',  ( 1.767766952966368400, -2.100000000000001400, -1.767766952966369500 ) ) ;
#258 = DIRECTION ( 'NONE',  ( 0.0000000000000000000, 0.0000000000000000000, 1.000000000000000000 ) ) ;
#259 = CARTESIAN_POINT ( 'NONE',  ( 1.980384757729329000, -5.800000000000003400, -1.494841517494422500E-015 ) ) ;
#260 = CARTESIAN_POINT ( 'NONE',  ( -0.7212799857952862900, -2.848242719362480600, -2.239510510642335200 ) ) ;
#261 = ORIENTED_EDGE ( 'NONE', *, *, #3988, .T. ) ;
#262 = CARTESIAN_POINT ( 'NONE',  ( -1.980384757729329000, -2.150000000000002600, 0.8203022253684421100 ) ) ;
#263 = AXIS2_PLACEMENT_3D ( 'NONE', #1671, #3273, #3693 ) ;
#264 = CARTESIAN_POINT ( 'NONE',  ( -1.544499180092810700, -0.1327662858603939600, -1.809537293282854800 ) ) ;
#265 = CARTESIAN_POINT ( 'NONE',  ( 0.0000000000000000000, -2.000000000000001800, 0.0000000000000000000 ) ) ;
#266 = ORIENTED_EDGE ( 'NONE', *, *, #2151, .F. ) ;
#267 = CARTESIAN_POINT ( 'NONE',  ( -1.679983394887165000, -0.5196152422706666900, 1.056727920582364300 ) ) ;
#268 =( BOUNDED_CURVE ( )  B_SPLINE_CURVE ( 2, ( #1263, #4513, #4456, #2906, #5245, #1283, #1202, #4124, #4052 ),
 .UNSPECIFIED., .F., .F. ) 
 B_SPLINE_CURVE_WITH_KNOTS ( ( 3, 2, 2, 2, 3 ),
 ( 0.09090909090909095300, 0.1022727272727273200, 0.1136363636363637000, 0.1250000000000000600, 0.1363636363636364400 ),
 .UNSPECIFIED. ) 
 CURVE ( )  GEOMETRIC_REPRESENTATION_ITEM ( )  RATIONAL_B_SPLINE_CURVE ( ( 0.9999999999999998900, 0.9238795325112868500, 1.000000000000000000, 0.9238795325112867400, 1.000000000000000000, 0.9238795325112867400, 1.000000000000000000, 0.9238795325112861800, 1.000000000000000700 ) ) 
 REPRESENTATION_ITEM ( '' )  );
#269 = CARTESIAN_POINT ( 'NONE',  ( 1.980384757729328500, 0.5499999999999974900, 0.8203022253684436600 ) ) ;
#270 = CARTESIAN_POINT ( 'NONE',  ( -1.980384757729329000, 1.049999999999996900, -0.8203022253684462100 ) ) ;
#271 = EDGE_CURVE ( 'NONE', #3020, #679, #4816, .T. ) ;
#272 = ORIENTED_EDGE ( 'NONE', *, *, #485, .F. ) ;
#273 = CARTESIAN_POINT ( 'NONE',  ( -1.035533905932737300, 0.7499999999999980000, 2.499999999999996900 ) ) ;
#274 = CARTESIAN_POINT ( 'NONE',  ( 2.499999999999998200, -4.550000000000001600, -1.035533905932739800 ) ) ;
#275 = CARTESIAN_POINT ( 'NONE',  ( 2.499999999999998200, -2.850000000000004100, -1.035533905932739800 ) ) ;
#276 = CARTESIAN_POINT ( 'NONE',  ( 0.0000000000000000000, -2.400000000000003000, -1.980384757729330500 ) ) ;
#277 = ADVANCED_FACE ( 'NONE', ( #3195 ), #5212, .T. ) ;
#278 = CARTESIAN_POINT ( 'NONE',  ( 2.499999999999998700, 0.9999999999999983300, -1.399389746009179600E-015 ) ) ;
#279 = DIRECTION ( 'NONE',  ( 0.0000000000000000000, 3.469446951953616700E-016, -1.000000000000000000 ) ) ;
#280 = AXIS2_PLACEMENT_3D ( 'NONE', #1883, #5139, #2726 ) ;
#281 = CARTESIAN_POINT ( 'NONE',  ( -1.400343491548886600, -4.500000000000003600, 1.400343491548884400 ) ) ;
#282 = CARTESIAN_POINT ( 'NONE',  ( -1.767766952966367800, 1.399999999999995000, -1.767766952966370000 ) ) ;
#283 = CARTESIAN_POINT ( 'NONE',  ( 0.0000000000000000000, -0.1901923788646720000, -2.309807621135329600 ) ) ;
#284 = CARTESIAN_POINT ( 'NONE',  ( -0.8203022253684444400, -5.150000000000003000, 1.980384757729327200 ) ) ;
#285 = CARTESIAN_POINT ( 'NONE',  ( -1.767766952966368000, -4.900000000000001200, 1.767766952966365800 ) ) ;
#286 = FACE_OUTER_BOUND ( 'NONE', #1621, .T. ) ;
#287 = EDGE_LOOP ( 'NONE', ( #3901, #4152, #1044, #3541, #1492, #584, #4802, #2108, #450, #3014, #2711, #2201, #1157 ) ) ;
#288 = CARTESIAN_POINT ( 'NONE',  ( -1.980384757729329000, -0.4500000000000033400, 0.8203022253684421100 ) ) ;
#289 = CARTESIAN_POINT ( 'NONE',  ( -1.767766952966368000, 0.6999999999999984000, 1.767766952966365800 ) ) ;
#290 = CARTESIAN_POINT ( 'NONE',  ( 2.499999999999998200, 0.1499999999999981900, 1.035533905932736600 ) ) ;
#291 = APPLICATION_PROTOCOL_DEFINITION ( 'international standard', 'config_control_design', 1994, #1152 ) ;
#292 = CARTESIAN_POINT ( 'NONE',  ( 1.980384757729328500, -3.450000000000003300, 0.8203022253684436600 ) ) ;
#293 = AXIS2_PLACEMENT_3D ( 'NONE', #4161, #2976, #3398 ) ;
#294 = CARTESIAN_POINT ( 'NONE',  ( 1.767766952966367800, 0.1999999999999961800, 1.767766952966366400 ) ) ;
#295 = CARTESIAN_POINT ( 'NONE',  ( 4.000000000000002700, -2.000000000000001800, 5.999999999999997300 ) ) ;
#296 = VECTOR ( 'NONE', #1732, 1000.000000000000000 ) ;
#297 = CARTESIAN_POINT ( 'NONE',  ( 0.8203022253684454400, -1.650000000000003000, -1.980384757729330100 ) ) ;
#298 = CARTESIAN_POINT ( 'NONE',  ( -0.8203022253684441000, -4.750000000000002700, -1.980384757729330500 ) ) ;
#299 = CARTESIAN_POINT ( 'NONE',  ( -2.425271854633429100E-016, -5.100000000000004100, 1.980384757729327200 ) ) ;
#300 = FACE_OUTER_BOUND ( 'NONE', #4779, .T. ) ;
#301 = CARTESIAN_POINT ( 'NONE',  ( 0.0000000000000000000, 1.999999999999998200, 0.0000000000000000000 ) ) ;
#302 = AXIS2_PLACEMENT_3D ( 'NONE', #3877, #4299, #4681 ) ;
#303 = DIRECTION ( 'NONE',  ( 0.4999999999999997200, 0.0000000000000000000, -0.8660254037844388200 ) ) ;
#304 = ADVANCED_FACE ( 'NONE', ( #500 ), #1349, .F. ) ;
#305 = CARTESIAN_POINT ( 'NONE',  ( 0.0000000000000000000, -0.3000000000000042600, -2.500000000000000400 ) ) ;
#306 = CARTESIAN_POINT ( 'NONE',  ( -1.035533905932737100, -0.3500000000000013700, -2.500000000000000400 ) ) ;
#307 = ORIENTED_EDGE ( 'NONE', *, *, #4754, .F. ) ;
#308 = CARTESIAN_POINT ( 'NONE',  ( 1.035533905932738900, 1.949999999999998600, -2.500000000000000400 ) ) ;
#309 = CARTESIAN_POINT ( 'NONE',  ( 0.0000000000000000000, -0.4000000000000019100, -2.500000000000000400 ) ) ;
#310 = EDGE_CURVE ( 'NONE', #4465, #904, #1014, .T. ) ;
#311 = APPLICATION_CONTEXT ( 'configuration controlled 3d designs of mechanical parts and assemblies' ) ;
#312 = CARTESIAN_POINT ( 'NONE',  ( -0.8203022253684444400, -3.650000000000002600, 1.980384757729327200 ) ) ;
#313 = ORIENTED_EDGE ( 'NONE', *, *, #2597, .F. ) ;
#314 = DIRECTION ( 'NONE',  ( -0.0000000000000000000, 1.000000000000000000, -0.0000000000000000000 ) ) ;
#315 = DIRECTION ( 'NONE',  ( -0.0000000000000000000, -1.000000000000000000, -3.097720492815726700E-016 ) ) ;
#316 = CARTESIAN_POINT ( 'NONE',  ( -0.8203022253684441000, -0.7500000000000023300, -1.980384757729330500 ) ) ;
#317 = ORIENTED_EDGE ( 'NONE', *, *, #1599, .F. ) ;
#318 = DIRECTION ( 'NONE',  ( -0.0000000000000000000, -1.000000000000000000, -3.097720492815726700E-016 ) ) ;
#319 = DIRECTION ( 'NONE',  ( 0.0000000000000000000, -1.000000000000000000, 0.0000000000000000000 ) ) ;
#320 = CARTESIAN_POINT ( 'NONE',  ( 1.400343491548886800, -5.600000000000003200, -1.400343491548887900 ) ) ;
#321 = CARTESIAN_POINT ( 'NONE',  ( 2.245214601531240600, -2.859123946371809700, 0.7419883998381249200 ) ) ;
#322 = CARTESIAN_POINT ( 'NONE',  ( 0.0000000000000000000, 4.799999999999998900, 6.195440985631449400E-016 ) ) ;
#323 = ORIENTED_EDGE ( 'NONE', *, *, #3201, .T. ) ;
#324 = CARTESIAN_POINT ( 'NONE',  ( 2.499999999999998700, -2.200000000000002000, -1.399389746009179600E-015 ) ) ;
#325 = PLANE ( 'NONE',  #4376 ) ;
#326 = CARTESIAN_POINT ( 'NONE',  ( 0.0000000000000000000, -5.500000000000003600, -1.980384757729330500 ) ) ;
#327 = VERTEX_POINT ( 'NONE', #1991 ) ;
#328 = CARTESIAN_POINT ( 'NONE',  ( 0.0000000000000000000, 0.3999999999999984700, -2.500000000000000400 ) ) ;
#329 = CARTESIAN_POINT ( 'NONE',  ( 1.980384757729329000, -4.200000000000002000, -1.494841517494422500E-015 ) ) ;
#330 = CARTESIAN_POINT ( 'NONE',  ( -3.061616997868381700E-016, 0.09999999999999592500, 2.499999999999996900 ) ) ;
#331 = CARTESIAN_POINT ( 'NONE',  ( -1.980384757729329000, 0.1999999999999970700, -1.979895888421108300E-015 ) ) ;
#332 =( BOUNDED_CURVE ( )  B_SPLINE_CURVE ( 2, ( #4893, #123, #2088, #951, #2502, #1629, #4870, #3291, #436 ),
 .UNSPECIFIED., .F., .F. ) 
 B_SPLINE_CURVE_WITH_KNOTS ( ( 3, 2, 2, 2, 3 ),
 ( 0.4545454545454545900, 0.4659090909090909400, 0.4772727272727272900, 0.4886363636363636500, 0.5000000000000000000 ),
 .UNSPECIFIED. ) 
 CURVE ( )  GEOMETRIC_REPRESENTATION_ITEM ( )  RATIONAL_B_SPLINE_CURVE ( ( 0.9999999999999996700, 0.9238795325112870700, 1.000000000000000000, 0.9238795325112867400, 1.000000000000000000, 0.9238795325112867400, 1.000000000000000000, 0.9238795325112867400, 1.000000000000000000 ) ) 
 REPRESENTATION_ITEM ( '' )  );
#333 = CARTESIAN_POINT ( 'NONE',  ( -1.400343491548886400, -3.900000000000003000, -1.400343491548888400 ) ) ;
#334 = CARTESIAN_POINT ( 'NONE',  ( 1.980384757729328500, -4.850000000000004100, -0.8203022253684464400 ) ) ;
#335 = CARTESIAN_POINT ( 'NONE',  ( 2.055653286782536300, -5.849822597341523400, 0.1604452237037980500 ) ) ;
#336 = CARTESIAN_POINT ( 'NONE',  ( 0.0000000000000000000, 0.0000000000000000000, -1.734723475976807100E-015 ) ) ;
#337 = CARTESIAN_POINT ( 'NONE',  ( 1.400343491548886400, -5.000000000000003600, 1.400343491548884800 ) ) ;
#338 = EDGE_CURVE ( 'NONE', #3080, #550, #4332, .T. ) ;
#339 = CARTESIAN_POINT ( 'NONE',  ( 1.400343491548886400, -3.500000000000002700, 1.400343491548884800 ) ) ;
#340 = VECTOR ( 'NONE', #1487, 1000.000000000000000 ) ;
#341 = CARTESIAN_POINT ( 'NONE',  ( -1.980384757729329000, -3.750000000000003100, -0.8203022253684462100 ) ) ;
#342 = CARTESIAN_POINT ( 'NONE',  ( -2.499999999999998700, 1.349999999999999000, -1.035533905932739300 ) ) ;
#343 = CARTESIAN_POINT ( 'NONE',  ( -2.425271854633429100E-016, -3.600000000000002800, 1.980384757729327200 ) ) ;
#344 = CARTESIAN_POINT ( 'NONE',  ( 2.499999999999998200, 0.9499999999999986200, 1.035533905932736600 ) ) ;
#345 = FACE_OUTER_BOUND ( 'NONE', #2884, .T. ) ;
#346 = CARTESIAN_POINT ( 'NONE',  ( 1.704300128813400600E-015, -2.000000000000001800, 1.416666666666672100 ) ) ;
#347 = ORIENTED_EDGE ( 'NONE', *, *, #4725, .F. ) ;
#348 = CARTESIAN_POINT ( 'NONE',  ( -1.980384757729329000, -1.400000000000002800, -1.979895888421108300E-015 ) ) ;
#349 = DIRECTION ( 'NONE',  ( 0.0000000000000000000, 3.469446951953616700E-016, -1.000000000000000000 ) ) ;
#350 = CARTESIAN_POINT ( 'NONE',  ( 2.119898696704873400, -0.3341280964582058500, 0.4664421671981666700 ) ) ;
#351 = FACE_OUTER_BOUND ( 'NONE', #368, .T. ) ;
#352 = EDGE_LOOP ( 'NONE', ( #2707, #1384, #2769, #601 ) ) ;
#353 = CARTESIAN_POINT ( 'NONE',  ( 1.400343491548886800, -1.700000000000002600, -1.400343491548887900 ) ) ;
#354 = CARTESIAN_POINT ( 'NONE',  ( -1.980384757729329000, -3.700000000000003300, -1.979895888421108300E-015 ) ) ;
#355 = CARTESIAN_POINT ( 'NONE',  ( 0.4360514181230612500, -5.732840108548619400, -2.133897467005879900 ) ) ;
#356 = CARTESIAN_POINT ( 'NONE',  ( -2.425271854633429100E-016, -5.900000000000003000, 1.980384757729327200 ) ) ;
#357 = LINE ( 'NONE', #4001, #2625 ) ;
#358 = CARTESIAN_POINT ( 'NONE',  ( -0.8203022253684443300, -5.150000000000004800, 1.980384757729327200 ) ) ;
#359 = CARTESIAN_POINT ( 'NONE',  ( 0.0000000000000000000, -3.200000000000002800, -1.980384757729330500 ) ) ;
#360 = CARTESIAN_POINT ( 'NONE',  ( -1.980384757729329000, -4.500000000000003600, -1.979895888421108300E-015 ) ) ;
#361 = CARTESIAN_POINT ( 'NONE',  ( 1.035533905932736600, 0.04999999999999882300, 2.499999999999997300 ) ) ;
#362 = CIRCLE ( 'NONE', #2795, 4.599999999999998800 ) ;
#363 = CARTESIAN_POINT ( 'NONE',  ( 1.980384757729328500, -1.050000000000002300, 0.8203022253684436600 ) ) ;
#364 = AXIS2_PLACEMENT_3D ( 'NONE', #926, #83, #4144 ) ;
#365 = CARTESIAN_POINT ( 'NONE',  ( 0.0000000000000000000, -3.600000000000001400, -2.500000000000000400 ) ) ;
#366 = CARTESIAN_POINT ( 'NONE',  ( -1.035533905932737100, -0.2500000000000045500, -2.500000000000000400 ) ) ;
#367 = CARTESIAN_POINT ( 'NONE',  ( 1.980384757729328500, -0.2500000000000028300, 0.8203022253684436600 ) ) ;
#368 = EDGE_LOOP ( 'NONE', ( #3458, #187, #3271, #1019 ) ) ;
#369 = CARTESIAN_POINT ( 'NONE',  ( 1.767766952966368400, -0.5000000000000013300, -1.767766952966369500 ) ) ;
#370 = CARTESIAN_POINT ( 'NONE',  ( 1.980384757729329000, -4.200000000000002000, -1.494841517494422500E-015 ) ) ;
#371 = CARTESIAN_POINT ( 'NONE',  ( 1.980384757729328500, -0.9500000000000029500, 0.8203022253684436600 ) ) ;
#372 = CARTESIAN_POINT ( 'NONE',  ( 1.982564803868252400, -2.643952010918853000, -0.8316986006662130400 ) ) ;
#373 = AXIS2_PLACEMENT_3D ( 'NONE', #1872, #3848, #3902 ) ;
#374 = CARTESIAN_POINT ( 'NONE',  ( 0.0000000000000000000, -3.900000000000003500, -1.980384757729330500 ) ) ;
#375 = EDGE_CURVE ( 'NONE', #4891, #4401, #1673, .T. ) ;
#376 = EDGE_LOOP ( 'NONE', ( #2117, #5287, #3856, #4533 ) ) ;
#377 = CARTESIAN_POINT ( 'NONE',  ( -1.732050807568877400, 1.799999999999998700, 3.221629312528355200E-015 ) ) ;
#378 = DIRECTION ( 'NONE',  ( 0.0000000000000000000, 0.0000000000000000000, -1.000000000000000000 ) ) ;
#379 = CARTESIAN_POINT ( 'NONE',  ( 0.8203022253684436600, -5.050000000000002500, 1.980384757729327600 ) ) ;
#380 = CARTESIAN_POINT ( 'NONE',  ( -1.400343491548886400, -4.700000000000002800, -1.400343491548888400 ) ) ;
#381 = ORIENTED_EDGE ( 'NONE', *, *, #3802, .T. ) ;
#382 = CARTESIAN_POINT ( 'NONE',  ( -1.400343491548886400, -3.800000000000003400, -1.400343491548888400 ) ) ;
#383 = CARTESIAN_POINT ( 'NONE',  ( 1.400343491548886800, -4.800000000000004300, -1.400343491548887900 ) ) ;
#384 = AXIS2_PLACEMENT_3D ( 'NONE', #4783, #3180, #689 ) ;
#385 = CARTESIAN_POINT ( 'NONE',  ( -1.400343491548886400, 0.09999999999999766000, -1.400343491548888400 ) ) ;
#386 = ADVANCED_FACE ( 'NONE', ( #2440 ), #2367, .F. ) ;
#387 = DIRECTION ( 'NONE',  ( 0.0000000000000000000, 0.0000000000000000000, -1.000000000000000000 ) ) ;
#388 = ORIENTED_EDGE ( 'NONE', *, *, #4257, .T. ) ;
#389 = DIRECTION ( 'NONE',  ( 0.0000000000000000000, 0.0000000000000000000, 1.000000000000000000 ) ) ;
#390 = CARTESIAN_POINT ( 'NONE',  ( -1.035533905932737100, 1.349999999999995200, -2.500000000000000400 ) ) ;
#391 = CARTESIAN_POINT ( 'NONE',  ( 0.2983540270567187600, -5.830867524910518200, 2.052832202500111300 ) ) ;
#392 = ORIENTED_EDGE ( 'NONE', *, *, #4050, .T. ) ;
#393 = CARTESIAN_POINT ( 'NONE',  ( 1.400343491548886400, -1.900000000000002400, 1.400343491548884800 ) ) ;
#394 = CARTESIAN_POINT ( 'NONE',  ( 1.980384757729328500, -0.05000000000000317400, -0.8203022253684464400 ) ) ;
#395 = CARTESIAN_POINT ( 'NONE',  ( -1.149429382477829200, 4.567309415773134000, 1.009129909835883000 ) ) ;
#396 = B_SPLINE_CURVE_WITH_KNOTS ( 'NONE', 3,
 ( #1577, #1993, #4430, #2011, #4817, #2027 ),
 .UNSPECIFIED., .F., .F.,
 ( 4, 2, 4 ),
 ( 0.001921714757891463500, 0.002370540325883224900, 0.002819365893874986500 ),
 .UNSPECIFIED. ) ;
#397 = DIRECTION ( 'NONE',  ( -0.0000000000000000000, -1.000000000000000000, -3.097720492815726700E-016 ) ) ;
#398 = CARTESIAN_POINT ( 'NONE',  ( 4.000000000000001800, 0.0000000000000000000, 5.999999999999998200 ) ) ;
#399 = CARTESIAN_POINT ( 'NONE',  ( 1.400343491548886800, -4.000000000000003600, -1.400343491548887900 ) ) ;
#400 = VERTEX_POINT ( 'NONE', #617 ) ;
#401 = CARTESIAN_POINT ( 'NONE',  ( -1.980384757729329000, -5.350000000000002300, 0.8203022253684421100 ) ) ;
#402 = CARTESIAN_POINT ( 'NONE',  ( 0.0000000000000000000, -6.300000000000003400, -1.980384757729330500 ) ) ;
#403 = CARTESIAN_POINT ( 'NONE',  ( 0.0000000000000000000, -5.500000000000003600, -1.980384757729330500 ) ) ;
#404 = CARTESIAN_POINT ( 'NONE',  ( -2.425271854633429100E-016, 0.3999999999999975800, 1.980384757729327200 ) ) ;
#405 = DIRECTION ( 'NONE',  ( 0.0000000000000000000, -4.565061778886342900E-016, 1.000000000000000000 ) ) ;
#406 =( BOUNDED_SURFACE ( )  B_SPLINE_SURFACE ( 1, 2, ( 
 ( #3483, #4328, #2311, #5136, #1920, #4345, #2723, #249, #3127, #1084, #3943, #4748, #3581, #2382, #320, #1589, #1936, #4364, #2415, #5203, #2803, #1192, #3979, #284, #299, #4829, #1559, #3613, #2366, #334, #2817, #4041, #4411, #5189, #5237, #2346, #5220, #771, #3213, #5173, #4798, #1544, #4006, #1989, #1955, #3178, #2788, #3629, #3194, #737, #1176, #3598, #354, #3230, #4813, #722, #4021, #2774, #751, #4425, #2007, #4766, #2758, #3161, #705, #1160, #1574, #4782, #3565, #2399, #1142, #1121, #3993, #4380, #4397, #1972, #36, #3289, #5271, #4866, #4114, #2461, #2100, #4908, #2894, #2914, #3708, #3688, #1271, #454, #1666, #4443, #2495, #1684, #2876, #2439, #16, #4461, #4850, #3649, #2837, #4522, #1290, #1646, #827, #1251, #3307, #371, #1230, #2044, #4099, #4927, #431, #4500, #4058, #3248, #1608, #849, #3326, #2085, #866, #1626, #2854, #413, #2517, #394, #2064, #3727, #2023, #5252, #789, #1209, #3268, #807, #3667, #4079, #4482, #4888, #2476, #5291, #3358, #2155, #158, #1440, #1703, #4131, #2257, #4976, #2656, #1025, #3739, #54, #72, #4679, #1328, #3463, #2138, #179, #2673, #3891, #4258, #4960, #5085, #2118, #5068, #614, #3061, #4944, #4576, #1310, #3854, #1827, #1718, #2947, #2564, #3481, #3041 ),
 ( #4166, #1008, #3758, #4543, #578, #3446, #986, #1419, #4662, #4278, #1736, #2547, #4149, #194, #3078, #2533, #2241, #599, #3873, #1843, #2930, #471, #3344, #883, #4562, #490, #900, #2275, #3926, #3494, #3141, #227, #2719, #5170, #3528, #2290, #3108, #3158, #281, #1878, #646, #4763, #2689, #1474, #1456, #1059, #2327, #245, #2343, #2755, #5122, #3123, #4342, #4731, #212, #5103, #2704, #1082, #701, #1895, #683, #662, #3958, #1858, #3513, #5134, #1491, #4308, #2737, #1510, #1102, #3546, #4711, #4325, #3561, #2309, #3938, #1916, #4745, #3906, #1117, #5154, #4296, #4696, #1932, #262, #1522, #3092, #631, #4361, #1046, #2002, #2412, #4795, #3226, #297, #5232, #748, #1171, #1986, #348, #1951, #2019, #1156, #4809, #3609, #2831, #4004, #1556, #4778, #2813, #3626, #5201, #316, #3242, #4438, #2784, #3577, #3175, #2396, #5216, #2434, #2362, #367, #2798, #4423, #766, #3191, #1571, #1188, #3595, #4374, #331, #3209, #4018, #1585, #4826, #4036, #4407, #2377, #3991, #4845, #5246, #5185, #1603, #785, #3645, #3975, #1542, #2771, #718, #1137, #4394, #1968, #733, #2038, #3680, #3261, #2908, #5285, #2488, #4939, #3301, #2059, #2871, #2925, #50, #1640, #407, #4537, #2454, #1224, #1205, #821, #2096, #10, #2113 ) ),
 .UNSPECIFIED., .F., .F., .F. ) 
 B_SPLINE_SURFACE_WITH_KNOTS ( ( 2, 2 ),
 ( 3, 2, 2, 2, 2, 2, 2, 2, 2, 2, 2, 2, 2, 2, 2, 2, 2, 2, 2, 2, 2, 2, 2, 2, 2, 2, 2, 2, 2, 2, 2, 2, 2, 2, 2, 2, 2, 2, 2, 2, 2, 2, 2, 2, 2, 2, 2, 2, 2, 2, 2, 2, 2, 2, 2, 2, 2, 2, 2, 2, 2, 2, 2, 2, 2, 2, 2, 2, 2, 2, 2, 2, 2, 2, 2, 2, 2, 2, 2, 2, 2, 2, 2, 2, 2, 2, 2, 2, 3 ),
 ( 0.0000000000000000000, 1.000000000000000000 ),
 ( 0.0000000000000000000, 0.01136363636363636400, 0.02272727272727272800, 0.03409090909090908800, 0.04545454545454545600, 0.05681818181818181600, 0.06818181818181817700, 0.07954545454545454400, 0.09090909090909091200, 0.1022727272727272800, 0.1136363636363636300, 0.1250000000000000000, 0.1363636363636363500, 0.1477272727272727300, 0.1590909090909090900, 0.1704545454545454400, 0.1818181818181818200, 0.1931818181818181800, 0.2045454545454545600, 0.2159090909090909100, 0.2272727272727272700, 0.2386363636363636500, 0.2500000000000000000, 0.2613636363636363500, 0.2727272727272727100, 0.2840909090909091200, 0.2954545454545454700, 0.3068181818181818200, 0.3181818181818181800, 0.3295454545454545300, 0.3409090909090908800, 0.3522727272727272900, 0.3636363636363636500, 0.3750000000000000000, 0.3863636363636363500, 0.3977272727272727100, 0.4090909090909091200, 0.4204545454545454700, 0.4318181818181818200, 0.4431818181818181800, 0.4545454545454545300, 0.4659090909090908800, 0.4772727272727272900, 0.4886363636363636500, 0.5000000000000000000, 0.5113636363636363500, 0.5227272727272727100, 0.5340909090909090600, 0.5454545454545454100, 0.5568181818181817700, 0.5681818181818182300, 0.5795454545454545900, 0.5909090909090909400, 0.6022727272727272900, 0.6136363636363636500, 0.6250000000000000000, 0.6363636363636363500, 0.6477272727272727100, 0.6590909090909090600, 0.6704545454545454100, 0.6818181818181817700, 0.6931818181818182300, 0.7045454545454545900, 0.7159090909090909400, 0.7272727272727272900, 0.7386363636363636500, 0.7500000000000000000, 0.7613636363636363500, 0.7727272727272727100, 0.7840909090909090600, 0.7954545454545454100, 0.8068181818181817700, 0.8181818181818182300, 0.8295454545454545900, 0.8409090909090909400, 0.8522727272727272900, 0.8636363636363636500, 0.8750000000000000000, 0.8863636363636363500, 0.8977272727272727100, 0.9090909090909090600, 0.9204545454545454100, 0.9318181818181817700, 0.9431818181818182300, 0.9545454545454545900, 0.9659090909090909400, 0.9772727272727272900, 0.9886363636363636500, 1.000000000000000000 ),
 .UNSPECIFIED. ) 
 GEOMETRIC_REPRESENTATION_ITEM ( )  RATIONAL_B_SPLINE_SURFACE ( (
 ( 1.000000000000000000, 0.9238795325112867400, 1.000000000000000000, 0.9238795325112867400, 1.000000000000000000, 0.9238795325112867400, 1.000000000000000000, 0.9238795325112867400, 1.000000000000000000, 0.9238795325112867400, 1.000000000000000000, 0.9238795325112867400, 1.000000000000000000, 0.9238795325112867400, 1.000000000000000000, 0.9238795325112867400, 1.000000000000000000, 0.9238795325112867400, 1.000000000000000000, 0.9238795325112867400, 1.000000000000000000, 0.9238795325112867400, 1.000000000000000000, 0.9238795325112867400, 1.000000000000000000, 0.9238795325112867400, 1.000000000000000000, 0.9238795325112867400, 1.000000000000000000, 0.9238795325112867400, 1.000000000000000000, 0.9238795325112867400, 1.000000000000000000, 0.9238795325112867400, 1.000000000000000000, 0.9238795325112867400, 1.000000000000000000, 0.9238795325112867400, 1.000000000000000000, 0.9238795325112867400, 1.000000000000000000, 0.9238795325112867400, 1.000000000000000000, 0.9238795325112867400, 1.000000000000000000, 0.9238795325112867400, 1.000000000000000000, 0.9238795325112867400, 1.000000000000000000, 0.9238795325112867400, 1.000000000000000000, 0.9238795325112867400, 1.000000000000000000, 0.9238795325112867400, 1.000000000000000000, 0.9238795325112867400, 1.000000000000000000, 0.9238795325112867400, 1.000000000000000000, 0.9238795325112867400, 1.000000000000000000, 0.9238795325112867400, 1.000000000000000000, 0.9238795325112867400, 1.000000000000000000, 0.9238795325112867400, 1.000000000000000000, 0.9238795325112867400, 1.000000000000000000, 0.9238795325112867400, 1.000000000000000000, 0.9238795325112867400, 1.000000000000000000, 0.9238795325112867400, 1.000000000000000000, 0.9238795325112867400, 1.000000000000000000, 0.9238795325112867400, 1.000000000000000000, 0.9238795325112867400, 1.000000000000000000, 0.9238795325112867400, 1.000000000000000000, 0.9238795325112867400, 1.000000000000000000, 0.9238795325112867400, 1.000000000000000000, 0.9238795325112867400, 1.000000000000000000, 0.9238795325112867400, 1.000000000000000000, 0.9238795325112867400, 1.000000000000000000, 0.9238795325112867400, 1.000000000000000000, 0.9238795325112867400, 1.000000000000000000, 0.9238795325112867400, 1.000000000000000000, 0.9238795325112867400, 1.000000000000000000, 0.9238795325112867400, 1.000000000000000000, 0.9238795325112867400, 1.000000000000000000, 0.9238795325112867400, 1.000000000000000000, 0.9238795325112867400, 1.000000000000000000, 0.9238795325112867400, 1.000000000000000000, 0.9238795325112867400, 1.000000000000000000, 0.9238795325112867400, 1.000000000000000000, 0.9238795325112867400, 1.000000000000000000, 0.9238795325112867400, 1.000000000000000000, 0.9238795325112867400, 1.000000000000000000, 0.9238795325112867400, 1.000000000000000000, 0.9238795325112867400, 1.000000000000000000, 0.9238795325112867400, 1.000000000000000000, 0.9238795325112867400, 1.000000000000000000, 0.9238795325112867400, 1.000000000000000000, 0.9238795325112867400, 1.000000000000000000, 0.9238795325112867400, 1.000000000000000000, 0.9238795325112867400, 1.000000000000000000, 0.9238795325112867400, 1.000000000000000000, 0.9238795325112867400, 1.000000000000000000, 0.9238795325112867400, 1.000000000000000000, 0.9238795325112867400, 1.000000000000000000, 0.9238795325112867400, 1.000000000000000000, 0.9238795325112867400, 1.000000000000000000, 0.9238795325112867400, 1.000000000000000000, 0.9238795325112867400, 1.000000000000000000, 0.9238795325112867400, 1.000000000000000000, 0.9238795325112867400, 1.000000000000000000, 0.9238795325112867400, 1.000000000000000000, 0.9238795325112867400, 1.000000000000000000, 0.9238795325112867400, 1.000000000000000000, 0.9238795325112867400, 1.000000000000000000, 0.9238795325112867400, 1.000000000000000000, 0.9238795325112867400, 1.000000000000000000, 0.9238795325112867400, 1.000000000000000000, 0.9238795325112867400, 1.000000000000000000, 0.9238795325112867400, 1.000000000000000000, 0.9238795325112867400, 1.000000000000000000),
 ( 1.000000000000000000, 0.9238795325112867400, 1.000000000000000000, 0.9238795325112867400, 1.000000000000000000, 0.9238795325112867400, 1.000000000000000000, 0.9238795325112867400, 1.000000000000000000, 0.9238795325112867400, 1.000000000000000000, 0.9238795325112867400, 1.000000000000000000, 0.9238795325112867400, 1.000000000000000000, 0.9238795325112867400, 1.000000000000000000, 0.9238795325112867400, 1.000000000000000000, 0.9238795325112867400, 1.000000000000000000, 0.9238795325112867400, 1.000000000000000000, 0.9238795325112867400, 1.000000000000000000, 0.9238795325112867400, 1.000000000000000000, 0.9238795325112867400, 1.000000000000000000, 0.9238795325112867400, 1.000000000000000000, 0.9238795325112867400, 1.000000000000000000, 0.9238795325112867400, 1.000000000000000000, 0.9238795325112867400, 1.000000000000000000, 0.9238795325112867400, 1.000000000000000000, 0.9238795325112867400, 1.000000000000000000, 0.9238795325112867400, 1.000000000000000000, 0.9238795325112867400, 1.000000000000000000, 0.9238795325112867400, 1.000000000000000000, 0.9238795325112867400, 1.000000000000000000, 0.9238795325112867400, 1.000000000000000000, 0.9238795325112867400, 1.000000000000000000, 0.9238795325112867400, 1.000000000000000000, 0.9238795325112867400, 1.000000000000000000, 0.9238795325112867400, 1.000000000000000000, 0.9238795325112867400, 1.000000000000000000, 0.9238795325112867400, 1.000000000000000000, 0.9238795325112867400, 1.000000000000000000, 0.9238795325112867400, 1.000000000000000000, 0.9238795325112867400, 1.000000000000000000, 0.9238795325112867400, 1.000000000000000000, 0.9238795325112867400, 1.000000000000000000, 0.9238795325112867400, 1.000000000000000000, 0.9238795325112867400, 1.000000000000000000, 0.9238795325112867400, 1.000000000000000000, 0.9238795325112867400, 1.000000000000000000, 0.9238795325112867400, 1.000000000000000000, 0.9238795325112867400, 1.000000000000000000, 0.9238795325112867400, 1.000000000000000000, 0.9238795325112867400, 1.000000000000000000, 0.9238795325112867400, 1.000000000000000000, 0.9238795325112867400, 1.000000000000000000, 0.9238795325112867400, 1.000000000000000000, 0.9238795325112867400, 1.000000000000000000, 0.9238795325112867400, 1.000000000000000000, 0.9238795325112867400, 1.000000000000000000, 0.9238795325112867400, 1.000000000000000000, 0.9238795325112867400, 1.000000000000000000, 0.9238795325112867400, 1.000000000000000000, 0.9238795325112867400, 1.000000000000000000, 0.9238795325112867400, 1.000000000000000000, 0.9238795325112867400, 1.000000000000000000, 0.9238795325112867400, 1.000000000000000000, 0.9238795325112867400, 1.000000000000000000, 0.9238795325112867400, 1.000000000000000000, 0.9238795325112867400, 1.000000000000000000, 0.9238795325112867400, 1.000000000000000000, 0.9238795325112867400, 1.000000000000000000, 0.9238795325112867400, 1.000000000000000000, 0.9238795325112867400, 1.000000000000000000, 0.9238795325112867400, 1.000000000000000000, 0.9238795325112867400, 1.000000000000000000, 0.9238795325112867400, 1.000000000000000000, 0.9238795325112867400, 1.000000000000000000, 0.9238795325112867400, 1.000000000000000000, 0.9238795325112867400, 1.000000000000000000, 0.9238795325112867400, 1.000000000000000000, 0.9238795325112867400, 1.000000000000000000, 0.9238795325112867400, 1.000000000000000000, 0.9238795325112867400, 1.000000000000000000, 0.9238795325112867400, 1.000000000000000000, 0.9238795325112867400, 1.000000000000000000, 0.9238795325112867400, 1.000000000000000000, 0.9238795325112867400, 1.000000000000000000, 0.9238795325112867400, 1.000000000000000000, 0.9238795325112867400, 1.000000000000000000, 0.9238795325112867400, 1.000000000000000000, 0.9238795325112867400, 1.000000000000000000, 0.9238795325112867400, 1.000000000000000000, 0.9238795325112867400, 1.000000000000000000, 0.9238795325112867400, 1.000000000000000000, 0.9238795325112867400, 1.000000000000000000, 0.9238795325112867400, 1.000000000000000000, 0.9238795325112867400, 1.000000000000000000) ) ) 
 REPRESENTATION_ITEM ( '' )  SURFACE ( )  );
#407 = CARTESIAN_POINT ( 'NONE',  ( -2.425271854633429100E-016, 1.999999999999998200, 1.980384757729327200 ) ) ;
#408 = AXIS2_PLACEMENT_3D ( 'NONE', #2058, #2487, #405 ) ;
#409 = CARTESIAN_POINT ( 'NONE',  ( 1.035533905932738900, 2.049999999999996300, -2.500000000000000400 ) ) ;
#410 = CARTESIAN_POINT ( 'NONE',  ( -1.767766952966368000, -1.600000000000004100, 1.767766952966365800 ) ) ;
#411 = CARTESIAN_POINT ( 'NONE',  ( 0.1425080613124968000, -0.1949138916216546800, -2.305086108378353100 ) ) ;
#412 = CARTESIAN_POINT ( 'NONE',  ( -2.425271854633429100E-016, -2.000000000000002700, 1.980384757729327200 ) ) ;
#413 = CARTESIAN_POINT ( 'NONE',  ( 1.980384757729328500, -0.1500000000000034400, 0.8203022253684436600 ) ) ;
#414 = CARTESIAN_POINT ( 'NONE',  ( -1.994910475300353700, 1.735106333109704700, -0.4858628644712793000 ) ) ;
#415 = CARTESIAN_POINT ( 'NONE',  ( 1.980384757729329000, -5.700000000000003700, -1.494841517494422500E-015 ) ) ;
#416 = SPHERICAL_SURFACE ( 'NONE', #2856, 5.235456045083371800 ) ;
#417 = CARTESIAN_POINT ( 'NONE',  ( 0.8203022253684455500, -2.350000000000003200, -1.980384757729330100 ) ) ;
#418 = EDGE_CURVE ( 'NONE', #679, #3297, #2942, .T. ) ;
#419 = CARTESIAN_POINT ( 'NONE',  ( -1.980384757729329000, -3.050000000000002900, -0.8203022253684462100 ) ) ;
#420 = CARTESIAN_POINT ( 'NONE',  ( 1.980384757729329000, -0.9000000000000032400, -1.494841517494422500E-015 ) ) ;
#421 = CIRCLE ( 'NONE', #787, 3.000000000000000400 ) ;
#422 = ORIENTED_EDGE ( 'NONE', *, *, #418, .F. ) ;
#423 = CARTESIAN_POINT ( 'NONE',  ( 2.499999999999998200, 2.649999999999998100, -1.035533905932739800 ) ) ;
#424 = CARTESIAN_POINT ( 'NONE',  ( 1.980384757729329000, -0.2000000000000022600, -1.494841517494422500E-015 ) ) ;
#425 = CARTESIAN_POINT ( 'NONE',  ( -3.061616997868381700E-016, -1.500000000000004000, 2.499999999999996900 ) ) ;
#426 = CARTESIAN_POINT ( 'NONE',  ( -2.499999999999998700, -0.1500000000000017200, 1.035533905932735100 ) ) ;
#427 = CARTESIAN_POINT ( 'NONE',  ( 2.499999999999998200, 1.949999999999995100, -1.035533905932739800 ) ) ;
#428 = CARTESIAN_POINT ( 'NONE',  ( 1.035533905932738900, -0.3500000000000039700, -2.500000000000000400 ) ) ;
#429 = DIRECTION ( 'NONE',  ( 0.0000000000000000000, 0.7071067811865463500, 0.7071067811865487900 ) ) ;
#430 = CARTESIAN_POINT ( 'NONE',  ( -1.980384757729329000, 0.9999999999999974500, -1.979895888421108300E-015 ) ) ;
#431 = CARTESIAN_POINT ( 'NONE',  ( 0.0000000000000000000, -0.7000000000000036200, -1.980384757729330500 ) ) ;
#432 = CARTESIAN_POINT ( 'NONE',  ( 2.499999999999998200, -4.550000000000004300, 1.035533905932736600 ) ) ;
#433 = B_SPLINE_CURVE_WITH_KNOTS ( 'NONE', 3,
 ( #700, #1967, #2360, #1984, #3208, #4359, #2770, #682 ),
 .UNSPECIFIED., .F., .F.,
 ( 4, 2, 2, 4 ),
 ( 2.544365555416046100E-007, 0.0004475380576734578400, 0.0008948216787913740900, 0.001789388921027206600 ),
 .UNSPECIFIED. ) ;
#434 = CARTESIAN_POINT ( 'NONE',  ( -1.980384757729329000, -1.300000000000003400, -1.979895888421108300E-015 ) ) ;
#435 = CARTESIAN_POINT ( 'NONE',  ( 2.499999999999998700, -3.000000000000001800, -1.399389746009179600E-015 ) ) ;
#436 = CARTESIAN_POINT ( 'NONE',  ( -3.061616997868381700E-016, -1.600000000000001600, 2.499999999999996900 ) ) ;
#437 = CARTESIAN_POINT ( 'NONE',  ( 0.8203022253684455500, -1.550000000000003800, -1.980384757729330100 ) ) ;
#438 = VECTOR ( 'NONE', #3567, 1000.000000000000000 ) ;
#439 = CARTESIAN_POINT ( 'NONE',  ( -1.400343491548886400, 0.09999999999999766000, -1.400343491548888400 ) ) ;
#440 =( BOUNDED_CURVE ( )  B_SPLINE_CURVE ( 2, ( #4025, #3585, #1612, #3995, #324, #3634, #2386, #2402, #2423 ),
 .UNSPECIFIED., .F., .F. ) 
 B_SPLINE_CURVE_WITH_KNOTS ( ( 3, 2, 2, 2, 3 ),
 ( 0.4090909090909091200, 0.4204545454545454700, 0.4318181818181818800, 0.4431818181818182300, 0.4545454545454545900 ),
 .UNSPECIFIED. ) 
 CURVE ( )  GEOMETRIC_REPRESENTATION_ITEM ( )  RATIONAL_B_SPLINE_CURVE ( ( 1.000000000000000000, 0.9238795325112867400, 1.000000000000000000, 0.9238795325112867400, 1.000000000000000000, 0.9238795325112867400, 1.000000000000000000, 0.9238795325112864100, 1.000000000000000400 ) ) 
 REPRESENTATION_ITEM ( '' )  );
#441 = CARTESIAN_POINT ( 'NONE',  ( -1.980384757729329000, -0.5000000000000030000, -1.979895888421108300E-015 ) ) ;
#442 = CARTESIAN_POINT ( 'NONE',  ( -1.980384757729329000, -5.350000000000003200, -0.8203022253684462100 ) ) ;
#443 = CARTESIAN_POINT ( 'NONE',  ( 1.767766952966367800, -6.200000000000003700, 1.767766952966366400 ) ) ;
#444 = ORIENTED_EDGE ( 'NONE', *, *, #4882, .F. ) ;
#445 = AXIS2_PLACEMENT_3D ( 'NONE', #336, #1688, #5015 ) ;
#446 = ADVANCED_FACE ( 'NONE', ( #752 ), #1418, .F. ) ;
#447 = CARTESIAN_POINT ( 'NONE',  ( 1.980384757729328500, -0.9500000000000030600, 0.8203022253684436600 ) ) ;
#448 = CARTESIAN_POINT ( 'NONE',  ( 0.0000000000000000000, 1.999999999999999600, -4.599999999999999600 ) ) ;
#449 = DIRECTION ( 'NONE',  ( -1.000000000000000000, -1.551250239721442900E-031, 5.007715329123858800E-016 ) ) ;
#450 = ORIENTED_EDGE ( 'NONE', *, *, #3812, .T. ) ;
#451 = CARTESIAN_POINT ( 'NONE',  ( 2.499999999999998200, -1.350000000000004100, 1.035533905932736600 ) ) ;
#452 = CARTESIAN_POINT ( 'NONE',  ( 2.361581481749247300, -5.471805409258624100, 0.5840737312909487500 ) ) ;
#453 = CARTESIAN_POINT ( 'NONE',  ( 1.980384757729328500, -0.1500000000000025500, -0.8203022253684464400 ) ) ;
#454 = CARTESIAN_POINT ( 'NONE',  ( 0.8203022253684436600, -1.850000000000003600, 1.980384757729327600 ) ) ;
#455 = CARTESIAN_POINT ( 'NONE',  ( -1.002879759840522100, 4.674804642854931000, -1.262961302073741400 ) ) ;
#456 = CARTESIAN_POINT ( 'NONE',  ( 1.400343491548886400, -1.000000000000003600, 1.400343491548884800 ) ) ;
#457 = EDGE_CURVE ( 'NONE', #4469, #4401, #795, .T. ) ;
#458 = VERTEX_POINT ( 'NONE', #1123 ) ;
#459 = DIRECTION ( 'NONE',  ( -0.0000000000000000000, -0.0000000000000000000, 1.000000000000000000 ) ) ;
#460 = CARTESIAN_POINT ( 'NONE',  ( -1.980384757729329000, -4.500000000000003600, -1.979895888421108300E-015 ) ) ;
#461 = CARTESIAN_POINT ( 'NONE',  ( 1.400343491548886400, 0.4999999999999978400, 1.400343491548884800 ) ) ;
#462 = CARTESIAN_POINT ( 'NONE',  ( -1.980384757729329000, -1.350000000000003200, -0.8203022253684462100 ) ) ;
#463 = VERTEX_POINT ( 'NONE', #1576 ) ;
#464 = CARTESIAN_POINT ( 'NONE',  ( 1.767766952966368400, -5.200000000000004600, -1.767766952966369500 ) ) ;
#465 = CARTESIAN_POINT ( 'NONE',  ( 1.035533905932732900, -1.450000000000004400, 2.500000000000000900 ) ) ;
#466 = CARTESIAN_POINT ( 'NONE',  ( -1.035533905932729500, -0.05000000000000091200, 2.500000000000005300 ) ) ;
#467 = ORIENTED_EDGE ( 'NONE', *, *, #1256, .F. ) ;
#468 = CARTESIAN_POINT ( 'NONE',  ( -2.499999999999998700, -2.450000000000004200, 1.035533905932735100 ) ) ;
#469 = CARTESIAN_POINT ( 'NONE',  ( 1.035533905932736600, -2.250000000000004400, 2.499999999999997300 ) ) ;
#470 = CARTESIAN_POINT ( 'NONE',  ( 0.8203022253684454400, -0.05000000000000229300, -1.980384757729330100 ) ) ;
#471 = CARTESIAN_POINT ( 'NONE',  ( -1.980384757729329000, -5.350000000000002300, 0.8203022253684421100 ) ) ;
#472 = CARTESIAN_POINT ( 'NONE',  ( -3.061616997868381700E-016, -1.734723475976807100E-015, 2.499999999999996900 ) ) ;
#473 = CARTESIAN_POINT ( 'NONE',  ( 0.8203022253684454400, -2.350000000000003200, -1.980384757729330100 ) ) ;
#474 = CARTESIAN_POINT ( 'NONE',  ( 1.980384757729329000, -4.100000000000003200, -1.494841517494422500E-015 ) ) ;
#475 = ORIENTED_EDGE ( 'NONE', *, *, #172, .T. ) ;
#476 = CARTESIAN_POINT ( 'NONE',  ( -1.980384757729329000, 0.9499999999999977400, -0.8203022253684462100 ) ) ;
#477 = CARTESIAN_POINT ( 'NONE',  ( -0.8203022253684444400, -1.950000000000003300, 1.980384757729327200 ) ) ;
#478 =( BOUNDED_CURVE ( )  B_SPLINE_CURVE ( 2, ( #4997, #1421, #936, #3005, #2211, #1897, #1047, #4298, #4733 ),
 .UNSPECIFIED., .F., .F. ) 
 B_SPLINE_CURVE_WITH_KNOTS ( ( 3, 2, 2, 2, 3 ),
 ( 0.3636363636363636500, 0.3750000000000000000, 0.3863636363636363500, 0.3977272727272727100, 0.4090909090909091200 ),
 .UNSPECIFIED. ) 
 CURVE ( )  GEOMETRIC_REPRESENTATION_ITEM ( )  RATIONAL_B_SPLINE_CURVE ( ( 1.000000000000000000, 0.9238795325112867400, 1.000000000000000000, 0.9238795325112867400, 1.000000000000000000, 0.9238795325112867400, 1.000000000000000000, 0.9238795325112867400, 1.000000000000000000 ) ) 
 REPRESENTATION_ITEM ( '' )  );
#479 = CARTESIAN_POINT ( 'NONE',  ( -2.499999999999998700, -5.750000000000003600, -1.035533905932739300 ) ) ;
#480 = CARTESIAN_POINT ( 'NONE',  ( 0.7986602297084844900, -5.436930640575430300, 2.335598183538685200 ) ) ;
#481 = CONICAL_SURFACE ( 'NONE', #4516, 1.732050807568879200, 0.7853981633974500600 ) ;
#482 = CARTESIAN_POINT ( 'NONE',  ( 0.8203022253684455500, -1.550000000000003800, -1.980384757729330100 ) ) ;
#483 = CARTESIAN_POINT ( 'NONE',  ( -2.499999999999998700, -5.050000000000000700, -1.035533905932739300 ) ) ;
#484 = CARTESIAN_POINT ( 'NONE',  ( -3.061616997868381700E-016, -0.7000000000000044000, 2.499999999999996900 ) ) ;
#485 = EDGE_CURVE ( 'NONE', #2083, #3157, #4143, .T. ) ;
#486 = CARTESIAN_POINT ( 'NONE',  ( -2.499999999999998700, -0.9000000000000041300, -2.011713145582856100E-015 ) ) ;
#487 = CARTESIAN_POINT ( 'NONE',  ( -0.5961284850850546700, -5.483178040354160600, 2.347050290388163600 ) ) ;
#488 = FACE_OUTER_BOUND ( 'NONE', #1869, .T. ) ;
#489 = CARTESIAN_POINT ( 'NONE',  ( 1.400343491548886400, 1.299999999999997400, 1.400343491548884800 ) ) ;
#490 = CARTESIAN_POINT ( 'NONE',  ( 0.8203022253684436600, -5.150000000000002100, 1.980384757729327600 ) ) ;
#491 = CARTESIAN_POINT ( 'NONE',  ( 1.980384757729328500, -1.650000000000003000, -0.8203022253684464400 ) ) ;
#492 = LINE ( 'NONE', #4715, #1338 ) ;
#493 = CARTESIAN_POINT ( 'NONE',  ( -0.8203022253684443300, 0.4499999999999964000, 1.980384757729327200 ) ) ;
#494 = AXIS2_PLACEMENT_3D ( 'NONE', #4280, #1773, #526 ) ;
#495 = CARTESIAN_POINT ( 'NONE',  ( -1.980384757729329000, 0.2499999999999976100, 0.8203022253684421100 ) ) ;
#496 = CARTESIAN_POINT ( 'NONE',  ( 1.400343491548886400, -0.2000000000000031200, 1.400343491548884800 ) ) ;
#497 = CARTESIAN_POINT ( 'NONE',  ( 1.980384757729328500, 2.149999999999997200, 0.8203022253684436600 ) ) ;
#498 = DIRECTION ( 'NONE',  ( 0.0000000000000000000, 0.0000000000000000000, 1.000000000000000000 ) ) ;
#499 = CARTESIAN_POINT ( 'NONE',  ( -2.499999999999998700, -4.150000000000002100, 1.035533905932735100 ) ) ;
#500 = FACE_OUTER_BOUND ( 'NONE', #2830, .T. ) ;
#501 = CARTESIAN_POINT ( 'NONE',  ( -2.499999999999998700, -2.550000000000004700, -1.035533905932739300 ) ) ;
#502 = CARTESIAN_POINT ( 'NONE',  ( 2.499999999999998700, 1.099999999999995900, -1.399389746009179600E-015 ) ) ;
#503 = CARTESIAN_POINT ( 'NONE',  ( 2.078576116745206800, -5.548360102677194500, 1.109788595181617800 ) ) ;
#504 = CARTESIAN_POINT ( 'NONE',  ( 1.400343491548886800, -0.9000000000000023500, -1.400343491548887900 ) ) ;
#505 = CARTESIAN_POINT ( 'NONE',  ( 1.918077015796351600, 1.994644135816578300, -1.604337755755392800 ) ) ;
#506 = CARTESIAN_POINT ( 'NONE',  ( 0.0000000000000000000, -3.100000000000003200, -1.980384757729330500 ) ) ;
#507 = ORIENTED_EDGE ( 'NONE', *, *, #4853, .T. ) ;
#508 =( BOUNDED_CURVE ( )  B_SPLINE_CURVE ( 2, ( #4665, #197, #2242, #3063, #4279, #2674, #3482 ),
 .UNSPECIFIED., .F., .F. ) 
 B_SPLINE_CURVE_WITH_KNOTS ( ( 3, 2, 2, 3 ),
 ( 0.5454545454545454100, 0.5568181818181818800, 0.5681818181818181200, 0.5795454545454545900 ),
 .UNSPECIFIED. ) 
 CURVE ( )  GEOMETRIC_REPRESENTATION_ITEM ( )  RATIONAL_B_SPLINE_CURVE ( ( 1.000000000000000000, 0.9238795325112867400, 1.000000000000000000, 0.9238795325112867400, 1.000000000000000000, 0.9238795325112867400, 1.000000000000000000 ) ) 
 REPRESENTATION_ITEM ( '' )  );
#509 = CARTESIAN_POINT ( 'NONE',  ( -1.980384757729329000, -1.250000000000003100, 0.8203022253684421100 ) ) ;
#510 = CARTESIAN_POINT ( 'NONE',  ( -0.8203022253684444400, -1.250000000000003100, 1.980384757729327200 ) ) ;
#511 = ORIENTED_EDGE ( 'NONE', *, *, #4588, .T. ) ;
#512 = CARTESIAN_POINT ( 'NONE',  ( -1.980384757729329000, 1.849999999999997400, -0.8203022253684462100 ) ) ;
#513 = CARTESIAN_POINT ( 'NONE',  ( -3.061616997868381700E-016, -6.300000000000004300, 2.499999999999996900 ) ) ;
#514 = CARTESIAN_POINT ( 'NONE',  ( -3.061616997868381700E-016, -3.900000000000004800, 2.499999999999996900 ) ) ;
#515 = VERTEX_POINT ( 'NONE', #2401 ) ;
#516 = CARTESIAN_POINT ( 'NONE',  ( -1.035533905932737300, -5.650000000000002100, 2.499999999999996900 ) ) ;
#517 = CARTESIAN_POINT ( 'NONE',  ( -1.035533905932737100, -2.650000000000005200, -2.500000000000000400 ) ) ;
#518 = CARTESIAN_POINT ( 'NONE',  ( -1.767766952966367800, 0.5999999999999955400, -1.767766952966370000 ) ) ;
#519 = CARTESIAN_POINT ( 'NONE',  ( -2.232276249650009300, -5.565897989735537600, 0.6984367576859431500 ) ) ;
#520 = EDGE_LOOP ( 'NONE', ( #2528, #4551, #2705, #5231 ) ) ;
#521 = CARTESIAN_POINT ( 'NONE',  ( 1.035533905932738900, -5.150000000000005700, -2.500000000000000400 ) ) ;
#522 = CARTESIAN_POINT ( 'NONE',  ( 0.8203022253684436600, 0.5499999999999966000, 1.980384757729327600 ) ) ;
#523 = EDGE_CURVE ( 'NONE', #1678, #1813, #362, .T. ) ;
#524 = ORIENTED_EDGE ( 'NONE', *, *, #588, .T. ) ;
#525 = CARTESIAN_POINT ( 'NONE',  ( -1.980384757729329000, 1.149999999999996600, 0.8203022253684421100 ) ) ;
#526 = DIRECTION ( 'NONE',  ( 0.0000000000000000000, 3.469446951953616700E-016, -1.000000000000000000 ) ) ;
#527 = CARTESIAN_POINT ( 'NONE',  ( -1.767766952966367800, -3.400000000000004800, -1.767766952966370000 ) ) ;
#528 = CARTESIAN_POINT ( 'NONE',  ( -2.499999999999998700, -3.300000000000004300, -2.011713145582856100E-015 ) ) ;
#529 = CARTESIAN_POINT ( 'NONE',  ( -1.400343491548886400, 1.699999999999996600, -1.400343491548888400 ) ) ;
#530 = CARTESIAN_POINT ( 'NONE',  ( 0.8203022253684436600, -5.850000000000004100, 1.980384757729327600 ) ) ;
#531 = CARTESIAN_POINT ( 'NONE',  ( -1.767766952966368000, -5.700000000000002000, 1.767766952966365800 ) ) ;
#532 = CARTESIAN_POINT ( 'NONE',  ( 1.767766952966367800, -0.6000000000000042000, 1.767766952966366400 ) ) ;
#533 = CARTESIAN_POINT ( 'NONE',  ( -2.499999999999998700, 1.549999999999995800, 1.035533905932735100 ) ) ;
#534 = CARTESIAN_POINT ( 'NONE',  ( 1.959975493047676000, -2.947590962417263600, -1.474592236888600000 ) ) ;
#535 = CARTESIAN_POINT ( 'NONE',  ( 1.767766952966367800, -5.400000000000004800, 1.767766952966366400 ) ) ;
#536 = CARTESIAN_POINT ( 'NONE',  ( 2.424899792308466300, 1.954274384906045500, -0.1688593917282690000 ) ) ;
#537 = CARTESIAN_POINT ( 'NONE',  ( -1.400343491548886600, -0.4000000000000036300, 1.400343491548884400 ) ) ;
#538 = ADVANCED_FACE ( 'NONE', ( #4453 ), #4650, .T. ) ;
#539 = CARTESIAN_POINT ( 'NONE',  ( -1.980384757729329000, 0.2499999999999967500, -0.8203022253684462100 ) ) ;
#540 = CARTESIAN_POINT ( 'NONE',  ( -3.061616997868381700E-016, 0.8999999999999954700, 2.499999999999996900 ) ) ;
#541 = CARTESIAN_POINT ( 'NONE',  ( 0.0000000000000000000, -1.200000000000001500, -2.500000000000000400 ) ) ;
#542 = AXIS2_PLACEMENT_3D ( 'NONE', #1275, #3796, #2103 ) ;
#543 = CARTESIAN_POINT ( 'NONE',  ( 1.400343491548886400, 1.399999999999996800, 1.400343491548884800 ) ) ;
#544 = ORIENTED_EDGE ( 'NONE', *, *, #4819, .T. ) ;
#545 = CARTESIAN_POINT ( 'NONE',  ( -2.499999999999998700, -4.850000000000005000, 1.035533905932735100 ) ) ;
#546 = CARTESIAN_POINT ( 'NONE',  ( -1.980384757729329000, -3.750000000000003100, 0.8203022253684421100 ) ) ;
#547 = CARTESIAN_POINT ( 'NONE',  ( 0.8203022253684454400, -3.150000000000003500, -1.980384757729330100 ) ) ;
#548 = CARTESIAN_POINT ( 'NONE',  ( 0.9864953385068107000, -2.579628756373748600, 1.836784725951473600 ) ) ;
#549 = LINE ( 'NONE', #756, #1067 ) ;
#550 = VERTEX_POINT ( 'NONE', #1561 ) ;
#551 = CARTESIAN_POINT ( 'NONE',  ( -2.499999999999998700, -5.750000000000002700, 1.035533905932735100 ) ) ;
#552 = CARTESIAN_POINT ( 'NONE',  ( -1.767766952966367800, -5.900000000000001200, -1.767766952966370000 ) ) ;
#553 = EDGE_CURVE ( 'NONE', #4401, #5236, #1372, .T. ) ;
#554 = CARTESIAN_POINT ( 'NONE',  ( -1.767766952966367800, -5.000000000000004400, -1.767766952966370000 ) ) ;
#555 = CARTESIAN_POINT ( 'NONE',  ( -1.035533905932737100, -5.850000000000005000, -2.500000000000000400 ) ) ;
#556 = LINE ( 'NONE', #4560, #3378 ) ;
#557 = CARTESIAN_POINT ( 'NONE',  ( -1.035533905932737300, -1.650000000000001500, 2.499999999999996900 ) ) ;
#558 = CARTESIAN_POINT ( 'NONE',  ( 0.0000000000000000000, 2.499999999999996900, -1.980384757729330500 ) ) ;
#559 = CARTESIAN_POINT ( 'NONE',  ( 1.400343491548886800, -0.8000000000000029300, -1.400343491548887900 ) ) ;
#560 = EDGE_CURVE ( 'NONE', #515, #2422, #1203, .T. ) ;
#561 = CARTESIAN_POINT ( 'NONE',  ( -0.8203022253684441000, 1.649999999999997000, -1.980384757729330500 ) ) ;
#562 = CARTESIAN_POINT ( 'NONE',  ( -1.035533905932737100, -1.150000000000002100, -2.500000000000000400 ) ) ;
#563 = B_SPLINE_CURVE_WITH_KNOTS ( 'NONE', 3,
 ( #2437, #3244, #391, #864, #2927, #2562, #14, #2491, #3684, #2912, #1249, #503, #3724, #2098, #452, #32, #4498, #85 ),
 .UNSPECIFIED., .F., .F.,
 ( 4, 2, 2, 2, 2, 2, 2, 2, 4 ),
 ( 0.0003219274081317151700, 0.0007725115502360802500, 0.001223095692340445400, 0.001673679834444810300, 0.002124263976549175700, 0.002574848118653540800, 0.003025432260757905500, 0.003476016402862271100, 0.003926600544966636600 ),
 .UNSPECIFIED. ) ;
#564 = CARTESIAN_POINT ( 'NONE',  ( 1.400343491548886800, -3.469446951953614200E-015, -1.400343491548887900 ) ) ;
#565 = CARTESIAN_POINT ( 'NONE',  ( -1.767766952966367800, -1.800000000000004700, -1.767766952966370000 ) ) ;
#566 = FACE_OUTER_BOUND ( 'NONE', #2659, .T. ) ;
#567 = CARTESIAN_POINT ( 'NONE',  ( 0.8203022253684455500, -1.650000000000003000, -1.980384757729330100 ) ) ;
#568 = CARTESIAN_POINT ( 'NONE',  ( 0.0000000000000000000, -1.500000000000003100, -1.980384757729330500 ) ) ;
#569 = ADVANCED_FACE ( 'NONE', ( #2570 ), #231, .T. ) ;
#570 = CARTESIAN_POINT ( 'NONE',  ( 1.035533905932736600, -3.150000000000001700, 2.499999999999997300 ) ) ;
#571 = CARTESIAN_POINT ( 'NONE',  ( -1.035533905932737100, -5.950000000000002800, -2.500000000000000400 ) ) ;
#572 = ORIENTED_EDGE ( 'NONE', *, *, #98, .F. ) ;
#573 = CARTESIAN_POINT ( 'NONE',  ( 1.035533905932738900, 2.049999999999996300, -2.500000000000000400 ) ) ;
#574 = CARTESIAN_POINT ( 'NONE',  ( -2.499999999999998700, -4.950000000000004600, -1.035533905932739300 ) ) ;
#575 = CARTESIAN_POINT ( 'NONE',  ( -1.035533905932737300, -4.750000000000004400, 2.499999999999996900 ) ) ;
#576 = CARTESIAN_POINT ( 'NONE',  ( 2.044947097466210300, 1.989002065903231000, -1.421666200433405100 ) ) ;
#577 = CARTESIAN_POINT ( 'NONE',  ( 1.400343491548886400, -0.2000000000000031200, 1.400343491548884800 ) ) ;
#578 = CARTESIAN_POINT ( 'NONE',  ( -1.980384757729329000, -6.200000000000002800, -1.979895888421108300E-015 ) ) ;
#579 = VERTEX_POINT ( 'NONE', #3816 ) ;
#580 = CARTESIAN_POINT ( 'NONE',  ( 3.673940397442060400E-016, -3.000000000000001800, -3.000000000000000400 ) ) ;
#581 = CARTESIAN_POINT ( 'NONE',  ( 1.980384757729328500, 2.149999999999997200, 0.8203022253684436600 ) ) ;
#582 = CARTESIAN_POINT ( 'NONE',  ( 0.0000000000000000000, -0.4000000000000019100, -2.500000000000000400 ) ) ;
#583 = CARTESIAN_POINT ( 'NONE',  ( -1.035533905932737300, -3.950000000000003700, 2.499999999999996900 ) ) ;
#584 = ORIENTED_EDGE ( 'NONE', *, *, #5097, .T. ) ;
#585 = CARTESIAN_POINT ( 'NONE',  ( -2.499999999999998700, -4.900000000000003900, -2.011713145582856100E-015 ) ) ;
#586 = CARTESIAN_POINT ( 'NONE',  ( 1.980384757729328500, -1.850000000000002800, 0.8203022253684436600 ) ) ;
#587 = CARTESIAN_POINT ( 'NONE',  ( -0.8203022253684441000, -2.250000000000003600, -1.980384757729330500 ) ) ;
#588 = EDGE_CURVE ( 'NONE', #5110, #4663, #1600, .T. ) ;
#589 = CARTESIAN_POINT ( 'NONE',  ( -1.035533905932737100, -0.2500000000000045500, -2.500000000000000400 ) ) ;
#590 = ORIENTED_EDGE ( 'NONE', *, *, #3474, .T. ) ;
#591 = CARTESIAN_POINT ( 'NONE',  ( -1.035533905932737300, -0.8500000000000017500, 2.499999999999996900 ) ) ;
#592 = CARTESIAN_POINT ( 'NONE',  ( 1.035533905932736900, -0.6500000000000039100, 2.499999999999997300 ) ) ;
#593 = DIRECTION ( 'NONE',  ( 0.0000000000000000000, 0.0000000000000000000, 1.000000000000000000 ) ) ;
#594 = CARTESIAN_POINT ( 'NONE',  ( -1.035533905932737100, -4.250000000000004400, -2.500000000000000400 ) ) ;
#595 = CARTESIAN_POINT ( 'NONE',  ( -3.061616997868381700E-016, -0.8000000000000012700, 2.499999999999996900 ) ) ;
#596 = CARTESIAN_POINT ( 'NONE',  ( -1.980384757729329000, 1.849999999999997400, -0.8203022253684462100 ) ) ;
#597 = VERTEX_POINT ( 'NONE', #180 ) ;
#598 = EDGE_CURVE ( 'NONE', #3088, #131, #4710, .T. ) ;
#599 = CARTESIAN_POINT ( 'NONE',  ( -0.8203022253684441000, -5.550000000000002500, -1.980384757729330500 ) ) ;
#600 = ADVANCED_FACE ( 'NONE', ( #4964 ), #1481, .T. ) ;
#601 = ORIENTED_EDGE ( 'NONE', *, *, #4257, .F. ) ;
#602 = CARTESIAN_POINT ( 'NONE',  ( -2.499999999999998700, 0.6499999999999961400, -1.035533905932739300 ) ) ;
#603 = CARTESIAN_POINT ( 'NONE',  ( 2.499999999999998200, 0.1499999999999981900, 1.035533905932736600 ) ) ;
#604 = CARTESIAN_POINT ( 'NONE',  ( -1.767766952966367800, -1.800000000000004700, -1.767766952966370000 ) ) ;
#605 = CARTESIAN_POINT ( 'NONE',  ( -2.499999999999998700, -2.450000000000004200, 1.035533905932735100 ) ) ;
#606 = CARTESIAN_POINT ( 'NONE',  ( 0.0000000000000000000, -4.000000000000002700, -1.980384757729330500 ) ) ;
#607 = CARTESIAN_POINT ( 'NONE',  ( 0.8203022253684436600, -3.450000000000004200, 1.980384757729327600 ) ) ;
#608 = CARTESIAN_POINT ( 'NONE',  ( 1.767766952966367800, -1.500000000000001300, 1.767766952966366400 ) ) ;
#609 = CARTESIAN_POINT ( 'NONE',  ( -1.767766952966368000, -4.900000000000001200, 1.767766952966365800 ) ) ;
#610 = CARTESIAN_POINT ( 'NONE',  ( 0.8660254037844393700, 1.999999999999997800, 1.500000000000002400 ) ) ;
#611 = LOCAL_TIME ( 9, 51, 47.00000000000000000, #1712 ) ;
#612 = DIRECTION ( 'NONE',  ( 0.0000000000000000000, 3.469446951953616700E-016, -1.000000000000000000 ) ) ;
#613 = CARTESIAN_POINT ( 'NONE',  ( 1.980384757729328500, -5.750000000000002700, -0.8203022253684464400 ) ) ;
#614 = CARTESIAN_POINT ( 'NONE',  ( -1.980384757729329000, 1.949999999999996800, 0.8203022253684421100 ) ) ;
#615 = LINE ( 'NONE', #1291, #3240 ) ;
#616 = CARTESIAN_POINT ( 'NONE',  ( 1.035533905932746600, -3.550000000000005200, -2.499999999999992900 ) ) ;
#617 = CARTESIAN_POINT ( 'NONE',  ( 0.0000000000000000000, 1.199999999999998800, -2.500000000000000400 ) ) ;
#618 = CONICAL_SURFACE ( 'NONE', #542, 2.499999999999998700, 0.7853981633974500600 ) ;
#619 = CARTESIAN_POINT ( 'NONE',  ( 1.035533905932738900, -0.3500000000000039700, -2.500000000000000400 ) ) ;
#620 = CARTESIAN_POINT ( 'NONE',  ( 1.980384757729328500, -4.250000000000002700, 0.8203022253684436600 ) ) ;
#621 = CARTESIAN_POINT ( 'NONE',  ( -1.980384757729329000, -3.700000000000003300, -1.979895888421108300E-015 ) ) ;
#622 = CARTESIAN_POINT ( 'NONE',  ( -1.767766952966368000, -0.9000000000000014700, 1.767766952966365800 ) ) ;
#623 = CYLINDRICAL_SURFACE ( 'NONE', #1860, 2.499999999999998200 ) ;
#624 = CARTESIAN_POINT ( 'NONE',  ( -2.499999999999998700, -2.600000000000001400, -2.011713145582856100E-015 ) ) ;
#625 = EDGE_CURVE ( 'NONE', #2192, #3782, #1761, .T. ) ;
#626 = CARTESIAN_POINT ( 'NONE',  ( 1.767766952966368400, -3.700000000000002000, -1.767766952966369500 ) ) ;
#627 = CARTESIAN_POINT ( 'NONE',  ( -1.400343491548886400, -6.300000000000002500, -1.400343491548888400 ) ) ;
#628 = CARTESIAN_POINT ( 'NONE',  ( -2.012777963120211400, -2.786881348097085500, -1.095497632106629000 ) ) ;
#629 = CARTESIAN_POINT ( 'NONE',  ( 1.980384757729328500, -1.850000000000002800, 0.8203022253684436600 ) ) ;
#630 = CARTESIAN_POINT ( 'NONE',  ( -1.400343491548886600, -6.100000000000003200, 1.400343491548884400 ) ) ;
#631 = CARTESIAN_POINT ( 'NONE',  ( -2.425271854633429100E-016, -2.000000000000002700, 1.980384757729327200 ) ) ;
#632 = DIRECTION ( 'NONE',  ( 0.0000000000000000000, -1.000000000000000000, 0.0000000000000000000 ) ) ;
#633 = ORIENTED_EDGE ( 'NONE', *, *, #4619, .T. ) ;
#634 = CARTESIAN_POINT ( 'NONE',  ( -0.6383617552652316500, 1.699999999999996600, -1.879171336619258200 ) ) ;
#635 = CARTESIAN_POINT ( 'NONE',  ( 2.499999999999998200, 0.3499999999999962600, -1.035533905932739800 ) ) ;
#636 = CARTESIAN_POINT ( 'NONE',  ( 0.8203022253684455500, -0.8500000000000026400, -1.980384757729330100 ) ) ;
#637 = CARTESIAN_POINT ( 'NONE',  ( -1.400343491548886600, 1.199999999999997100, 1.400343491548884400 ) ) ;
#638 = ORIENTED_EDGE ( 'NONE', *, *, #338, .T. ) ;
#639 = CARTESIAN_POINT ( 'NONE',  ( -1.767766952966368000, -3.300000000000001600, 1.767766952966365800 ) ) ;
#640 = CARTESIAN_POINT ( 'NONE',  ( 1.767766952966367800, -3.100000000000001400, 1.767766952966366400 ) ) ;
#641 = CARTESIAN_POINT ( 'NONE',  ( 2.499999999999998200, -2.150000000000005200, 1.035533905932736600 ) ) ;
#642 = CARTESIAN_POINT ( 'NONE',  ( -2.425271854633429100E-016, -6.000000000000002700, 1.980384757729327200 ) ) ;
#643 = ORIENTED_EDGE ( 'NONE', *, *, #2733, .F. ) ;
#644 = CARTESIAN_POINT ( 'NONE',  ( -2.027428724718862300, -2.712693981711419100, 0.8985166854870787500 ) ) ;
#645 = CARTESIAN_POINT ( 'NONE',  ( -0.8203022253684441000, -2.350000000000003200, -1.980384757729330500 ) ) ;
#646 = CARTESIAN_POINT ( 'NONE',  ( -2.425271854633429100E-016, -4.400000000000003000, 1.980384757729327200 ) ) ;
#647 = VERTEX_POINT ( 'NONE', #1382 ) ;
#648 = CARTESIAN_POINT ( 'NONE',  ( 0.0000000000000000000, -1.200000000000001500, -2.500000000000000400 ) ) ;
#649 = ORIENTED_EDGE ( 'NONE', *, *, #2866, .F. ) ;
#650 = CARTESIAN_POINT ( 'NONE',  ( 1.767766952966367800, -0.6000000000000042000, 1.767766952966366400 ) ) ;
#651 = ORIENTED_EDGE ( 'NONE', *, *, #3779, .F. ) ;
#652 = CC_DESIGN_DATE_AND_TIME_ASSIGNMENT ( #3553, #5181, ( #4290 ) ) ;
#653 = CARTESIAN_POINT ( 'NONE',  ( -1.980384757729329000, 0.1999999999999970700, -1.979895888421108300E-015 ) ) ;
#654 = CARTESIAN_POINT ( 'NONE',  ( -0.8203022253684444400, 1.249999999999996900, 1.980384757729327200 ) ) ;
#655 = EDGE_CURVE ( 'NONE', #131, #1068, #478, .T. ) ;
#656 = CARTESIAN_POINT ( 'NONE',  ( -1.035533905932737100, 2.049999999999998000, -2.500000000000000400 ) ) ;
#657 = CARTESIAN_POINT ( 'NONE',  ( 1.767766952966368400, -3.700000000000002000, -1.767766952966369500 ) ) ;
#658 = CARTESIAN_POINT ( 'NONE',  ( 0.0000000000000000000, 0.0000000000000000000, 0.0000000000000000000 ) ) ;
#659 = CARTESIAN_POINT ( 'NONE',  ( -1.980384757729329000, -6.200000000000002800, -1.979895888421108300E-015 ) ) ;
#660 = PLANE ( 'NONE',  #3365 ) ;
#661 = CARTESIAN_POINT ( 'NONE',  ( 0.0000000000000000000, -0.4000000000000019100, -2.500000000000000400 ) ) ;
#662 = CARTESIAN_POINT ( 'NONE',  ( 1.980384757729328500, -3.350000000000003600, -0.8203022253684464400 ) ) ;
#663 = CARTESIAN_POINT ( 'NONE',  ( -2.419240814642142900, -0.05044683925955310800, 0.4017784225291682300 ) ) ;
#664 = CARTESIAN_POINT ( 'NONE',  ( -1.980384757729329000, -5.400000000000003000, -1.979895888421108300E-015 ) ) ;
#665 = CARTESIAN_POINT ( 'NONE',  ( 0.0000000000000000000, -1.100000000000004500, -2.500000000000000400 ) ) ;
#666 = CARTESIAN_POINT ( 'NONE',  ( 2.162019285652063700, -2.901065721116438100, 1.056815406619088700 ) ) ;
#667 = B_SPLINE_CURVE_WITH_KNOTS ( 'NONE', 3,
 ( #1623, #5289, #2874, #2815, #3286, #769, #1207, #4848, #4459, #5269, #350, #1190, #3266, #3627, #1572, #2005, #1173, #2040, #4037, #5250, #1228, #4439, #2459, #4827, #1644, #1606, #411, #2474 ),
 .UNSPECIFIED., .F., .F.,
 ( 4, 2, 2, 2, 2, 2, 2, 2, 2, 2, 2, 2, 2, 4 ),
 ( 0.001900028370032440500, 0.002755659607102611000, 0.003183475225637695900, 0.003611290844172781700, 0.004466922081242951500, 0.004894737699778036400, 0.005322553318313121400, 0.005750368936848206300, 0.006178184555383291200, 0.007033815792453461900, 0.007461631410988546800, 0.007889447029523632600, 0.008317262648058720100, 0.008745078266593804200 ),
 .UNSPECIFIED. ) ;
#668 = DIRECTION ( 'NONE',  ( 0.0000000000000000000, 2.828353493440447300E-016, -1.000000000000000000 ) ) ;
#669 = APPROVAL_PERSON_ORGANIZATION ( #4810, #5193, #3525 ) ;
#670 =( BOUNDED_CURVE ( )  B_SPLINE_CURVE ( 2, ( #3920, #2714, #2668, #2270, #2650, #641, #3057, #1837, #2701 ),
 .UNSPECIFIED., .F., .F. ) 
 B_SPLINE_CURVE_WITH_KNOTS ( ( 3, 2, 2, 2, 3 ),
 ( 0.4545454545454545900, 0.4659090909090909400, 0.4772727272727272900, 0.4886363636363636500, 0.5000000000000000000 ),
 .UNSPECIFIED. ) 
 CURVE ( )  GEOMETRIC_REPRESENTATION_ITEM ( )  RATIONAL_B_SPLINE_CURVE ( ( 1.000000000000000000, 0.9238795325112867400, 1.000000000000000000, 0.9238795325112867400, 1.000000000000000000, 0.9238795325112867400, 1.000000000000000000, 0.9238795325112867400, 1.000000000000000000 ) ) 
 REPRESENTATION_ITEM ( '' )  );
#671 = CARTESIAN_POINT ( 'NONE',  ( -2.499999999999998700, 0.6499999999999961400, -1.035533905932739300 ) ) ;
#672 = CARTESIAN_POINT ( 'NONE',  ( -1.400343491548886400, 0.8999999999999971400, -1.400343491548888400 ) ) ;
#673 = CARTESIAN_POINT ( 'NONE',  ( 1.400343491548886400, -0.2000000000000031200, 1.400343491548884800 ) ) ;
#674 = PERSON_AND_ORGANIZATION ( #2839, #2792 ) ;
#675 = CARTESIAN_POINT ( 'NONE',  ( -2.499999999999998700, 2.249999999999998200, 1.035533905932735100 ) ) ;
#676 = CARTESIAN_POINT ( 'NONE',  ( 1.035533905932736600, -2.350000000000001900, 2.499999999999997300 ) ) ;
#677 = MECHANICAL_CONTEXT ( 'NONE', #311, 'mechanical' ) ;
#678 = CARTESIAN_POINT ( 'NONE',  ( 0.8203022253684436600, -3.550000000000002900, 1.980384757729327600 ) ) ;
#679 = VERTEX_POINT ( 'NONE', #3044 ) ;
#680 = CARTESIAN_POINT ( 'NONE',  ( 0.0000000000000000000, -2.873205080756890100, -2.373205080756887000 ) ) ;
#681 = VECTOR ( 'NONE', #1459, 1000.000000000000000 ) ;
#682 = CARTESIAN_POINT ( 'NONE',  ( 1.732050807568879400, 4.799999999999998900, -5.421010862427522200E-016 ) ) ;
#683 = CARTESIAN_POINT ( 'NONE',  ( 1.980384757729329000, -3.400000000000003000, -1.494841517494422500E-015 ) ) ;
#684 = CARTESIAN_POINT ( 'NONE',  ( -2.397388497419811900, -0.07706273264141129400, -0.4228368024296760300 ) ) ;
#685 = LINE ( 'NONE', #3228, #1662 ) ;
#686 = CARTESIAN_POINT ( 'NONE',  ( 0.0000000000000000000, -6.000000000000001800, -2.500000000000000400 ) ) ;
#687 = DIRECTION ( 'NONE',  ( -0.0000000000000000000, -1.000000000000000000, -3.097720492815726700E-016 ) ) ;
#688 = CARTESIAN_POINT ( 'NONE',  ( 0.0000000000000000000, -1.200000000000001500, -2.500000000000000400 ) ) ;
#689 = DIRECTION ( 'NONE',  ( 0.0000000000000000000, 3.469446951953616700E-016, -1.000000000000000000 ) ) ;
#690 = EDGE_CURVE ( 'NONE', #2681, #1508, #3046, .T. ) ;
#691 = CARTESIAN_POINT ( 'NONE',  ( -0.8203022253684443300, -1.250000000000003100, 1.980384757729327200 ) ) ;
#692 = CARTESIAN_POINT ( 'NONE',  ( 0.8203022253684436600, 2.149999999999997200, 1.980384757729327600 ) ) ;
#693 = CARTESIAN_POINT ( 'NONE',  ( 1.035533905932736600, 1.649999999999998800, 2.499999999999997300 ) ) ;
#694 = CARTESIAN_POINT ( 'NONE',  ( -3.061616997868381700E-016, -2.400000000000001700, 2.499999999999996900 ) ) ;
#695 = EDGE_CURVE ( 'NONE', #1954, #4239, #2308, .T. ) ;
#696 = EDGE_LOOP ( 'NONE', ( #590, #1918, #3287, #2469 ) ) ;
#697 = PERSON_AND_ORGANIZATION_ROLE ( 'creator' ) ;
#698 = CARTESIAN_POINT ( 'NONE',  ( -0.8203022253684441000, -2.350000000000003200, -1.980384757729330500 ) ) ;
#699 = DIRECTION ( 'NONE',  ( 0.0000000000000000000, 2.828353493440446800E-016, -1.000000000000000000 ) ) ;
#700 = CARTESIAN_POINT ( 'NONE',  ( 0.8660254037844392600, 4.799999999999998900, 1.500000000000002400 ) ) ;
#701 = CARTESIAN_POINT ( 'NONE',  ( 1.400343491548886400, -3.500000000000002700, 1.400343491548884800 ) ) ;
#702 = ORIENTED_EDGE ( 'NONE', *, *, #4044, .T. ) ;
#703 = CARTESIAN_POINT ( 'NONE',  ( -3.061616997868381700E-016, -3.200000000000002000, 2.499999999999996900 ) ) ;
#704 = CARTESIAN_POINT ( 'NONE',  ( 1.149429382477830100, 4.567309415773134900, -1.009129909835880800 ) ) ;
#705 = CARTESIAN_POINT ( 'NONE',  ( 0.0000000000000000000, -3.100000000000003200, -1.980384757729330500 ) ) ;
#706 = CARTESIAN_POINT ( 'NONE',  ( -1.035533905932737300, -0.7500000000000041100, 2.499999999999996900 ) ) ;
#707 = VERTEX_POINT ( 'NONE', #988 ) ;
#708 = CARTESIAN_POINT ( 'NONE',  ( 0.8203022253684436600, -0.3500000000000022000, 1.980384757729327600 ) ) ;
#709 = CARTESIAN_POINT ( 'NONE',  ( -1.400343491548886600, 0.3999999999999966900, 1.400343491548884400 ) ) ;
#710 = VERTEX_POINT ( 'NONE', #2983 ) ;
#711 = CARTESIAN_POINT ( 'NONE',  ( 2.499999999999998200, -0.6500000000000012400, 1.035533905932736600 ) ) ;
#712 = CARTESIAN_POINT ( 'NONE',  ( 2.499999999999998700, -1.400000000000001900, -1.399389746009179600E-015 ) ) ;
#713 = CARTESIAN_POINT ( 'NONE',  ( 1.980384757729329000, -3.400000000000003000, -1.494841517494422500E-015 ) ) ;
#714 = ADVANCED_FACE ( 'NONE', ( #107 ), #3257, .T. ) ;
#715 = CARTESIAN_POINT ( 'NONE',  ( 2.499999999999998700, 0.2999999999999956000, -1.399389746009179600E-015 ) ) ;
#716 = CARTESIAN_POINT ( 'NONE',  ( 1.767766952966368400, -3.600000000000004100, -1.767766952966369500 ) ) ;
#717 = ORIENTED_EDGE ( 'NONE', *, *, #2823, .F. ) ;
#718 = CARTESIAN_POINT ( 'NONE',  ( -1.400343491548886600, 1.099999999999997600, 1.400343491548884400 ) ) ;
#719 = DIRECTION ( 'NONE',  ( 0.0000000000000000000, 0.0000000000000000000, 1.000000000000000000 ) ) ;
#720 = CARTESIAN_POINT ( 'NONE',  ( -1.980384757729329000, -4.650000000000003900, -0.8203022253684462100 ) ) ;
#721 = ORIENTED_EDGE ( 'NONE', *, *, #625, .F. ) ;
#722 = CARTESIAN_POINT ( 'NONE',  ( -0.8203022253684444400, -3.550000000000003400, 1.980384757729327200 ) ) ;
#723 = CARTESIAN_POINT ( 'NONE',  ( -1.767766952966367800, -1.000000000000004400, -1.767766952966370000 ) ) ;
#724 = CARTESIAN_POINT ( 'NONE',  ( -1.035533905932740000, -5.150000000000002100, -2.499999999999997300 ) ) ;
#725 = CARTESIAN_POINT ( 'NONE',  ( 0.0000000000000000000, -3.500000000000004400, -2.500000000000000400 ) ) ;
#726 = CARTESIAN_POINT ( 'NONE',  ( 1.400343491548886400, -5.800000000000003400, 1.400343491548884800 ) ) ;
#727 = EDGE_CURVE ( 'NONE', #5226, #4598, #2246, .T. ) ;
#728 = CARTESIAN_POINT ( 'NONE',  ( 0.0000000000000000000, 2.799999999999998500, -2.500000000000000400 ) ) ;
#729 = CARTESIAN_POINT ( 'NONE',  ( -1.035533905932737100, -1.150000000000001900, -2.500000000000000400 ) ) ;
#730 = CARTESIAN_POINT ( 'NONE',  ( 1.980384757729328500, -4.250000000000002700, 0.8203022253684436600 ) ) ;
#731 = CARTESIAN_POINT ( 'NONE',  ( 1.767766952966367800, -0.6000000000000042000, 1.767766952966366400 ) ) ;
#732 = CARTESIAN_POINT ( 'NONE',  ( 1.268418809881811200, -2.480384757729334800, -1.526476933324990300 ) ) ;
#733 = CARTESIAN_POINT ( 'NONE',  ( 1.400343491548886400, 1.299999999999997400, 1.400343491548884800 ) ) ;
#734 =( BOUNDED_CURVE ( )  B_SPLINE_CURVE ( 2, ( #894, #1713, #1320, #2148, #4938, #4140, #81, #465, #1679 ),
 .UNSPECIFIED., .F., .F. ) 
 B_SPLINE_CURVE_WITH_KNOTS ( ( 3, 2, 2, 2, 3 ),
 ( 0.3636363636363637000, 0.3750000000000000600, 0.3863636363636364100, 0.3977272727272727600, 0.4090909090909091200 ),
 .UNSPECIFIED. ) 
 CURVE ( )  GEOMETRIC_REPRESENTATION_ITEM ( )  RATIONAL_B_SPLINE_CURVE ( ( 0.9999999999999996700, 0.9238795325112870700, 1.000000000000000000, 0.9238795325112867400, 1.000000000000000000, 0.9238795325112867400, 1.000000000000000000, 0.9238795325112864100, 1.000000000000000400 ) ) 
 REPRESENTATION_ITEM ( '' )  );
#735 = CARTESIAN_POINT ( 'NONE',  ( -1.767766952966367800, -3.400000000000004800, -1.767766952966370000 ) ) ;
#736 = DIRECTION ( 'NONE',  ( 0.0000000000000000000, -1.000000000000000000, -3.097720492815726700E-016 ) ) ;
#737 = CARTESIAN_POINT ( 'NONE',  ( -0.8203022253684441000, -3.850000000000003600, -1.980384757729330500 ) ) ;
#738 = CARTESIAN_POINT ( 'NONE',  ( 1.302616816657815400, -5.770357141456351300, -1.688309485945856900 ) ) ;
#739 = B_SPLINE_CURVE_WITH_KNOTS ( 'NONE', 3,
 ( #4889, #2518, #4483, #2477, #414, #828, #3443, #119, #3810, #2223, #1769, #4236, #5048, #1379, #103, #3423, #1751, #5028, #3371, #2637, #931, #2600, #3830, #3792, #4592, #4181, #917, #536, #3000, #2172, #1398, #576, #505, #1362 ),
 .UNSPECIFIED., .F., .F.,
 ( 4, 2, 2, 2, 2, 2, 2, 2, 2, 2, 2, 2, 2, 2, 2, 2, 4 ),
 ( 0.0000000000000000000, 0.0006590499046662146500, 0.001318099809332429300, 0.001977149713998644200, 0.002636199618664858600, 0.003954299427997288300, 0.004283824380330395100, 0.004613349332663502700, 0.005272399237329717200, 0.005931449141995931600, 0.006590499046662146000, 0.007249548951328361300, 0.007908598855994576600, 0.008567648760660790200, 0.009226698665327005500, 0.009885748569993219000, 0.01054479847465943400 ),
 .UNSPECIFIED. ) ;
#740 = CARTESIAN_POINT ( 'NONE',  ( 0.0000000000000000000, -3.000000000000001800, -1.734723475976807100E-015 ) ) ;
#741 = ADVANCED_FACE ( 'NONE', ( #4773 ), #2512, .F. ) ;
#742 = VECTOR ( 'NONE', #4017, 1000.000000000000000 ) ;
#743 = CARTESIAN_POINT ( 'NONE',  ( 2.499999999999998200, 2.649999999999998100, -1.035533905932739800 ) ) ;
#744 = LINE ( 'NONE', #5208, #805 ) ;
#745 = CARTESIAN_POINT ( 'NONE',  ( -2.499999999999998700, -0.9500000000000012900, 1.035533905932735100 ) ) ;
#746 = CARTESIAN_POINT ( 'NONE',  ( -2.425271854633429100E-016, -2.800000000000002500, 1.980384757729327200 ) ) ;
#747 = FACE_OUTER_BOUND ( 'NONE', #2395, .T. ) ;
#748 = CARTESIAN_POINT ( 'NONE',  ( -0.8203022253684441000, -1.550000000000002700, -1.980384757729330500 ) ) ;
#749 = CARTESIAN_POINT ( 'NONE',  ( 3.061616997868381200E-016, 1.999999999999997300, 2.499999999999998200 ) ) ;
#750 = CARTESIAN_POINT ( 'NONE',  ( -1.980384757729329000, -2.950000000000003300, 0.8203022253684421100 ) ) ;
#751 = CARTESIAN_POINT ( 'NONE',  ( 1.400343491548886400, -3.400000000000003500, 1.400343491548884800 ) ) ;
#752 = FACE_OUTER_BOUND ( 'NONE', #2814, .T. ) ;
#753 = CARTESIAN_POINT ( 'NONE',  ( 1.346132856228574800, -5.910655734816932800, 1.481190230254110000 ) ) ;
#754 = CARTESIAN_POINT ( 'NONE',  ( 0.8203022253684436600, -5.850000000000004100, 1.980384757729327600 ) ) ;
#755 = EDGE_CURVE ( 'NONE', #109, #3160, #4429, .T. ) ;
#756 = CARTESIAN_POINT ( 'NONE',  ( 0.0000000000000000000, 1.999999999999999100, -2.499999999999998200 ) ) ;
#757 = CARTESIAN_POINT ( 'NONE',  ( 0.8203022253684454400, 2.449999999999997100, -1.980384757729330100 ) ) ;
#758 = CARTESIAN_POINT ( 'NONE',  ( -0.8203022253684441000, -3.950000000000003300, -1.980384757729330500 ) ) ;
#759 = CARTESIAN_POINT ( 'NONE',  ( -0.8203022253684444400, -3.550000000000003400, 1.980384757729327200 ) ) ;
#760 = CARTESIAN_POINT ( 'NONE',  ( -1.035533905932737300, 1.549999999999998500, 2.499999999999996900 ) ) ;
#761 = CARTESIAN_POINT ( 'NONE',  ( -1.400343491548886400, 0.8999999999999971400, -1.400343491548888400 ) ) ;
#762 = ORIENTED_EDGE ( 'NONE', *, *, #1565, .F. ) ;
#763 = ADVANCED_FACE ( 'NONE', ( #4398 ), #406, .F. ) ;
#764 = CARTESIAN_POINT ( 'NONE',  ( 0.0000000000000000000, -3.000000000000001800, 0.0000000000000000000 ) ) ;
#765 = CARTESIAN_POINT ( 'NONE',  ( 0.8203022253684455500, -2.350000000000003200, -1.980384757729330100 ) ) ;
#766 = CARTESIAN_POINT ( 'NONE',  ( 1.400343491548886800, -0.1000000000000028600, -1.400343491548887900 ) ) ;
#767 = CARTESIAN_POINT ( 'NONE',  ( 0.0000000000000000000, 1.299999999999995600, -2.500000000000000400 ) ) ;
#768 = ORIENTED_EDGE ( 'NONE', *, *, #2933, .T. ) ;
#769 = CARTESIAN_POINT ( 'NONE',  ( 1.339811015128328000, -0.3881153131907869000, 1.638685018361455400 ) ) ;
#770 = CARTESIAN_POINT ( 'NONE',  ( 0.0000000000000000000, -2.400000000000003000, -1.980384757729330500 ) ) ;
#771 = CARTESIAN_POINT ( 'NONE',  ( -1.980384757729329000, -4.450000000000002800, 0.8203022253684421100 ) ) ;
#772 = CARTESIAN_POINT ( 'NONE',  ( 1.308723545172698600, -2.505074779787656200, -1.527748448579659500 ) ) ;
#773 = B_SPLINE_CURVE_WITH_KNOTS ( 'NONE', 3,
 ( #2939, #2541, #4554, #1744, #1336, #480, #5000, #4208, #4139, #2554 ),
 .UNSPECIFIED., .F., .F.,
 ( 4, 2, 2, 2, 4 ),
 ( 1.109538834699609800E-016, 0.0004827297407243578700, 0.0009654594814486047200, 0.001448189222172851600, 0.001930918962897098600 ),
 .UNSPECIFIED. ) ;
#774 = CARTESIAN_POINT ( 'NONE',  ( 0.0000000000000000000, -4.700000000000003700, -1.980384757729330500 ) ) ;
#775 = ORIENTED_EDGE ( 'NONE', *, *, #727, .F. ) ;
#776 = CARTESIAN_POINT ( 'NONE',  ( -0.8660254037844389300, 1.799999999999998700, -1.499999999999998900 ) ) ;
#777 = CARTESIAN_POINT ( 'NONE',  ( -1.400343491548886400, -3.100000000000002800, -1.400343491548888400 ) ) ;
#778 = CARTESIAN_POINT ( 'NONE',  ( 1.400343491548886400, -5.000000000000003600, 1.400343491548884800 ) ) ;
#779 = VERTEX_POINT ( 'NONE', #4495 ) ;
#780 = ORIENTED_EDGE ( 'NONE', *, *, #4012, .T. ) ;
#781 = CARTESIAN_POINT ( 'NONE',  ( 1.767766952966367800, 0.09999999999999853500, 1.767766952966366400 ) ) ;
#782 = CARTESIAN_POINT ( 'NONE',  ( -0.8203022253684441000, 0.8499999999999974200, -1.980384757729330500 ) ) ;
#783 = CARTESIAN_POINT ( 'NONE',  ( 0.0000000000000000000, 1.999999999999998200, 0.0000000000000000000 ) ) ;
#784 = CARTESIAN_POINT ( 'NONE',  ( 1.902268572758607100, -2.480384757729333900, -0.5655897409260499700 ) ) ;
#785 = CARTESIAN_POINT ( 'NONE',  ( -0.8203022253684441000, 0.8499999999999974200, -1.980384757729330500 ) ) ;
#786 = ORIENTED_EDGE ( 'NONE', *, *, #5166, .T. ) ;
#787 = AXIS2_PLACEMENT_3D ( 'NONE', #4969, #3768, #4174 ) ;
#788 = CARTESIAN_POINT ( 'NONE',  ( -0.8203022253684444400, -2.850000000000002300, 1.980384757729327200 ) ) ;
#789 = CARTESIAN_POINT ( 'NONE',  ( -1.400343491548886400, 0.1999999999999970700, -1.400343491548888400 ) ) ;
#790 = CARTESIAN_POINT ( 'NONE',  ( -1.732050807568879400, 4.799999999999998900, 5.421010862427522200E-016 ) ) ;
#791 = ADVANCED_FACE ( 'NONE', ( #3896, #300 ), #4880, .T. ) ;
#792 = CARTESIAN_POINT ( 'NONE',  ( -3.061616997868381700E-016, -0.8000000000000012700, 2.499999999999996900 ) ) ;
#793 = CARTESIAN_POINT ( 'NONE',  ( -1.980384757729329000, -5.350000000000003200, -0.8203022253684462100 ) ) ;
#794 = EDGE_CURVE ( 'NONE', #2765, #3534, #1545, .T. ) ;
#795 =( BOUNDED_CURVE ( )  B_SPLINE_CURVE ( 2, ( #1957, #5191, #2384, #4347, #5175 ),
 .UNSPECIFIED., .F., .F. ) 
 B_SPLINE_CURVE_WITH_KNOTS ( ( 3, 2, 3 ),
 ( 0.06818181818181816300, 0.07954545454545455800, 0.09090909090909095300 ),
 .UNSPECIFIED. ) 
 CURVE ( )  GEOMETRIC_REPRESENTATION_ITEM ( )  RATIONAL_B_SPLINE_CURVE ( ( 1.000000000000000000, 0.9238795325112865200, 1.000000000000000000, 0.9238795325112865200, 1.000000000000000200 ) ) 
 REPRESENTATION_ITEM ( '' )  );
#796 = ORIENTED_EDGE ( 'NONE', *, *, #4485, .T. ) ;
#797 = CARTESIAN_POINT ( 'NONE',  ( -0.8203022253684441000, -4.750000000000002700, -1.980384757729330500 ) ) ;
#798 = CARTESIAN_POINT ( 'NONE',  ( -1.980384757729329000, -3.650000000000003500, 0.8203022253684421100 ) ) ;
#799 = CARTESIAN_POINT ( 'NONE',  ( -1.767766952966367800, 2.099999999999997900, -1.767766952966370000 ) ) ;
#800 = CARTESIAN_POINT ( 'NONE',  ( 0.0000000000000000000, -0.8000000000000029300, -1.980384757729330500 ) ) ;
#801 = COORDINATED_UNIVERSAL_TIME_OFFSET ( 6, 0, .BEHIND. ) ;
#802 = CARTESIAN_POINT ( 'NONE',  ( 3.061616997868381200E-016, 1.999999999999997300, 2.499999999999998200 ) ) ;
#803 = CARTESIAN_POINT ( 'NONE',  ( 1.704300128813400600E-015, 0.0000000000000000000, 7.500000000000000000 ) ) ;
#804 = CARTESIAN_POINT ( 'NONE',  ( 1.767766952966367800, 1.799999999999996000, 1.767766952966366400 ) ) ;
#805 = VECTOR ( 'NONE', #3199, 1000.000000000000000 ) ;
#806 = CARTESIAN_POINT ( 'NONE',  ( 1.980384757729329000, -1.800000000000002900, -1.494841517494422500E-015 ) ) ;
#807 = CARTESIAN_POINT ( 'NONE',  ( -1.980384757729329000, 0.3499999999999970400, 0.8203022253684421100 ) ) ;
#808 = CARTESIAN_POINT ( 'NONE',  ( 0.0000000000000000000, -6.000000000000001800, -2.478176394252581300E-015 ) ) ;
#809 = CARTESIAN_POINT ( 'NONE',  ( -2.425271854633429100E-016, -5.100000000000004100, 1.980384757729327200 ) ) ;
#810 = CONICAL_SURFACE ( 'NONE', #3733, 2.499999999999998700, 1.047197551196600100 ) ;
#811 = CARTESIAN_POINT ( 'NONE',  ( -3.061616997868381700E-016, -4.700000000000004600, 2.499999999999996900 ) ) ;
#812 = CARTESIAN_POINT ( 'NONE',  ( -1.980384757729329000, -2.050000000000003400, 0.8203022253684421100 ) ) ;
#813 = CARTESIAN_POINT ( 'NONE',  ( 1.980384757729328500, -4.250000000000002700, 0.8203022253684436600 ) ) ;
#814 = CARTESIAN_POINT ( 'NONE',  ( -1.980384757729329000, -2.850000000000002800, 0.8203022253684421100 ) ) ;
#815 = CARTESIAN_POINT ( 'NONE',  ( 1.980384757729328500, -4.950000000000003700, 0.8203022253684436600 ) ) ;
#816 = CIRCLE ( 'NONE', #91, 6.083333333333327700 ) ;
#817 = CARTESIAN_POINT ( 'NONE',  ( 1.400343491548886400, 0.4999999999999978400, 1.400343491548884800 ) ) ;
#818 = ADVANCED_FACE ( 'NONE', ( #4830 ), #3331, .F. ) ;
#819 = CARTESIAN_POINT ( 'NONE',  ( -3.061616997868381700E-016, -3.200000000000002000, 2.499999999999996900 ) ) ;
#820 = CARTESIAN_POINT ( 'NONE',  ( 1.366620988892560900, -2.480384757729367600, -1.439086870348360100 ) ) ;
#821 = CARTESIAN_POINT ( 'NONE',  ( 1.980384757729328500, 2.249999999999996900, -0.8203022253684464400 ) ) ;
#822 = ORIENTED_EDGE ( 'NONE', *, *, #2858, .F. ) ;
#823 = CARTESIAN_POINT ( 'NONE',  ( 2.499999999999998200, 1.149999999999996400, -1.035533905932739800 ) ) ;
#824 = CARTESIAN_POINT ( 'NONE',  ( 1.035533905932736600, -0.6500000000000039100, 2.499999999999997300 ) ) ;
#825 = CARTESIAN_POINT ( 'NONE',  ( 0.0000000000000000000, 1.999999999999998200, 0.0000000000000000000 ) ) ;
#826 = CARTESIAN_POINT ( 'NONE',  ( -1.400343491548886400, -1.500000000000003100, -1.400343491548888400 ) ) ;
#827 = CARTESIAN_POINT ( 'NONE',  ( -2.425271854633429100E-016, -1.100000000000003000, 1.980384757729327200 ) ) ;
#828 = CARTESIAN_POINT ( 'NONE',  ( -2.076146691708902600, 1.748750350112049800, -0.04877797463169092400 ) ) ;
#829 = SECURITY_CLASSIFICATION ( '', '', #3542 ) ;
#830 = CARTESIAN_POINT ( 'NONE',  ( -1.980384757729329000, -4.550000000000003400, -0.8203022253684462100 ) ) ;
#831 = EDGE_CURVE ( 'NONE', #2745, #3835, #2372, .T. ) ;
#832 = ORIENTED_EDGE ( 'NONE', *, *, #4492, .T. ) ;
#833 = CARTESIAN_POINT ( 'NONE',  ( -0.8203022253684441000, -2.250000000000003600, -1.980384757729330500 ) ) ;
#834 = CARTESIAN_POINT ( 'NONE',  ( -2.425271854633429100E-016, -3.600000000000002800, 1.980384757729327200 ) ) ;
#835 = ORIENTED_EDGE ( 'NONE', *, *, #4356, .F. ) ;
#836 = CARTESIAN_POINT ( 'NONE',  ( 1.980384757729328500, -1.750000000000003600, 0.8203022253684436600 ) ) ;
#837 = CARTESIAN_POINT ( 'NONE',  ( 1.035533905932738900, 1.949999999999998600, -2.500000000000000400 ) ) ;
#838 = EDGE_CURVE ( 'NONE', #3501, #3971, #5138, .T. ) ;
#839 = CARTESIAN_POINT ( 'NONE',  ( -0.8203022253684441000, 0.04999999999999709500, -1.980384757729330500 ) ) ;
#840 = DIRECTION ( 'NONE',  ( 0.0000000000000000000, 1.000000000000000000, 3.097720492815721700E-016 ) ) ;
#841 = CARTESIAN_POINT ( 'NONE',  ( 1.980384757729328500, -1.750000000000003600, 0.8203022253684436600 ) ) ;
#842 = ORIENTED_EDGE ( 'NONE', *, *, #2012, .T. ) ;
#843 = CARTESIAN_POINT ( 'NONE',  ( -1.767766952966368000, -0.1000000000000020000, 1.767766952966365800 ) ) ;
#844 = CARTESIAN_POINT ( 'NONE',  ( 2.499999999999998200, 1.049999999999995400, 1.035533905932736600 ) ) ;
#845 = CARTESIAN_POINT ( 'NONE',  ( -1.035533905932737100, -0.2500000000000045500, -2.500000000000000400 ) ) ;
#846 = CARTESIAN_POINT ( 'NONE',  ( -0.8660254037844380400, 1.799999999999998700, 1.500000000000002900 ) ) ;
#847 = EDGE_LOOP ( 'NONE', ( #444, #2962 ) ) ;
#848 = CARTESIAN_POINT ( 'NONE',  ( 0.8203022253684436600, 1.249999999999997300, 1.980384757729327600 ) ) ;
#849 = CARTESIAN_POINT ( 'NONE',  ( -1.980384757729329000, -0.4500000000000033400, 0.8203022253684421100 ) ) ;
#850 = CARTESIAN_POINT ( 'NONE',  ( 0.0000000000000000000, -4.300000000000004300, -2.500000000000000400 ) ) ;
#851 = CARTESIAN_POINT ( 'NONE',  ( 1.400343491548886800, -2.400000000000003500, -1.400343491548887900 ) ) ;
#852 = ADVANCED_FACE ( 'NONE', ( #566 ), #3630, .T. ) ;
#853 = CARTESIAN_POINT ( 'NONE',  ( -3.061616997868381700E-016, -2.300000000000004300, 2.499999999999996900 ) ) ;
#854 = CARTESIAN_POINT ( 'NONE',  ( -2.425271854633429100E-016, -4.300000000000003400, 1.980384757729327200 ) ) ;
#855 = CARTESIAN_POINT ( 'NONE',  ( 1.980384757729329000, -1.800000000000002900, -1.494841517494422500E-015 ) ) ;
#856 = CARTESIAN_POINT ( 'NONE',  ( -1.400343491548886600, -0.4000000000000036300, 1.400343491548884400 ) ) ;
#857 = CARTESIAN_POINT ( 'NONE',  ( 1.980384757729329000, -4.900000000000003000, -1.494841517494422500E-015 ) ) ;
#858 = CARTESIAN_POINT ( 'NONE',  ( -1.980384757729329000, 1.849999999999997400, 0.8203022253684421100 ) ) ;
#859 = CARTESIAN_POINT ( 'NONE',  ( -2.425271854633429100E-016, -5.919615242270668700, 1.980384757729327200 ) ) ;
#860 = CARTESIAN_POINT ( 'NONE',  ( 0.0000000000000000000, 1.999999999999998200, 0.0000000000000000000 ) ) ;
#861 = DIRECTION ( 'NONE',  ( 0.0000000000000000000, 3.469446951953614700E-016, -1.000000000000000000 ) ) ;
#862 = AXIS2_PLACEMENT_3D ( 'NONE', #3775, #156, #3760 ) ;
#863 = CARTESIAN_POINT ( 'NONE',  ( -1.035533905932737100, -1.850000000000004500, -2.500000000000000400 ) ) ;
#864 = CARTESIAN_POINT ( 'NONE',  ( 0.5961862350017223000, -5.787860231795964900, 2.031630466210811100 ) ) ;
#865 = CARTESIAN_POINT ( 'NONE',  ( 1.980384757729328500, 0.5499999999999976000, 0.8203022253684436600 ) ) ;
#866 = CARTESIAN_POINT ( 'NONE',  ( -2.425271854633429100E-016, -0.3000000000000033800, 1.980384757729327200 ) ) ;
#867 = CARTESIAN_POINT ( 'NONE',  ( -2.425271854633429100E-016, -2.700000000000003300, 1.980384757729327200 ) ) ;
#868 = CARTESIAN_POINT ( 'NONE',  ( -0.1524092913312525000, 4.567939595670966700, -1.499999999999999300 ) ) ;
#869 = CARTESIAN_POINT ( 'NONE',  ( -1.980384757729329000, -2.950000000000003300, -0.8203022253684462100 ) ) ;
#870 = EDGE_CURVE ( 'NONE', #4987, #4465, #1151, .T. ) ;
#871 = CARTESIAN_POINT ( 'NONE',  ( 1.980384757729328500, 0.6499999999999978000, -0.8203022253684464400 ) ) ;
#872 = CARTESIAN_POINT ( 'NONE',  ( -1.980384757729329000, -2.100000000000002800, -1.979895888421108300E-015 ) ) ;
#873 = CYLINDRICAL_SURFACE ( 'NONE', #201, 2.499999999999998200 ) ;
#874 = ORIENTED_EDGE ( 'NONE', *, *, #3951, .T. ) ;
#875 = CARTESIAN_POINT ( 'NONE',  ( 0.0000000000000000000, -5.100000000000005000, -2.500000000000000400 ) ) ;
#876 = CARTESIAN_POINT ( 'NONE',  ( 1.980384757729329000, -5.800000000000003400, -1.494841517494422500E-015 ) ) ;
#877 = CARTESIAN_POINT ( 'NONE',  ( 1.400343491548886800, -1.600000000000003400, -1.400343491548887900 ) ) ;
#878 = DIRECTION ( 'NONE',  ( 0.0000000000000000000, 1.000000000000000000, 0.0000000000000000000 ) ) ;
#879 = CARTESIAN_POINT ( 'NONE',  ( -2.499999999999998700, -0.9000000000000041300, -2.011713145582856100E-015 ) ) ;
#880 = CARTESIAN_POINT ( 'NONE',  ( 0.0000000000000000000, -2.700000000000004600, -2.500000000000000400 ) ) ;
#881 = CARTESIAN_POINT ( 'NONE',  ( -1.737222066685704800, -0.2659659495030354800, 1.413778713318519600 ) ) ;
#882 = CARTESIAN_POINT ( 'NONE',  ( -2.425271854633429100E-016, -1.200000000000002200, 1.980384757729327200 ) ) ;
#883 = CARTESIAN_POINT ( 'NONE',  ( -0.8203022253684444400, -5.250000000000002700, 1.980384757729327200 ) ) ;
#884 = LINE ( 'NONE', #4186, #3825 ) ;
#885 = DIRECTION ( 'NONE',  ( 0.0000000000000000000, 3.469446951953616700E-016, -1.000000000000000000 ) ) ;
#886 = CARTESIAN_POINT ( 'NONE',  ( 1.400343491548886400, -3.400000000000003500, 1.400343491548884800 ) ) ;
#887 = CARTESIAN_POINT ( 'NONE',  ( -0.8203022253684443300, -3.550000000000003400, 1.980384757729327200 ) ) ;
#888 = CARTESIAN_POINT ( 'NONE',  ( 1.980384757729329000, -1.000000000000002700, -1.494841517494422500E-015 ) ) ;
#889 = CARTESIAN_POINT ( 'NONE',  ( 0.8203022253684436600, -1.050000000000003200, 1.980384757729327600 ) ) ;
#890 = CARTESIAN_POINT ( 'NONE',  ( -0.8203022253684441000, 1.649999999999997000, -1.980384757729330500 ) ) ;
#891 = VERTEX_POINT ( 'NONE', #3013 ) ;
#892 = AXIS2_PLACEMENT_3D ( 'NONE', #783, #4877, #2076 ) ;
#893 = CARTESIAN_POINT ( 'NONE',  ( -1.400343491548886600, -5.300000000000002500, 1.400343491548884400 ) ) ;
#894 = CARTESIAN_POINT ( 'NONE',  ( 0.0000000000000000000, -1.100000000000004500, -2.500000000000000400 ) ) ;
#895 = CARTESIAN_POINT ( 'NONE',  ( -1.767766952966367800, -4.300000000000001600, -1.767766952966370000 ) ) ;
#896 = ORIENTED_EDGE ( 'NONE', *, *, #1213, .T. ) ;
#897 = CARTESIAN_POINT ( 'NONE',  ( 1.035533905932739800, 1.749999999999996400, 2.499999999999993800 ) ) ;
#898 = DIRECTION ( 'NONE',  ( 2.503857664561932400E-016, 0.0000000000000000000, 1.000000000000000000 ) ) ;
#899 = CARTESIAN_POINT ( 'NONE',  ( -0.8203022253684441000, 1.649999999999997000, -1.980384757729330500 ) ) ;
#900 = CARTESIAN_POINT ( 'NONE',  ( 1.400343491548886400, -5.100000000000003200, 1.400343491548884800 ) ) ;
#901 = CARTESIAN_POINT ( 'NONE',  ( 0.0000000000000000000, 4.799999999999998900, 6.195440985631449400E-016 ) ) ;
#902 = CARTESIAN_POINT ( 'NONE',  ( 1.980384757729328500, -2.550000000000003800, 0.8203022253684436600 ) ) ;
#903 = EDGE_CURVE ( 'NONE', #4349, #4863, #4899, .T. ) ;
#904 = VERTEX_POINT ( 'NONE', #803 ) ;
#905 = CARTESIAN_POINT ( 'NONE',  ( -1.400343491548886400, 0.1999999999999970700, -1.400343491548888400 ) ) ;
#906 = CARTESIAN_POINT ( 'NONE',  ( -1.980384757729329000, 0.9999999999999974500, -1.979895888421108300E-015 ) ) ;
#907 = CARTESIAN_POINT ( 'NONE',  ( 1.400343491548886400, 0.5999999999999972000, 1.400343491548884800 ) ) ;
#908 = ORIENTED_EDGE ( 'NONE', *, *, #4492, .F. ) ;
#909 = ORIENTED_EDGE ( 'NONE', *, *, #240, .F. ) ;
#910 = CARTESIAN_POINT ( 'NONE',  ( 1.035533905932736600, -5.450000000000004600, 2.499999999999997300 ) ) ;
#911 = CARTESIAN_POINT ( 'NONE',  ( -2.425271854633429100E-016, -5.200000000000002800, 1.980384757729327200 ) ) ;
#912 = CARTESIAN_POINT ( 'NONE',  ( -1.035533905932741300, -1.550000000000004700, 2.499999999999992900 ) ) ;
#913 = ORIENTED_EDGE ( 'NONE', *, *, #3636, .T. ) ;
#914 = CARTESIAN_POINT ( 'NONE',  ( -1.035533905932733300, -1.050000000000004500, -2.500000000000004900 ) ) ;
#915 = CARTESIAN_POINT ( 'NONE',  ( 0.0000000000000000000, -2.873205080756890100, -2.373205080756887000 ) ) ;
#916 = CARTESIAN_POINT ( 'NONE',  ( -1.400343491548886400, 0.09999999999999766000, -1.400343491548888400 ) ) ;
#917 = CARTESIAN_POINT ( 'NONE',  ( 2.396396270713105000, 1.943169650718084500, 0.2705257135757561700 ) ) ;
#918 = CARTESIAN_POINT ( 'NONE',  ( 0.8203022253684436600, -2.650000000000003900, 1.980384757729327600 ) ) ;
#919 = CARTESIAN_POINT ( 'NONE',  ( 1.980384757729329000, 1.499999999999996900, -1.494841517494422500E-015 ) ) ;
#920 = CARTESIAN_POINT ( 'NONE',  ( 0.0000000000000000000, -0.8000000000000029300, -1.980384757729330500 ) ) ;
#921 = CARTESIAN_POINT ( 'NONE',  ( 0.8203022253684454400, 2.449999999999997100, -1.980384757729330100 ) ) ;
#922 = CARTESIAN_POINT ( 'NONE',  ( -1.767766952966367800, -5.800000000000005200, -1.767766952966370000 ) ) ;
#923 = CARTESIAN_POINT ( 'NONE',  ( 1.980384757729329000, -5.000000000000002700, -1.494841517494422500E-015 ) ) ;
#924 = DIRECTION ( 'NONE',  ( -1.000000000000000000, 0.0000000000000000000, 5.007715329123858800E-016 ) ) ;
#925 = CARTESIAN_POINT ( 'NONE',  ( 1.035533905932736600, -4.750000000000001800, 2.499999999999997300 ) ) ;
#926 = CARTESIAN_POINT ( 'NONE',  ( 0.0000000000000000000, 1.999999999999998200, 0.0000000000000000000 ) ) ;
#927 = EDGE_CURVE ( 'NONE', #904, #4863, #816, .T. ) ;
#928 = CARTESIAN_POINT ( 'NONE',  ( 1.035533905932738900, 1.249999999999996000, -2.500000000000000400 ) ) ;
#929 = CARTESIAN_POINT ( 'NONE',  ( -1.035533905932729300, -5.050000000000006000, -2.500000000000008400 ) ) ;
#930 = CARTESIAN_POINT ( 'NONE',  ( 1.035533905932736600, -5.450000000000004600, 2.499999999999997300 ) ) ;
#931 = CARTESIAN_POINT ( 'NONE',  ( 1.346010511134638300, 1.889757051193079200, 1.888946307959452200 ) ) ;
#932 = CARTESIAN_POINT ( 'NONE',  ( 1.980384757729328500, 2.249999999999996900, 0.8203022253684436600 ) ) ;
#933 = CIRCLE ( 'NONE', #3911, 3.000000000000000400 ) ;
#934 = VERTEX_POINT ( 'NONE', #3753 ) ;
#935 = CARTESIAN_POINT ( 'NONE',  ( 0.8203022253684436600, 0.5499999999999967100, 1.980384757729327600 ) ) ;
#936 = CARTESIAN_POINT ( 'NONE',  ( -1.767766952966367800, -2.700000000000002000, -1.767766952966370000 ) ) ;
#937 = CARTESIAN_POINT ( 'NONE',  ( -1.400343491548886400, 1.799999999999996000, -1.400343491548888400 ) ) ;
#938 = LINE ( 'NONE', #4494, #102 ) ;
#939 = CARTESIAN_POINT ( 'NONE',  ( 2.499999999999998200, -2.150000000000005200, 1.035533905932736600 ) ) ;
#940 = CARTESIAN_POINT ( 'NONE',  ( 1.400343491548886800, -5.700000000000002800, -1.400343491548887900 ) ) ;
#941 = CARTESIAN_POINT ( 'NONE',  ( 1.767766952966368400, 2.699999999999999300, -1.767766952966369500 ) ) ;
#942 = DIRECTION ( 'NONE',  ( 0.0000000000000000000, 1.000000000000000000, 0.0000000000000000000 ) ) ;
#943 = CARTESIAN_POINT ( 'NONE',  ( 2.499999999999998200, 1.149999999999996400, -1.035533905932739800 ) ) ;
#944 = CARTESIAN_POINT ( 'NONE',  ( -1.846575528781912800, -5.640373859784603800, -1.311002615871285700 ) ) ;
#945 = CARTESIAN_POINT ( 'NONE',  ( 1.400343491548886400, 2.099999999999997900, 1.400343491548884800 ) ) ;
#946 = CARTESIAN_POINT ( 'NONE',  ( -1.980384757729329000, -0.4500000000000033400, 0.8203022253684421100 ) ) ;
#947 = EDGE_LOOP ( 'NONE', ( #2129, #3396, #1874 ) ) ;
#948 = CARTESIAN_POINT ( 'NONE',  ( -0.8203022253684443300, -1.150000000000003500, 1.980384757729327200 ) ) ;
#949 = CARTESIAN_POINT ( 'NONE',  ( -2.425271854633429100E-016, 1.999999999999998200, 1.980384757729327200 ) ) ;
#950 = ORIENTED_EDGE ( 'NONE', *, *, #3981, .F. ) ;
#951 = CARTESIAN_POINT ( 'NONE',  ( -2.499999999999998700, -1.850000000000002100, -1.035533905932739300 ) ) ;
#952 = CARTESIAN_POINT ( 'NONE',  ( 1.980384757729328500, 2.349999999999996100, -0.8203022253684464400 ) ) ;
#953 = CARTESIAN_POINT ( 'NONE',  ( -1.767766952966367800, -4.200000000000003700, -1.767766952966370000 ) ) ;
#954 = AXIS2_PLACEMENT_3D ( 'NONE', #346, #1169, #3241 ) ;
#955 = CARTESIAN_POINT ( 'NONE',  ( 1.980384757729328500, -2.550000000000002900, -0.8203022253684465500 ) ) ;
#956 = CARTESIAN_POINT ( 'NONE',  ( -1.980384757729329000, -1.350000000000003200, -0.8203022253684462100 ) ) ;
#957 = DIRECTION ( 'NONE',  ( -5.007715329123858800E-016, 0.0000000000000000000, -1.000000000000000000 ) ) ;
#958 = ORIENTED_EDGE ( 'NONE', *, *, #1077, .T. ) ;
#959 = CARTESIAN_POINT ( 'NONE',  ( 0.0000000000000000000, -3.600000000000001400, -2.500000000000000400 ) ) ;
#960 = CARTESIAN_POINT ( 'NONE',  ( -2.499999999999998700, -5.750000000000002700, 1.035533905932735100 ) ) ;
#961 = CARTESIAN_POINT ( 'NONE',  ( 0.0000000000000000000, 1.999999999999998200, 0.0000000000000000000 ) ) ;
#962 = DIRECTION ( 'NONE',  ( 1.000000000000000000, 0.0000000000000000000, -2.503857664561932400E-016 ) ) ;
#963 = ORIENTED_EDGE ( 'NONE', *, *, #4214, .F. ) ;
#964 =( BOUNDED_CURVE ( )  B_SPLINE_CURVE ( 2, ( #242, #1452, #4727, #1910, #3137, #3509, #4690, #4339, #1434 ),
 .UNSPECIFIED., .F., .F. ) 
 B_SPLINE_CURVE_WITH_KNOTS ( ( 3, 2, 2, 2, 3 ),
 ( 0.4090909090909091200, 0.4204545454545454700, 0.4318181818181818800, 0.4431818181818182300, 0.4545454545454545900 ),
 .UNSPECIFIED. ) 
 CURVE ( )  GEOMETRIC_REPRESENTATION_ITEM ( )  RATIONAL_B_SPLINE_CURVE ( ( 1.000000000000000000, 0.9238795325112867400, 1.000000000000000000, 0.9238795325112867400, 1.000000000000000000, 0.9238795325112867400, 1.000000000000000000, 0.9238795325112864100, 1.000000000000000400 ) ) 
 REPRESENTATION_ITEM ( '' )  );
#965 = CARTESIAN_POINT ( 'NONE',  ( 1.400343491548886800, 2.299999999999998000, -1.400343491548887900 ) ) ;
#966 = CARTESIAN_POINT ( 'NONE',  ( -3.061616997868381700E-016, -1.600000000000001600, 2.499999999999996900 ) ) ;
#967 = CARTESIAN_POINT ( 'NONE',  ( -0.8203022253684441000, -6.350000000000002300, -1.980384757729330500 ) ) ;
#968 = EDGE_CURVE ( 'NONE', #4557, #4353, #1541, .T. ) ;
#969 = ADVANCED_FACE ( 'NONE', ( #1146 ), #1280, .F. ) ;
#970 = ORIENTED_EDGE ( 'NONE', *, *, #3164, .F. ) ;
#971 = CARTESIAN_POINT ( 'NONE',  ( 0.0000000000000000000, 0.8999999999999971400, -1.980384757729330500 ) ) ;
#972 = CARTESIAN_POINT ( 'NONE',  ( 0.0000000000000000000, 1.999999999999999100, -2.499999999999998200 ) ) ;
#973 = CARTESIAN_POINT ( 'NONE',  ( -1.980384757729329000, 1.049999999999996900, -0.8203022253684462100 ) ) ;
#974 = CARTESIAN_POINT ( 'NONE',  ( -1.035533905932737300, -4.750000000000004400, 2.499999999999996900 ) ) ;
#975 = ORIENTED_EDGE ( 'NONE', *, *, #4882, .T. ) ;
#976 = CARTESIAN_POINT ( 'NONE',  ( 1.980384757729328500, -4.150000000000003000, -0.8203022253684465500 ) ) ;
#977 = CARTESIAN_POINT ( 'NONE',  ( -1.400343491548886600, -3.600000000000003200, 1.400343491548884400 ) ) ;
#978 = CARTESIAN_POINT ( 'NONE',  ( 0.1476057659232610500, -2.614286019999039200, 2.114286019999040100 ) ) ;
#979 = CARTESIAN_POINT ( 'NONE',  ( 2.499999999999998200, -3.750000000000002200, -1.035533905932739800 ) ) ;
#980 = CARTESIAN_POINT ( 'NONE',  ( 0.9935072655899567200, -5.919615242270671400, 1.725827498417757500 ) ) ;
#981 = DIRECTION ( 'NONE',  ( 0.0000000000000000000, 1.000000000000000000, 0.0000000000000000000 ) ) ;
#982 = CARTESIAN_POINT ( 'NONE',  ( 1.086396790514664800, -2.911023149691967800, -2.158308013088087400 ) ) ;
#983 = CARTESIAN_POINT ( 'NONE',  ( 2.499999999999998700, -5.300000000000004300, -1.399389746009179600E-015 ) ) ;
#984 = CARTESIAN_POINT ( 'NONE',  ( 0.8203022253684455500, -1.650000000000003000, -1.980384757729330100 ) ) ;
#985 = CARTESIAN_POINT ( 'NONE',  ( -0.8203022253684444400, 1.249999999999996900, 1.980384757729327200 ) ) ;
#986 = CARTESIAN_POINT ( 'NONE',  ( -1.400343491548886600, -6.100000000000003200, 1.400343491548884400 ) ) ;
#987 = CARTESIAN_POINT ( 'NONE',  ( 1.035533905932744600, -0.7500000000000011100, 2.499999999999989800 ) ) ;
#988 = CARTESIAN_POINT ( 'NONE',  ( -3.061616997868381700E-016, -0.8000000000000012700, 2.499999999999996900 ) ) ;
#989 = AXIS2_PLACEMENT_3D ( 'NONE', #4252, #117, #1822 ) ;
#990 = CARTESIAN_POINT ( 'NONE',  ( -1.035533905932737100, -4.250000000000004400, -2.500000000000000400 ) ) ;
#991 = CARTESIAN_POINT ( 'NONE',  ( 2.499999999999998700, -2.900000000000004400, -1.399389746009179600E-015 ) ) ;
#992 = CARTESIAN_POINT ( 'NONE',  ( 1.980384757729329000, -1.800000000000002900, -1.494841517494422500E-015 ) ) ;
#993 = CARTESIAN_POINT ( 'NONE',  ( 0.8203022253684454400, -3.950000000000004200, -1.980384757729330100 ) ) ;
#994 = CARTESIAN_POINT ( 'NONE',  ( 0.0000000000000000000, 0.1999999999999940200, 0.0000000000000000000 ) ) ;
#995 =( BOUNDED_CURVE ( )  B_SPLINE_CURVE ( 2, ( #1931, #1080, #4808, #2797, #5184, #2394, #5215, #4003, #3156 ),
 .UNSPECIFIED., .F., .F. ) 
 B_SPLINE_CURVE_WITH_KNOTS ( ( 3, 2, 2, 2, 3 ),
 ( 0.1363636363636363300, 0.1477272727272727100, 0.1590909090909090600, 0.1704545454545454100, 0.1818181818181818000 ),
 .UNSPECIFIED. ) 
 CURVE ( )  GEOMETRIC_REPRESENTATION_ITEM ( )  RATIONAL_B_SPLINE_CURVE ( ( 1.000000000000000200, 0.9238795325112865200, 1.000000000000000000, 0.9238795325112867400, 1.000000000000000000, 0.9238795325112867400, 1.000000000000000000, 0.9238795325112869600, 0.9999999999999997800 ) ) 
 REPRESENTATION_ITEM ( '' )  );
#996 = ADVANCED_FACE ( 'NONE', ( #1009 ), #237, .F. ) ;
#997 = CYLINDRICAL_SURFACE ( 'NONE', #2627, 2.499999999999998200 ) ;
#998 = ORIENTED_EDGE ( 'NONE', *, *, #4656, .T. ) ;
#999 = CARTESIAN_POINT ( 'NONE',  ( -3.061616997868381700E-016, -0.8000000000000012700, 2.499999999999996900 ) ) ;
#1000 = CC_DESIGN_APPROVAL ( #5193, ( #3308 ) ) ;
#1001 = CARTESIAN_POINT ( 'NONE',  ( 1.035533905932738900, -5.250000000000001800, -2.500000000000000400 ) ) ;
#1002 = EDGE_CURVE ( 'NONE', #3387, #5236, #884, .T. ) ;
#1003 = CARTESIAN_POINT ( 'NONE',  ( 0.0000000000000000000, 1.999999999999999100, -2.499999999999998200 ) ) ;
#1004 = CARTESIAN_POINT ( 'NONE',  ( 1.767766952966368400, -6.000000000000004400, -1.767766952966369500 ) ) ;
#1005 = CYLINDRICAL_SURFACE ( 'NONE', #3562, 2.499999999999998200 ) ;
#1006 = CARTESIAN_POINT ( 'NONE',  ( -1.400343491548886600, -1.300000000000002500, 1.400343491548884400 ) ) ;
#1007 = CARTESIAN_POINT ( 'NONE',  ( 1.980384757729328500, 1.549999999999997400, -0.8203022253684464400 ) ) ;
#1008 = CARTESIAN_POINT ( 'NONE',  ( -0.8203022253684441000, -6.350000000000002300, -1.980384757729330500 ) ) ;
#1009 = FACE_OUTER_BOUND ( 'NONE', #4406, .T. ) ;
#1010 = CARTESIAN_POINT ( 'NONE',  ( -1.400343491548886600, 1.099999999999997600, 1.400343491548884400 ) ) ;
#1011 = DIRECTION ( 'NONE',  ( -0.0000000000000000000, 1.000000000000000000, -0.0000000000000000000 ) ) ;
#1012 = CARTESIAN_POINT ( 'NONE',  ( -2.499999999999998700, -4.150000000000004800, -1.035533905932739300 ) ) ;
#1013 = CARTESIAN_POINT ( 'NONE',  ( -1.767766952966368000, -2.400000000000004400, 1.767766952966365800 ) ) ;
#1014 = CIRCLE ( 'NONE', #4324, 6.083333333333327700 ) ;
#1015 = CARTESIAN_POINT ( 'NONE',  ( 0.8203022253684436600, -2.750000000000002700, 1.980384757729327600 ) ) ;
#1016 = CARTESIAN_POINT ( 'NONE',  ( -1.980384757729329000, -2.150000000000003500, -0.8203022253684462100 ) ) ;
#1017 = CARTESIAN_POINT ( 'NONE',  ( 0.0000000000000000000, -2.000000000000001800, -2.500000000000000400 ) ) ;
#1018 = CARTESIAN_POINT ( 'NONE',  ( 2.499999999999998200, -4.650000000000002100, 1.035533905932736600 ) ) ;
#1019 = ORIENTED_EDGE ( 'NONE', *, *, #3847, .T. ) ;
#1020 = CARTESIAN_POINT ( 'NONE',  ( -2.051038353574630700E-025, 4.567949192431122200, 1.500000000000002700 ) ) ;
#1021 = DIRECTION ( 'NONE',  ( -0.0000000000000000000, 1.000000000000000000, -0.0000000000000000000 ) ) ;
#1022 = CARTESIAN_POINT ( 'NONE',  ( -1.701160040818146200, -2.690843412201148900, 1.388295670363915100 ) ) ;
#1023 = CARTESIAN_POINT ( 'NONE',  ( -1.980384757729329000, -1.450000000000002600, -0.8203022253684462100 ) ) ;
#1024 = CARTESIAN_POINT ( 'NONE',  ( -0.8203022253684441000, -5.550000000000002500, -1.980384757729330500 ) ) ;
#1025 = CARTESIAN_POINT ( 'NONE',  ( -1.980384757729329000, 1.149999999999996400, 0.8203022253684421100 ) ) ;
#1026 = ORIENTED_EDGE ( 'NONE', *, *, #3433, .F. ) ;
#1027 = CARTESIAN_POINT ( 'NONE',  ( 0.0000000000000000000, -3.000000000000001800, 3.000000000000000400 ) ) ;
#1028 = CARTESIAN_POINT ( 'NONE',  ( -1.895734226723080800, -0.5196152422706681300, 0.5873520107968502900 ) ) ;
#1029 = CARTESIAN_POINT ( 'NONE',  ( 0.0000000000000000000, 4.799999999999998900, 6.195440985631449400E-016 ) ) ;
#1030 = CARTESIAN_POINT ( 'NONE',  ( -2.499999999999998700, -4.050000000000005200, 1.035533905932735100 ) ) ;
#1031 = ORIENTED_EDGE ( 'NONE', *, *, #1537, .T. ) ;
#1032 = CARTESIAN_POINT ( 'NONE',  ( -3.061616997868381700E-016, 0.09999999999999592500, 2.499999999999996900 ) ) ;
#1033 = AXIS2_PLACEMENT_3D ( 'NONE', #138, #4198, #3018 ) ;
#1034 = CARTESIAN_POINT ( 'NONE',  ( -1.980384757729329000, -3.800000000000002500, -1.979895888421108300E-015 ) ) ;
#1035 = CARTESIAN_POINT ( 'NONE',  ( 1.400343491548886800, -3.200000000000003300, -1.400343491548887900 ) ) ;
#1036 = EDGE_CURVE ( 'NONE', #597, #5200, #4601, .T. ) ;
#1037 = EDGE_LOOP ( 'NONE', ( #4594, #79, #191, #4293 ) ) ;
#1038 = CARTESIAN_POINT ( 'NONE',  ( -2.499999999999998700, -3.400000000000001700, -2.011713145582856100E-015 ) ) ;
#1039 = CARTESIAN_POINT ( 'NONE',  ( -2.499999999999998700, -4.250000000000001800, -1.035533905932739300 ) ) ;
#1040 = CARTESIAN_POINT ( 'NONE',  ( 1.035533905932738900, -3.650000000000001700, -2.500000000000000400 ) ) ;
#1041 = CARTESIAN_POINT ( 'NONE',  ( -2.499999999999998700, -2.600000000000001400, -2.011713145582856100E-015 ) ) ;
#1042 = CARTESIAN_POINT ( 'NONE',  ( -0.1465153124675706000, -2.868480478080656300, -2.368480478080616300 ) ) ;
#1043 = DIRECTION ( 'NONE',  ( -0.0000000000000000000, 1.000000000000000000, -0.0000000000000000000 ) ) ;
#1044 = ORIENTED_EDGE ( 'NONE', *, *, #1293, .T. ) ;
#1045 = EDGE_CURVE ( 'NONE', #5200, #4663, #964, .T. ) ;
#1046 = CARTESIAN_POINT ( 'NONE',  ( 1.400343491548886400, -1.900000000000002400, 1.400343491548884800 ) ) ;
#1047 = CARTESIAN_POINT ( 'NONE',  ( -1.767766952966368000, -2.500000000000001800, 1.767766952966365800 ) ) ;
#1048 = CARTESIAN_POINT ( 'NONE',  ( 0.0000000000000000000, 1.999999999999999100, -2.499999999999998200 ) ) ;
#1049 = CARTESIAN_POINT ( 'NONE',  ( -3.061616997868381700E-016, 1.599999999999998100, 2.499999999999996900 ) ) ;
#1050 = CARTESIAN_POINT ( 'NONE',  ( -1.767766952966367800, 0.5999999999999955400, -1.767766952966370000 ) ) ;
#1051 = CARTESIAN_POINT ( 'NONE',  ( 0.0000000000000000000, 1.599999999999997200, -1.980384757729330500 ) ) ;
#1052 = CARTESIAN_POINT ( 'NONE',  ( -1.980384757729329000, 1.949999999999996800, 0.8203022253684421100 ) ) ;
#1053 = CARTESIAN_POINT ( 'NONE',  ( 2.499999999999998200, 0.1499999999999981900, 1.035533905932736600 ) ) ;
#1054 = CARTESIAN_POINT ( 'NONE',  ( -3.061616997868381700E-016, -1.600000000000001600, 2.499999999999996900 ) ) ;
#1055 = CARTESIAN_POINT ( 'NONE',  ( -3.061616997868381700E-016, -4.800000000000002500, 2.499999999999996900 ) ) ;
#1056 = DATE_AND_TIME ( #2851, #5249 ) ;
#1057 = CARTESIAN_POINT ( 'NONE',  ( -1.767766952966368000, -4.000000000000004400, 1.767766952966365800 ) ) ;
#1058 = CARTESIAN_POINT ( 'NONE',  ( 1.400343491548886400, -1.100000000000003000, 1.400343491548884800 ) ) ;
#1059 = CARTESIAN_POINT ( 'NONE',  ( 1.980384757729328500, -4.150000000000003000, -0.8203022253684464400 ) ) ;
#1060 = LINE ( 'NONE', #802, #4951 ) ;
#1061 = CARTESIAN_POINT ( 'NONE',  ( 2.499999999999998200, -0.5500000000000019300, -1.035533905932739800 ) ) ;
#1062 = CARTESIAN_POINT ( 'NONE',  ( -3.061616997868381700E-016, -1.500000000000004000, 2.499999999999996900 ) ) ;
#1063 = CARTESIAN_POINT ( 'NONE',  ( -3.061616997868381700E-016, -1.600000000000001600, 2.499999999999996900 ) ) ;
#1064 = AXIS2_PLACEMENT_3D ( 'NONE', #3888, #3904, #223 ) ;
#1065 = CARTESIAN_POINT ( 'NONE',  ( -2.499999999999998700, -1.750000000000004200, -1.035533905932739300 ) ) ;
#1066 =( BOUNDED_CURVE ( )  B_SPLINE_CURVE ( 2, ( #4730, #3905, #3076, #645, #4275, #5119, #3461, #5133, #3478, #2703, #244, #2239, #1856, #629, #1437, #4322, #1454, #984, #4694, #1894, #3852, #1023, #1841, #3059, #1006, #2254, #1416, #5065, #1058, #2272, #3871, #3923, #5083, #4255, #5101, #2687, #1824, #3090, #4307, #1472, #210 ),
 .UNSPECIFIED., .F., .F. ) 
 B_SPLINE_CURVE_WITH_KNOTS ( ( 3, 2, 2, 2, 2, 2, 2, 2, 2, 2, 2, 2, 2, 2, 2, 2, 2, 2, 2, 2, 3 ),
 ( 0.4454960741114111200, 0.4545454545454545300, 0.4659090909090908800, 0.4772727272727272900, 0.4886363636363636500, 0.5000000000000000000, 0.5113636363636363500, 0.5227272727272727100, 0.5340909090909090600, 0.5454545454545454100, 0.5568181818181817700, 0.5681818181818182300, 0.5795454545454545900, 0.5909090909090909400, 0.6022727272727272900, 0.6136363636363636500, 0.6250000000000000000, 0.6363636363636363500, 0.6477272727272727100, 0.6590909090909090600, 0.6681402895249529700 ),
 .UNSPECIFIED. ) 
 CURVE ( )  GEOMETRIC_REPRESENTATION_ITEM ( )  RATIONAL_B_SPLINE_CURVE ( ( 0.9753096629721094100, 0.9393818099172112100, 1.000000000000000000, 0.9238795325112867400, 1.000000000000000000, 0.9238795325112867400, 1.000000000000000000, 0.9238795325112867400, 1.000000000000000000, 0.9238795325112867400, 1.000000000000000000, 0.9238795325112867400, 1.000000000000000000, 0.9238795325112867400, 1.000000000000000000, 0.9238795325112867400, 1.000000000000000000, 0.9238795325112867400, 1.000000000000000000, 0.9238795325112867400, 1.000000000000000000, 0.9238795325112867400, 1.000000000000000000, 0.9238795325112867400, 1.000000000000000000, 0.9238795325112867400, 1.000000000000000000, 0.9238795325112867400, 1.000000000000000000, 0.9238795325112867400, 1.000000000000000000, 0.9238795325112867400, 1.000000000000000000, 0.9238795325112867400, 1.000000000000000000, 0.9238795325112867400, 1.000000000000000000, 0.9238795325112867400, 1.000000000000000000, 0.9393818099172078800, 0.9753096629721136300 ) ) 
 REPRESENTATION_ITEM ( '' )  );
#1067 = VECTOR ( 'NONE', #3218, 1000.000000000000000 ) ;
#1068 = VERTEX_POINT ( 'NONE', #5100 ) ;
#1069 = CARTESIAN_POINT ( 'NONE',  ( 0.0000000000000000000, -1.100000000000004500, -2.500000000000000400 ) ) ;
#1070 = CARTESIAN_POINT ( 'NONE',  ( 0.8203022253684455500, 0.7499999999999973400, -1.980384757729330100 ) ) ;
#1071 = CARTESIAN_POINT ( 'NONE',  ( 1.980384757729328500, 0.6499999999999969100, 0.8203022253684436600 ) ) ;
#1072 = ORIENTED_EDGE ( 'NONE', *, *, #4790, .T. ) ;
#1073 = CARTESIAN_POINT ( 'NONE',  ( -1.035533905932737100, 1.249999999999998400, -2.500000000000000400 ) ) ;
#1074 = ORIENTED_EDGE ( 'NONE', *, *, #5025, .F. ) ;
#1075 = FACE_OUTER_BOUND ( 'NONE', #2262, .T. ) ;
#1076 = CARTESIAN_POINT ( 'NONE',  ( 2.499999999999998700, -4.600000000000001400, -1.399389746009179600E-015 ) ) ;
#1077 = EDGE_CURVE ( 'NONE', #4657, #2588, #3759, .T. ) ;
#1078 = CARTESIAN_POINT ( 'NONE',  ( -1.980384757729329000, -5.400000000000003000, -1.979895888421108300E-015 ) ) ;
#1079 = CARTESIAN_POINT ( 'NONE',  ( -2.126695063919696900, -2.776227934488583400, -0.8245881428598123000 ) ) ;
#1080 = CARTESIAN_POINT ( 'NONE',  ( 1.035533905932735100, -4.750000000000001800, 2.499999999999999600 ) ) ;
#1081 = VECTOR ( 'NONE', #1820, 1000.000000000000000 ) ;
#1082 = CARTESIAN_POINT ( 'NONE',  ( 0.8203022253684436600, -3.550000000000002900, 1.980384757729327600 ) ) ;
#1083 = DIRECTION ( 'NONE',  ( -0.0000000000000000000, -1.000000000000000000, -3.097720492815726700E-016 ) ) ;
#1084 = CARTESIAN_POINT ( 'NONE',  ( 0.8203022253684436600, -5.850000000000004100, 1.980384757729327600 ) ) ;
#1085 = ORIENTED_EDGE ( 'NONE', *, *, #1002, .T. ) ;
#1086 = CARTESIAN_POINT ( 'NONE',  ( -3.061616997868381700E-016, -0.8000000000000012700, 2.499999999999996900 ) ) ;
#1087 = B_SPLINE_CURVE_WITH_KNOTS ( 'NONE', 3,
 ( #1586, #3324, #4906, #1701, #4541, #69, #2945, #2082, #4520, #881, #4958, #3305, #3737, #4097, #2115, #1307, #1325, #4942 ),
 .UNSPECIFIED., .F., .F.,
 ( 4, 2, 2, 2, 2, 2, 2, 2, 4 ),
 ( 2.927439598148961300E-015, 0.0004902406110270675600, 0.0009804812220512075600, 0.001470721833075347600, 0.001960962444099488200, 0.002451203055123628600, 0.002941443666147769100, 0.003431684277171909500, 0.003921924888196049900 ),
 .UNSPECIFIED. ) ;
#1088 = CARTESIAN_POINT ( 'NONE',  ( 1.704300128813400600E-015, 0.0000000000000000000, 1.416666666666672100 ) ) ;
#1089 = CARTESIAN_POINT ( 'NONE',  ( -2.499999999999998700, -0.8500000000000045300, 1.035533905932735100 ) ) ;
#1090 = CARTESIAN_POINT ( 'NONE',  ( -1.980384757729329000, 0.9999999999999974500, -1.979895888421108300E-015 ) ) ;
#1091 = CARTESIAN_POINT ( 'NONE',  ( -0.8203022253684444400, 0.4499999999999964000, 1.980384757729327200 ) ) ;
#1092 = VERTEX_POINT ( 'NONE', #3887 ) ;
#1093 = CARTESIAN_POINT ( 'NONE',  ( -1.767766952966368000, 2.299999999999998000, 1.767766952966365800 ) ) ;
#1094 = CARTESIAN_POINT ( 'NONE',  ( 2.499999999999998200, -2.150000000000001700, -1.035533905932739800 ) ) ;
#1095 = CARTESIAN_POINT ( 'NONE',  ( 1.767766952966367800, -3.000000000000004400, 1.767766952966366400 ) ) ;
#1096 = CARTESIAN_POINT ( 'NONE',  ( -1.980384757729329000, -4.550000000000002500, 0.8203022253684421100 ) ) ;
#1097 = ORIENTED_EDGE ( 'NONE', *, *, #3802, .F. ) ;
#1098 = ADVANCED_FACE ( 'NONE', ( #2119 ), #2055, .F. ) ;
#1099 = DIRECTION ( 'NONE',  ( -0.5000000000000000000, 0.0000000000000000000, -0.8660254037844386000 ) ) ;
#1100 = EDGE_LOOP ( 'NONE', ( #775, #3946 ) ) ;
#1101 = CARTESIAN_POINT ( 'NONE',  ( 2.499999999999998200, -5.250000000000004400, -1.035533905932739800 ) ) ;
#1102 = CARTESIAN_POINT ( 'NONE',  ( -1.400343491548886600, -2.900000000000003000, 1.400343491548884400 ) ) ;
#1103 = ORIENTED_EDGE ( 'NONE', *, *, #1501, .F. ) ;
#1104 = CARTESIAN_POINT ( 'NONE',  ( -2.499999999999998700, -3.350000000000004500, -1.035533905932739300 ) ) ;
#1105 = CARTESIAN_POINT ( 'NONE',  ( -1.980384757729329000, -4.600000000000002300, -1.979895888421108300E-015 ) ) ;
#1106 = CARTESIAN_POINT ( 'NONE',  ( -1.976289732730758900, -0.5196152422706680200, -0.1824746490280849100 ) ) ;
#1107 = ORIENTED_EDGE ( 'NONE', *, *, #1393, .F. ) ;
#1108 = CARTESIAN_POINT ( 'NONE',  ( -0.8203022253684443300, 0.3499999999999970900, 1.980384757729327200 ) ) ;
#1109 = CARTESIAN_POINT ( 'NONE',  ( -1.980384757729329000, -0.5000000000000030000, -1.979895888421108300E-015 ) ) ;
#1110 = EDGE_CURVE ( 'NONE', #4260, #4288, #2691, .T. ) ;
#1111 = CARTESIAN_POINT ( 'NONE',  ( 1.767766952966367800, 0.8999999999999989100, 1.767766952966366400 ) ) ;
#1112 = CARTESIAN_POINT ( 'NONE',  ( 1.035533905932738900, -3.650000000000001700, -2.500000000000000400 ) ) ;
#1113 = CARTESIAN_POINT ( 'NONE',  ( -1.400343491548886400, -2.300000000000002500, -1.400343491548888400 ) ) ;
#1114 = CARTESIAN_POINT ( 'NONE',  ( -2.499999999999998700, -2.650000000000001700, -1.035533905932739300 ) ) ;
#1115 = CARTESIAN_POINT ( 'NONE',  ( 2.499999999999998700, -0.5000000000000038900, -1.399389746009179600E-015 ) ) ;
#1116 = EDGE_CURVE ( 'NONE', #3686, #4102, #4009, .T. ) ;
#1117 = CARTESIAN_POINT ( 'NONE',  ( 0.0000000000000000000, -2.400000000000003000, -1.980384757729330500 ) ) ;
#1118 = ORIENTED_EDGE ( 'NONE', *, *, #588, .F. ) ;
#1119 = CARTESIAN_POINT ( 'NONE',  ( -0.2353071871925643300, -0.1822930932549184100, -2.308745873031433400 ) ) ;
#1120 = CARTESIAN_POINT ( 'NONE',  ( 1.980384757729329000, -5.800000000000003400, -1.494841517494422500E-015 ) ) ;
#1121 = CARTESIAN_POINT ( 'NONE',  ( -0.8203022253684444400, -2.750000000000003100, 1.980384757729327200 ) ) ;
#1122 = DIRECTION ( 'NONE',  ( 0.0000000000000000000, 1.000000000000000000, 0.0000000000000000000 ) ) ;
#1123 = CARTESIAN_POINT ( 'NONE',  ( -0.8660254037844380400, 1.999999999999997800, 1.500000000000002900 ) ) ;
#1124 = ADVANCED_FACE ( 'NONE', ( #5207 ), #3263, .T. ) ;
#1125 = CARTESIAN_POINT ( 'NONE',  ( 1.400343491548886400, -0.3000000000000025400, 1.400343491548884800 ) ) ;
#1126 = CARTESIAN_POINT ( 'NONE',  ( 0.8203022253684454400, 0.04999999999999709500, -1.980384757729330100 ) ) ;
#1127 = CARTESIAN_POINT ( 'NONE',  ( 2.499999999999998200, 1.049999999999998700, -1.035533905932739800 ) ) ;
#1128 = CARTESIAN_POINT ( 'NONE',  ( 2.499999999999998200, -3.050000000000002000, 1.035533905932736600 ) ) ;
#1129 = CARTESIAN_POINT ( 'NONE',  ( 2.499999999999998200, -2.150000000000005200, 1.035533905932736600 ) ) ;
#1130 = CARTESIAN_POINT ( 'NONE',  ( 0.0000000000000000000, -1.200000000000001500, -2.500000000000000400 ) ) ;
#1131 = CARTESIAN_POINT ( 'NONE',  ( -0.8203022253684441000, -4.750000000000002700, -1.980384757729330500 ) ) ;
#1132 = AXIS2_PLACEMENT_3D ( 'NONE', #2276, #5106, #4310 ) ;
#1133 = CARTESIAN_POINT ( 'NONE',  ( 0.0000000000000000000, -0.3000000000000042600, -2.500000000000000400 ) ) ;
#1134 = LINE ( 'NONE', #2000, #1975 ) ;
#1135 = CARTESIAN_POINT ( 'NONE',  ( 0.0000000000000000000, -6.000000000000002700, -2.478176394252581300E-015 ) ) ;
#1136 = ORIENTED_EDGE ( 'NONE', *, *, #3071, .F. ) ;
#1137 = CARTESIAN_POINT ( 'NONE',  ( -0.8203022253684444400, 1.149999999999997500, 1.980384757729327200 ) ) ;
#1138 =( BOUNDED_CURVE ( )  B_SPLINE_CURVE ( 2, ( #2989, #4158, #2130, #2180, #876, #4584, #940, #110, #80, #3734, #1728, #3336, #3366, #4953, #893, #1354, #911, #2163, #1778, #4985, #923, #2575, #2973, #1301, #94, #2110, #4937, #4189, #2527, #48, #1711, #4670, #3082, #2645, #5093, #620, #2247, #976, #4285, #2628, #606, #3487, #1815, #3069, #1034, #546, #166, #4267, #5038, #2678, #2233, #3897, #5056, #202, #1463, #3840, #3454, #3821, #1849, #4228, #3029, #3010, #1447, #4651, #1388, #1015, #3431, #3469, #3050, #955, #4302, #1426, #2663, #5073, #2265, #3880, #148, #4635, #4617, #2198, #4246, #4685, #5019, #586, #992, #1832, #2607, #567, #1797, #127, #1409, #3862, #185, #3414, #2215, #691, #253, #3149, #1482, #3949, #4702, #2315, #3569, #636, #3165, #2729, #5161, #1532, #1515, #1887, #4313, #235, #2281, #708, #1125, #3536, #3983, #1548, #2349, #1499, #4333, #3131, #3519, #3098, #653, #4738, #3551, #1108, #2695, #5127, #4351, #269, #4719, #1925, #5112, #1070, #4752, #4769, #672, #5143, #1090, #2337, #1940, #2298, #3965, #217, #2746, #4367, #2709, #3503, #5177, #2762, #1051, #3931, #1866 ),
 .UNSPECIFIED., .F., .T. ) 
 B_SPLINE_CURVE_WITH_KNOTS ( ( 3, 2, 2, 2, 2, 2, 2, 2, 2, 2, 2, 2, 2, 2, 2, 2, 2, 2, 2, 2, 2, 2, 2, 2, 2, 2, 2, 2, 2, 2, 2, 2, 2, 2, 2, 2, 2, 2, 2, 2, 2, 2, 2, 2, 2, 2, 2, 2, 2, 2, 2, 2, 2, 2, 2, 2, 2, 2, 2, 2, 2, 2, 2, 2, 2, 2, 2, 2, 2, 2, 2, 2, 2, 2, 2, 2, 2, 3 ),
 ( 0.05450392588858912800, 0.05681818181818181600, 0.06818181818181817700, 0.07954545454545454400, 0.09090909090909091200, 0.1022727272727272700, 0.1136363636363636200, 0.1249999999999999900, 0.1363636363636363500, 0.1477272727272727300, 0.1590909090909090600, 0.1704545454545454100, 0.1818181818181818200, 0.1931818181818181500, 0.2045454545454545300, 0.2159090909090908800, 0.2272727272727272700, 0.2386363636363636200, 0.2499999999999999700, 0.2613636363636363500, 0.2727272727272726500, 0.2840909090909090600, 0.2954545454545454100, 0.3068181818181817700, 0.3181818181818181200, 0.3295454545454544700, 0.3409090909090908300, 0.3522727272727272900, 0.3636363636363636500, 0.3750000000000000000, 0.3863636363636363500, 0.3977272727272727100, 0.4090909090909090600, 0.4204545454545454100, 0.4318181818181817700, 0.4431818181818181200, 0.4545454545454544700, 0.4659090909090908300, 0.4772727272727272900, 0.4886363636363636500, 0.4999999999999998900, 0.5113636363636363500, 0.5227272727272727100, 0.5340909090909090600, 0.5454545454545454100, 0.5568181818181817700, 0.5681818181818181200, 0.5795454545454544700, 0.5909090909090908300, 0.6022727272727271800, 0.6136363636363635400, 0.6250000000000000000, 0.6363636363636362400, 0.6477272727272727100, 0.6590909090909089500, 0.6704545454545454100, 0.6818181818181816600, 0.6931818181818181200, 0.7045454545454545900, 0.7159090909090908300, 0.7272727272727272900, 0.7386363636363635400, 0.7499999999999998900, 0.7613636363636362400, 0.7727272727272726000, 0.7840909090909089500, 0.7954545454545453000, 0.8068181818181817700, 0.8181818181818181200, 0.8295454545454544700, 0.8409090909090908300, 0.8522727272727271800, 0.8636363636363635400, 0.8749999999999998900, 0.8863636363636363500, 0.8977272727272726000, 0.9090909090909089500, 0.9204545454545453000 ),
 .UNSPECIFIED. ) 
 CURVE ( )  GEOMETRIC_REPRESENTATION_ITEM ( )  RATIONAL_B_SPLINE_CURVE ( ( 0.9753096629721116400, 0.9844977225940772000, 1.000000000000000000, 0.9238795325112867400, 1.000000000000000000, 0.9238795325112867400, 1.000000000000000000, 0.9238795325112867400, 1.000000000000000000, 0.9238795325112867400, 1.000000000000000000, 0.9238795325112867400, 1.000000000000000000, 0.9238795325112867400, 1.000000000000000000, 0.9238795325112867400, 1.000000000000000000, 0.9238795325112867400, 1.000000000000000000, 0.9238795325112867400, 1.000000000000000000, 0.9238795325112867400, 1.000000000000000000, 0.9238795325112867400, 1.000000000000000000, 0.9238795325112867400, 1.000000000000000000, 0.9238795325112867400, 1.000000000000000000, 0.9238795325112867400, 1.000000000000000000, 0.9238795325112867400, 1.000000000000000000, 0.9238795325112867400, 1.000000000000000000, 0.9238795325112867400, 1.000000000000000000, 0.9238795325112867400, 1.000000000000000000, 0.9238795325112867400, 1.000000000000000000, 0.9238795325112867400, 1.000000000000000000, 0.9238795325112867400, 1.000000000000000000, 0.9238795325112867400, 1.000000000000000000, 0.9238795325112867400, 1.000000000000000000, 0.9238795325112867400, 1.000000000000000000, 0.9238795325112867400, 1.000000000000000000, 0.9238795325112867400, 1.000000000000000000, 0.9238795325112867400, 1.000000000000000000, 0.9238795325112867400, 1.000000000000000000, 0.9238795325112867400, 1.000000000000000000, 0.9238795325112867400, 1.000000000000000000, 0.9238795325112867400, 1.000000000000000000, 0.9238795325112867400, 1.000000000000000000, 0.9238795325112867400, 1.000000000000000000, 0.9238795325112867400, 1.000000000000000000, 0.9238795325112867400, 1.000000000000000000, 0.9238795325112867400, 1.000000000000000000, 0.9238795325112867400, 1.000000000000000000, 0.9238795325112867400, 1.000000000000000000, 0.9238795325112867400, 1.000000000000000000, 0.9238795325112867400, 1.000000000000000000, 0.9238795325112867400, 1.000000000000000000, 0.9238795325112867400, 1.000000000000000000, 0.9238795325112867400, 1.000000000000000000, 0.9238795325112867400, 1.000000000000000000, 0.9238795325112867400, 1.000000000000000000, 0.9238795325112867400, 1.000000000000000000, 0.9238795325112867400, 1.000000000000000000, 0.9238795325112867400, 1.000000000000000000, 0.9238795325112867400, 1.000000000000000000, 0.9238795325112867400, 1.000000000000000000, 0.9238795325112867400, 1.000000000000000000, 0.9238795325112867400, 1.000000000000000000, 0.9238795325112867400, 1.000000000000000000, 0.9238795325112867400, 1.000000000000000000, 0.9238795325112867400, 1.000000000000000000, 0.9238795325112867400, 1.000000000000000000, 0.9238795325112867400, 1.000000000000000000, 0.9238795325112867400, 1.000000000000000000, 0.9238795325112867400, 1.000000000000000000, 0.9238795325112867400, 1.000000000000000000, 0.9238795325112867400, 1.000000000000000000, 0.9238795325112867400, 1.000000000000000000, 0.9238795325112867400, 1.000000000000000000, 0.9238795325112867400, 1.000000000000000000, 0.9238795325112867400, 1.000000000000000000, 0.9238795325112867400, 1.000000000000000000, 0.9238795325112867400, 1.000000000000000000, 0.9238795325112867400, 1.000000000000000000, 0.9238795325112867400, 1.000000000000000000, 0.9238795325112867400, 1.000000000000000000, 0.9238795325112867400, 1.000000000000000000, 0.9238795325112867400, 1.000000000000000000, 0.9238795325112867400, 1.000000000000000000, 0.9238795325112867400, 1.000000000000000000, 0.9238795325112867400, 1.000000000000000000, 0.9238795325112875200, 0.9999999999999992200 ) ) 
 REPRESENTATION_ITEM ( '' )  );
#1139 = CARTESIAN_POINT ( 'NONE',  ( -2.068282843302113000, -0.01502614855951925500, 1.397300406858227100 ) ) ;
#1140 = VECTOR ( 'NONE', #3447, 1000.000000000000000 ) ;
#1141 = CARTESIAN_POINT ( 'NONE',  ( 0.0000000000000000000, 1.999999999999999100, -2.499999999999998200 ) ) ;
#1142 = CARTESIAN_POINT ( 'NONE',  ( -1.400343491548886600, -2.800000000000003400, 1.400343491548884400 ) ) ;
#1143 = CARTESIAN_POINT ( 'NONE',  ( 1.957631662798586400, -2.961998183789815700, 1.501683291250949500 ) ) ;
#1144 = AXIS2_PLACEMENT_3D ( 'NONE', #4007, #1177, #1575 ) ;
#1145 = DIRECTION ( 'NONE',  ( 0.0000000000000000000, 0.0000000000000000000, -1.000000000000000000 ) ) ;
#1146 = FACE_OUTER_BOUND ( 'NONE', #2820, .T. ) ;
#1147 = CARTESIAN_POINT ( 'NONE',  ( 0.0000000000000000000, -0.4000000000000019100, -2.500000000000000400 ) ) ;
#1148 = CARTESIAN_POINT ( 'NONE',  ( 1.400343491548886400, -5.800000000000003400, 1.400343491548884800 ) ) ;
#1149 = CARTESIAN_POINT ( 'NONE',  ( 2.499999999999998200, -0.6500000000000012400, 1.035533905932736600 ) ) ;
#1150 = EDGE_CURVE ( 'NONE', #4911, #1954, #3327, .T. ) ;
#1151 = LINE ( 'NONE', #1730, #3763 ) ;
#1152 = APPLICATION_CONTEXT ( 'configuration controlled 3d designs of mechanical parts and assemblies' ) ;
#1153 = CARTESIAN_POINT ( 'NONE',  ( -0.8203022253684444400, -2.850000000000002300, 1.980384757729327200 ) ) ;
#1154 = ADVANCED_FACE ( 'NONE', ( #5153 ), #4137, .F. ) ;
#1155 = CARTESIAN_POINT ( 'NONE',  ( 0.0000000000000000000, 0.4999999999999961100, -2.500000000000000400 ) ) ;
#1156 = CARTESIAN_POINT ( 'NONE',  ( -0.8203022253684444400, -1.250000000000003100, 1.980384757729327200 ) ) ;
#1157 = ORIENTED_EDGE ( 'NONE', *, *, #1908, .T. ) ;
#1158 = DIRECTION ( 'NONE',  ( -0.0000000000000000000, -1.000000000000000000, -3.097720492815726700E-016 ) ) ;
#1159 = CARTESIAN_POINT ( 'NONE',  ( 0.8203022253684454400, -4.850000000000003200, -1.980384757729330100 ) ) ;
#1160 = CARTESIAN_POINT ( 'NONE',  ( -0.8203022253684441000, -3.050000000000003400, -1.980384757729330500 ) ) ;
#1161 = DIRECTION ( 'NONE',  ( 0.0000000000000000000, -0.0000000000000000000, -1.000000000000000000 ) ) ;
#1162 = EDGE_LOOP ( 'NONE', ( #34, #4360, #702, #1374 ) ) ;
#1163 = CARTESIAN_POINT ( 'NONE',  ( -0.1052415890495230900, -5.888035133067636400, 2.011964866932356400 ) ) ;
#1164 = CARTESIAN_POINT ( 'NONE',  ( -0.1567720282667569900, -5.909555748077875300, 1.980384757729327200 ) ) ;
#1165 = ORIENTED_EDGE ( 'NONE', *, *, #2285, .T. ) ;
#1166 = CARTESIAN_POINT ( 'NONE',  ( -1.400343491548886600, -4.400000000000003900, 1.400343491548884400 ) ) ;
#1167 = CARTESIAN_POINT ( 'NONE',  ( 2.499999999999998200, 0.9499999999999986200, 1.035533905932736600 ) ) ;
#1168 = CARTESIAN_POINT ( 'NONE',  ( 1.400343491548886400, -3.500000000000002700, 1.400343491548884800 ) ) ;
#1169 = DIRECTION ( 'NONE',  ( 0.0000000000000000000, 1.000000000000000000, -0.0000000000000000000 ) ) ;
#1170 = ORIENTED_EDGE ( 'NONE', *, *, #3339, .T. ) ;
#1171 = CARTESIAN_POINT ( 'NONE',  ( -1.400343491548886400, -1.500000000000003100, -1.400343491548888400 ) ) ;
#1172 = AXIS2_PLACEMENT_3D ( 'NONE', #3617, #4400, #2841 ) ;
#1173 = CARTESIAN_POINT ( 'NONE',  ( 2.067301029365255200, -0.2871464468352381000, -0.8022082875623464100 ) ) ;
#1174 = CARTESIAN_POINT ( 'NONE',  ( 0.8203022253684454400, -2.450000000000003300, -1.980384757729330100 ) ) ;
#1175 = EDGE_LOOP ( 'NONE', ( #5176, #347, #3962, #5114 ) ) ;
#1176 = CARTESIAN_POINT ( 'NONE',  ( -1.400343491548886400, -3.800000000000003400, -1.400343491548888400 ) ) ;
#1177 = DIRECTION ( 'NONE',  ( -0.0000000000000000000, -1.000000000000000000, -3.097720492815726700E-016 ) ) ;
#1178 = CARTESIAN_POINT ( 'NONE',  ( 1.980384757729328500, -5.650000000000003000, -0.8203022253684464400 ) ) ;
#1179 = ADVANCED_FACE ( 'NONE', ( #747 ), #170, .F. ) ;
#1180 = CARTESIAN_POINT ( 'NONE',  ( 1.980384757729329000, -5.700000000000003700, -1.494841517494422500E-015 ) ) ;
#1181 = EDGE_CURVE ( 'NONE', #1721, #1749, #1667, .T. ) ;
#1182 = CARTESIAN_POINT ( 'NONE',  ( 1.980384757729328500, -2.650000000000003000, 0.8203022253684436600 ) ) ;
#1183 = ORIENTED_EDGE ( 'NONE', *, *, #690, .F. ) ;
#1184 = CARTESIAN_POINT ( 'NONE',  ( 1.767766952966368400, 2.699999999999999300, -1.767766952966369500 ) ) ;
#1185 = CARTESIAN_POINT ( 'NONE',  ( 1.767766952966368400, 0.2999999999999981600, -1.767766952966369500 ) ) ;
#1186 = CARTESIAN_POINT ( 'NONE',  ( 0.0000000000000000000, -1.600000000000002500, -1.980384757729330500 ) ) ;
#1187 = CARTESIAN_POINT ( 'NONE',  ( 2.499999999999998200, -0.5500000000000044900, 1.035533905932736600 ) ) ;
#1188 = CARTESIAN_POINT ( 'NONE',  ( -0.8203022253684441000, 0.04999999999999709500, -1.980384757729330500 ) ) ;
#1189 = DIRECTION ( 'NONE',  ( 0.0000000000000000000, 3.469446951953616700E-016, -1.000000000000000000 ) ) ;
#1190 = CARTESIAN_POINT ( 'NONE',  ( 2.173370331995298200, -0.3235123994556949300, 0.1846546842231298600 ) ) ;
#1191 = CARTESIAN_POINT ( 'NONE',  ( 1.400343491548886400, -4.300000000000002500, 1.400343491548884800 ) ) ;
#1192 = CARTESIAN_POINT ( 'NONE',  ( -1.980384757729329000, -5.250000000000002700, 0.8203022253684421100 ) ) ;
#1193 = CARTESIAN_POINT ( 'NONE',  ( -1.980384757729329000, -4.500000000000003600, -1.979895888421108300E-015 ) ) ;
#1194 = CYLINDRICAL_SURFACE ( 'NONE', #2725, 2.499999999999998200 ) ;
#1195 = CARTESIAN_POINT ( 'NONE',  ( -2.482107910379194300E-016, -5.873205080756888700, 2.026794919243109000 ) ) ;
#1196 = CARTESIAN_POINT ( 'NONE',  ( -2.425271854633429100E-016, -4.400000000000003000, 1.980384757729327200 ) ) ;
#1197 = CARTESIAN_POINT ( 'NONE',  ( 1.980384757729328500, -4.050000000000003400, -0.8203022253684464400 ) ) ;
#1198 = LINE ( 'NONE', #4526, #2744 ) ;
#1199 = ORIENTED_EDGE ( 'NONE', *, *, #553, .F. ) ;
#1200 = CARTESIAN_POINT ( 'NONE',  ( -2.499999999999998700, 0.6499999999999986900, 1.035533905932735100 ) ) ;
#1201 = CARTESIAN_POINT ( 'NONE',  ( 1.400343491548886800, -0.1000000000000028600, -1.400343491548887900 ) ) ;
#1202 = CARTESIAN_POINT ( 'NONE',  ( 1.767766952966367800, 0.9999999999999956700, 1.767766952966366400 ) ) ;
#1203 =( BOUNDED_CURVE ( )  B_SPLINE_CURVE ( 2, ( #3129, #3550, #1628, #4464, #4833, #2877, #5292, #2498, #1668 ),
 .UNSPECIFIED., .F., .F. ) 
 B_SPLINE_CURVE_WITH_KNOTS ( ( 3, 2, 2, 2, 3 ),
 ( 0.7272727272727272900, 0.7386363636363636500, 0.7500000000000000000, 0.7613636363636363500, 0.7727272727272727100 ),
 .UNSPECIFIED. ) 
 CURVE ( )  GEOMETRIC_REPRESENTATION_ITEM ( )  RATIONAL_B_SPLINE_CURVE ( ( 1.000000000000000000, 0.9238795325112867400, 1.000000000000000000, 0.9238795325112867400, 1.000000000000000000, 0.9238795325112867400, 1.000000000000000000, 0.9238795325112867400, 1.000000000000000000 ) ) 
 REPRESENTATION_ITEM ( '' )  );
#1204 = LINE ( 'NONE', #5263, #1781 ) ;
#1205 = CARTESIAN_POINT ( 'NONE',  ( 1.980384757729329000, 2.199999999999997100, -1.494841517494422500E-015 ) ) ;
#1206 = DIRECTION ( 'NONE',  ( 0.0000000000000000000, 0.0000000000000000000, 1.000000000000000000 ) ) ;
#1207 = CARTESIAN_POINT ( 'NONE',  ( 1.452654932938299400, -0.3828335490575875400, 1.546770235974395300 ) ) ;
#1208 = CARTESIAN_POINT ( 'NONE',  ( 1.400343491548886800, -4.100000000000003200, -1.400343491548887900 ) ) ;
#1209 = CARTESIAN_POINT ( 'NONE',  ( -1.980384757729329000, 0.2499999999999967500, -0.8203022253684462100 ) ) ;
#1210 = CARTESIAN_POINT ( 'NONE',  ( 1.536781138891271100, -5.782344600859243400, -1.461036749650881400 ) ) ;
#1211 = AXIS2_PLACEMENT_3D ( 'NONE', #3456, #957, #924 ) ;
#1212 = CARTESIAN_POINT ( 'NONE',  ( -1.400343491548886400, -3.800000000000003400, -1.400343491548888400 ) ) ;
#1213 = EDGE_CURVE ( 'NONE', #3217, #1092, #3449, .T. ) ;
#1214 = CARTESIAN_POINT ( 'NONE',  ( -0.2091271067888192400, -5.903472518737335600, 1.988389698833761700 ) ) ;
#1215 = CARTESIAN_POINT ( 'NONE',  ( 1.400343491548886800, -4.800000000000004300, -1.400343491548887900 ) ) ;
#1216 = EDGE_LOOP ( 'NONE', ( #3404, #1554, #4070, #2071 ) ) ;
#1217 = CARTESIAN_POINT ( 'NONE',  ( 1.400343491548886800, -3.300000000000002500, -1.400343491548887900 ) ) ;
#1218 = CARTESIAN_POINT ( 'NONE',  ( 2.499999999999998700, 2.599999999999998300, -1.399389746009179600E-015 ) ) ;
#1219 = CARTESIAN_POINT ( 'NONE',  ( -1.980384757729329000, -4.450000000000002800, 0.8203022253684421100 ) ) ;
#1220 = CARTESIAN_POINT ( 'NONE',  ( 1.980384757729328500, -1.750000000000002400, -0.8203022253684464400 ) ) ;
#1221 = ORIENTED_EDGE ( 'NONE', *, *, #204, .F. ) ;
#1222 = DIRECTION ( 'NONE',  ( 0.0000000000000000000, -4.565061778886342900E-016, 1.000000000000000000 ) ) ;
#1223 = CARTESIAN_POINT ( 'NONE',  ( -2.499999999999998700, -0.05000000000000416600, 1.035533905932732200 ) ) ;
#1224 = CARTESIAN_POINT ( 'NONE',  ( 1.980384757729328500, 2.149999999999997200, 0.8203022253684436600 ) ) ;
#1225 = CARTESIAN_POINT ( 'NONE',  ( 1.035533905932736600, 1.749999999999996200, 2.499999999999997300 ) ) ;
#1226 = ORIENTED_EDGE ( 'NONE', *, *, #3034, .T. ) ;
#1227 = CARTESIAN_POINT ( 'NONE',  ( 2.499999999999998200, -2.050000000000004300, -1.035533905932739800 ) ) ;
#1228 = CARTESIAN_POINT ( 'NONE',  ( 1.324853856992203300, -0.2410089772662529200, -1.835225948013729200 ) ) ;
#1229 = CARTESIAN_POINT ( 'NONE',  ( -1.400343491548886400, -2.300000000000002500, -1.400343491548888400 ) ) ;
#1230 = CARTESIAN_POINT ( 'NONE',  ( 1.980384757729329000, -0.9000000000000032400, -1.494841517494422500E-015 ) ) ;
#1231 = CARTESIAN_POINT ( 'NONE',  ( 2.499999999999998200, -3.650000000000004400, -1.035533905932739800 ) ) ;
#1232 = B_SPLINE_CURVE_WITH_KNOTS ( 'NONE', 3,
 ( #790, #2024, #2804, #1627, #4831, #395, #2789, #2855 ),
 .UNSPECIFIED., .F., .F.,
 ( 4, 2, 2, 4 ),
 ( 2.544365555380906900E-007, 0.0004475380576734544300, 0.0008948216787913708400, 0.001789388921027203600 ),
 .UNSPECIFIED. ) ;
#1233 = CARTESIAN_POINT ( 'NONE',  ( -0.8203022253684444400, -5.150000000000003000, 1.980384757729327200 ) ) ;
#1234 = ADVANCED_FACE ( 'NONE', ( #2754 ), #5248, .T. ) ;
#1235 = ORIENTED_EDGE ( 'NONE', *, *, #3919, .T. ) ;
#1236 = CARTESIAN_POINT ( 'NONE',  ( 0.3008948816468873800, 4.591494801170475700, -1.499999999999999600 ) ) ;
#1237 = CARTESIAN_POINT ( 'NONE',  ( -0.8203022253684443300, -4.350000000000003200, 1.980384757729327200 ) ) ;
#1238 = CARTESIAN_POINT ( 'NONE',  ( -1.980384757729329000, -2.950000000000003300, 0.8203022253684421100 ) ) ;
#1239 =( BOUNDED_CURVE ( )  B_SPLINE_CURVE ( 2, ( #1793, #1423, #199, #603, #5108, #3095, #4667, #3466, #1811 ),
 .UNSPECIFIED., .F., .F. ) 
 B_SPLINE_CURVE_WITH_KNOTS ( ( 3, 2, 2, 2, 3 ),
 ( 0.6818181818181818800, 0.6931818181818183400, 0.7045454545454545900, 0.7159090909090909400, 0.7272727272727272900 ),
 .UNSPECIFIED. ) 
 CURVE ( )  GEOMETRIC_REPRESENTATION_ITEM ( )  RATIONAL_B_SPLINE_CURVE ( ( 0.9999999999999992200, 0.9238795325112875200, 1.000000000000000000, 0.9238795325112867400, 1.000000000000000000, 0.9238795325112867400, 1.000000000000000000, 0.9238795325112867400, 1.000000000000000000 ) ) 
 REPRESENTATION_ITEM ( '' )  );
#1240 = CARTESIAN_POINT ( 'NONE',  ( 1.980384757729329000, -1.700000000000003500, -1.494841517494422500E-015 ) ) ;
#1241 = ORIENTED_EDGE ( 'NONE', *, *, #3988, .F. ) ;
#1242 = CARTESIAN_POINT ( 'NONE',  ( 1.980384757729328500, -5.750000000000002700, 0.8203022253684436600 ) ) ;
#1243 = CARTESIAN_POINT ( 'NONE',  ( -0.8203022253684444400, -0.4500000000000025600, 1.980384757729327200 ) ) ;
#1244 = CARTESIAN_POINT ( 'NONE',  ( -1.767766952966367800, -3.500000000000001800, -1.767766952966370000 ) ) ;
#1245 = CARTESIAN_POINT ( 'NONE',  ( 1.812970446248906900, -2.480384757729333400, -0.8072519055250985100 ) ) ;
#1246 = CARTESIAN_POINT ( 'NONE',  ( 0.0000000000000000000, 4.799999999999998900, 6.195440985631449400E-016 ) ) ;
#1247 = CARTESIAN_POINT ( 'NONE',  ( -1.767766952966368000, 0.7999999999999960500, 1.767766952966365800 ) ) ;
#1248 = CARTESIAN_POINT ( 'NONE',  ( 2.499999999999998200, -0.4500000000000041700, -1.035533905932739800 ) ) ;
#1249 = CARTESIAN_POINT ( 'NONE',  ( 1.890108723502114600, -5.587085113936719700, 1.341254441160466300 ) ) ;
#1250 = CARTESIAN_POINT ( 'NONE',  ( -1.980384757729329000, -3.000000000000002700, -1.979895888421108300E-015 ) ) ;
#1251 = CARTESIAN_POINT ( 'NONE',  ( 0.8203022253684436600, -1.050000000000003200, 1.980384757729327600 ) ) ;
#1252 = CARTESIAN_POINT ( 'NONE',  ( -0.8660254037844430400, 4.799999999999998900, -1.499999999999998900 ) ) ;
#1253 = CARTESIAN_POINT ( 'NONE',  ( 1.980384757729328500, -4.850000000000004100, -0.8203022253684464400 ) ) ;
#1254 = CARTESIAN_POINT ( 'NONE',  ( 0.0000000000000000000, -4.400000000000002100, -2.500000000000000400 ) ) ;
#1255 = CARTESIAN_POINT ( 'NONE',  ( 1.980384757729329000, -3.300000000000003400, -1.494841517494422500E-015 ) ) ;
#1256 = EDGE_CURVE ( 'NONE', #3297, #2334, #3429, .T. ) ;
#1257 = CARTESIAN_POINT ( 'NONE',  ( -1.400343491548886600, -5.300000000000002500, 1.400343491548884400 ) ) ;
#1258 = LOCAL_TIME ( 9, 51, 47.00000000000000000, #3492 ) ;
#1259 = EDGE_LOOP ( 'NONE', ( #1692, #1826 ) ) ;
#1260 = CARTESIAN_POINT ( 'NONE',  ( 1.980384757729328500, -2.550000000000003800, 0.8203022253684436600 ) ) ;
#1261 = CARTESIAN_POINT ( 'NONE',  ( 1.035533905932736600, 2.449999999999998800, 2.499999999999997300 ) ) ;
#1262 = CARTESIAN_POINT ( 'NONE',  ( 0.8203022253684454400, 0.7499999999999973400, -1.980384757729330100 ) ) ;
#1263 = CARTESIAN_POINT ( 'NONE',  ( 0.0000000000000000000, 1.299999999999995600, -2.500000000000000400 ) ) ;
#1264 = CARTESIAN_POINT ( 'NONE',  ( -1.854633944323277100, -0.5608398161249939000, -0.9460530387744978700 ) ) ;
#1265 = CARTESIAN_POINT ( 'NONE',  ( 1.767766952966368400, 1.999999999999996700, -1.767766952966369500 ) ) ;
#1266 = CARTESIAN_POINT ( 'NONE',  ( -3.061616997868381700E-016, -3.100000000000004100, 2.499999999999996900 ) ) ;
#1267 = CARTESIAN_POINT ( 'NONE',  ( -2.499999999999998700, 1.349999999999999000, -1.035533905932739300 ) ) ;
#1268 = LINE ( 'NONE', #3662, #159 ) ;
#1269 = EDGE_LOOP ( 'NONE', ( #4972, #1884 ) ) ;
#1270 = CARTESIAN_POINT ( 'NONE',  ( 1.400343491548886400, -0.3000000000000025400, 1.400343491548884800 ) ) ;
#1271 = CARTESIAN_POINT ( 'NONE',  ( -2.425271854633429100E-016, -1.900000000000003200, 1.980384757729327200 ) ) ;
#1272 = CARTESIAN_POINT ( 'NONE',  ( -3.061616997868381700E-016, -4.700000000000004600, 2.499999999999996900 ) ) ;
#1273 = CARTESIAN_POINT ( 'NONE',  ( 1.400343491548886800, -3.200000000000003300, -1.400343491548887900 ) ) ;
#1274 = CYLINDRICAL_SURFACE ( 'NONE', #892, 2.499999999999998200 ) ;
#1275 = CARTESIAN_POINT ( 'NONE',  ( 0.0000000000000000000, -3.000000000000001800, -1.734723475976807100E-015 ) ) ;
#1276 = CARTESIAN_POINT ( 'NONE',  ( -0.8203022253684441000, -3.850000000000003600, -1.980384757729330500 ) ) ;
#1277 = CARTESIAN_POINT ( 'NONE',  ( -2.425271854633429100E-016, 0.3999999999999975800, 1.980384757729327200 ) ) ;
#1278 = CARTESIAN_POINT ( 'NONE',  ( 1.980384757729328500, -3.350000000000003600, 0.8203022253684436600 ) ) ;
#1279 = CARTESIAN_POINT ( 'NONE',  ( 1.400343491548886400, -5.000000000000003600, 1.400343491548884800 ) ) ;
#1280 = CYLINDRICAL_SURFACE ( 'NONE', #2409, 2.499999999999998200 ) ;
#1281 = CARTESIAN_POINT ( 'NONE',  ( 1.980384757729328500, 1.449999999999998200, -0.8203022253684464400 ) ) ;
#1282 = AXIS2_PLACEMENT_3D ( 'NONE', #4016, #1583, #699 ) ;
#1283 = CARTESIAN_POINT ( 'NONE',  ( 2.499999999999998200, 1.049999999999995400, 1.035533905932736600 ) ) ;
#1284 = CARTESIAN_POINT ( 'NONE',  ( -3.061616997868381700E-016, -1.500000000000004000, 2.499999999999996900 ) ) ;
#1285 = VECTOR ( 'NONE', #4093, 1000.000000000000000 ) ;
#1286 = CARTESIAN_POINT ( 'NONE',  ( -2.499999999999998700, -2.550000000000004700, -1.035533905932739300 ) ) ;
#1287 = CARTESIAN_POINT ( 'NONE',  ( -1.035533905932737300, -0.7500000000000041100, 2.499999999999996900 ) ) ;
#1288 = CARTESIAN_POINT ( 'NONE',  ( -1.035533905932737100, 1.249999999999998400, -2.500000000000000400 ) ) ;
#1289 = CARTESIAN_POINT ( 'NONE',  ( -1.980384757729329000, 1.749999999999998200, -0.8203022253684462100 ) ) ;
#1290 = CARTESIAN_POINT ( 'NONE',  ( -1.400343491548886600, -1.200000000000003100, 1.400343491548884400 ) ) ;
#1291 = CARTESIAN_POINT ( 'NONE',  ( 0.0000000000000000000, 1.999999999999999100, -2.499999999999998200 ) ) ;
#1292 = CARTESIAN_POINT ( 'NONE',  ( 0.8203022253684454400, -3.150000000000003500, -1.980384757729330100 ) ) ;
#1293 = EDGE_CURVE ( 'NONE', #2450, #5104, #2102, .T. ) ;
#1294 = ORIENTED_EDGE ( 'NONE', *, *, #4995, .T. ) ;
#1295 = ADVANCED_FACE ( 'NONE', ( #4272 ), #4961, .T. ) ;
#1296 = CARTESIAN_POINT ( 'NONE',  ( 0.0000000000000000000, -3.900000000000003500, -1.980384757729330500 ) ) ;
#1297 = CARTESIAN_POINT ( 'NONE',  ( 1.980384757729328500, -0.1500000000000025500, -0.8203022253684464400 ) ) ;
#1298 = ORIENTED_EDGE ( 'NONE', *, *, #2866, .T. ) ;
#1299 = CARTESIAN_POINT ( 'NONE',  ( 1.980384757729328500, -2.450000000000003300, -0.8203022253684464400 ) ) ;
#1300 = CARTESIAN_POINT ( 'NONE',  ( -2.425271854633429100E-016, 1.199999999999997100, 1.980384757729327200 ) ) ;
#1301 = CARTESIAN_POINT ( 'NONE',  ( 0.8203022253684455500, -4.850000000000002300, -1.980384757729330100 ) ) ;
#1302 = CARTESIAN_POINT ( 'NONE',  ( 1.955718431024597000, -2.480384757729333900, -0.3115914106604059700 ) ) ;
#1303 = EDGE_LOOP ( 'NONE', ( #2078, #4019, #4859, #3925 ) ) ;
#1304 = CARTESIAN_POINT ( 'NONE',  ( 2.499999999999998200, -5.450000000000002000, 1.035533905932736600 ) ) ;
#1305 = DIRECTION ( 'NONE',  ( 0.0000000000000000000, 3.469446951953616700E-016, -1.000000000000000000 ) ) ;
#1306 = CARTESIAN_POINT ( 'NONE',  ( -2.499999999999998700, -1.700000000000004400, -2.011713145582856100E-015 ) ) ;
#1307 = CARTESIAN_POINT ( 'NONE',  ( -2.033700305749419600, -0.4726322057915553500, 0.004833172452428119400 ) ) ;
#1308 = ORIENTED_EDGE ( 'NONE', *, *, #560, .F. ) ;
#1309 = CARTESIAN_POINT ( 'NONE',  ( -0.8203022253684441000, 0.04999999999999709500, -1.980384757729330500 ) ) ;
#1310 = CARTESIAN_POINT ( 'NONE',  ( 0.8203022253684436600, 2.149999999999997200, 1.980384757729327600 ) ) ;
#1311 = CARTESIAN_POINT ( 'NONE',  ( 1.035533905932736900, -4.650000000000004800, 2.499999999999997300 ) ) ;
#1312 = CARTESIAN_POINT ( 'NONE',  ( -1.980384757729329000, -3.650000000000003500, 0.8203022253684421100 ) ) ;
#1313 =( BOUNDED_CURVE ( )  B_SPLINE_CURVE ( 2, ( #2651, #4991, #173, #1785, #5045, #574, #554, #929, #3383 ),
 .UNSPECIFIED., .F., .F. ) 
 B_SPLINE_CURVE_WITH_KNOTS ( ( 3, 2, 2, 2, 3 ),
 ( 0.7727272727272727100, 0.7840909090909090600, 0.7954545454545454100, 0.8068181818181819900, 0.8181818181818182300 ),
 .UNSPECIFIED. ) 
 CURVE ( )  GEOMETRIC_REPRESENTATION_ITEM ( )  RATIONAL_B_SPLINE_CURVE ( ( 1.000000000000000000, 0.9238795325112867400, 1.000000000000000000, 0.9238795325112867400, 1.000000000000000000, 0.9238795325112867400, 1.000000000000000000, 0.9238795325112859600, 1.000000000000000700 ) ) 
 REPRESENTATION_ITEM ( '' )  );
#1314 = CARTESIAN_POINT ( 'NONE',  ( 1.400343491548886400, -3.400000000000003500, 1.400343491548884800 ) ) ;
#1315 = CARTESIAN_POINT ( 'NONE',  ( 0.8203022253684454400, -1.650000000000003000, -1.980384757729330100 ) ) ;
#1316 = AXIS2_PLACEMENT_3D ( 'NONE', #1663, #878, #389 ) ;
#1317 = CARTESIAN_POINT ( 'NONE',  ( 1.980384757729328500, -0.9500000000000029500, 0.8203022253684436600 ) ) ;
#1318 = CARTESIAN_POINT ( 'NONE',  ( -1.767766952966368000, -6.400000000000004800, 1.767766952966365800 ) ) ;
#1319 = CARTESIAN_POINT ( 'NONE',  ( 0.0000000000000000000, 1.999999999999998200, 0.0000000000000000000 ) ) ;
#1320 = CARTESIAN_POINT ( 'NONE',  ( 1.767766952966368400, -1.200000000000004000, -1.767766952966369500 ) ) ;
#1321 = DIRECTION ( 'NONE',  ( 0.0000000000000000000, 1.000000000000000000, 0.0000000000000000000 ) ) ;
#1322 = AXIS2_PLACEMENT_3D ( 'NONE', #1719, #4115, #1685 ) ;
#1323 = EDGE_CURVE ( 'NONE', #2026, #4475, #3985, .T. ) ;
#1324 = CARTESIAN_POINT ( 'NONE',  ( 1.767766952966368400, 1.199999999999996200, -1.767766952966369500 ) ) ;
#1325 = CARTESIAN_POINT ( 'NONE',  ( -2.005688581428207100, -0.4949252202122549900, -0.1548739944471508900 ) ) ;
#1326 = ORIENTED_EDGE ( 'NONE', *, *, #2419, .T. ) ;
#1327 = CARTESIAN_POINT ( 'NONE',  ( -1.980384757729329000, -0.6000000000000024200, -1.979895888421108300E-015 ) ) ;
#1328 = CARTESIAN_POINT ( 'NONE',  ( 1.400343491548886400, 1.399999999999996800, 1.400343491548884800 ) ) ;
#1329 = CARTESIAN_POINT ( 'NONE',  ( 0.0000000000000000000, -1.200000000000001500, -2.500000000000000400 ) ) ;
#1330 = CARTESIAN_POINT ( 'NONE',  ( -1.980384757729329000, -2.900000000000003500, -1.979895888421108300E-015 ) ) ;
#1331 = CARTESIAN_POINT ( 'NONE',  ( 1.400343491548886400, 1.399999999999996800, 1.400343491548884800 ) ) ;
#1332 = CARTESIAN_POINT ( 'NONE',  ( -1.400343491548886600, -1.300000000000002500, 1.400343491548884400 ) ) ;
#1333 = CARTESIAN_POINT ( 'NONE',  ( 0.8203022253684436600, 1.349999999999997000, 1.980384757729327600 ) ) ;
#1334 = CYLINDRICAL_SURFACE ( 'NONE', #2455, 2.499999999999998200 ) ;
#1335 = CARTESIAN_POINT ( 'NONE',  ( 2.499999999999998200, -5.250000000000004400, -1.035533905932739800 ) ) ;
#1336 = CARTESIAN_POINT ( 'NONE',  ( 1.101438358066518800, -5.426074635582952300, 2.221104819727518700 ) ) ;
#1337 = CARTESIAN_POINT ( 'NONE',  ( -0.8203022253684443300, -1.150000000000003500, 1.980384757729327200 ) ) ;
#1338 = VECTOR ( 'NONE', #3929, 1000.000000000000100 ) ;
#1339 = ORIENTED_EDGE ( 'NONE', *, *, #5293, .F. ) ;
#1340 = CARTESIAN_POINT ( 'NONE',  ( -1.767766952966368000, -4.100000000000002300, 1.767766952966365800 ) ) ;
#1341 = DIRECTION ( 'NONE',  ( -0.0000000000000000000, -1.000000000000000000, -3.097720492815726700E-016 ) ) ;
#1342 = CARTESIAN_POINT ( 'NONE',  ( 1.767766952966368400, 1.999999999999996700, -1.767766952966369500 ) ) ;
#1343 = CARTESIAN_POINT ( 'NONE',  ( -3.061616997868381700E-016, -4.000000000000001800, 2.499999999999996900 ) ) ;
#1344 = CARTESIAN_POINT ( 'NONE',  ( 0.8203022253684454400, -0.8500000000000027500, -1.980384757729330100 ) ) ;
#1345 = FACE_OUTER_BOUND ( 'NONE', #352, .T. ) ;
#1346 = CARTESIAN_POINT ( 'NONE',  ( -2.499999999999998700, -0.9500000000000012900, 1.035533905932735100 ) ) ;
#1347 = CARTESIAN_POINT ( 'NONE',  ( 1.980384757729328500, -1.750000000000003600, 0.8203022253684436600 ) ) ;
#1348 = CARTESIAN_POINT ( 'NONE',  ( 1.980384757729329000, -0.9000000000000032400, -1.494841517494422500E-015 ) ) ;
#1349 = CONICAL_SURFACE ( 'NONE', #4223, 2.499999999999998700, 0.7853981633974500600 ) ;
#1350 = CARTESIAN_POINT ( 'NONE',  ( 1.980384757729328500, -0.2500000000000028300, 0.8203022253684436600 ) ) ;
#1351 = CARTESIAN_POINT ( 'NONE',  ( 1.980384757729328500, 1.449999999999996400, 0.8203022253684436600 ) ) ;
#1352 = CARTESIAN_POINT ( 'NONE',  ( 2.499999999999998200, -6.150000000000004800, 1.035533905932736600 ) ) ;
#1353 = ORIENTED_EDGE ( 'NONE', *, *, #2466, .T. ) ;
#1354 = CARTESIAN_POINT ( 'NONE',  ( -0.8203022253684443300, -5.250000000000002700, 1.980384757729327200 ) ) ;
#1355 = DIRECTION ( 'NONE',  ( -0.0000000000000000000, -1.000000000000000000, -3.097720492815726700E-016 ) ) ;
#1356 = CARTESIAN_POINT ( 'NONE',  ( 1.767766952966368400, -4.500000000000002700, -1.767766952966369500 ) ) ;
#1357 = CARTESIAN_POINT ( 'NONE',  ( -2.499999999999998700, -2.500000000000004000, -2.011713145582856100E-015 ) ) ;
#1358 = ORIENTED_EDGE ( 'NONE', *, *, #2123, .T. ) ;
#1359 = CARTESIAN_POINT ( 'NONE',  ( 1.035533905932736600, 1.749999999999996200, 2.499999999999997300 ) ) ;
#1360 = CARTESIAN_POINT ( 'NONE',  ( -2.312498332320425600, -5.591909543464955900, -0.05030315868461898700 ) ) ;
#1361 = CARTESIAN_POINT ( 'NONE',  ( -1.035533905932737100, -6.650000000000004800, -2.500000000000000400 ) ) ;
#1362 = CARTESIAN_POINT ( 'NONE',  ( 1.767766952966368400, 1.999999999999996700, -1.767766952966369500 ) ) ;
#1363 = CARTESIAN_POINT ( 'NONE',  ( -1.400343491548886400, 0.9999999999999965600, -1.400343491548888400 ) ) ;
#1364 = EDGE_CURVE ( 'NONE', #3277, #3088, #2720, .T. ) ;
#1365 = ORIENTED_EDGE ( 'NONE', *, *, #4044, .F. ) ;
#1366 = CARTESIAN_POINT ( 'NONE',  ( -0.8203022253684443300, 1.249999999999996700, 1.980384757729327200 ) ) ;
#1367 = CARTESIAN_POINT ( 'NONE',  ( -0.1307452354334467400, 1.699999999999996200, -1.980384757729330500 ) ) ;
#1368 = CARTESIAN_POINT ( 'NONE',  ( 1.980384757729328500, 0.7499999999999973400, -0.8203022253684464400 ) ) ;
#1369 = EDGE_LOOP ( 'NONE', ( #4916, #1365 ) ) ;
#1370 = CARTESIAN_POINT ( 'NONE',  ( -2.499999999999998700, -3.350000000000004500, -1.035533905932739300 ) ) ;
#1371 = CARTESIAN_POINT ( 'NONE',  ( 1.400343491548886800, -5.600000000000003200, -1.400343491548887900 ) ) ;
#1372 =( BOUNDED_CURVE ( )  B_SPLINE_CURVE ( 2, ( #4008, #724, #3963, #2348, #3533, #3944, #285, #3163, #1922 ),
 .UNSPECIFIED., .F., .F. ) 
 B_SPLINE_CURVE_WITH_KNOTS ( ( 3, 2, 2, 2, 3 ),
 ( 0.09090909090909095300, 0.1022727272727273100, 0.1136363636363636500, 0.1249999999999999900, 0.1363636363636363300 ),
 .UNSPECIFIED. ) 
 CURVE ( )  GEOMETRIC_REPRESENTATION_ITEM ( )  RATIONAL_B_SPLINE_CURVE ( ( 0.9999999999999996700, 0.9238795325112870700, 1.000000000000000000, 0.9238795325112867400, 1.000000000000000000, 0.9238795325112867400, 1.000000000000000000, 0.9238795325112869600, 0.9999999999999997800 ) ) 
 REPRESENTATION_ITEM ( '' )  );
#1373 = CARTESIAN_POINT ( 'NONE',  ( 0.0000000000000000000, -0.3000000000000042600, -2.500000000000000400 ) ) ;
#1374 = ORIENTED_EDGE ( 'NONE', *, *, #129, .F. ) ;
#1375 = CARTESIAN_POINT ( 'NONE',  ( 2.499999999999998200, -5.350000000000001400, -1.035533905932739800 ) ) ;
#1376 = CARTESIAN_POINT ( 'NONE',  ( -2.499999999999998700, -5.850000000000002300, -1.035533905932739300 ) ) ;
#1377 = CARTESIAN_POINT ( 'NONE',  ( 2.402870501705098400, -2.979520393869334400, -0.6321517452906596500 ) ) ;
#1378 = CARTESIAN_POINT ( 'NONE',  ( -2.499999999999998700, -5.650000000000003900, 1.035533905932735100 ) ) ;
#1379 = CARTESIAN_POINT ( 'NONE',  ( -0.5626652761998982600, 1.833867154816715600, 2.142320323856484100 ) ) ;
#1380 = CARTESIAN_POINT ( 'NONE',  ( -0.8203022253684441000, 1.749999999999996200, -1.980384757729330500 ) ) ;
#1381 = CARTESIAN_POINT ( 'NONE',  ( 1.980384757729329000, -0.1000000000000028600, -1.494841517494422500E-015 ) ) ;
#1382 = CARTESIAN_POINT ( 'NONE',  ( -3.061616997868381700E-016, -3.200000000000002000, 2.499999999999996900 ) ) ;
#1383 = CARTESIAN_POINT ( 'NONE',  ( 2.499999999999998700, -3.000000000000001800, -1.399389746009179600E-015 ) ) ;
#1384 = ORIENTED_EDGE ( 'NONE', *, *, #4596, .T. ) ;
#1385 = AXIS2_PLACEMENT_3D ( 'NONE', #3281, #4843, #4091 ) ;
#1386 = CARTESIAN_POINT ( 'NONE',  ( 1.400343491548886800, 1.599999999999997200, -1.400343491548887900 ) ) ;
#1387 = CARTESIAN_POINT ( 'NONE',  ( -1.035533905932737300, -3.150000000000004400, 2.499999999999996900 ) ) ;
#1388 = CARTESIAN_POINT ( 'NONE',  ( -2.425271854633429100E-016, -2.800000000000002500, 1.980384757729327200 ) ) ;
#1389 = CARTESIAN_POINT ( 'NONE',  ( -1.400343491548886400, -1.400000000000003700, -1.400343491548888400 ) ) ;
#1390 = ADVANCED_FACE ( 'NONE', ( #4647 ), #623, .T. ) ;
#1391 = CARTESIAN_POINT ( 'NONE',  ( 0.0000000000000000000, -2.800000000000001600, -2.500000000000000400 ) ) ;
#1392 = CARTESIAN_POINT ( 'NONE',  ( 0.0000000000000000000, -5.200000000000001100, -2.500000000000000400 ) ) ;
#1393 = EDGE_CURVE ( 'NONE', #3467, #4465, #1792, .T. ) ;
#1394 = CARTESIAN_POINT ( 'NONE',  ( 1.767766952966368400, 1.999999999999996700, -1.767766952966369500 ) ) ;
#1395 = CARTESIAN_POINT ( 'NONE',  ( -1.028510908293591500, -5.678031610475240000, -1.975359499301739200 ) ) ;
#1396 = CIRCLE ( 'NONE', #4684, 3.000000000000000400 ) ;
#1397 = CARTESIAN_POINT ( 'NONE',  ( 0.8203022253684436600, 2.049999999999998000, 1.980384757729327600 ) ) ;
#1398 = CARTESIAN_POINT ( 'NONE',  ( 2.244869170831927700, 1.977531661674955900, -1.032143799682510900 ) ) ;
#1399 = CARTESIAN_POINT ( 'NONE',  ( -1.400343491548886400, 1.799999999999996000, -1.400343491548888400 ) ) ;
#1400 = FACE_OUTER_BOUND ( 'NONE', #3622, .T. ) ;
#1401 = ORIENTED_EDGE ( 'NONE', *, *, #4995, .F. ) ;
#1402 = DIRECTION ( 'NONE',  ( -0.0000000000000000000, -1.000000000000000000, -3.097720492815726700E-016 ) ) ;
#1403 = EDGE_CURVE ( 'NONE', #891, #4349, #3004, .T. ) ;
#1404 = CARTESIAN_POINT ( 'NONE',  ( -2.499999999999998700, 0.6999999999999957400, -2.011713145582856100E-015 ) ) ;
#1405 = CARTESIAN_POINT ( 'NONE',  ( 4.347496136973103900E-016, 4.799999999999996300, 2.500000000000000400 ) ) ;
#1406 = CARTESIAN_POINT ( 'NONE',  ( 1.980384757729329000, 1.499999999999996900, -1.494841517494422500E-015 ) ) ;
#1407 = VECTOR ( 'NONE', #4306, 1000.000000000000000 ) ;
#1408 = CARTESIAN_POINT ( 'NONE',  ( 2.499999999999998700, -4.500000000000003600, -1.399389746009179600E-015 ) ) ;
#1409 = CARTESIAN_POINT ( 'NONE',  ( -1.400343491548886400, -1.500000000000003100, -1.400343491548888400 ) ) ;
#1410 = CARTESIAN_POINT ( 'NONE',  ( -0.8203022253684444400, -2.750000000000003100, 1.980384757729327200 ) ) ;
#1411 =( BOUNDED_CURVE ( )  B_SPLINE_CURVE ( 2, ( #1133, #5230, #2782, #4034, #1115, #1187, #731, #3207, #2410 ),
 .UNSPECIFIED., .F., .F. ) 
 B_SPLINE_CURVE_WITH_KNOTS ( ( 3, 2, 2, 2, 3 ),
 ( 0.2727272727272727100, 0.2840909090909090600, 0.2954545454545454100, 0.3068181818181817700, 0.3181818181818182300 ),
 .UNSPECIFIED. ) 
 CURVE ( )  GEOMETRIC_REPRESENTATION_ITEM ( )  RATIONAL_B_SPLINE_CURVE ( ( 1.000000000000000000, 0.9238795325112867400, 1.000000000000000000, 0.9238795325112867400, 1.000000000000000000, 0.9238795325112867400, 1.000000000000000000, 0.9238795325112867400, 1.000000000000000000 ) ) 
 REPRESENTATION_ITEM ( '' )  );
#1412 = CARTESIAN_POINT ( 'NONE',  ( 1.035533905932736600, -1.550000000000001800, 2.499999999999997300 ) ) ;
#1413 = VECTOR ( 'NONE', #942, 1000.000000000000000 ) ;
#1414 = CARTESIAN_POINT ( 'NONE',  ( 2.499999999999998200, -5.350000000000001400, -1.035533905932739800 ) ) ;
#1415 = CARTESIAN_POINT ( 'NONE',  ( 1.980384757729328500, 2.149999999999997200, 0.8203022253684436600 ) ) ;
#1416 = CARTESIAN_POINT ( 'NONE',  ( -2.425271854633429100E-016, -1.200000000000002200, 1.980384757729327200 ) ) ;
#1417 = CARTESIAN_POINT ( 'NONE',  ( 1.400343491548886800, 1.599999999999997200, -1.400343491548887900 ) ) ;
#1418 = CONICAL_SURFACE ( 'NONE', #1877, 1.732050807568879200, 0.7853981633974500600 ) ;
#1419 = CARTESIAN_POINT ( 'NONE',  ( -0.8203022253684444400, -6.050000000000003400, 1.980384757729327200 ) ) ;
#1420 = CARTESIAN_POINT ( 'NONE',  ( 0.0000000000000000000, -3.000000000000001800, 0.0000000000000000000 ) ) ;
#1421 = CARTESIAN_POINT ( 'NONE',  ( -1.035533905932737100, -2.750000000000001800, -2.500000000000000400 ) ) ;
#1422 = ORIENTED_EDGE ( 'NONE', *, *, #129, .T. ) ;
#1423 = CARTESIAN_POINT ( 'NONE',  ( 1.035533905932744600, 0.04999999999999935700, 2.499999999999989800 ) ) ;
#1424 = CARTESIAN_POINT ( 'NONE',  ( -1.035533905932737300, -3.950000000000004200, 2.499999999999996900 ) ) ;
#1425 = AXIS2_PLACEMENT_3D ( 'NONE', #901, #4928, #2895 ) ;
#1426 = CARTESIAN_POINT ( 'NONE',  ( 0.8203022253684455500, -2.450000000000003300, -1.980384757729330100 ) ) ;
#1427 = CARTESIAN_POINT ( 'NONE',  ( -1.400343491548886600, -2.000000000000003600, 1.400343491548884400 ) ) ;
#1428 = EDGE_CURVE ( 'NONE', #5217, #2083, #5022, .T. ) ;
#1429 = ORIENTED_EDGE ( 'NONE', *, *, #625, .T. ) ;
#1430 = CARTESIAN_POINT ( 'NONE',  ( 1.767766952966368400, -3.700000000000002000, -1.767766952966369500 ) ) ;
#1431 = DIRECTION ( 'NONE',  ( 1.000000000000000000, 7.756251198607223300E-032, -2.503857664561932400E-016 ) ) ;
#1432 = CARTESIAN_POINT ( 'NONE',  ( 2.499999999999998200, -5.450000000000002000, 1.035533905932736600 ) ) ;
#1433 = CARTESIAN_POINT ( 'NONE',  ( -0.3011355276604721400, 4.591575364896911500, 1.500000000000003100 ) ) ;
#1434 = CARTESIAN_POINT ( 'NONE',  ( 0.0000000000000000000, -2.000000000000001800, -2.500000000000000400 ) ) ;
#1435 = ORIENTED_EDGE ( 'NONE', *, *, #3713, .F. ) ;
#1436 = CARTESIAN_POINT ( 'NONE',  ( 2.499999999999998200, -6.150000000000004800, 1.035533905932736600 ) ) ;
#1437 = CARTESIAN_POINT ( 'NONE',  ( 1.980384757729329000, -1.800000000000002900, -1.494841517494422500E-015 ) ) ;
#1438 = CARTESIAN_POINT ( 'NONE',  ( 0.0000000000000000000, 0.09999999999999678600, -1.980384757729330500 ) ) ;
#1439 = EDGE_CURVE ( 'NONE', #2267, #2493, #146, .T. ) ;
#1440 = CARTESIAN_POINT ( 'NONE',  ( 0.8203022253684454400, 0.8499999999999966500, -1.980384757729330100 ) ) ;
#1441 = ORIENTED_EDGE ( 'NONE', *, *, #1256, .T. ) ;
#1442 = DIRECTION ( 'NONE',  ( 0.0000000000000000000, 0.0000000000000000000, 1.000000000000000000 ) ) ;
#1443 = CARTESIAN_POINT ( 'NONE',  ( 0.0000000000000000000, 2.399999999999997700, -1.980384757729330500 ) ) ;
#1444 = CARTESIAN_POINT ( 'NONE',  ( 2.499999999999998200, -3.750000000000004400, 1.035533905932736600 ) ) ;
#1445 = CARTESIAN_POINT ( 'NONE',  ( 1.767766952966368400, -4.400000000000004800, -1.767766952966369500 ) ) ;
#1446 = ORIENTED_EDGE ( 'NONE', *, *, #1501, .T. ) ;
#1447 = CARTESIAN_POINT ( 'NONE',  ( -1.400343491548886600, -2.900000000000003000, 1.400343491548884400 ) ) ;
#1448 = CARTESIAN_POINT ( 'NONE',  ( -1.980384757729329000, -2.050000000000002900, 0.8203022253684421100 ) ) ;
#1449 = CARTESIAN_POINT ( 'NONE',  ( 0.0000000000000000000, -1.200000000000001500, -2.500000000000000400 ) ) ;
#1450 = CARTESIAN_POINT ( 'NONE',  ( -1.732050807568877400, 1.999999999999998200, 3.268095119920591000E-015 ) ) ;
#1451 = CARTESIAN_POINT ( 'NONE',  ( 0.0000000000000000000, 1.999999999999999100, -2.499999999999998200 ) ) ;
#1452 = CARTESIAN_POINT ( 'NONE',  ( 1.035533905932736900, -2.350000000000001400, 2.499999999999997300 ) ) ;
#1453 = CARTESIAN_POINT ( 'NONE',  ( 0.0000000000000000000, 2.699999999999998400, 2.168404344971008600E-016 ) ) ;
#1454 = CARTESIAN_POINT ( 'NONE',  ( 1.400343491548886800, -1.700000000000002600, -1.400343491548887900 ) ) ;
#1455 = CARTESIAN_POINT ( 'NONE',  ( -1.980384757729329000, -6.200000000000002800, -1.979895888421108300E-015 ) ) ;
#1456 = CARTESIAN_POINT ( 'NONE',  ( 1.980384757729329000, -4.200000000000002000, -1.494841517494422500E-015 ) ) ;
#1457 = CARTESIAN_POINT ( 'NONE',  ( 0.0000000000000000000, -0.4000000000000019100, -2.500000000000000400 ) ) ;
#1458 = CARTESIAN_POINT ( 'NONE',  ( -1.956204743947619600, -0.5196152422706682400, 0.3347441451516210400 ) ) ;
#1459 = DIRECTION ( 'NONE',  ( -0.0000000000000000000, -1.000000000000000000, -3.097720492815726700E-016 ) ) ;
#1460 = DIRECTION ( 'NONE',  ( -0.0000000000000000000, -1.000000000000000000, -0.0000000000000000000 ) ) ;
#1461 = LINE ( 'NONE', #1003, #340 ) ;
#1462 = CARTESIAN_POINT ( 'NONE',  ( 2.499999999999998700, -1.300000000000004300, -1.399389746009179600E-015 ) ) ;
#1463 = CARTESIAN_POINT ( 'NONE',  ( 1.400343491548886800, -3.300000000000002500, -1.400343491548887900 ) ) ;
#1464 = CARTESIAN_POINT ( 'NONE',  ( -1.980384757729329000, -2.100000000000002800, -1.979895888421108300E-015 ) ) ;
#1465 = CIRCLE ( 'NONE', #3532, 5.235456045083371800 ) ;
#1466 = CARTESIAN_POINT ( 'NONE',  ( 2.499999999999998700, -3.800000000000001600, -1.399389746009179600E-015 ) ) ;
#1467 = CARTESIAN_POINT ( 'NONE',  ( 2.499999999999998700, -2.200000000000002000, -1.399389746009179600E-015 ) ) ;
#1468 = EDGE_CURVE ( 'NONE', #4231, #458, #5087, .T. ) ;
#1469 = CARTESIAN_POINT ( 'NONE',  ( 0.0000000000000000000, -3.600000000000001400, -2.500000000000000400 ) ) ;
#1470 = DIRECTION ( 'NONE',  ( -0.0000000000000000000, -1.000000000000000000, -3.097720492815726700E-016 ) ) ;
#1471 = FACE_OUTER_BOUND ( 'NONE', #4323, .T. ) ;
#1472 = CARTESIAN_POINT ( 'NONE',  ( -1.980384757729329000, -0.5608398161245071700, 0.6424637195781263100 ) ) ;
#1473 = EDGE_LOOP ( 'NONE', ( #5034, #2170, #4301 ) ) ;
#1474 = CARTESIAN_POINT ( 'NONE',  ( 1.980384757729328500, -4.250000000000002700, 0.8203022253684436600 ) ) ;
#1475 = CARTESIAN_POINT ( 'NONE',  ( -3.061616997868381700E-016, -0.8000000000000012700, 2.499999999999996900 ) ) ;
#1476 = VECTOR ( 'NONE', #4261, 1000.000000000000000 ) ;
#1477 = CARTESIAN_POINT ( 'NONE',  ( 2.499999999999998200, -1.250000000000004700, -1.035533905932739800 ) ) ;
#1478 = CARTESIAN_POINT ( 'NONE',  ( -1.035533905932729500, -0.8500000000000012000, 2.500000000000005300 ) ) ;
#1479 = CARTESIAN_POINT ( 'NONE',  ( 2.499999999999998700, 1.799999999999998700, -1.399389746009179600E-015 ) ) ;
#1480 = CARTESIAN_POINT ( 'NONE',  ( -2.499999999999998700, -1.650000000000003700, 1.035533905932735100 ) ) ;
#1481 = CYLINDRICAL_SURFACE ( 'NONE', #494, 2.499999999999998200 ) ;
#1482 = CARTESIAN_POINT ( 'NONE',  ( 1.400343491548886400, -1.100000000000003000, 1.400343491548884800 ) ) ;
#1483 = CARTESIAN_POINT ( 'NONE',  ( -2.425271854633429100E-016, 0.4999999999999970000, 1.980384757729327200 ) ) ;
#1484 = CARTESIAN_POINT ( 'NONE',  ( -1.767766952966367800, 1.299999999999998300, -1.767766952966370000 ) ) ;
#1485 = CARTESIAN_POINT ( 'NONE',  ( 1.767766952966367800, -1.500000000000001300, 1.767766952966366400 ) ) ;
#1486 = ORIENTED_EDGE ( 'NONE', *, *, #2048, .F. ) ;
#1487 = DIRECTION ( 'NONE',  ( -0.0000000000000000000, -1.000000000000000000, -3.097720492815726700E-016 ) ) ;
#1488 = CARTESIAN_POINT ( 'NONE',  ( -1.767766952966368000, -2.500000000000001800, 1.767766952966365800 ) ) ;
#1489 = CARTESIAN_POINT ( 'NONE',  ( -0.5842495179102539200, -2.641631534521129400, 2.065664315212407700 ) ) ;
#1490 = DIRECTION ( 'NONE',  ( -0.0000000000000000000, -1.000000000000000000, -3.097720492815726700E-016 ) ) ;
#1491 = CARTESIAN_POINT ( 'NONE',  ( -1.400343491548886400, -3.100000000000002800, -1.400343491548888400 ) ) ;
#1492 = ORIENTED_EDGE ( 'NONE', *, *, #204, .T. ) ;
#1493 = CARTESIAN_POINT ( 'NONE',  ( -3.061616997868381700E-016, 1.699999999999996600, 2.499999999999996900 ) ) ;
#1494 = CARTESIAN_POINT ( 'NONE',  ( -2.499999999999998700, -0.9500000000000012900, 1.035533905932735100 ) ) ;
#1495 = CARTESIAN_POINT ( 'NONE',  ( -2.499999999999998700, -4.100000000000005000, -2.011713145582856100E-015 ) ) ;
#1496 = ORIENTED_EDGE ( 'NONE', *, *, #4214, .T. ) ;
#1497 = CARTESIAN_POINT ( 'NONE',  ( -1.035533905932737100, -0.2500000000000045500, -2.500000000000000400 ) ) ;
#1498 = APPROVAL ( #2356, 'UNSPECIFIED' ) ;
#1499 = CARTESIAN_POINT ( 'NONE',  ( 0.8203022253684455500, -0.05000000000000230000, -1.980384757729330100 ) ) ;
#1500 = CARTESIAN_POINT ( 'NONE',  ( 1.980384757729328500, -0.9500000000000029500, 0.8203022253684436600 ) ) ;
#1501 = EDGE_CURVE ( 'NONE', #3686, #4557, #3698, .T. ) ;
#1502 = ORIENTED_EDGE ( 'NONE', *, *, #3882, .F. ) ;
#1503 = CARTESIAN_POINT ( 'NONE',  ( -1.035533905932737100, 0.4499999999999982300, -2.500000000000000400 ) ) ;
#1504 = CARTESIAN_POINT ( 'NONE',  ( 1.767766952966367800, -3.900000000000001700, 1.767766952966366400 ) ) ;
#1505 = CARTESIAN_POINT ( 'NONE',  ( 2.499999999999998200, -2.950000000000004200, 1.035533905932736600 ) ) ;
#1506 = CARTESIAN_POINT ( 'NONE',  ( -2.246121104482572900, -2.754979142034669400, -0.2484842970726126600 ) ) ;
#1507 = DIRECTION ( 'NONE',  ( -0.0000000000000000000, -1.000000000000000000, -3.097720492815726700E-016 ) ) ;
#1508 = VERTEX_POINT ( 'NONE', #2634 ) ;
#1509 = AXIS2_PLACEMENT_3D ( 'NONE', #29, #4054, #861 ) ;
#1510 = CARTESIAN_POINT ( 'NONE',  ( -1.980384757729329000, -2.950000000000003300, 0.8203022253684421100 ) ) ;
#1511 = CARTESIAN_POINT ( 'NONE',  ( -1.400343491548886600, -5.300000000000002500, 1.400343491548884400 ) ) ;
#1512 = CARTESIAN_POINT ( 'NONE',  ( 1.035533905932742900, -1.150000000000005000, -2.499999999999996400 ) ) ;
#1513 = DIRECTION ( 'NONE',  ( -0.0000000000000000000, -1.000000000000000000, -3.097720492815726700E-016 ) ) ;
#1514 = CARTESIAN_POINT ( 'NONE',  ( 1.035533905932738900, -1.150000000000004600, -2.500000000000000400 ) ) ;
#1515 = CARTESIAN_POINT ( 'NONE',  ( -1.980384757729329000, -0.6000000000000024200, -1.979895888421108300E-015 ) ) ;
#1516 = CARTESIAN_POINT ( 'NONE',  ( -1.400343491548886400, 1.799999999999996000, -1.400343491548888400 ) ) ;
#1517 = CARTESIAN_POINT ( 'NONE',  ( -1.035533905932737100, -0.3500000000000013700, -2.500000000000000400 ) ) ;
#1518 = CARTESIAN_POINT ( 'NONE',  ( -2.499999999999998700, -3.400000000000001700, -2.011713145582856100E-015 ) ) ;
#1519 = CARTESIAN_POINT ( 'NONE',  ( 1.980384757729328500, -4.950000000000003700, -0.8203022253684464400 ) ) ;
#1520 = PERSON_AND_ORGANIZATION ( #2839, #2792 ) ;
#1521 = PLANE ( 'NONE',  #4716 ) ;
#1522 = CARTESIAN_POINT ( 'NONE',  ( -1.400343491548886600, -2.100000000000002800, 1.400343491548884400 ) ) ;
#1523 = VECTOR ( 'NONE', #5078, 1000.000000000000000 ) ;
#1524 = CARTESIAN_POINT ( 'NONE',  ( -2.440477197046517800, -0.06188919335806563500, 0.04884427434106775700 ) ) ;
#1525 = CARTESIAN_POINT ( 'NONE',  ( 0.8203022253684436600, -5.950000000000004600, 1.980384757729327600 ) ) ;
#1526 = CARTESIAN_POINT ( 'NONE',  ( 0.0000000000000000000, 1.999999999999998200, 0.0000000000000000000 ) ) ;
#1527 = CARTESIAN_POINT ( 'NONE',  ( 1.035533905932736900, -1.550000000000001800, 2.499999999999997300 ) ) ;
#1528 = DIRECTION ( 'NONE',  ( 0.0000000000000000000, -1.000000000000000000, 0.0000000000000000000 ) ) ;
#1529 = EDGE_CURVE ( 'NONE', #2378, #3786, #3892, .T. ) ;
#1530 = FACE_OUTER_BOUND ( 'NONE', #3725, .T. ) ;
#1531 = EDGE_LOOP ( 'NONE', ( #5120, #832, #998, #4348 ) ) ;
#1532 = CARTESIAN_POINT ( 'NONE',  ( -1.980384757729329000, -0.6500000000000030200, -0.8203022253684462100 ) ) ;
#1533 = CARTESIAN_POINT ( 'NONE',  ( -1.980384757729329000, 1.849999999999997400, -0.8203022253684462100 ) ) ;
#1534 = CARTESIAN_POINT ( 'NONE',  ( -2.499999999999998700, 0.5499999999999984900, -1.035533905932739300 ) ) ;
#1535 = CYLINDRICAL_SURFACE ( 'NONE', #5090, 3.000000000000000400 ) ;
#1536 = CARTESIAN_POINT ( 'NONE',  ( 2.499999999999998200, -2.950000000000002000, -1.035533905932739800 ) ) ;
#1537 = EDGE_CURVE ( 'NONE', #2652, #1954, #1985, .T. ) ;
#1538 = CARTESIAN_POINT ( 'NONE',  ( -2.425271854633429100E-016, -5.200000000000002800, 1.980384757729327200 ) ) ;
#1539 = ADVANCED_FACE ( 'NONE', ( #4201 ), #2001, .T. ) ;
#1540 = CARTESIAN_POINT ( 'NONE',  ( 1.035533905932740900, 0.4499999999999954600, -2.499999999999998200 ) ) ;
#1541 = CIRCLE ( 'NONE', #293, 1.732050807568879200 ) ;
#1542 = CARTESIAN_POINT ( 'NONE',  ( -1.980384757729329000, 0.9999999999999974500, -1.979895888421108300E-015 ) ) ;
#1543 = CARTESIAN_POINT ( 'NONE',  ( -1.035533905932729300, -3.450000000000005100, -2.500000000000008400 ) ) ;
#1544 = CARTESIAN_POINT ( 'NONE',  ( 0.8203022253684436600, -4.250000000000003600, 1.980384757729327600 ) ) ;
#1545 = CIRCLE ( 'NONE', #1509, 2.499999999999999600 ) ;
#1546 = CARTESIAN_POINT ( 'NONE',  ( 1.767766952966367800, -3.800000000000004300, 1.767766952966366400 ) ) ;
#1547 = DIRECTION ( 'NONE',  ( -0.0000000000000000000, 1.000000000000000000, -0.0000000000000000000 ) ) ;
#1548 = CARTESIAN_POINT ( 'NONE',  ( 1.980384757729328500, -0.1500000000000026000, -0.8203022253684465500 ) ) ;
#1549 = CARTESIAN_POINT ( 'NONE',  ( -1.980384757729329000, 0.3499999999999970400, 0.8203022253684421100 ) ) ;
#1550 = VERTEX_POINT ( 'NONE', #4688 ) ;
#1551 = CARTESIAN_POINT ( 'NONE',  ( -2.499999999999998700, 1.449999999999998200, 1.035533905932735100 ) ) ;
#1552 = CARTESIAN_POINT ( 'NONE',  ( -1.767766952966367800, 0.4999999999999987200, -1.767766952966370000 ) ) ;
#1553 = CARTESIAN_POINT ( 'NONE',  ( -0.8203022253684441000, -3.950000000000003300, -1.980384757729330500 ) ) ;
#1554 = ORIENTED_EDGE ( 'NONE', *, *, #4449, .T. ) ;
#1555 = CARTESIAN_POINT ( 'NONE',  ( 1.162573365231579500, -2.480384757729334800, -1.603230164106445900 ) ) ;
#1556 = CARTESIAN_POINT ( 'NONE',  ( 1.980384757729329000, -1.000000000000002700, -1.494841517494422500E-015 ) ) ;
#1557 = VERTEX_POINT ( 'NONE', #1195 ) ;
#1558 = CARTESIAN_POINT ( 'NONE',  ( -2.027369983780699800, -0.1094464762581108900, -1.288865920918367500 ) ) ;
#1559 = CARTESIAN_POINT ( 'NONE',  ( 1.400343491548886400, -5.000000000000003600, 1.400343491548884800 ) ) ;
#1560 = CARTESIAN_POINT ( 'NONE',  ( 1.162573365231579500, -2.480384757729334800, -1.603230164106445900 ) ) ;
#1561 = CARTESIAN_POINT ( 'NONE',  ( 0.0000000000000000000, -3.000000000000001800, -2.500000000000000400 ) ) ;
#1562 = ORIENTED_EDGE ( 'NONE', *, *, #2499, .T. ) ;
#1563 =( GEOMETRIC_REPRESENTATION_CONTEXT ( 3 ) GLOBAL_UNCERTAINTY_ASSIGNED_CONTEXT ( ( #4692 ) ) GLOBAL_UNIT_ASSIGNED_CONTEXT ( ( #4774, #3591, #2373 ) ) REPRESENTATION_CONTEXT ( 'NONE', 'WORKASPACE' ) );
#1564 = CARTESIAN_POINT ( 'NONE',  ( 2.499999999999998700, -3.000000000000001800, -1.399389746009179600E-015 ) ) ;
#1565 = EDGE_CURVE ( 'NONE', #3217, #597, #3498, .T. ) ;
#1566 = CARTESIAN_POINT ( 'NONE',  ( 0.8203022253684436600, -5.050000000000002500, 1.980384757729327600 ) ) ;
#1567 = ORIENTED_EDGE ( 'NONE', *, *, #5025, .T. ) ;
#1568 = CARTESIAN_POINT ( 'NONE',  ( -1.035533905932737100, 0.4499999999999982300, -2.500000000000000400 ) ) ;
#1569 = CARTESIAN_POINT ( 'NONE',  ( 0.8203022253684454400, -3.250000000000003100, -1.980384757729330100 ) ) ;
#1570 = CARTESIAN_POINT ( 'NONE',  ( 1.767766952966367800, 0.8999999999999989100, 1.767766952966366400 ) ) ;
#1571 = CARTESIAN_POINT ( 'NONE',  ( 0.0000000000000000000, -2.602085213965210600E-015, -1.980384757729330500 ) ) ;
#1572 = CARTESIAN_POINT ( 'NONE',  ( 2.167265950765860700, -0.3030652682192752600, -0.3870145998541007500 ) ) ;
#1573 = CARTESIAN_POINT ( 'NONE',  ( 0.8203022253684454400, -5.650000000000003000, -1.980384757729330100 ) ) ;
#1574 = CARTESIAN_POINT ( 'NONE',  ( -1.400343491548886400, -3.000000000000003600, -1.400343491548888400 ) ) ;
#1575 = DIRECTION ( 'NONE',  ( 0.0000000000000000000, 2.828353493440446800E-016, -1.000000000000000000 ) ) ;
#1576 = CARTESIAN_POINT ( 'NONE',  ( 1.955718431024597000, -2.480384757729333900, -0.3115914106604059700 ) ) ;
#1577 = CARTESIAN_POINT ( 'NONE',  ( -2.051038353574630700E-025, 4.567949192431122200, 1.500000000000002700 ) ) ;
#1578 = CARTESIAN_POINT ( 'NONE',  ( -0.8203022253684441000, -5.450000000000005500, -1.980384757729330500 ) ) ;
#1579 = VECTOR ( 'NONE', #2286, 1000.000000000000000 ) ;
#1580 = CARTESIAN_POINT ( 'NONE',  ( 1.980384757729328500, -4.950000000000003700, 0.8203022253684436600 ) ) ;
#1581 = CARTESIAN_POINT ( 'NONE',  ( -1.767766952966367800, -0.3000000000000016500, -1.767766952966370000 ) ) ;
#1582 = CARTESIAN_POINT ( 'NONE',  ( 1.400343491548886400, -2.700000000000002800, 1.400343491548884800 ) ) ;
#1583 = DIRECTION ( 'NONE',  ( -0.0000000000000000000, -1.000000000000000000, -3.097720492815726700E-016 ) ) ;
#1584 = FACE_OUTER_BOUND ( 'NONE', #1369, .T. ) ;
#1585 = CARTESIAN_POINT ( 'NONE',  ( -0.8203022253684444400, 0.3499999999999970400, 1.980384757729327200 ) ) ;
#1586 = CARTESIAN_POINT ( 'NONE',  ( -3.061616997868381700E-016, 0.0000000000000000000, 2.499999999999996900 ) ) ;
#1587 = CYLINDRICAL_SURFACE ( 'NONE', #5186, 2.499999999999998200 ) ;
#1588 = CARTESIAN_POINT ( 'NONE',  ( -0.8203022253684444400, -3.650000000000002600, 1.980384757729327200 ) ) ;
#1589 = CARTESIAN_POINT ( 'NONE',  ( 0.8203022253684454400, -5.550000000000003400, -1.980384757729330100 ) ) ;
#1590 = CARTESIAN_POINT ( 'NONE',  ( 2.060647728821344900, -2.666927443920373600, -0.6897153482558033800 ) ) ;
#1591 = CARTESIAN_POINT ( 'NONE',  ( -1.400343491548886400, -5.400000000000003900, -1.400343491548888400 ) ) ;
#1592 = EDGE_CURVE ( 'NONE', #4238, #2652, #2593, .T. ) ;
#1593 = VECTOR ( 'NONE', #2321, 1000.000000000000000 ) ;
#1594 = CARTESIAN_POINT ( 'NONE',  ( -2.482107910379194300E-016, -5.873205080756888700, 2.026794919243109000 ) ) ;
#1595 = CARTESIAN_POINT ( 'NONE',  ( -1.767766952966368000, -0.1000000000000020000, 1.767766952966365800 ) ) ;
#1596 = CARTESIAN_POINT ( 'NONE',  ( 0.8203022253684454400, -2.450000000000003300, -1.980384757729330100 ) ) ;
#1597 = CARTESIAN_POINT ( 'NONE',  ( 1.980384757729328500, -5.650000000000003000, -0.8203022253684464400 ) ) ;
#1598 = CARTESIAN_POINT ( 'NONE',  ( 2.499999999999998200, -0.5500000000000020400, -1.035533905932739800 ) ) ;
#1599 = EDGE_CURVE ( 'NONE', #710, #226, #2263, .T. ) ;
#1600 = LINE ( 'NONE', #2805, #2184 ) ;
#1601 = CARTESIAN_POINT ( 'NONE',  ( 0.0000000000000000000, -2.602085213965210600E-015, -1.980384757729330500 ) ) ;
#1602 = CARTESIAN_POINT ( 'NONE',  ( -1.400343491548886400, -2.200000000000003300, -1.400343491548888400 ) ) ;
#1603 = CARTESIAN_POINT ( 'NONE',  ( 0.0000000000000000000, 0.7999999999999977100, -1.980384757729330500 ) ) ;
#1604 = ORIENTED_EDGE ( 'NONE', *, *, #695, .F. ) ;
#1605 = CARTESIAN_POINT ( 'NONE',  ( 0.0000000000000000000, -3.500000000000004400, -2.500000000000000400 ) ) ;
#1606 = CARTESIAN_POINT ( 'NONE',  ( 0.2866912243336901000, -0.1999058776500037800, -2.286605736789981700 ) ) ;
#1607 = CARTESIAN_POINT ( 'NONE',  ( 1.980384757729328500, -2.650000000000003000, 0.8203022253684436600 ) ) ;
#1608 = CARTESIAN_POINT ( 'NONE',  ( -1.980384757729329000, -0.5000000000000030000, -1.979895888421108300E-015 ) ) ;
#1609 = CARTESIAN_POINT ( 'NONE',  ( 0.0000000000000000000, -5.716987298107783400, -2.183012701892213900 ) ) ;
#1610 = CARTESIAN_POINT ( 'NONE',  ( 1.400343491548886400, -4.200000000000002800, 1.400343491548884800 ) ) ;
#1611 = EDGE_LOOP ( 'NONE', ( #5157, #4728, #4921, #2067, #1308, #1943, #4678, #1681, #2042, #1435, #3657, #1656, #5282, #572, #3408, #2953, #467, #835, #1199, #2624, #266, #1136, #3436 ) ) ;
#1612 = CARTESIAN_POINT ( 'NONE',  ( 1.767766952966367800, -2.300000000000001600, 1.767766952966366400 ) ) ;
#1613 = CARTESIAN_POINT ( 'NONE',  ( -2.425271854633429100E-016, -5.900000000000003000, 1.980384757729327200 ) ) ;
#1614 = CARTESIAN_POINT ( 'NONE',  ( 0.8203022253684436600, -3.550000000000002900, 1.980384757729327600 ) ) ;
#1615 = ORIENTED_EDGE ( 'NONE', *, *, #1393, .T. ) ;
#1616 = CARTESIAN_POINT ( 'NONE',  ( 1.400343491548886800, -4.800000000000004300, -1.400343491548887900 ) ) ;
#1617 = CARTESIAN_POINT ( 'NONE',  ( -1.035533905932737100, 1.249999999999998400, -2.500000000000000400 ) ) ;
#1618 = CARTESIAN_POINT ( 'NONE',  ( -0.8203022253684441000, -0.7500000000000023300, -1.980384757729330500 ) ) ;
#1619 = CARTESIAN_POINT ( 'NONE',  ( -2.499999999999998700, -3.450000000000001500, -1.035533905932739300 ) ) ;
#1620 = DIRECTION ( 'NONE',  ( -0.0000000000000000000, -1.000000000000000000, -3.097720492815726700E-016 ) ) ;
#1621 = EDGE_LOOP ( 'NONE', ( #5046, #2647, #251, #4968 ) ) ;
#1622 = CARTESIAN_POINT ( 'NONE',  ( 0.0000000000000000000, 2.099999999999996100, -2.500000000000000400 ) ) ;
#1623 = CARTESIAN_POINT ( 'NONE',  ( -2.518140525871088400E-016, -0.4437822173508956200, 2.056217782649097700 ) ) ;
#1624 = ORIENTED_EDGE ( 'NONE', *, *, #5058, .T. ) ;
#1625 = CARTESIAN_POINT ( 'NONE',  ( 0.8203022253684436600, -4.350000000000003200, 1.980384757729327600 ) ) ;
#1626 = CARTESIAN_POINT ( 'NONE',  ( 0.8203022253684436600, -0.2500000000000028300, 1.980384757729327600 ) ) ;
#1627 = CARTESIAN_POINT ( 'NONE',  ( -1.451865029342875200, 4.592603136679533900, 0.4852960034456639800 ) ) ;
#1628 = CARTESIAN_POINT ( 'NONE',  ( -1.767766952966367800, 0.4999999999999987200, -1.767766952966370000 ) ) ;
#1629 = CARTESIAN_POINT ( 'NONE',  ( -2.499999999999998700, -1.750000000000001600, 1.035533905932735100 ) ) ;
#1630 = CARTESIAN_POINT ( 'NONE',  ( 0.0000000000000000000, -3.100000000000003200, -1.980384757729330500 ) ) ;
#1631 = EDGE_CURVE ( 'NONE', #1550, #4557, #4393, .T. ) ;
#1632 = CARTESIAN_POINT ( 'NONE',  ( -2.425271854633429100E-016, -2.800000000000002500, 1.980384757729327200 ) ) ;
#1633 =( BOUNDED_CURVE ( )  B_SPLINE_CURVE ( 2, ( #1284, #912, #1745, #2511, #1695, #4534, #2111, #49, #3053 ),
 .UNSPECIFIED., .F., .F. ) 
 B_SPLINE_CURVE_WITH_KNOTS ( ( 3, 2, 2, 2, 3 ),
 ( 0.4090909090909091200, 0.4204545454545454700, 0.4318181818181817700, 0.4431818181818182300, 0.4545454545454545900 ),
 .UNSPECIFIED. ) 
 CURVE ( )  GEOMETRIC_REPRESENTATION_ITEM ( )  RATIONAL_B_SPLINE_CURVE ( ( 0.9999999999999996700, 0.9238795325112870700, 1.000000000000000000, 0.9238795325112867400, 1.000000000000000000, 0.9238795325112867400, 1.000000000000000000, 0.9238795325112867400, 1.000000000000000000 ) ) 
 REPRESENTATION_ITEM ( '' )  );
#1634 = CARTESIAN_POINT ( 'NONE',  ( -1.980384757729329000, -5.350000000000003200, -0.8203022253684462100 ) ) ;
#1635 = CARTESIAN_POINT ( 'NONE',  ( -2.425271854633429100E-016, -5.900000000000003000, 1.980384757729327200 ) ) ;
#1636 = CARTESIAN_POINT ( 'NONE',  ( -1.400343491548886400, -1.500000000000003100, -1.400343491548888400 ) ) ;
#1637 = ADVANCED_FACE ( 'NONE', ( #2633 ), #3465, .T. ) ;
#1638 = CARTESIAN_POINT ( 'NONE',  ( -1.767766952966368000, -3.300000000000001600, 1.767766952966365800 ) ) ;
#1639 = DIRECTION ( 'NONE',  ( -0.0000000000000000000, -1.000000000000000000, -3.097720492815726700E-016 ) ) ;
#1640 = CARTESIAN_POINT ( 'NONE',  ( -0.8203022253684444400, 1.949999999999996800, 1.980384757729327200 ) ) ;
#1641 = CARTESIAN_POINT ( 'NONE',  ( 0.0000000000000000000, -3.000000000000001800, -1.548860246407863300E-015 ) ) ;
#1642 = DATE_AND_TIME ( #2164, #1258 ) ;
#1643 = CARTESIAN_POINT ( 'NONE',  ( -1.767766952966368000, -0.8000000000000047100, 1.767766952966365800 ) ) ;
#1644 = CARTESIAN_POINT ( 'NONE',  ( 0.5650002177068467200, -0.2099789856705917600, -2.223802077978908700 ) ) ;
#1645 = CARTESIAN_POINT ( 'NONE',  ( 1.980384757729328500, -4.250000000000002700, 0.8203022253684436600 ) ) ;
#1646 = CARTESIAN_POINT ( 'NONE',  ( -0.8203022253684444400, -1.150000000000003500, 1.980384757729327200 ) ) ;
#1647 = CARTESIAN_POINT ( 'NONE',  ( 1.035533905932738900, -4.350000000000005000, -2.500000000000000400 ) ) ;
#1648 = B_SPLINE_CURVE_WITH_KNOTS ( 'NONE', 3,
 ( #41, #1367, #5053, #4242, #634, #4224, #3860, #5089, #3065, #2277 ),
 .UNSPECIFIED., .F., .F.,
 ( 4, 2, 2, 2, 4 ),
 ( 2.290850949463443200E-015, 0.0003917340486935291100, 0.0007834680973847673000, 0.001175202146076005600, 0.001566936194767243900 ),
 .UNSPECIFIED. ) ;
#1649 = CARTESIAN_POINT ( 'NONE',  ( -2.425271854633429100E-016, -4.300000000000003400, 1.980384757729327200 ) ) ;
#1650 = CARTESIAN_POINT ( 'NONE',  ( 2.499999999999998700, -2.100000000000004500, -1.399389746009179600E-015 ) ) ;
#1651 = CIRCLE ( 'NONE', #1697, 2.499999999999999600 ) ;
#1652 = CARTESIAN_POINT ( 'NONE',  ( -1.400343491548886400, -3.800000000000003400, -1.400343491548888400 ) ) ;
#1653 = CARTESIAN_POINT ( 'NONE',  ( -0.8203022253684444400, -2.850000000000002300, 1.980384757729327200 ) ) ;
#1654 = CARTESIAN_POINT ( 'NONE',  ( -1.980384757729329000, -2.900000000000003500, -1.979895888421108300E-015 ) ) ;
#1655 = CONICAL_SURFACE ( 'NONE', #1659, 1.732050807568879200, 0.7853981633974500600 ) ;
#1656 = ORIENTED_EDGE ( 'NONE', *, *, #3103, .F. ) ;
#1657 = CARTESIAN_POINT ( 'NONE',  ( 0.0000000000000000000, -6.300000000000003400, -1.980384757729330500 ) ) ;
#1658 = CARTESIAN_POINT ( 'NONE',  ( 1.980384757729328500, -0.2500000000000028300, 0.8203022253684436600 ) ) ;
#1659 = AXIS2_PLACEMENT_3D ( 'NONE', #182, #1011, #2622 ) ;
#1660 = CARTESIAN_POINT ( 'NONE',  ( 0.0000000000000000000, 4.799999999999998000, -2.499999999999998700 ) ) ;
#1661 = DIRECTION ( 'NONE',  ( -0.0000000000000000000, 1.000000000000000000, -0.0000000000000000000 ) ) ;
#1662 = VECTOR ( 'NONE', #4884, 1000.000000000000100 ) ;
#1663 = CARTESIAN_POINT ( 'NONE',  ( 1.704300128813400600E-015, -2.000000000000001800, 1.416666666666672100 ) ) ;
#1664 = CARTESIAN_POINT ( 'NONE',  ( -2.499999999999998700, -2.500000000000004000, -2.011713145582856100E-015 ) ) ;
#1665 = CARTESIAN_POINT ( 'NONE',  ( -1.980384757729329000, -3.750000000000002700, 0.8203022253684421100 ) ) ;
#1666 = CARTESIAN_POINT ( 'NONE',  ( 1.400343491548886400, -1.800000000000002900, 1.400343491548884800 ) ) ;
#1667 = CIRCLE ( 'NONE', #3495, 3.000000000000000400 ) ;
#1668 = CARTESIAN_POINT ( 'NONE',  ( -3.061616997868381700E-016, 0.7999999999999986000, 2.499999999999996900 ) ) ;
#1669 = EDGE_CURVE ( 'NONE', #2890, #4469, #1852, .T. ) ;
#1670 = ADVANCED_FACE ( 'NONE', ( #3957 ), #1924, .T. ) ;
#1671 = CARTESIAN_POINT ( 'NONE',  ( 1.428658187597606500E-015, -2.000000000000001800, -1.416666666666671200 ) ) ;
#1672 = CARTESIAN_POINT ( 'NONE',  ( 1.980384757729328500, -3.250000000000003100, -0.8203022253684465500 ) ) ;
#1673 = LINE ( 'NONE', #4382, #3512 ) ;
#1674 = CARTESIAN_POINT ( 'NONE',  ( 0.0000000000000000000, -4.000000000000002700, -1.980384757729330500 ) ) ;
#1675 = CARTESIAN_POINT ( 'NONE',  ( -2.425271854633429100E-016, -2.700000000000003300, 1.980384757729327200 ) ) ;
#1676 = CARTESIAN_POINT ( 'NONE',  ( 0.8203022253684436600, -5.050000000000002500, 1.980384757729327600 ) ) ;
#1677 = CARTESIAN_POINT ( 'NONE',  ( 0.8203022253684454400, -1.650000000000003000, -1.980384757729330100 ) ) ;
#1678 = VERTEX_POINT ( 'NONE', #3908 ) ;
#1679 = CARTESIAN_POINT ( 'NONE',  ( -3.061616997868381700E-016, -1.500000000000004000, 2.499999999999996900 ) ) ;
#1680 = CARTESIAN_POINT ( 'NONE',  ( 1.767766952966368400, 1.199999999999996200, -1.767766952966369500 ) ) ;
#1681 = ORIENTED_EDGE ( 'NONE', *, *, #2091, .F. ) ;
#1682 = CARTESIAN_POINT ( 'NONE',  ( -2.499999999999998700, -2.450000000000004200, 1.035533905932735100 ) ) ;
#1683 = CARTESIAN_POINT ( 'NONE',  ( 1.400343491548886800, 1.499999999999997800, -1.400343491548887900 ) ) ;
#1684 = CARTESIAN_POINT ( 'NONE',  ( 1.980384757729328500, -1.650000000000003000, -0.8203022253684464400 ) ) ;
#1685 = DIRECTION ( 'NONE',  ( 0.0000000000000000000, 3.469446951953616700E-016, -1.000000000000000000 ) ) ;
#1686 = CARTESIAN_POINT ( 'NONE',  ( -0.8203022253684444400, -1.150000000000003500, 1.980384757729327200 ) ) ;
#1687 = ORIENTED_EDGE ( 'NONE', *, *, #1323, .F. ) ;
#1688 = DIRECTION ( 'NONE',  ( -0.0000000000000000000, 1.000000000000000000, -0.0000000000000000000 ) ) ;
#1689 = CARTESIAN_POINT ( 'NONE',  ( 1.400343491548886400, -2.600000000000003200, 1.400343491548884800 ) ) ;
#1690 = CARTESIAN_POINT ( 'NONE',  ( 1.400343491548886400, -0.3000000000000025400, 1.400343491548884800 ) ) ;
#1691 = CARTESIAN_POINT ( 'NONE',  ( -2.425271854633429100E-016, -0.3000000000000033800, 1.980384757729327200 ) ) ;
#1692 = ORIENTED_EDGE ( 'NONE', *, *, #968, .T. ) ;
#1693 = CARTESIAN_POINT ( 'NONE',  ( 0.0000000000000000000, -5.900000000000003900, -2.500000000000000400 ) ) ;
#1694 = CARTESIAN_POINT ( 'NONE',  ( -1.177571715197970800, -0.4946185951739222600, 1.630956115227942600 ) ) ;
#1695 = CARTESIAN_POINT ( 'NONE',  ( -2.499999999999998700, -1.700000000000004400, -2.011713145582856100E-015 ) ) ;
#1696 = VERTEX_POINT ( 'NONE', #3857 ) ;
#1697 = AXIS2_PLACEMENT_3D ( 'NONE', #2200, #1355, #1834 ) ;
#1698 = CARTESIAN_POINT ( 'NONE',  ( -1.767766952966368000, -2.400000000000004400, 1.767766952966365800 ) ) ;
#1699 = EDGE_CURVE ( 'NONE', #1678, #4657, #3568, .T. ) ;
#1700 = CARTESIAN_POINT ( 'NONE',  ( -1.767766952966368000, -2.400000000000004400, 1.767766952966365800 ) ) ;
#1701 = CARTESIAN_POINT ( 'NONE',  ( -0.6305243555109024700, -0.07799532138635574500, 2.344031799648551100 ) ) ;
#1702 = CARTESIAN_POINT ( 'NONE',  ( -0.8203022253684441000, -0.7500000000000023300, -1.980384757729330500 ) ) ;
#1703 = CARTESIAN_POINT ( 'NONE',  ( 0.0000000000000000000, 0.8999999999999971400, -1.980384757729330500 ) ) ;
#1704 = DIRECTION ( 'NONE',  ( -0.0000000000000000000, -1.000000000000000000, -3.097720492815726700E-016 ) ) ;
#1705 = CARTESIAN_POINT ( 'NONE',  ( 1.400343491548886800, -1.600000000000003400, -1.400343491548887900 ) ) ;
#1706 = ORIENTED_EDGE ( 'NONE', *, *, #4449, .F. ) ;
#1707 = CARTESIAN_POINT ( 'NONE',  ( -0.8203022253684441000, -1.450000000000003300, -1.980384757729330500 ) ) ;
#1708 = CARTESIAN_POINT ( 'NONE',  ( 1.980384757729328500, -1.750000000000002400, -0.8203022253684464400 ) ) ;
#1709 = CARTESIAN_POINT ( 'NONE',  ( 1.400343491548886800, -3.200000000000003300, -1.400343491548887900 ) ) ;
#1710 = CARTESIAN_POINT ( 'NONE',  ( 0.8203022253684454400, 2.349999999999997900, -1.980384757729330100 ) ) ;
#1711 = CARTESIAN_POINT ( 'NONE',  ( -1.400343491548886600, -4.500000000000003600, 1.400343491548884400 ) ) ;
#1712 = COORDINATED_UNIVERSAL_TIME_OFFSET ( 6, 0, .BEHIND. ) ;
#1713 = CARTESIAN_POINT ( 'NONE',  ( 1.035533905932742900, -1.150000000000005000, -2.499999999999996400 ) ) ;
#1714 = CARTESIAN_POINT ( 'NONE',  ( -1.767766952966367800, -5.100000000000002300, -1.767766952966370000 ) ) ;
#1715 = CARTESIAN_POINT ( 'NONE',  ( -3.999999999999996400, 0.0000000000000000000, 5.999999999999999100 ) ) ;
#1716 = CARTESIAN_POINT ( 'NONE',  ( 2.499999999999998200, -2.950000000000004200, 1.035533905932736600 ) ) ;
#1717 = CARTESIAN_POINT ( 'NONE',  ( 1.400343491548886400, -1.100000000000003000, 1.400343491548884800 ) ) ;
#1718 = CARTESIAN_POINT ( 'NONE',  ( 1.980384757729329000, 2.299999999999996300, -1.494841517494422500E-015 ) ) ;
#1719 = CARTESIAN_POINT ( 'NONE',  ( 0.0000000000000000000, 1.999999999999998200, 0.0000000000000000000 ) ) ;
#1720 = CARTESIAN_POINT ( 'NONE',  ( -2.425271854633429100E-016, -1.900000000000003200, 1.980384757729327200 ) ) ;
#1721 = VERTEX_POINT ( 'NONE', #1027 ) ;
#1722 = LINE ( 'NONE', #3451, #96 ) ;
#1723 = CARTESIAN_POINT ( 'NONE',  ( 0.8203022253699361300, 1.649999999999868700, -1.980384757727839700 ) ) ;
#1724 = CARTESIAN_POINT ( 'NONE',  ( -2.425271854633429100E-016, -1.200000000000002200, 1.980384757729327200 ) ) ;
#1725 = CARTESIAN_POINT ( 'NONE',  ( -1.400343491548886600, -2.800000000000003400, 1.400343491548884400 ) ) ;
#1726 = VECTOR ( 'NONE', #449, 1000.000000000000000 ) ;
#1727 = CARTESIAN_POINT ( 'NONE',  ( -1.035533905932737300, -6.350000000000005000, 2.499999999999996900 ) ) ;
#1728 = CARTESIAN_POINT ( 'NONE',  ( -1.400343491548886400, -5.500000000000003600, -1.400343491548888400 ) ) ;
#1729 = CARTESIAN_POINT ( 'NONE',  ( 0.8203022253684455500, -0.7500000000000031100, -1.980384757729330100 ) ) ;
#1730 = CARTESIAN_POINT ( 'NONE',  ( -3.999999999999996400, -2.000000000000001800, 5.999999999999999100 ) ) ;
#1731 = VECTOR ( 'NONE', #4869, 1000.000000000000000 ) ;
#1732 = DIRECTION ( 'NONE',  ( -0.0000000000000000000, -0.0000000000000000000, 1.000000000000000000 ) ) ;
#1733 = CARTESIAN_POINT ( 'NONE',  ( 1.035533905932736600, 0.1499999999999956100, 2.499999999999997300 ) ) ;
#1734 = CARTESIAN_POINT ( 'NONE',  ( -3.061616997868381700E-016, 1.599999999999998100, 2.499999999999996900 ) ) ;
#1735 = CARTESIAN_POINT ( 'NONE',  ( -1.980384757729329000, 0.9499999999999977400, -0.8203022253684462100 ) ) ;
#1736 = CARTESIAN_POINT ( 'NONE',  ( 1.400343491548886400, -5.900000000000002100, 1.400343491548884800 ) ) ;
#1737 = CARTESIAN_POINT ( 'NONE',  ( -0.8203022253684441000, -1.450000000000003300, -1.980384757729330500 ) ) ;
#1738 = EDGE_CURVE ( 'NONE', #5104, #181, #4523, .T. ) ;
#1739 = ORIENTED_EDGE ( 'NONE', *, *, #3882, .T. ) ;
#1740 = CARTESIAN_POINT ( 'NONE',  ( 0.0000000000000000000, -1.600000000000002500, -1.980384757729330500 ) ) ;
#1741 = ORIENTED_EDGE ( 'NONE', *, *, #3002, .T. ) ;
#1742 = CARTESIAN_POINT ( 'NONE',  ( -0.8203022253684441000, 0.9499999999999969600, -1.980384757729330500 ) ) ;
#1743 = CARTESIAN_POINT ( 'NONE',  ( 1.400343491548886400, 2.099999999999997900, 1.400343491548884800 ) ) ;
#1744 = CARTESIAN_POINT ( 'NONE',  ( 1.248213403577951500, -5.420626383834145300, 2.148281473689840600 ) ) ;
#1745 = CARTESIAN_POINT ( 'NONE',  ( -1.767766952966368000, -1.600000000000004100, 1.767766952966365800 ) ) ;
#1746 = VERTEX_POINT ( 'NONE', #213 ) ;
#1747 = CARTESIAN_POINT ( 'NONE',  ( -1.767766952966367800, -5.900000000000001200, -1.767766952966370000 ) ) ;
#1748 = CARTESIAN_POINT ( 'NONE',  ( -1.731751514905138800, -5.529244641528016800, 1.626087173061776300 ) ) ;
#1749 = VERTEX_POINT ( 'NONE', #580 ) ;
#1750 = CARTESIAN_POINT ( 'NONE',  ( 0.8203022253684436600, -0.3500000000000022000, 1.980384757729327600 ) ) ;
#1751 = CARTESIAN_POINT ( 'NONE',  ( 0.08884991197991619300, 1.852319317007759900, 2.253122112883035200 ) ) ;
#1752 = CARTESIAN_POINT ( 'NONE',  ( 1.980384757729329000, -2.500000000000003600, -1.494841517494422500E-015 ) ) ;
#1753 = ORIENTED_EDGE ( 'NONE', *, *, #4292, .T. ) ;
#1754 = CARTESIAN_POINT ( 'NONE',  ( -1.980384757729329000, -0.5000000000000030000, -1.979895888421108300E-015 ) ) ;
#1755 = ORIENTED_EDGE ( 'NONE', *, *, #598, .F. ) ;
#1756 = CARTESIAN_POINT ( 'NONE',  ( -0.8203022253684444400, -2.050000000000002000, 1.980384757729327200 ) ) ;
#1757 = AXIS2_PLACEMENT_3D ( 'NONE', #2061, #3646, #1206 ) ;
#1758 = CARTESIAN_POINT ( 'NONE',  ( -1.400343491548886400, 0.9999999999999965600, -1.400343491548888400 ) ) ;
#1759 = CARTESIAN_POINT ( 'NONE',  ( -0.8203022253684444400, 1.149999999999997500, 1.980384757729327200 ) ) ;
#1760 = CARTESIAN_POINT ( 'NONE',  ( -1.980384757729329000, -4.550000000000003400, -0.8203022253684462100 ) ) ;
#1761 =( BOUNDED_CURVE ( )  B_SPLINE_CURVE ( 2, ( #540, #5014, #3795, #3834, #1404, #602, #3389, #2177, #1810 ),
 .UNSPECIFIED., .F., .F. ) 
 B_SPLINE_CURVE_WITH_KNOTS ( ( 3, 2, 2, 2, 3 ),
 ( 0.1363636363636364400, 0.1477272727272727900, 0.1590909090909091200, 0.1704545454545454700, 0.1818181818181818000 ),
 .UNSPECIFIED. ) 
 CURVE ( )  GEOMETRIC_REPRESENTATION_ITEM ( )  RATIONAL_B_SPLINE_CURVE ( ( 0.9999999999999994400, 0.9238795325112872900, 1.000000000000000000, 0.9238795325112867400, 1.000000000000000000, 0.9238795325112867400, 1.000000000000000000, 0.9238795325112865200, 1.000000000000000200 ) ) 
 REPRESENTATION_ITEM ( '' )  );
#1762 = CARTESIAN_POINT ( 'NONE',  ( 1.989922912542567000, -2.503608194009086900, 0.2763374637182540700 ) ) ;
#1763 = CARTESIAN_POINT ( 'NONE',  ( -2.499999999999998700, -5.850000000000002300, -1.035533905932739300 ) ) ;
#1764 = CARTESIAN_POINT ( 'NONE',  ( -1.767766952966368000, -0.8000000000000047100, 1.767766952966365800 ) ) ;
#1765 = EDGE_CURVE ( 'NONE', #2450, #3027, #2999, .T. ) ;
#1766 = CARTESIAN_POINT ( 'NONE',  ( -1.767766952966367800, 1.399999999999995000, -1.767766952966370000 ) ) ;
#1767 = CARTESIAN_POINT ( 'NONE',  ( 0.0000000000000000000, -5.716987298107783400, -2.183012701892213900 ) ) ;
#1768 = CARTESIAN_POINT ( 'NONE',  ( -3.061616997868381700E-016, -4.700000000000004600, 2.499999999999996900 ) ) ;
#1769 = CARTESIAN_POINT ( 'NONE',  ( -1.350787210142288600, 1.807708927400844400, 1.750475844799181700 ) ) ;
#1770 = CARTESIAN_POINT ( 'NONE',  ( 1.980384757729329000, 2.299999999999996300, -1.494841517494422500E-015 ) ) ;
#1771 = CARTESIAN_POINT ( 'NONE',  ( 1.400343491548886800, 1.599999999999997200, -1.400343491548887900 ) ) ;
#1772 = EDGE_CURVE ( 'NONE', #3027, #4238, #2975, .T. ) ;
#1773 = DIRECTION ( 'NONE',  ( -0.0000000000000000000, -1.000000000000000000, -3.097720492815726700E-016 ) ) ;
#1774 = CARTESIAN_POINT ( 'NONE',  ( 0.5911148965553132400, 4.674208920195361800, -1.499999999999999600 ) ) ;
#1775 = CARTESIAN_POINT ( 'NONE',  ( -2.425271854633429100E-016, 0.4999999999999970000, 1.980384757729327200 ) ) ;
#1776 = APPROVAL_DATE_TIME ( #3428, #1498 ) ;
#1777 = CARTESIAN_POINT ( 'NONE',  ( -3.061616997868381700E-016, -2.300000000000004300, 2.499999999999996900 ) ) ;
#1778 = CARTESIAN_POINT ( 'NONE',  ( 1.400343491548886400, -5.100000000000003200, 1.400343491548884800 ) ) ;
#1779 = CARTESIAN_POINT ( 'NONE',  ( -1.980384757729329000, -6.050000000000003400, 0.8203022253684421100 ) ) ;
#1780 = DIRECTION ( 'NONE',  ( -0.0000000000000000000, 1.000000000000000000, -0.0000000000000000000 ) ) ;
#1781 = VECTOR ( 'NONE', #4068, 1000.000000000000000 ) ;
#1782 = ORIENTED_EDGE ( 'NONE', *, *, #418, .T. ) ;
#1783 = CARTESIAN_POINT ( 'NONE',  ( 1.767766952966367800, -5.500000000000001800, 1.767766952966366400 ) ) ;
#1784 = CARTESIAN_POINT ( 'NONE',  ( 2.499999999999998200, 1.849999999999995900, 1.035533905932736600 ) ) ;
#1785 = CARTESIAN_POINT ( 'NONE',  ( -2.499999999999998700, -4.850000000000004100, 1.035533905932735100 ) ) ;
#1786 = CARTESIAN_POINT ( 'NONE',  ( -2.499999999999998700, -6.550000000000004300, -1.035533905932739300 ) ) ;
#1787 = ORIENTED_EDGE ( 'NONE', *, *, #2256, .F. ) ;
#1788 = FACE_OUTER_BOUND ( 'NONE', #1303, .T. ) ;
#1789 = CARTESIAN_POINT ( 'NONE',  ( -1.400343491548886400, 0.1999999999999970700, -1.400343491548888400 ) ) ;
#1790 = ADVANCED_FACE ( 'NONE', ( #4515, #4071 ), #1809, .T. ) ;
#1791 = CARTESIAN_POINT ( 'NONE',  ( 1.980384757729329000, 0.6999999999999966200, -1.494841517494422500E-015 ) ) ;
#1792 = LINE ( 'NONE', #1715, #296 ) ;
#1793 = CARTESIAN_POINT ( 'NONE',  ( -3.061616997868381700E-016, -1.734723475976807100E-015, 2.499999999999996900 ) ) ;
#1794 = CARTESIAN_POINT ( 'NONE',  ( -0.8203022253684444400, 1.249999999999996900, 1.980384757729327200 ) ) ;
#1795 = CARTESIAN_POINT ( 'NONE',  ( -1.767766952966368000, -4.800000000000005200, 1.767766952966365800 ) ) ;
#1796 = ORIENTED_EDGE ( 'NONE', *, *, #4656, .F. ) ;
#1797 = CARTESIAN_POINT ( 'NONE',  ( 0.0000000000000000000, -1.600000000000002500, -1.980384757729330500 ) ) ;
#1798 = CARTESIAN_POINT ( 'NONE',  ( 1.980384757729328500, -2.450000000000003300, -0.8203022253684464400 ) ) ;
#1799 = CARTESIAN_POINT ( 'NONE',  ( 1.035533905932738900, -2.050000000000001600, -2.500000000000000400 ) ) ;
#1800 = CARTESIAN_POINT ( 'NONE',  ( -2.499999999999998700, -5.000000000000001800, -2.011713145582856100E-015 ) ) ;
#1801 = ORIENTED_EDGE ( 'NONE', *, *, #553, .T. ) ;
#1802 = CARTESIAN_POINT ( 'NONE',  ( 2.499999999999998700, 1.949999999999995700, -1.035533905932746000 ) ) ;
#1803 = CARTESIAN_POINT ( 'NONE',  ( -1.165380016483795500, -5.672340826604325600, -1.904500484759400000 ) ) ;
#1804 = CARTESIAN_POINT ( 'NONE',  ( -2.499999999999998700, -4.950000000000004600, -1.035533905932739300 ) ) ;
#1805 = DIRECTION ( 'NONE',  ( 0.0000000000000000000, 0.0000000000000000000, 1.000000000000000000 ) ) ;
#1806 = CARTESIAN_POINT ( 'NONE',  ( 0.8203022253684454400, 0.8499999999999966500, -1.980384757729330100 ) ) ;
#1807 = EDGE_CURVE ( 'NONE', #4475, #1092, #508, .T. ) ;
#1808 = EDGE_LOOP ( 'NONE', ( #1687, #4886, #3262, #11 ) ) ;
#1809 = PLANE ( 'NONE',  #3874 ) ;
#1810 = CARTESIAN_POINT ( 'NONE',  ( 0.0000000000000000000, 0.4999999999999961100, -2.500000000000000400 ) ) ;
#1811 = CARTESIAN_POINT ( 'NONE',  ( 0.0000000000000000000, 0.3999999999999984700, -2.500000000000000400 ) ) ;
#1812 = CARTESIAN_POINT ( 'NONE',  ( 0.8203022253684436600, -0.2500000000000028300, 1.980384757729327600 ) ) ;
#1813 = VERTEX_POINT ( 'NONE', #2226 ) ;
#1814 = CARTESIAN_POINT ( 'NONE',  ( 1.767766952966367800, -3.800000000000004300, 1.767766952966366400 ) ) ;
#1815 = CARTESIAN_POINT ( 'NONE',  ( -1.400343491548886400, -3.900000000000003000, -1.400343491548888400 ) ) ;
#1816 = CARTESIAN_POINT ( 'NONE',  ( 1.980384757729329000, -3.300000000000003400, -1.494841517494422500E-015 ) ) ;
#1817 = CARTESIAN_POINT ( 'NONE',  ( 1.110585602842930600, -2.573814310221060900, 1.757552990041574900 ) ) ;
#1818 = ORIENTED_EDGE ( 'NONE', *, *, #560, .T. ) ;
#1819 = CARTESIAN_POINT ( 'NONE',  ( -1.035533905932737100, -1.950000000000002200, -2.500000000000000400 ) ) ;
#1820 = DIRECTION ( 'NONE',  ( -0.0000000000000000000, 1.000000000000000000, -0.0000000000000000000 ) ) ;
#1821 = CARTESIAN_POINT ( 'NONE',  ( -3.061616997868381700E-016, -4.000000000000001800, 2.499999999999996900 ) ) ;
#1822 = DIRECTION ( 'NONE',  ( 0.0000000000000000000, 0.0000000000000000000, -1.000000000000000000 ) ) ;
#1823 = CARTESIAN_POINT ( 'NONE',  ( 0.8203022253684454400, 2.349999999999997900, -1.980384757729330100 ) ) ;
#1824 = CARTESIAN_POINT ( 'NONE',  ( -1.400343491548886400, -0.7000000000000027300, -1.400343491548888400 ) ) ;
#1825 = CARTESIAN_POINT ( 'NONE',  ( 1.980384757729329000, 1.499999999999996900, -1.494841517494422500E-015 ) ) ;
#1826 = ORIENTED_EDGE ( 'NONE', *, *, #4387, .F. ) ;
#1827 = CARTESIAN_POINT ( 'NONE',  ( 1.980384757729328500, 2.249999999999996900, 0.8203022253684436600 ) ) ;
#1828 = CARTESIAN_POINT ( 'NONE',  ( 0.0000000000000000000, -5.399999999999997700, -2.292313164683636200E-015 ) ) ;
#1829 = CARTESIAN_POINT ( 'NONE',  ( 1.980384757729329000, 2.199999999999997100, -1.494841517494422500E-015 ) ) ;
#1830 = CARTESIAN_POINT ( 'NONE',  ( 0.0000000000000000000, -3.500000000000004400, -2.500000000000000400 ) ) ;
#1831 = CARTESIAN_POINT ( 'NONE',  ( 2.499999999999998200, -3.650000000000004400, -1.035533905932739800 ) ) ;
#1832 = CARTESIAN_POINT ( 'NONE',  ( 1.980384757729328500, -1.750000000000002400, -0.8203022253684465500 ) ) ;
#1833 = CARTESIAN_POINT ( 'NONE',  ( -0.8203022253684444400, -1.150000000000003500, 1.980384757729327200 ) ) ;
#1834 = DIRECTION ( 'NONE',  ( 0.0000000000000000000, 3.469446951953614700E-016, -1.000000000000000000 ) ) ;
#1835 = CARTESIAN_POINT ( 'NONE',  ( -2.499999999999998700, -2.650000000000001700, -1.035533905932739300 ) ) ;
#1836 = EDGE_CURVE ( 'NONE', #579, #647, #2749, .T. ) ;
#1837 = CARTESIAN_POINT ( 'NONE',  ( 1.035533905932736900, -2.250000000000004400, 2.499999999999997300 ) ) ;
#1838 = DIRECTION ( 'NONE',  ( 0.0000000000000000000, 0.0000000000000000000, 1.000000000000000000 ) ) ;
#1839 = CYLINDRICAL_SURFACE ( 'NONE', #2790, 6.083333333333327700 ) ;
#1840 = CARTESIAN_POINT ( 'NONE',  ( -2.499999999999998700, -4.050000000000005200, 1.035533905932735100 ) ) ;
#1841 = CARTESIAN_POINT ( 'NONE',  ( -1.980384757729329000, -1.400000000000002800, -1.979895888421108300E-015 ) ) ;
#1842 = CARTESIAN_POINT ( 'NONE',  ( -1.400343491548886600, 1.999999999999996700, 1.400343491548884400 ) ) ;
#1843 = CARTESIAN_POINT ( 'NONE',  ( -1.980384757729329000, -5.450000000000003700, -0.8203022253684462100 ) ) ;
#1844 = FACE_OUTER_BOUND ( 'NONE', #3603, .T. ) ;
#1845 = DIRECTION ( 'NONE',  ( -1.776356839400250500E-015, 3.469446951953616700E-016, -1.000000000000000000 ) ) ;
#1846 = CARTESIAN_POINT ( 'NONE',  ( 0.0000000000000000000, 1.999999999999998200, 0.0000000000000000000 ) ) ;
#1847 = FACE_OUTER_BOUND ( 'NONE', #1162, .T. ) ;
#1848 = CARTESIAN_POINT ( 'NONE',  ( 0.0000000000000000000, -3.500000000000004400, -2.500000000000000400 ) ) ;
#1849 = CARTESIAN_POINT ( 'NONE',  ( -1.400343491548886400, -3.100000000000002800, -1.400343491548888400 ) ) ;
#1850 = CARTESIAN_POINT ( 'NONE',  ( 1.980384757729329000, -2.500000000000003600, -1.494841517494422500E-015 ) ) ;
#1851 = CARTESIAN_POINT ( 'NONE',  ( -2.499999999999998700, -1.800000000000001200, -2.011713145582856100E-015 ) ) ;
#1852 = CIRCLE ( 'NONE', #3593, 2.499999999999998200 ) ;
#1853 = CARTESIAN_POINT ( 'NONE',  ( -1.767766952966368000, -5.700000000000002000, 1.767766952966365800 ) ) ;
#1854 = CARTESIAN_POINT ( 'NONE',  ( 1.767766952966367800, -3.900000000000001700, 1.767766952966366400 ) ) ;
#1855 = CARTESIAN_POINT ( 'NONE',  ( -1.389369692500147500, -2.675227303048600900, 1.699213836354923200 ) ) ;
#1856 = CARTESIAN_POINT ( 'NONE',  ( 1.400343491548886400, -1.900000000000002400, 1.400343491548884800 ) ) ;
#1857 = CARTESIAN_POINT ( 'NONE',  ( -1.980384757729329000, -5.450000000000003700, -0.8203022253684462100 ) ) ;
#1858 = CARTESIAN_POINT ( 'NONE',  ( 0.8203022253684454400, -3.250000000000003100, -1.980384757729330100 ) ) ;
#1859 = CARTESIAN_POINT ( 'NONE',  ( 1.035533905932736900, -3.150000000000001700, 2.499999999999997300 ) ) ;
#1860 = AXIS2_PLACEMENT_3D ( 'NONE', #30, #1341, #1305 ) ;
#1861 = DIRECTION ( 'NONE',  ( -2.891205793294678300E-016, 0.0000000000000000000, -1.000000000000000000 ) ) ;
#1862 = ORIENTED_EDGE ( 'NONE', *, *, #4082, .T. ) ;
#1863 = CARTESIAN_POINT ( 'NONE',  ( -2.518140525871088400E-016, -0.4437822173508956200, 2.056217782649097700 ) ) ;
#1864 =( BOUNDED_CURVE ( )  B_SPLINE_CURVE ( 2, ( #1342, #1802, #4216, #152, #2204, #897, #4162 ),
 .UNSPECIFIED., .F., .F. ) 
 B_SPLINE_CURVE_WITH_KNOTS ( ( 3, 2, 2, 3 ),
 ( 0.01136363636363629500, 0.02272727272727265200, 0.03409090909090901200, 0.04545454545454537300 ),
 .UNSPECIFIED. ) 
 CURVE ( )  GEOMETRIC_REPRESENTATION_ITEM ( )  RATIONAL_B_SPLINE_CURVE ( ( 1.000000000000000200, 0.9238795325112861800, 1.000000000000000000, 0.9238795325112867400, 1.000000000000000000, 0.9238795325112870700, 0.9999999999999996700 ) ) 
 REPRESENTATION_ITEM ( '' )  );
#1865 = CARTESIAN_POINT ( 'NONE',  ( 1.035533905932736600, 0.1499999999999956100, 2.499999999999997300 ) ) ;
#1866 = CARTESIAN_POINT ( 'NONE',  ( -1.400343491548886400, 1.699999999999996600, -1.400343491548888400 ) ) ;
#1867 = CARTESIAN_POINT ( 'NONE',  ( -1.980384757729329000, -0.5500000000000036000, -0.8203022253684462100 ) ) ;
#1868 = EDGE_CURVE ( 'NONE', #579, #3151, #5234, .T. ) ;
#1869 = EDGE_LOOP ( 'NONE', ( #2537, #1624, #4226, #3940 ) ) ;
#1870 = CARTESIAN_POINT ( 'NONE',  ( 1.035533905932736600, -2.350000000000001900, 2.499999999999997300 ) ) ;
#1871 = CARTESIAN_POINT ( 'NONE',  ( -2.499999999999998700, -1.800000000000001200, -2.011713145582856100E-015 ) ) ;
#1872 = CARTESIAN_POINT ( 'NONE',  ( 0.0000000000000000000, 1.999999999999998200, 0.0000000000000000000 ) ) ;
#1873 = DIRECTION ( 'NONE',  ( -0.0000000000000000000, -1.000000000000000000, -3.097720492815726700E-016 ) ) ;
#1874 = ORIENTED_EDGE ( 'NONE', *, *, #1631, .T. ) ;
#1875 = CARTESIAN_POINT ( 'NONE',  ( 1.428658187597606500E-015, -2.000000000000001800, -1.416666666666671200 ) ) ;
#1876 = CARTESIAN_POINT ( 'NONE',  ( -1.732050807568877400, 1.999999999999998200, 3.035766082959412400E-015 ) ) ;
#1877 = AXIS2_PLACEMENT_3D ( 'NONE', #322, #3197, #5221 ) ;
#1878 = CARTESIAN_POINT ( 'NONE',  ( -0.8203022253684444400, -4.450000000000002800, 1.980384757729327200 ) ) ;
#1879 = ORIENTED_EDGE ( 'NONE', *, *, #523, .F. ) ;
#1880 = DIRECTION ( 'NONE',  ( 0.0000000000000000000, 1.000000000000000000, 0.0000000000000000000 ) ) ;
#1881 = DIRECTION ( 'NONE',  ( -0.0000000000000000000, -1.000000000000000000, -3.097720492815726700E-016 ) ) ;
#1882 = CARTESIAN_POINT ( 'NONE',  ( 1.767766952966367800, -1.500000000000001300, 1.767766952966366400 ) ) ;
#1883 = CARTESIAN_POINT ( 'NONE',  ( 0.0000000000000000000, 0.0000000000000000000, -6.195440985631448400E-016 ) ) ;
#1884 = ORIENTED_EDGE ( 'NONE', *, *, #4784, .F. ) ;
#1885 = CARTESIAN_POINT ( 'NONE',  ( -2.499999999999998700, -0.05000000000000403400, 1.035533905932735100 ) ) ;
#1886 = EDGE_LOOP ( 'NONE', ( #3967, #1446, #4794, #2296 ) ) ;
#1887 = CARTESIAN_POINT ( 'NONE',  ( -1.980384757729329000, -0.5500000000000027100, 0.8203022253684421100 ) ) ;
#1888 = CARTESIAN_POINT ( 'NONE',  ( -1.980384757729329000, 1.149999999999996400, 0.8203022253684421100 ) ) ;
#1889 = CARTESIAN_POINT ( 'NONE',  ( 1.767766952966367800, 0.09999999999999853500, 1.767766952966366400 ) ) ;
#1890 = CARTESIAN_POINT ( 'NONE',  ( -1.767766952966367800, -2.700000000000002000, -1.767766952966370000 ) ) ;
#1891 = EDGE_LOOP ( 'NONE', ( #3093, #2772, #963, #4608 ) ) ;
#1892 = CARTESIAN_POINT ( 'NONE',  ( 1.980384757729328500, -5.750000000000002700, -0.8203022253684464400 ) ) ;
#1893 = CARTESIAN_POINT ( 'NONE',  ( -2.250601050902379700, -2.739623094615992300, 0.1954498379215402200 ) ) ;
#1894 = CARTESIAN_POINT ( 'NONE',  ( -0.8203022253684441000, -1.550000000000002700, -1.980384757729330500 ) ) ;
#1895 = CARTESIAN_POINT ( 'NONE',  ( 1.980384757729328500, -3.450000000000003300, 0.8203022253684436600 ) ) ;
#1896 = CARTESIAN_POINT ( 'NONE',  ( -1.035533905932734400, 1.649999999999995700, 2.499999999999999600 ) ) ;
#1897 = CARTESIAN_POINT ( 'NONE',  ( -2.499999999999998700, -2.550000000000001600, 1.035533905932735100 ) ) ;
#1898 = AXIS2_PLACEMENT_3D ( 'NONE', #3162, #1122, #3110 ) ;
#1899 = CARTESIAN_POINT ( 'NONE',  ( 0.0000000000000000000, -1.900000000000004100, -2.500000000000000400 ) ) ;
#1900 = VERTEX_POINT ( 'NONE', #1917 ) ;
#1901 = CARTESIAN_POINT ( 'NONE',  ( -2.499999999999998700, -0.9500000000000047300, -1.035533905932739300 ) ) ;
#1902 = CARTESIAN_POINT ( 'NONE',  ( -3.061616997868381700E-016, -3.900000000000004800, 2.499999999999996900 ) ) ;
#1903 = CARTESIAN_POINT ( 'NONE',  ( 0.8203022253684454400, 0.8499999999999966500, -1.980384757729330100 ) ) ;
#1904 = APPROVAL_PERSON_ORGANIZATION ( #4633, #1498, #1982 ) ;
#1905 = CARTESIAN_POINT ( 'NONE',  ( 1.767766952966368400, 0.2999999999999981600, -1.767766952966369500 ) ) ;
#1906 = CARTESIAN_POINT ( 'NONE',  ( 0.0000000000000000000, -2.800000000000001600, -2.500000000000000400 ) ) ;
#1907 = CARTESIAN_POINT ( 'NONE',  ( -1.767766952966368000, -3.300000000000001600, 1.767766952966365800 ) ) ;
#1908 = EDGE_CURVE ( 'NONE', #4911, #4239, #5109, .T. ) ;
#1909 = DIRECTION ( 'NONE',  ( 1.000000000000000000, 0.0000000000000000000, 0.0000000000000000000 ) ) ;
#1910 = CARTESIAN_POINT ( 'NONE',  ( 2.499999999999998200, -2.250000000000001800, 1.035533905932736600 ) ) ;
#1911 = ORIENTED_EDGE ( 'NONE', *, *, #2764, .F. ) ;
#1912 = CARTESIAN_POINT ( 'NONE',  ( -0.5802156392537118900, -2.853434793195909000, -2.285564966124834300 ) ) ;
#1913 = VECTOR ( 'NONE', #3910, 1000.000000000000000 ) ;
#1914 = DIRECTION ( 'NONE',  ( -0.0000000000000000000, -1.000000000000000000, -3.097720492815726700E-016 ) ) ;
#1915 = ORIENTED_EDGE ( 'NONE', *, *, #1181, .F. ) ;
#1916 = CARTESIAN_POINT ( 'NONE',  ( 1.980384757729328500, -2.550000000000002900, -0.8203022253684464400 ) ) ;
#1917 = CARTESIAN_POINT ( 'NONE',  ( -3.061616997868381700E-016, 1.699999999999996600, 2.499999999999996900 ) ) ;
#1918 = ORIENTED_EDGE ( 'NONE', *, *, #2733, .T. ) ;
#1919 = CARTESIAN_POINT ( 'NONE',  ( 1.732050807568879400, 4.799999999999998900, -5.421010862427522200E-016 ) ) ;
#1920 = CARTESIAN_POINT ( 'NONE',  ( -1.980384757729329000, -6.100000000000004100, -1.979895888421108300E-015 ) ) ;
#1921 = B_SPLINE_CURVE_WITH_KNOTS ( 'NONE', 3,
 ( #2545, #2530, #2892, #487, #3706, #2237, #5006, #1748, #4590, #5026, #100, #3440, #519, #4607, #153, #1360, #4217, #4234, #2221, #5063, #3036, #944, #2580, #4658, #3016, #1803, #1395, #3849, #4641, #1767 ),
 .UNSPECIFIED., .F., .F.,
 ( 4, 2, 2, 2, 2, 2, 2, 2, 2, 2, 2, 2, 2, 2, 4 ),
 ( 0.001930918962897098600, 0.002382677105961451600, 0.002834435249025804100, 0.003737951535154509900, 0.004189709678218862800, 0.004641467821283215700, 0.005093225964347568600, 0.005544984107411922400, 0.005996742250476276200, 0.006448500393540630000, 0.006900258536604983800, 0.007352016679669337600, 0.007803774822733691400, 0.008255532965798046900, 0.009159049251926756200 ),
 .UNSPECIFIED. ) ;
#1922 = CARTESIAN_POINT ( 'NONE',  ( -3.061616997868381700E-016, -4.800000000000002500, 2.499999999999996900 ) ) ;
#1923 = CARTESIAN_POINT ( 'NONE',  ( -3.061616997868381700E-016, -0.7000000000000044000, 2.499999999999996900 ) ) ;
#1924 = SPHERICAL_SURFACE ( 'NONE', #1132, 5.235456045083371800 ) ;
#1925 = CARTESIAN_POINT ( 'NONE',  ( 1.980384757729328500, 0.6499999999999978000, -0.8203022253684465500 ) ) ;
#1926 = CARTESIAN_POINT ( 'NONE',  ( 0.8203022253684454400, 1.649999999999997000, -1.980384757729330100 ) ) ;
#1927 = CARTESIAN_POINT ( 'NONE',  ( -3.061616997868381700E-016, 2.399999999999999500, 2.499999999999996900 ) ) ;
#1928 = CARTESIAN_POINT ( 'NONE',  ( -2.499999999999998700, -3.450000000000001500, -1.035533905932739300 ) ) ;
#1929 = ORIENTED_EDGE ( 'NONE', *, *, #1036, .T. ) ;
#1930 = CARTESIAN_POINT ( 'NONE',  ( 1.980384757729328500, -2.650000000000003000, 0.8203022253684436600 ) ) ;
#1931 = CARTESIAN_POINT ( 'NONE',  ( -3.061616997868381700E-016, -4.800000000000002500, 2.499999999999996900 ) ) ;
#1932 = CARTESIAN_POINT ( 'NONE',  ( -1.980384757729329000, -2.200000000000002400, -1.979895888421108300E-015 ) ) ;
#1933 = ORIENTED_EDGE ( 'NONE', *, *, #2326, .T. ) ;
#1934 = CARTESIAN_POINT ( 'NONE',  ( -1.931079587632372100, -0.007293134670887847600, 1.594140268336584800 ) ) ;
#1935 = CARTESIAN_POINT ( 'NONE',  ( -1.980384757729329000, -6.200000000000002800, -1.979895888421108300E-015 ) ) ;
#1936 = CARTESIAN_POINT ( 'NONE',  ( 0.0000000000000000000, -5.500000000000003600, -1.980384757729330500 ) ) ;
#1937 = CARTESIAN_POINT ( 'NONE',  ( 0.0000000000000000000, 0.4999999999999961100, -2.500000000000000400 ) ) ;
#1938 = EDGE_LOOP ( 'NONE', ( #1026, #317, #717, #3578, #1741 ) ) ;
#1939 = ADVANCED_FACE ( 'NONE', ( #4643 ), #40, .T. ) ;
#1940 = CARTESIAN_POINT ( 'NONE',  ( -1.400343491548886600, 1.099999999999997600, 1.400343491548884400 ) ) ;
#1941 = CARTESIAN_POINT ( 'NONE',  ( -1.980384757729329000, 0.2499999999999967500, -0.8203022253684462100 ) ) ;
#1942 = EDGE_CURVE ( 'NONE', #1900, #4155, #3138, .T. ) ;
#1943 = ORIENTED_EDGE ( 'NONE', *, *, #3571, .F. ) ;
#1944 = CARTESIAN_POINT ( 'NONE',  ( -2.499999999999998700, -0.2000000000000014000, -2.011713145582856100E-015 ) ) ;
#1945 = CARTESIAN_POINT ( 'NONE',  ( 2.499999999999998200, -2.250000000000001300, 1.035533905932736600 ) ) ;
#1946 = CARTESIAN_POINT ( 'NONE',  ( 0.8203022253684454400, -4.050000000000003400, -1.980384757729330100 ) ) ;
#1947 = CARTESIAN_POINT ( 'NONE',  ( 2.499999999999998200, 0.3499999999999962000, -1.035533905932739800 ) ) ;
#1948 = CARTESIAN_POINT ( 'NONE',  ( 0.0000000000000000000, 1.999999999999998200, 0.0000000000000000000 ) ) ;
#1949 = ORIENTED_EDGE ( 'NONE', *, *, #3919, .F. ) ;
#1950 = AXIS2_PLACEMENT_3D ( 'NONE', #3500, #2244, #4283 ) ;
#1951 = CARTESIAN_POINT ( 'NONE',  ( -1.980384757729329000, -1.350000000000002300, 0.8203022253684421100 ) ) ;
#1952 = CARTESIAN_POINT ( 'NONE',  ( -2.436222714333452300, -0.06559885268134188500, -0.07097340421462276800 ) ) ;
#1953 = CARTESIAN_POINT ( 'NONE',  ( -1.980384757729329000, -6.150000000000003000, 0.8203022253684421100 ) ) ;
#1954 = VERTEX_POINT ( 'NONE', #3992 ) ;
#1955 = CARTESIAN_POINT ( 'NONE',  ( 1.980384757729329000, -4.100000000000003200, -1.494841517494422500E-015 ) ) ;
#1956 = CARTESIAN_POINT ( 'NONE',  ( 2.499999999999998200, -1.350000000000001900, -1.035533905932739800 ) ) ;
#1957 = CARTESIAN_POINT ( 'NONE',  ( 2.499999999999998700, -5.400000000000002100, -1.399389746009179600E-015 ) ) ;
#1958 = DIRECTION ( 'NONE',  ( -0.8660254037844390400, 0.0000000000000000000, -0.4999999999999993900 ) ) ;
#1959 = CARTESIAN_POINT ( 'NONE',  ( -1.980384757729329000, -5.300000000000003400, -1.979895888421108300E-015 ) ) ;
#1960 = CARTESIAN_POINT ( 'NONE',  ( 2.499999999999998700, 0.1999999999999987900, -1.399389746009179600E-015 ) ) ;
#1961 = CARTESIAN_POINT ( 'NONE',  ( -1.035533905932737100, -0.3500000000000013700, -2.500000000000000400 ) ) ;
#1962 = CARTESIAN_POINT ( 'NONE',  ( -1.980384757729329000, -3.800000000000002500, -1.979895888421108300E-015 ) ) ;
#1963 = DATE_AND_TIME ( #3235, #3052 ) ;
#1965 = ADVANCED_FACE ( 'NONE', ( #4265 ), #3184, .F. ) ;
#1964 =( BOUNDED_CURVE ( )  B_SPLINE_CURVE ( 2, ( #1329, #4644, #2566, #87, #2964, #1346, #176, #3511, #595 ),
 .UNSPECIFIED., .F., .F. ) 
 B_SPLINE_CURVE_WITH_KNOTS ( ( 3, 2, 2, 2, 3 ),
 ( 0.5454545454545454100, 0.5568181818181817700, 0.5681818181818183400, 0.5795454545454547000, 0.5909090909090910500 ),
 .UNSPECIFIED. ) 
 CURVE ( )  GEOMETRIC_REPRESENTATION_ITEM ( )  RATIONAL_B_SPLINE_CURVE ( ( 1.000000000000000000, 0.9238795325112867400, 1.000000000000000000, 0.9238795325112867400, 1.000000000000000000, 0.9238795325112867400, 1.000000000000000000, 0.9238795325112859600, 1.000000000000000700 ) ) 
 REPRESENTATION_ITEM ( '' )  );
#1966 = DIRECTION ( 'NONE',  ( 0.0000000000000000000, 0.0000000000000000000, 1.000000000000000000 ) ) ;
#1967 = CARTESIAN_POINT ( 'NONE',  ( 0.9336893444275704600, 4.732336059356868900, 1.382802616965774100 ) ) ;
#1968 = CARTESIAN_POINT ( 'NONE',  ( 0.8203022253684436600, 1.249999999999997300, 1.980384757729327600 ) ) ;
#1969 = LINE ( 'NONE', #1141, #3939 ) ;
#1970 = CARTESIAN_POINT ( 'NONE',  ( -2.337164082668306400, -0.08506782390263883900, -0.6524952336310965200 ) ) ;
#1971 = CARTESIAN_POINT ( 'NONE',  ( -1.980384757729329000, -5.450000000000003700, -0.8203022253684462100 ) ) ;
#1972 = CARTESIAN_POINT ( 'NONE',  ( 1.980384757729328500, -2.550000000000003800, 0.8203022253684436600 ) ) ;
#1973 = CARTESIAN_POINT ( 'NONE',  ( 1.608022040969339800, -5.786368312389130100, -1.376075119878038300 ) ) ;
#1974 = CARTESIAN_POINT ( 'NONE',  ( 0.0000000000000000000, 1.999999999999999100, -2.499999999999998200 ) ) ;
#1975 = VECTOR ( 'NONE', #1661, 1000.000000000000000 ) ;
#1976 = ORIENTED_EDGE ( 'NONE', *, *, #141, .T. ) ;
#1977 = CARTESIAN_POINT ( 'NONE',  ( 2.499999999999998200, -1.450000000000001700, 1.035533905932736600 ) ) ;
#1978 = CARTESIAN_POINT ( 'NONE',  ( 1.980384757729328500, 2.249999999999996900, 0.8203022253684436600 ) ) ;
#1979 = CARTESIAN_POINT ( 'NONE',  ( -0.8203022253684441000, -5.450000000000004600, -1.980384757729330500 ) ) ;
#1980 = CARTESIAN_POINT ( 'NONE',  ( -3.061616997868381700E-016, 0.7999999999999986000, 2.499999999999996900 ) ) ;
#1981 = AXIS2_PLACEMENT_3D ( 'NONE', #5206, #4814, #303 ) ;
#1982 = APPROVAL_ROLE ( '' ) ;
#1983 = CARTESIAN_POINT ( 'NONE',  ( 1.400343491548886400, -4.300000000000002500, 1.400343491548884800 ) ) ;
#1984 = CARTESIAN_POINT ( 'NONE',  ( 1.146211182010442600, 4.592603136679534800, 1.014703996554338500 ) ) ;
#1985 = CIRCLE ( 'NONE', #2587, 2.499999999999998700 ) ;
#1986 = CARTESIAN_POINT ( 'NONE',  ( -1.980384757729329000, -1.450000000000002800, -0.8203022253684462100 ) ) ;
#1987 = CARTESIAN_POINT ( 'NONE',  ( 2.499999999999998200, -0.5500000000000019300, -1.035533905932739800 ) ) ;
#1988 = CARTESIAN_POINT ( 'NONE',  ( -0.8203022253684441000, -5.550000000000002500, -1.980384757729330500 ) ) ;
#1989 = CARTESIAN_POINT ( 'NONE',  ( 1.980384757729328500, -4.150000000000003000, 0.8203022253684436600 ) ) ;
#1990 = DIRECTION ( 'NONE',  ( 0.0000000000000000000, 1.000000000000000000, 3.097720492815721700E-016 ) ) ;
#1991 = CARTESIAN_POINT ( 'NONE',  ( 0.0000000000000000000, -1.200000000000001500, -2.500000000000000400 ) ) ;
#1992 = ADVANCED_FACE ( 'NONE', ( #4327 ), #4582, .T. ) ;
#1993 = CARTESIAN_POINT ( 'NONE',  ( 0.1525211662096510000, 4.567949192431123100, 1.500000000000003100 ) ) ;
#1994 = CARTESIAN_POINT ( 'NONE',  ( 0.8203022253684436600, -5.850000000000003200, 1.980384757729327600 ) ) ;
#1995 = VERTEX_POINT ( 'NONE', #4479 ) ;
#1996 = CARTESIAN_POINT ( 'NONE',  ( -1.400343491548886400, -5.400000000000003900, -1.400343491548888400 ) ) ;
#1997 = CARTESIAN_POINT ( 'NONE',  ( 1.767766952966368400, 1.099999999999998500, -1.767766952966369500 ) ) ;
#1998 = CARTESIAN_POINT ( 'NONE',  ( -0.8203022253684444400, -5.250000000000002700, 1.980384757729327200 ) ) ;
#1999 = ORIENTED_EDGE ( 'NONE', *, *, #4931, .F. ) ;
#2000 = CARTESIAN_POINT ( 'NONE',  ( 3.673940397442060400E-016, -3.000000000000001800, -3.000000000000000400 ) ) ;
#2001 =( BOUNDED_SURFACE ( )  B_SPLINE_SURFACE ( 1, 2, ( 
 ( #171, #571, #552, #1376, #4213, #960, #1853, #3400, #3073, #3438, #1783, #1432, #3826, #1414, #3473, #1001, #1392, #4233, #5004, #114, #1800, #4639, #609, #5024, #4250, #2995, #4273, #1018, #1076, #274, #3555, #3102, #3934, #5147, #239, #1039, #3086, #2732, #2340, #206, #5131, #3953, #1504, #4757, #2683, #5117, #657, #1112, #4724, #3539, #2320, #1928, #1518, #3900, #1907, #4355, #5165, #4741, #640, #3116, #4707, #1536, #4336, #3969, #4370, #2750, #1890, #2303, #624, #3153, #2713, #3490, #694, #676, #3507, #1945, #1467, #1094, #257, #3135, #3524, #2269, #4305, #5096, #1871, #2284, #2699, #222, #1054, #3918, #1485, #4318, #712, #3640, #2354, #3185, #1130, #729, #4390, #3987, #2794, #745, #3237, #2767, #3204, #5228, #3623, #1149, #4804, #1598, #4403, #5180, #309, #1961, #1581, #3998, #3605, #4839, #2390, #3590, #4789, #361, #781, #290, #5211, #2809, #1185, #4418, #328, #1568, #1552, #2371, #2780, #1200, #3169, #4434, #1980, #5196, #4030, #1167, #4014, #4049, #1997, #4822, #2406, #1617, #4452, #342, #3223, #2827, #3573, #760, #4772, #2015, #2429, #5243, #111, #3394, #2865, #837, #4918, #7, #799, #2845, #2506, #2181, #5261, #4898, #3717, #1261, #4603, #2448, #4874, #423, #941, #4491, #3317 ),
 ( #1657, #5280, #4066, #5001, #2591, #1779, #3801, #3697, #1635, #530, #4860, #1242, #2882, #3295, #1371, #2073, #403, #2483, #4107, #442, #4209, #4471, #3256, #3279, #2990, #1676, #1279, #815, #857, #2032, #383, #2094, #3676, #3658, #4511, #1760, #25, #1219, #2054, #2904, #2470, #4086, #4190, #2216, #3432, #2646, #4303, #993, #4671, #3083, #167, #5094, #621, #2248, #977, #4286, #2629, #607, #4229, #3488, #1816, #3070, #1035, #547, #3051, #4268, #5039, #3470, #5074, #3841, #3898, #1410, #128, #3011, #3455, #3822, #1850, #1798, #3030, #3881, #149, #587, #2664, #1016, #1464, #1448, #1427, #4686, #4618, #186, #2199, #2266, #2679, #3863, #3415, #203, #568, #2608, #1389, #956, #5020, #4636, #4652, #1833, #4247, #2234, #5057, #1500, #4720, #3537, #236, #3984, #3552, #218, #3099, #1867, #1109, #288, #4352, #4739, #3166, #5162, #673, #2350, #4314, #2316, #2710, #1126, #4334, #5128, #3915, #1941, #4368, #1549, #709, #1091, #1483, #3570, #4703, #1071, #5144, #3132, #2282, #1903, #3113, #2730, #254, #270, #5113, #1888, #637, #654, #5178, #3950, #3966, #3520, #3150, #2696, #3504, #1926, #3932, #2763, #1516, #1533, #4753, #1052, #2299, #2338, #2747, #692, #4770, #1978, #3200, #2403, #4062, #757, #4431 ) ),
 .UNSPECIFIED., .F., .F., .F. ) 
 B_SPLINE_SURFACE_WITH_KNOTS ( ( 2, 2 ),
 ( 3, 2, 2, 2, 2, 2, 2, 2, 2, 2, 2, 2, 2, 2, 2, 2, 2, 2, 2, 2, 2, 2, 2, 2, 2, 2, 2, 2, 2, 2, 2, 2, 2, 2, 2, 2, 2, 2, 2, 2, 2, 2, 2, 2, 2, 2, 2, 2, 2, 2, 2, 2, 2, 2, 2, 2, 2, 2, 2, 2, 2, 2, 2, 2, 2, 2, 2, 2, 2, 2, 2, 2, 2, 2, 2, 2, 2, 2, 2, 2, 2, 2, 2, 2, 2, 2, 2, 2, 3 ),
 ( 0.0000000000000000000, 1.000000000000000000 ),
 ( 0.0000000000000000000, 0.01136363636363636400, 0.02272727272727272800, 0.03409090909090908800, 0.04545454545454545600, 0.05681818181818181600, 0.06818181818181817700, 0.07954545454545454400, 0.09090909090909091200, 0.1022727272727272800, 0.1136363636363636300, 0.1250000000000000000, 0.1363636363636363500, 0.1477272727272727300, 0.1590909090909090900, 0.1704545454545454400, 0.1818181818181818200, 0.1931818181818181800, 0.2045454545454545600, 0.2159090909090909100, 0.2272727272727272700, 0.2386363636363636500, 0.2500000000000000000, 0.2613636363636363500, 0.2727272727272727100, 0.2840909090909091200, 0.2954545454545454700, 0.3068181818181818200, 0.3181818181818181800, 0.3295454545454545300, 0.3409090909090908800, 0.3522727272727272900, 0.3636363636363636500, 0.3750000000000000000, 0.3863636363636363500, 0.3977272727272727100, 0.4090909090909091200, 0.4204545454545454700, 0.4318181818181818200, 0.4431818181818181800, 0.4545454545454545300, 0.4659090909090908800, 0.4772727272727272900, 0.4886363636363636500, 0.5000000000000000000, 0.5113636363636363500, 0.5227272727272727100, 0.5340909090909090600, 0.5454545454545454100, 0.5568181818181817700, 0.5681818181818182300, 0.5795454545454545900, 0.5909090909090909400, 0.6022727272727272900, 0.6136363636363636500, 0.6250000000000000000, 0.6363636363636363500, 0.6477272727272727100, 0.6590909090909090600, 0.6704545454545454100, 0.6818181818181817700, 0.6931818181818182300, 0.7045454545454545900, 0.7159090909090909400, 0.7272727272727272900, 0.7386363636363636500, 0.7500000000000000000, 0.7613636363636363500, 0.7727272727272727100, 0.7840909090909090600, 0.7954545454545454100, 0.8068181818181817700, 0.8181818181818182300, 0.8295454545454545900, 0.8409090909090909400, 0.8522727272727272900, 0.8636363636363636500, 0.8750000000000000000, 0.8863636363636363500, 0.8977272727272727100, 0.9090909090909090600, 0.9204545454545454100, 0.9318181818181817700, 0.9431818181818182300, 0.9545454545454545900, 0.9659090909090909400, 0.9772727272727272900, 0.9886363636363636500, 1.000000000000000000 ),
 .UNSPECIFIED. ) 
 GEOMETRIC_REPRESENTATION_ITEM ( )  RATIONAL_B_SPLINE_SURFACE ( (
 ( 1.000000000000000000, 0.9238795325112867400, 1.000000000000000000, 0.9238795325112867400, 1.000000000000000000, 0.9238795325112867400, 1.000000000000000000, 0.9238795325112867400, 1.000000000000000000, 0.9238795325112867400, 1.000000000000000000, 0.9238795325112867400, 1.000000000000000000, 0.9238795325112867400, 1.000000000000000000, 0.9238795325112867400, 1.000000000000000000, 0.9238795325112867400, 1.000000000000000000, 0.9238795325112867400, 1.000000000000000000, 0.9238795325112867400, 1.000000000000000000, 0.9238795325112867400, 1.000000000000000000, 0.9238795325112867400, 1.000000000000000000, 0.9238795325112867400, 1.000000000000000000, 0.9238795325112867400, 1.000000000000000000, 0.9238795325112867400, 1.000000000000000000, 0.9238795325112867400, 1.000000000000000000, 0.9238795325112867400, 1.000000000000000000, 0.9238795325112867400, 1.000000000000000000, 0.9238795325112867400, 1.000000000000000000, 0.9238795325112867400, 1.000000000000000000, 0.9238795325112867400, 1.000000000000000000, 0.9238795325112867400, 1.000000000000000000, 0.9238795325112867400, 1.000000000000000000, 0.9238795325112867400, 1.000000000000000000, 0.9238795325112867400, 1.000000000000000000, 0.9238795325112867400, 1.000000000000000000, 0.9238795325112867400, 1.000000000000000000, 0.9238795325112867400, 1.000000000000000000, 0.9238795325112867400, 1.000000000000000000, 0.9238795325112867400, 1.000000000000000000, 0.9238795325112867400, 1.000000000000000000, 0.9238795325112867400, 1.000000000000000000, 0.9238795325112867400, 1.000000000000000000, 0.9238795325112867400, 1.000000000000000000, 0.9238795325112867400, 1.000000000000000000, 0.9238795325112867400, 1.000000000000000000, 0.9238795325112867400, 1.000000000000000000, 0.9238795325112867400, 1.000000000000000000, 0.9238795325112867400, 1.000000000000000000, 0.9238795325112867400, 1.000000000000000000, 0.9238795325112867400, 1.000000000000000000, 0.9238795325112867400, 1.000000000000000000, 0.9238795325112867400, 1.000000000000000000, 0.9238795325112867400, 1.000000000000000000, 0.9238795325112867400, 1.000000000000000000, 0.9238795325112867400, 1.000000000000000000, 0.9238795325112867400, 1.000000000000000000, 0.9238795325112867400, 1.000000000000000000, 0.9238795325112867400, 1.000000000000000000, 0.9238795325112867400, 1.000000000000000000, 0.9238795325112867400, 1.000000000000000000, 0.9238795325112867400, 1.000000000000000000, 0.9238795325112867400, 1.000000000000000000, 0.9238795325112867400, 1.000000000000000000, 0.9238795325112867400, 1.000000000000000000, 0.9238795325112867400, 1.000000000000000000, 0.9238795325112867400, 1.000000000000000000, 0.9238795325112867400, 1.000000000000000000, 0.9238795325112867400, 1.000000000000000000, 0.9238795325112867400, 1.000000000000000000, 0.9238795325112867400, 1.000000000000000000, 0.9238795325112867400, 1.000000000000000000, 0.9238795325112867400, 1.000000000000000000, 0.9238795325112867400, 1.000000000000000000, 0.9238795325112867400, 1.000000000000000000, 0.9238795325112867400, 1.000000000000000000, 0.9238795325112867400, 1.000000000000000000, 0.9238795325112867400, 1.000000000000000000, 0.9238795325112867400, 1.000000000000000000, 0.9238795325112867400, 1.000000000000000000, 0.9238795325112867400, 1.000000000000000000, 0.9238795325112867400, 1.000000000000000000, 0.9238795325112867400, 1.000000000000000000, 0.9238795325112867400, 1.000000000000000000, 0.9238795325112867400, 1.000000000000000000, 0.9238795325112867400, 1.000000000000000000, 0.9238795325112867400, 1.000000000000000000, 0.9238795325112867400, 1.000000000000000000, 0.9238795325112867400, 1.000000000000000000, 0.9238795325112867400, 1.000000000000000000, 0.9238795325112867400, 1.000000000000000000, 0.9238795325112867400, 1.000000000000000000, 0.9238795325112867400, 1.000000000000000000, 0.9238795325112867400, 1.000000000000000000, 0.9238795325112867400, 1.000000000000000000, 0.9238795325112867400, 1.000000000000000000, 0.9238795325112867400, 1.000000000000000000),
 ( 1.000000000000000000, 0.9238795325112867400, 1.000000000000000000, 0.9238795325112867400, 1.000000000000000000, 0.9238795325112867400, 1.000000000000000000, 0.9238795325112867400, 1.000000000000000000, 0.9238795325112867400, 1.000000000000000000, 0.9238795325112867400, 1.000000000000000000, 0.9238795325112867400, 1.000000000000000000, 0.9238795325112867400, 1.000000000000000000, 0.9238795325112867400, 1.000000000000000000, 0.9238795325112867400, 1.000000000000000000, 0.9238795325112867400, 1.000000000000000000, 0.9238795325112867400, 1.000000000000000000, 0.9238795325112867400, 1.000000000000000000, 0.9238795325112867400, 1.000000000000000000, 0.9238795325112867400, 1.000000000000000000, 0.9238795325112867400, 1.000000000000000000, 0.9238795325112867400, 1.000000000000000000, 0.9238795325112867400, 1.000000000000000000, 0.9238795325112867400, 1.000000000000000000, 0.9238795325112867400, 1.000000000000000000, 0.9238795325112867400, 1.000000000000000000, 0.9238795325112867400, 1.000000000000000000, 0.9238795325112867400, 1.000000000000000000, 0.9238795325112867400, 1.000000000000000000, 0.9238795325112867400, 1.000000000000000000, 0.9238795325112867400, 1.000000000000000000, 0.9238795325112867400, 1.000000000000000000, 0.9238795325112867400, 1.000000000000000000, 0.9238795325112867400, 1.000000000000000000, 0.9238795325112867400, 1.000000000000000000, 0.9238795325112867400, 1.000000000000000000, 0.9238795325112867400, 1.000000000000000000, 0.9238795325112867400, 1.000000000000000000, 0.9238795325112867400, 1.000000000000000000, 0.9238795325112867400, 1.000000000000000000, 0.9238795325112867400, 1.000000000000000000, 0.9238795325112867400, 1.000000000000000000, 0.9238795325112867400, 1.000000000000000000, 0.9238795325112867400, 1.000000000000000000, 0.9238795325112867400, 1.000000000000000000, 0.9238795325112867400, 1.000000000000000000, 0.9238795325112867400, 1.000000000000000000, 0.9238795325112867400, 1.000000000000000000, 0.9238795325112867400, 1.000000000000000000, 0.9238795325112867400, 1.000000000000000000, 0.9238795325112867400, 1.000000000000000000, 0.9238795325112867400, 1.000000000000000000, 0.9238795325112867400, 1.000000000000000000, 0.9238795325112867400, 1.000000000000000000, 0.9238795325112867400, 1.000000000000000000, 0.9238795325112867400, 1.000000000000000000, 0.9238795325112867400, 1.000000000000000000, 0.9238795325112867400, 1.000000000000000000, 0.9238795325112867400, 1.000000000000000000, 0.9238795325112867400, 1.000000000000000000, 0.9238795325112867400, 1.000000000000000000, 0.9238795325112867400, 1.000000000000000000, 0.9238795325112867400, 1.000000000000000000, 0.9238795325112867400, 1.000000000000000000, 0.9238795325112867400, 1.000000000000000000, 0.9238795325112867400, 1.000000000000000000, 0.9238795325112867400, 1.000000000000000000, 0.9238795325112867400, 1.000000000000000000, 0.9238795325112867400, 1.000000000000000000, 0.9238795325112867400, 1.000000000000000000, 0.9238795325112867400, 1.000000000000000000, 0.9238795325112867400, 1.000000000000000000, 0.9238795325112867400, 1.000000000000000000, 0.9238795325112867400, 1.000000000000000000, 0.9238795325112867400, 1.000000000000000000, 0.9238795325112867400, 1.000000000000000000, 0.9238795325112867400, 1.000000000000000000, 0.9238795325112867400, 1.000000000000000000, 0.9238795325112867400, 1.000000000000000000, 0.9238795325112867400, 1.000000000000000000, 0.9238795325112867400, 1.000000000000000000, 0.9238795325112867400, 1.000000000000000000, 0.9238795325112867400, 1.000000000000000000, 0.9238795325112867400, 1.000000000000000000, 0.9238795325112867400, 1.000000000000000000, 0.9238795325112867400, 1.000000000000000000, 0.9238795325112867400, 1.000000000000000000, 0.9238795325112867400, 1.000000000000000000, 0.9238795325112867400, 1.000000000000000000, 0.9238795325112867400, 1.000000000000000000, 0.9238795325112867400, 1.000000000000000000, 0.9238795325112867400, 1.000000000000000000, 0.9238795325112867400, 1.000000000000000000) ) ) 
 REPRESENTATION_ITEM ( '' )  SURFACE ( )  );
#2002 = CARTESIAN_POINT ( 'NONE',  ( 1.980384757729328500, -1.850000000000002500, 0.8203022253684436600 ) ) ;
#2003 = AXIS2_PLACEMENT_3D ( 'NONE', #2153, #4147, #52 ) ;
#2004 = ORIENTED_EDGE ( 'NONE', *, *, #4790, .F. ) ;
#2005 = CARTESIAN_POINT ( 'NONE',  ( 2.109412358154815000, -0.2924695686879930600, -0.6662356149119835800 ) ) ;
#2006 = CARTESIAN_POINT ( 'NONE',  ( 1.400343491548886400, -2.700000000000002800, 1.400343491548884800 ) ) ;
#2007 = CARTESIAN_POINT ( 'NONE',  ( 1.980384757729329000, -3.300000000000003400, -1.494841517494422500E-015 ) ) ;
#2008 = DIRECTION ( 'NONE',  ( 0.0000000000000000000, 1.000000000000000000, 0.0000000000000000000 ) ) ;
#2009 = CARTESIAN_POINT ( 'NONE',  ( 1.980384757729328500, -4.950000000000003700, 0.8203022253684436600 ) ) ;
#2010 = ORIENTED_EDGE ( 'NONE', *, *, #870, .T. ) ;
#2011 = CARTESIAN_POINT ( 'NONE',  ( 0.5910856000280376700, 4.674196743544648300, 1.500000000000002000 ) ) ;
#2012 = EDGE_CURVE ( 'NONE', #2083, #4231, #685, .T. ) ;
#2013 = CARTESIAN_POINT ( 'NONE',  ( 1.980384757729328500, -2.550000000000002900, -0.8203022253684464400 ) ) ;
#2014 = CARTESIAN_POINT ( 'NONE',  ( -2.425271854633429100E-016, -5.900000000000003000, 1.980384757729327200 ) ) ;
#2015 = CARTESIAN_POINT ( 'NONE',  ( 1.035533905932736600, 1.649999999999998800, 2.499999999999997300 ) ) ;
#2016 = ORIENTED_EDGE ( 'NONE', *, *, #2889, .T. ) ;
#2017 = CARTESIAN_POINT ( 'NONE',  ( -1.980384757729329000, 0.9499999999999977400, -0.8203022253684462100 ) ) ;
#2018 = CARTESIAN_POINT ( 'NONE',  ( -1.955718431022342300, -0.5196152422715926100, -0.3115914106745608100 ) ) ;
#2019 = CARTESIAN_POINT ( 'NONE',  ( -1.400343491548886600, -1.300000000000002500, 1.400343491548884400 ) ) ;
#2020 = CARTESIAN_POINT ( 'NONE',  ( 0.0000000000000000000, 1.999999999999998200, 0.0000000000000000000 ) ) ;
#2021 = DIRECTION ( 'NONE',  ( 0.0000000000000000000, 3.469446951953616700E-016, -1.000000000000000000 ) ) ;
#2022 = CARTESIAN_POINT ( 'NONE',  ( 0.8203022253684436600, -3.550000000000002900, 1.980384757729327600 ) ) ;
#2023 = CARTESIAN_POINT ( 'NONE',  ( 0.0000000000000000000, 0.09999999999999678600, -1.980384757729330500 ) ) ;
#2024 = CARTESIAN_POINT ( 'NONE',  ( -1.664386866925747300, 4.732336059356868000, 0.1171973830342286900 ) ) ;
#2025 = CARTESIAN_POINT ( 'NONE',  ( -1.400343491548886400, -6.200000000000002800, -1.400343491548888400 ) ) ;
#2026 = VERTEX_POINT ( 'NONE', #4864 ) ;
#2027 = CARTESIAN_POINT ( 'NONE',  ( 0.8660254037844392600, 4.799999999999998900, 1.500000000000002400 ) ) ;
#2028 = CARTESIAN_POINT ( 'NONE',  ( -1.767766952966367800, -0.3000000000000016500, -1.767766952966370000 ) ) ;
#2029 = CARTESIAN_POINT ( 'NONE',  ( -0.8203022253684441000, -2.350000000000003200, -1.980384757729330500 ) ) ;
#2030 =( BOUNDED_CURVE ( )  B_SPLINE_CURVE ( 2, ( #1063, #1527, #1882, #3128, #3549, #1956, #2332, #4749, #688 ),
 .UNSPECIFIED., .F., .F. ) 
 B_SPLINE_CURVE_WITH_KNOTS ( ( 3, 2, 2, 2, 3 ),
 ( 0.5000000000000000000, 0.5113636363636363500, 0.5227272727272727100, 0.5340909090909090600, 0.5454545454545454100 ),
 .UNSPECIFIED. ) 
 CURVE ( )  GEOMETRIC_REPRESENTATION_ITEM ( )  RATIONAL_B_SPLINE_CURVE ( ( 1.000000000000000000, 0.9238795325112867400, 1.000000000000000000, 0.9238795325112867400, 1.000000000000000000, 0.9238795325112867400, 1.000000000000000000, 0.9238795325112867400, 1.000000000000000000 ) ) 
 REPRESENTATION_ITEM ( '' )  );
#2031 = CARTESIAN_POINT ( 'NONE',  ( -0.8203022253684444400, -5.150000000000003000, 1.980384757729327200 ) ) ;
#2032 = CARTESIAN_POINT ( 'NONE',  ( 1.980384757729328500, -4.850000000000004100, -0.8203022253684464400 ) ) ;
#2033 = CARTESIAN_POINT ( 'NONE',  ( 1.400343491548886400, -1.900000000000002400, 1.400343491548884800 ) ) ;
#2034 = AXIS2_PLACEMENT_3D ( 'NONE', #4675, #1873, #3105 ) ;
#2035 = DIRECTION ( 'NONE',  ( -0.0000000000000000000, -1.000000000000000000, -3.097720492815726700E-016 ) ) ;
#2036 = CYLINDRICAL_SURFACE ( 'NONE', #1322, 2.499999999999998200 ) ;
#2037 = CARTESIAN_POINT ( 'NONE',  ( 5.633375276077824100E-016, 1.999999999999997100, 4.599999999999999600 ) ) ;
#2038 = CARTESIAN_POINT ( 'NONE',  ( 1.980384757729328500, 1.349999999999997000, 0.8203022253684436600 ) ) ;
#2039 = DIRECTION ( 'NONE',  ( 8.659560562354948900E-017, 0.7071067811865463500, -0.7071067811865487900 ) ) ;
#2040 = CARTESIAN_POINT ( 'NONE',  ( 1.900676279503663100, -0.2711010250411468000, -1.199009449788673000 ) ) ;
#2041 = FACE_OUTER_BOUND ( 'NONE', #4414, .T. ) ;
#2042 = ORIENTED_EDGE ( 'NONE', *, *, #3671, .F. ) ;
#2043 = CARTESIAN_POINT ( 'NONE',  ( 0.8203022253684436600, -1.950000000000003300, 1.980384757729327600 ) ) ;
#2044 = CARTESIAN_POINT ( 'NONE',  ( 1.980384757729328500, -0.8500000000000034200, -0.8203022253684464400 ) ) ;
#2045 = CARTESIAN_POINT ( 'NONE',  ( 1.505788358172837300, -5.902525537984200100, 1.330638913583686500 ) ) ;
#2046 = AXIS2_PLACEMENT_3D ( 'NONE', #686, #736, #3159 ) ;
#2047 = CARTESIAN_POINT ( 'NONE',  ( 0.8203022253684454400, -5.550000000000003400, -1.980384757729330100 ) ) ;
#2048 = EDGE_CURVE ( 'NONE', #196, #4911, #667, .T. ) ;
#2049 = FACE_OUTER_BOUND ( 'NONE', #3715, .T. ) ;
#2050 = DIRECTION ( 'NONE',  ( -0.0000000000000000000, -1.000000000000000000, -3.097720492815726700E-016 ) ) ;
#2051 = CARTESIAN_POINT ( 'NONE',  ( 1.980384757729328500, -2.550000000000003800, 0.8203022253684436600 ) ) ;
#2052 = CARTESIAN_POINT ( 'NONE',  ( -1.980384757729329000, -3.850000000000003600, -0.8203022253684462100 ) ) ;
#2053 = CARTESIAN_POINT ( 'NONE',  ( 1.035533905932738900, 2.749999999999999100, -2.500000000000000400 ) ) ;
#2054 = CARTESIAN_POINT ( 'NONE',  ( -1.400343491548886600, -4.400000000000003900, 1.400343491548884400 ) ) ;
#2055 = CONICAL_SURFACE ( 'NONE', #2847, 1.732050807568879200, 0.7853981633974500600 ) ;
#2056 = CARTESIAN_POINT ( 'NONE',  ( 1.400343491548886800, -0.9000000000000023500, -1.400343491548887900 ) ) ;
#2057 = CARTESIAN_POINT ( 'NONE',  ( -1.411137648912314400, -0.5071250375818854300, 1.416114249298667800 ) ) ;
#2058 = CARTESIAN_POINT ( 'NONE',  ( 0.0000000000000000000, -6.000000000000001800, -2.478176394252581300E-015 ) ) ;
#2059 = CARTESIAN_POINT ( 'NONE',  ( -1.980384757729329000, 1.749999999999998200, -0.8203022253684462100 ) ) ;
#2060 = ORIENTED_EDGE ( 'NONE', *, *, #1772, .T. ) ;
#2061 = CARTESIAN_POINT ( 'NONE',  ( -3.999999999999996400, -2.000000000000001800, 5.999999999999999100 ) ) ;
#2062 = CARTESIAN_POINT ( 'NONE',  ( 2.499999999999998200, -0.5500000000000044900, 1.035533905932736600 ) ) ;
#2063 = CARTESIAN_POINT ( 'NONE',  ( 0.8203022253684454400, -4.050000000000003400, -1.980384757729330100 ) ) ;
#2064 = CARTESIAN_POINT ( 'NONE',  ( 1.400343491548886800, -3.469446951953614200E-015, -1.400343491548887900 ) ) ;
#2065 = CARTESIAN_POINT ( 'NONE',  ( 1.732050807568878700, 1.999999999999998200, -2.478176394252586100E-016 ) ) ;
#2066 = CARTESIAN_POINT ( 'NONE',  ( 1.980384757729329000, -4.900000000000003000, -1.494841517494422500E-015 ) ) ;
#2067 = ORIENTED_EDGE ( 'NONE', *, *, #2667, .F. ) ;
#2068 = CARTESIAN_POINT ( 'NONE',  ( -0.3010750672591699400, 4.591561947155894600, -1.499999999999999100 ) ) ;
#2069 = CARTESIAN_POINT ( 'NONE',  ( 1.980384757729328500, -1.650000000000003000, -0.8203022253684465500 ) ) ;
#2070 = CARTESIAN_POINT ( 'NONE',  ( 1.980384757729329000, -4.200000000000002000, -1.494841517494422500E-015 ) ) ;
#2071 = ORIENTED_EDGE ( 'NONE', *, *, #457, .T. ) ;
#2072 = CARTESIAN_POINT ( 'NONE',  ( 0.8203022253684436600, -1.850000000000003600, 1.980384757729327600 ) ) ;
#2073 = CARTESIAN_POINT ( 'NONE',  ( 0.8203022253684454400, -5.550000000000003400, -1.980384757729330100 ) ) ;
#2074 = CARTESIAN_POINT ( 'NONE',  ( -1.980384757729329000, -1.400000000000002800, -1.979895888421108300E-015 ) ) ;
#2075 = ADVANCED_FACE ( 'NONE', ( #2501 ), #2302, .T. ) ;
#2076 = DIRECTION ( 'NONE',  ( 0.0000000000000000000, 3.469446951953616700E-016, -1.000000000000000000 ) ) ;
#2077 = CARTESIAN_POINT ( 'NONE',  ( 1.755807116818552900, -2.480384757729332500, -0.9251659372707585800 ) ) ;
#2078 = ORIENTED_EDGE ( 'NONE', *, *, #3433, .T. ) ;
#2079 = AXIS2_PLACEMENT_3D ( 'NONE', #808, #1990, #4867 ) ;
#2080 = DIRECTION ( 'NONE',  ( 0.0000000000000000000, -1.000000000000000000, 0.0000000000000000000 ) ) ;
#2081 = CARTESIAN_POINT ( 'NONE',  ( -1.767766952966367800, -2.600000000000004100, -1.767766952966370000 ) ) ;
#2082 = CARTESIAN_POINT ( 'NONE',  ( -1.436149085711177600, -0.2040855808656717200, 1.798564066240972500 ) ) ;
#2083 = VERTEX_POINT ( 'NONE', #2799 ) ;
#2084 = CARTESIAN_POINT ( 'NONE',  ( -1.980384757729329000, -1.350000000000002300, 0.8203022253684421100 ) ) ;
#2085 = CARTESIAN_POINT ( 'NONE',  ( -0.8203022253684444400, -0.3500000000000030900, 1.980384757729327200 ) ) ;
#2086 = CARTESIAN_POINT ( 'NONE',  ( 1.767766952966368400, -4.400000000000004800, -1.767766952966369500 ) ) ;
#2087 = CARTESIAN_POINT ( 'NONE',  ( -1.400343491548886600, -4.400000000000003900, 1.400343491548884400 ) ) ;
#2088 = CARTESIAN_POINT ( 'NONE',  ( -1.767766952966367800, -1.900000000000001500, -1.767766952966370000 ) ) ;
#2089 = CARTESIAN_POINT ( 'NONE',  ( -1.400343491548886600, -2.000000000000003600, 1.400343491548884400 ) ) ;
#2090 = ORIENTED_EDGE ( 'NONE', *, *, #4588, .F. ) ;
#2091 = EDGE_CURVE ( 'NONE', #707, #3501, #2358, .T. ) ;
#2092 = CARTESIAN_POINT ( 'NONE',  ( -1.980384757729329000, -1.350000000000002300, 0.8203022253684421100 ) ) ;
#2093 = CARTESIAN_POINT ( 'NONE',  ( -1.400343491548886400, -3.000000000000003600, -1.400343491548888400 ) ) ;
#2094 = CARTESIAN_POINT ( 'NONE',  ( 0.8203022253684454400, -4.750000000000003600, -1.980384757729330100 ) ) ;
#2095 = CARTESIAN_POINT ( 'NONE',  ( 0.8203022253684454400, -0.05000000000000229300, -1.980384757729330100 ) ) ;
#2096 = CARTESIAN_POINT ( 'NONE',  ( 1.400343491548886800, 2.299999999999998000, -1.400343491548887900 ) ) ;
#2097 = CARTESIAN_POINT ( 'NONE',  ( 1.767766952966367800, -1.400000000000004600, 1.767766952966366400 ) ) ;
#2098 = CARTESIAN_POINT ( 'NONE',  ( 2.303810485946932400, -5.490507412958772100, 0.7210645317953386900 ) ) ;
#2099 = CARTESIAN_POINT ( 'NONE',  ( 1.980384757729328500, 1.449999999999998200, -0.8203022253684464400 ) ) ;
#2100 = CARTESIAN_POINT ( 'NONE',  ( -1.400343491548886400, -2.200000000000003300, -1.400343491548888400 ) ) ;
#2101 = CARTESIAN_POINT ( 'NONE',  ( 1.400343491548886800, -0.8000000000000029300, -1.400343491548887900 ) ) ;
#2102 =( BOUNDED_CURVE ( )  B_SPLINE_CURVE ( 2, ( #484, #3754, #1764, #4956, #879, #2543, #3355, #914, #2185 ),
 .UNSPECIFIED., .F., .F. ) 
 B_SPLINE_CURVE_WITH_KNOTS ( ( 3, 2, 2, 2, 3 ),
 ( 0.3181818181818182300, 0.3295454545454545900, 0.3409090909090909400, 0.3522727272727273500, 0.3636363636363637000 ),
 .UNSPECIFIED. ) 
 CURVE ( )  GEOMETRIC_REPRESENTATION_ITEM ( )  RATIONAL_B_SPLINE_CURVE ( ( 1.000000000000000000, 0.9238795325112867400, 1.000000000000000000, 0.9238795325112867400, 1.000000000000000000, 0.9238795325112867400, 1.000000000000000000, 0.9238795325112864100, 1.000000000000000400 ) ) 
 REPRESENTATION_ITEM ( '' )  );
#2103 = DIRECTION ( 'NONE',  ( 0.0000000000000000000, 0.0000000000000000000, -1.000000000000000000 ) ) ;
#2104 = CARTESIAN_POINT ( 'NONE',  ( 1.980384757729328500, -1.750000000000003600, 0.8203022253684436600 ) ) ;
#2105 = CARTESIAN_POINT ( 'NONE',  ( 1.400343491548886400, -1.100000000000003000, 1.400343491548884800 ) ) ;
#2106 = CARTESIAN_POINT ( 'NONE',  ( -1.980384757729329000, -0.4500000000000033400, 0.8203022253684421100 ) ) ;
#2107 = LINE ( 'NONE', #3740, #4697 ) ;
#2108 = ORIENTED_EDGE ( 'NONE', *, *, #1807, .T. ) ;
#2109 = CARTESIAN_POINT ( 'NONE',  ( -3.061616997868381700E-016, -5.500000000000005300, 2.499999999999996900 ) ) ;
#2110 = CARTESIAN_POINT ( 'NONE',  ( -0.8203022253684441000, -4.750000000000002700, -1.980384757729330500 ) ) ;
#2111 = CARTESIAN_POINT ( 'NONE',  ( -1.767766952966367800, -1.800000000000004700, -1.767766952966370000 ) ) ;
#2112 = LINE ( 'NONE', #2613, #4389 ) ;
#2113 = CARTESIAN_POINT ( 'NONE',  ( 0.0000000000000000000, 2.399999999999997700, -1.980384757729330500 ) ) ;
#2114 = CARTESIAN_POINT ( 'NONE',  ( -2.499999999999998700, -0.1500000000000042700, -1.035533905932739300 ) ) ;
#2115 = CARTESIAN_POINT ( 'NONE',  ( -2.053526374832629100, -0.4265802150641439000, 0.3283887217884147700 ) ) ;
#2116 = CARTESIAN_POINT ( 'NONE',  ( -1.980384757729329000, 1.849999999999997400, 0.8203022253684421100 ) ) ;
#2117 = ORIENTED_EDGE ( 'NONE', *, *, #2858, .T. ) ;
#2118 = CARTESIAN_POINT ( 'NONE',  ( -1.980384757729329000, 1.849999999999997400, -0.8203022253684462100 ) ) ;
#2119 = FACE_OUTER_BOUND ( 'NONE', #1259, .T. ) ;
#2120 = CARTESIAN_POINT ( 'NONE',  ( 0.0000000000000000000, -6.000000000000002700, -2.478176394252581300E-015 ) ) ;
#2121 = CC_DESIGN_APPROVAL ( #3232, ( #829 ) ) ;
#2122 = CARTESIAN_POINT ( 'NONE',  ( 0.8203022253684454400, -0.7500000000000032200, -1.980384757729330100 ) ) ;
#2123 = EDGE_CURVE ( 'NONE', #1900, #779, #164, .T. ) ;
#2124 = CARTESIAN_POINT ( 'NONE',  ( 1.980384757729328500, -3.350000000000003600, 0.8203022253684436600 ) ) ;
#2125 = VECTOR ( 'NONE', #1431, 1000.000000000000000 ) ;
#2126 = CARTESIAN_POINT ( 'NONE',  ( -2.425271854633429100E-016, -2.000000000000002700, 1.980384757729327200 ) ) ;
#2127 = CARTESIAN_POINT ( 'NONE',  ( 1.400343491548886400, -1.800000000000002900, 1.400343491548884800 ) ) ;
#2128 = CARTESIAN_POINT ( 'NONE',  ( -2.499999999999998700, -5.650000000000003900, 1.035533905932735100 ) ) ;
#2129 = ORIENTED_EDGE ( 'NONE', *, *, #3170, .F. ) ;
#2130 = CARTESIAN_POINT ( 'NONE',  ( 1.400343491548886400, -5.900000000000002100, 1.400343491548884800 ) ) ;
#2131 = CARTESIAN_POINT ( 'NONE',  ( -1.400343491548886600, -1.200000000000003100, 1.400343491548884400 ) ) ;
#2132 = CARTESIAN_POINT ( 'NONE',  ( 1.035533905932738900, -4.450000000000002800, -2.500000000000000400 ) ) ;
#2133 = CARTESIAN_POINT ( 'NONE',  ( -3.061616997868381700E-016, -4.000000000000001800, 2.499999999999996900 ) ) ;
#2134 = ORIENTED_EDGE ( 'NONE', *, *, #4183, .F. ) ;
#2135 = CARTESIAN_POINT ( 'NONE',  ( 2.499999999999998700, -2.900000000000004400, -1.399389746009179600E-015 ) ) ;
#2136 = CARTESIAN_POINT ( 'NONE',  ( -2.499999999999998700, 1.399999999999998600, -2.011713145582856100E-015 ) ) ;
#2137 = CARTESIAN_POINT ( 'NONE',  ( -0.8203022253684444400, 1.149999999999997500, 1.980384757729327200 ) ) ;
#2138 = CARTESIAN_POINT ( 'NONE',  ( 1.980384757729329000, 1.499999999999996900, -1.494841517494422500E-015 ) ) ;
#2139 = CARTESIAN_POINT ( 'NONE',  ( -1.221841056931270300, 4.568274169600320200, -0.8837092106213816400 ) ) ;
#2140 = CARTESIAN_POINT ( 'NONE',  ( -2.425271854633429100E-016, -1.100000000000003000, 1.980384757729327200 ) ) ;
#2141 = ORIENTED_EDGE ( 'NONE', *, *, #1150, .F. ) ;
#2142 = CARTESIAN_POINT ( 'NONE',  ( 2.295323121290969900E-012, 1.699999999999909100, -1.980384757729300300 ) ) ;
#2143 = CARTESIAN_POINT ( 'NONE',  ( -1.980384757729329000, -0.6500000000000030200, -0.8203022253684462100 ) ) ;
#2144 = CARTESIAN_POINT ( 'NONE',  ( 0.8203022253684454400, -2.350000000000003200, -1.980384757729330100 ) ) ;
#2145 = ORIENTED_EDGE ( 'NONE', *, *, #3275, .F. ) ;
#2146 = CARTESIAN_POINT ( 'NONE',  ( 0.8203022253684436600, 1.249999999999997300, 1.980384757729327600 ) ) ;
#2147 = DIRECTION ( 'NONE',  ( -0.0000000000000000000, 1.000000000000000000, -0.0000000000000000000 ) ) ;
#2148 = CARTESIAN_POINT ( 'NONE',  ( 2.499999999999998200, -1.250000000000004700, -1.035533905932739800 ) ) ;
#2149 = CARTESIAN_POINT ( 'NONE',  ( -1.035533905932737100, -5.150000000000001200, -2.500000000000000400 ) ) ;
#2150 = ORIENTED_EDGE ( 'NONE', *, *, #3373, .F. ) ;
#2151 = EDGE_CURVE ( 'NONE', #1557, #4469, #563, .T. ) ;
#2152 = CARTESIAN_POINT ( 'NONE',  ( -2.499999999999998700, 0.6499999999999961400, -1.035533905932739300 ) ) ;
#2153 = CARTESIAN_POINT ( 'NONE',  ( 0.0000000000000000000, 1.999999999999998200, -1.982541115402066100E-015 ) ) ;
#2154 = CARTESIAN_POINT ( 'NONE',  ( 0.0000000000000000000, 0.7999999999999977100, -1.980384757729330500 ) ) ;
#2155 = CARTESIAN_POINT ( 'NONE',  ( 1.980384757729328500, 0.7499999999999973400, -0.8203022253684464400 ) ) ;
#2156 = CARTESIAN_POINT ( 'NONE',  ( -1.732050807568879400, 4.799999999999998900, 5.421010862427522200E-016 ) ) ;
#2157 = CARTESIAN_POINT ( 'NONE',  ( 0.8203022253684436600, -1.850000000000003600, 1.980384757729327600 ) ) ;
#2158 = VERTEX_POINT ( 'NONE', #3611 ) ;
#2159 = CARTESIAN_POINT ( 'NONE',  ( 0.8203022253684436600, 1.349999999999997000, 1.980384757729327600 ) ) ;
#2160 = CARTESIAN_POINT ( 'NONE',  ( -1.980384757729329000, -0.5500000000000028200, 0.8203022253684421100 ) ) ;
#2161 = CARTESIAN_POINT ( 'NONE',  ( 0.8203022253684436600, 2.149999999999997200, 1.980384757729327600 ) ) ;
#2162 = CARTESIAN_POINT ( 'NONE',  ( -1.400343491548886400, 1.699999999999996600, -1.400343491548888400 ) ) ;
#2163 = CARTESIAN_POINT ( 'NONE',  ( 0.8203022253684436600, -5.150000000000003000, 1.980384757729327600 ) ) ;
#2164 = CALENDAR_DATE ( 2023, 31, 5 ) ;
#2165 = CARTESIAN_POINT ( 'NONE',  ( -2.425271854633429100E-016, -1.100000000000003000, 1.980384757729327200 ) ) ;
#2166 = CARTESIAN_POINT ( 'NONE',  ( 1.035533905932736600, -3.950000000000002000, 2.499999999999997300 ) ) ;
#2167 = CARTESIAN_POINT ( 'NONE',  ( -3.061616997868381700E-016, -2.300000000000004300, 2.499999999999996900 ) ) ;
#2168 = CARTESIAN_POINT ( 'NONE',  ( -1.767766952966368000, 1.599999999999995400, 1.767766952966365800 ) ) ;
#2169 = FACE_OUTER_BOUND ( 'NONE', #3527, .T. ) ;
#2170 = ORIENTED_EDGE ( 'NONE', *, *, #1150, .T. ) ;
#2171 = CARTESIAN_POINT ( 'NONE',  ( -1.980384757729329000, 0.1499999999999973600, -0.8203022253684462100 ) ) ;
#2172 = CARTESIAN_POINT ( 'NONE',  ( 2.319654018504060400, 1.971570716667207200, -0.8206174696799022300 ) ) ;
#2173 = CARTESIAN_POINT ( 'NONE',  ( 1.980384757729329000, -3.300000000000003400, -1.494841517494422500E-015 ) ) ;
#2174 = FACE_OUTER_BOUND ( 'NONE', #1175, .T. ) ;
#2175 = ORIENTED_EDGE ( 'NONE', *, *, #4931, .T. ) ;
#2176 = CARTESIAN_POINT ( 'NONE',  ( 0.0000000000000000000, -0.7000000000000036200, -1.980384757729330500 ) ) ;
#2177 = CARTESIAN_POINT ( 'NONE',  ( -1.035533905932735300, 0.5499999999999956000, -2.500000000000002700 ) ) ;
#2178 = CARTESIAN_POINT ( 'NONE',  ( 0.0000000000000000000, 1.599999999999997200, -1.980384757729330500 ) ) ;
#2179 = AXIS2_PLACEMENT_3D ( 'NONE', #2120, #1704, #4150 ) ;
#2180 = CARTESIAN_POINT ( 'NONE',  ( 1.980384757729328500, -5.850000000000003200, 0.8203022253684436600 ) ) ;
#2181 = CARTESIAN_POINT ( 'NONE',  ( -2.499999999999998700, 2.249999999999998200, 1.035533905932735100 ) ) ;
#2182 = CARTESIAN_POINT ( 'NONE',  ( -3.061616997868381700E-016, 0.09999999999999592500, 2.499999999999996900 ) ) ;
#2183 = CARTESIAN_POINT ( 'NONE',  ( 0.0000000000000000000, -5.200000000000001100, -2.500000000000000400 ) ) ;
#2184 = VECTOR ( 'NONE', #397, 1000.000000000000000 ) ;
#2185 = CARTESIAN_POINT ( 'NONE',  ( 0.0000000000000000000, -1.100000000000004500, -2.500000000000000400 ) ) ;
#2186 = CARTESIAN_POINT ( 'NONE',  ( -1.035533905932737100, 0.5499999999999958300, -2.500000000000000400 ) ) ;
#2187 = CARTESIAN_POINT ( 'NONE',  ( 1.624439602265028700, -2.932300337531864800, -1.817429775012352000 ) ) ;
#2188 = CARTESIAN_POINT ( 'NONE',  ( 0.0000000000000000000, 2.399999999999997700, -1.980384757729330500 ) ) ;
#2189 = CARTESIAN_POINT ( 'NONE',  ( -2.499999999999998700, -1.850000000000002100, -1.035533905932739300 ) ) ;
#2190 = CARTESIAN_POINT ( 'NONE',  ( 1.400343491548886400, 2.199999999999997100, 1.400343491548884800 ) ) ;
#2191 = EDGE_CURVE ( 'NONE', #400, #779, #5010, .T. ) ;
#2192 = VERTEX_POINT ( 'NONE', #4974 ) ;
#2193 = CARTESIAN_POINT ( 'NONE',  ( 1.400343491548886400, 0.5999999999999972000, 1.400343491548884800 ) ) ;
#2194 = CARTESIAN_POINT ( 'NONE',  ( 1.980384757729328500, 1.449999999999998200, -0.8203022253684464400 ) ) ;
#2195 = ORIENTED_EDGE ( 'NONE', *, *, #3401, .F. ) ;
#2196 = CARTESIAN_POINT ( 'NONE',  ( 1.980384757729329000, -0.1000000000000028600, -1.494841517494422500E-015 ) ) ;
#2197 = CARTESIAN_POINT ( 'NONE',  ( 1.767766952966368400, -2.000000000000004400, -1.767766952966369500 ) ) ;
#2198 = CARTESIAN_POINT ( 'NONE',  ( -0.8203022253684443300, -2.050000000000002500, 1.980384757729327200 ) ) ;
#2199 = CARTESIAN_POINT ( 'NONE',  ( 1.400343491548886400, -1.800000000000002900, 1.400343491548884800 ) ) ;
#2200 = CARTESIAN_POINT ( 'NONE',  ( 0.0000000000000000000, 4.799999999999997200, 8.673617379884030500E-016 ) ) ;
#2201 = ORIENTED_EDGE ( 'NONE', *, *, #2048, .T. ) ;
#2202 =( BOUNDED_CURVE ( )  B_SPLINE_CURVE ( 2, ( #365, #3719, #1244, #1619, #3319, #2432, #1638, #2869, #819 ),
 .UNSPECIFIED., .F., .F. ) 
 B_SPLINE_CURVE_WITH_KNOTS ( ( 3, 2, 2, 2, 3 ),
 ( 0.2727272727272727100, 0.2840909090909091200, 0.2954545454545454700, 0.3068181818181818200, 0.3181818181818181800 ),
 .UNSPECIFIED. ) 
 CURVE ( )  GEOMETRIC_REPRESENTATION_ITEM ( )  RATIONAL_B_SPLINE_CURVE ( ( 1.000000000000000000, 0.9238795325112867400, 1.000000000000000000, 0.9238795325112867400, 1.000000000000000000, 0.9238795325112867400, 1.000000000000000000, 0.9238795325112867400, 1.000000000000000000 ) ) 
 REPRESENTATION_ITEM ( '' )  );
#2203 = CARTESIAN_POINT ( 'NONE',  ( 1.767766952966367800, -4.700000000000002000, 1.767766952966366400 ) ) ;
#2204 = CARTESIAN_POINT ( 'NONE',  ( 1.767766952966367800, 1.799999999999996000, 1.767766952966366400 ) ) ;
#2205 = CARTESIAN_POINT ( 'NONE',  ( 2.474230231177106300, -2.989931543951738700, -0.3214419856206843800 ) ) ;
#2206 = ORIENTED_EDGE ( 'NONE', *, *, #3265, .F. ) ;
#2207 = CARTESIAN_POINT ( 'NONE',  ( 0.0000000000000000000, -5.900000000000003900, -2.500000000000000400 ) ) ;
#2208 = CARTESIAN_POINT ( 'NONE',  ( -1.980384757729329000, 1.049999999999996900, -0.8203022253684462100 ) ) ;
#2209 = EDGE_LOOP ( 'NONE', ( #4309, #1422, #1739, #2642 ) ) ;
#2210 = CARTESIAN_POINT ( 'NONE',  ( -2.425271854633429100E-016, 1.299999999999996500, 1.980384757729327200 ) ) ;
#2211 = CARTESIAN_POINT ( 'NONE',  ( -2.499999999999998700, -2.600000000000001400, -2.011713145582856100E-015 ) ) ;
#2212 = DIRECTION ( 'NONE',  ( -0.0000000000000000000, 1.000000000000000000, -0.0000000000000000000 ) ) ;
#2213 = CARTESIAN_POINT ( 'NONE',  ( 1.035533905932738900, -3.550000000000005200, -2.500000000000000400 ) ) ;
#2214 = ORIENTED_EDGE ( 'NONE', *, *, #4082, .F. ) ;
#2215 = CARTESIAN_POINT ( 'NONE',  ( -1.400343491548886600, -1.300000000000002500, 1.400343491548884400 ) ) ;
#2216 = CARTESIAN_POINT ( 'NONE',  ( 1.980384757729328500, -4.150000000000003000, 0.8203022253684436600 ) ) ;
#2217 = DIRECTION ( 'NONE',  ( 1.000000000000000000, -0.0000000000000000000, 0.0000000000000000000 ) ) ;
#2218 = CARTESIAN_POINT ( 'NONE',  ( -1.035533905932737300, -2.450000000000002000, 2.499999999999996900 ) ) ;
#2219 = CARTESIAN_POINT ( 'NONE',  ( 0.4144442085615704900, -5.919615242270669600, 1.947466772020124900 ) ) ;
#2220 = EDGE_CURVE ( 'NONE', #2652, #2681, #1087, .T. ) ;
#2221 = CARTESIAN_POINT ( 'NONE',  ( -2.199827800688807700, -5.612933942899708500, -0.6439074395324475600 ) ) ;
#2222 = CARTESIAN_POINT ( 'NONE',  ( -2.499999999999998700, -4.900000000000003900, -2.011713145582856100E-015 ) ) ;
#2223 = CARTESIAN_POINT ( 'NONE',  ( -1.669107257073737500, 1.795622853412166500, 1.419393081849548600 ) ) ;
#2224 = CARTESIAN_POINT ( 'NONE',  ( 0.0000000000000000000, 0.8999999999999971400, -1.980384757729330500 ) ) ;
#2225 = ADVANCED_FACE ( 'NONE', ( #3321 ), #4573, .F. ) ;
#2226 = CARTESIAN_POINT ( 'NONE',  ( 0.0000000000000000000, 2.699999999999999700, -4.599999999999999600 ) ) ;
#2227 = EDGE_CURVE ( 'NONE', #3982, #1550, #556, .T. ) ;
#2228 = CARTESIAN_POINT ( 'NONE',  ( 1.980384757729329000, 1.399999999999997700, -1.494841517494422500E-015 ) ) ;
#2229 = CARTESIAN_POINT ( 'NONE',  ( 2.499999999999998700, -3.700000000000004600, -1.399389746009179600E-015 ) ) ;
#2230 = CARTESIAN_POINT ( 'NONE',  ( -2.425271854633429100E-016, 1.299999999999996500, 1.980384757729327200 ) ) ;
#2231 = LINE ( 'NONE', #1451, #1579 ) ;
#2232 = CARTESIAN_POINT ( 'NONE',  ( 2.499999999999998200, -2.950000000000004200, 1.035533905932736600 ) ) ;
#2233 = CARTESIAN_POINT ( 'NONE',  ( 1.400343491548886400, -3.500000000000002700, 1.400343491548884800 ) ) ;
#2234 = CARTESIAN_POINT ( 'NONE',  ( 0.8203022253684436600, -1.050000000000003200, 1.980384757729327600 ) ) ;
#2235 = CARTESIAN_POINT ( 'NONE',  ( -3.061616997868381700E-016, -2.400000000000001700, 2.499999999999996900 ) ) ;
#2236 = DIRECTION ( 'NONE',  ( -0.0000000000000000000, -1.000000000000000000, -3.097720492815726700E-016 ) ) ;
#2237 = CARTESIAN_POINT ( 'NONE',  ( -1.156167337965857200, -5.503929645713492700, 2.120140150942018600 ) ) ;
#2238 = CARTESIAN_POINT ( 'NONE',  ( -3.061616997868381700E-016, -5.500000000000005300, 2.499999999999996900 ) ) ;
#2239 = CARTESIAN_POINT ( 'NONE',  ( 0.8203022253684436600, -1.950000000000003100, 1.980384757729327600 ) ) ;
#2240 = CARTESIAN_POINT ( 'NONE',  ( 0.8203022253684454400, 0.04999999999999709500, -1.980384757729330100 ) ) ;
#2241 = CARTESIAN_POINT ( 'NONE',  ( 0.0000000000000000000, -5.600000000000002300, -1.980384757729330500 ) ) ;
#2242 = CARTESIAN_POINT ( 'NONE',  ( 1.767766952966368400, -2.800000000000004300, -1.767766952966369500 ) ) ;
#2243 = DIRECTION ( 'NONE',  ( -0.0000000000000000000, -1.000000000000000000, -3.097720492815726700E-016 ) ) ;
#2244 = DIRECTION ( 'NONE',  ( -0.0000000000000000000, -1.000000000000000000, -3.097720492815726700E-016 ) ) ;
#2245 = CARTESIAN_POINT ( 'NONE',  ( 2.499999999999998200, -4.550000000000004300, 1.035533905932736600 ) ) ;
#2246 = CIRCLE ( 'NONE', #3238, 2.499999999999998700 ) ;
#2247 = CARTESIAN_POINT ( 'NONE',  ( 1.980384757729329000, -4.200000000000002000, -1.494841517494422500E-015 ) ) ;
#2248 = CARTESIAN_POINT ( 'NONE',  ( -1.980384757729329000, -3.650000000000003500, 0.8203022253684421100 ) ) ;
#2249 = CARTESIAN_POINT ( 'NONE',  ( 1.767766952966368400, -2.900000000000001700, -1.767766952966369500 ) ) ;
#2250 = VERTEX_POINT ( 'NONE', #3342 ) ;
#2251 = CARTESIAN_POINT ( 'NONE',  ( -0.8660254037844380400, 4.799999999999998900, 1.500000000000002900 ) ) ;
#2252 = CARTESIAN_POINT ( 'NONE',  ( 0.0000000000000000000, -6.400000000000003000, -1.980384757729330500 ) ) ;
#2253 = CARTESIAN_POINT ( 'NONE',  ( 0.0000000000000000000, -4.300000000000004300, -2.500000000000000400 ) ) ;
#2254 = CARTESIAN_POINT ( 'NONE',  ( -0.8203022253684443300, -1.250000000000003100, 1.980384757729327200 ) ) ;
#2255 = CARTESIAN_POINT ( 'NONE',  ( -1.980384757729329000, 0.3499999999999970400, 0.8203022253684421100 ) ) ;
#2256 = EDGE_CURVE ( 'NONE', #1995, #5265, #1921, .T. ) ;
#2257 = CARTESIAN_POINT ( 'NONE',  ( -1.400343491548886400, 0.9999999999999965600, -1.400343491548888400 ) ) ;
#2258 = EDGE_LOOP ( 'NONE', ( #3710, #874, #2175, #1074 ) ) ;
#2259 = CARTESIAN_POINT ( 'NONE',  ( 1.035533905932738900, -0.4500000000000016200, -2.500000000000000400 ) ) ;
#2260 = DIRECTION ( 'NONE',  ( 0.0000000000000000000, 1.000000000000000000, 0.0000000000000000000 ) ) ;
#2261 = CARTESIAN_POINT ( 'NONE',  ( 0.0000000000000000000, -4.300000000000004300, -2.500000000000000400 ) ) ;
#2262 = EDGE_LOOP ( 'NONE', ( #4343, #1915, #388, #975 ) ) ;
#2263 =( BOUNDED_CURVE ( )  B_SPLINE_CURVE ( 2, ( #4046, #1164, #1613, #1994, #726, #2842, #1180, #2424, #4835, #4856, #2822, #1578, #4818, #793, #1959, #5224, #5240, #358, #2444, #379, #337, #3253, #3654, #3586, #1215, #2777, #3182, #3996, #2917, #4505, #460, #21, #3330, #1237, #854, #3744, #4103, #3712, #474, #3274, #399, #4932, #1296, #1276, #1652, #4081, #3, #4467, #2935, #887, #3312, #3347, #1314, #2124, #1255, #1672, #2465, #4894, #1630, #2480, #2536, #869, #3729, #5276, #2878, #4119, #42, #4488, #1689, #2051, #3292, #4527, #4548, #417, #4948, #833, #2522, #3694, #2862, #812, #2089, #4914, #2503, #58, #3672, #2104, #4871, #2069, #2899, #437, #4134, #1707, #2585, #4613, #3003, #509, #4184, #948, #3778, #4566, #4980, #143, #1348, #2602, #559, #75, #2176, #3794, #4579, #4630, #1754, #3022, #3425, #2967, #4963, #2550, #2982, #3361, #1381, #3762, #2569, #2951, #3815, #4595, #905, #539, #3375, #3409, #4996, #493, #2620, #935, #2193, #5013, #1791, #122, #89, #4168, #971, #4153, #105, #4222, #3833, #525, #3388, #1366, #2210, #2159, #1331, #5032, #919, #4200, #1771, #1723, #2142 ),
 .UNSPECIFIED., .F., .F. ) 
 B_SPLINE_CURVE_WITH_KNOTS ( ( 3, 2, 2, 2, 2, 2, 2, 2, 2, 2, 2, 2, 2, 2, 2, 2, 2, 2, 2, 2, 2, 2, 2, 2, 2, 2, 2, 2, 2, 2, 2, 2, 2, 2, 2, 2, 2, 2, 2, 2, 2, 2, 2, 2, 2, 2, 2, 2, 2, 2, 2, 2, 2, 2, 2, 2, 2, 2, 2, 2, 2, 2, 2, 2, 2, 2, 2, 2, 2, 2, 2, 2, 2, 2, 2, 2, 2, 3 ),
 ( 0.04314028952484740000, 0.04545454545454538600, 0.05681818181818139300, 0.06818181818181740000, 0.07954545454545340600, 0.09090909090908941300, 0.1022727272727254300, 0.1136363636363614400, 0.1249999999999974600, 0.1363636363636334400, 0.1477272727272694900, 0.1590909090909054800, 0.1704545454545414700, 0.1818181818181775500, 0.1931818181818135100, 0.2045454545454495300, 0.2159090909090855000, 0.2272727272727215200, 0.2386363636363576000, 0.2499999999999935600, 0.2613636363636295800, 0.2727272727272655500, 0.2840909090909016200, 0.2954545454545375900, 0.3068181818181736100, 0.3181818181818096300, 0.3295454545454456500, 0.3409090909090816100, 0.3522727272727176900, 0.3636363636363536500, 0.3749999999999896700, 0.3863636363636257000, 0.3977272727272616600, 0.4090909090908977400, 0.4204545454545337000, 0.4318181818181696700, 0.4431818181818056900, 0.4545454545454417100, 0.4659090909090777300, 0.4772727272727137500, 0.4886363636363497700, 0.4999999999999857900, 0.5113636363636218100, 0.5227272727272578300, 0.5340909090908938500, 0.5454545454545297600, 0.5568181818181657800, 0.5681818181818019100, 0.5795454545454378200, 0.5909090909090738400, 0.6022727272727098600, 0.6136363636363458800, 0.6249999999999817900, 0.6363636363636179200, 0.6477272727272538300, 0.6590909090908898500, 0.6704545454545258700, 0.6818181818181618900, 0.6931818181817979200, 0.7045454545454340500, 0.7159090909090699600, 0.7272727272727058700, 0.7386363636363420000, 0.7499999999999779100, 0.7613636363636140400, 0.7727272727272499500, 0.7840909090908859700, 0.7954545454545219900, 0.8068181818181580100, 0.8181818181817940300, 0.8295454545454301600, 0.8409090909090660700, 0.8522727272727019800, 0.8636363636363381100, 0.8749999999999740200, 0.8863636363636100400, 0.8977272727272460600, 0.9090909090908820800 ),
 .UNSPECIFIED. ) 
 CURVE ( )  GEOMETRIC_REPRESENTATION_ITEM ( )  RATIONAL_B_SPLINE_CURVE ( ( 0.9753096629712749700, 0.9844977225933714300, 1.000000000000000000, 0.9238795325112867400, 1.000000000000000000, 0.9238795325112867400, 1.000000000000000000, 0.9238795325112867400, 1.000000000000000000, 0.9238795325112867400, 1.000000000000000000, 0.9238795325112867400, 1.000000000000000000, 0.9238795325112867400, 1.000000000000000000, 0.9238795325112867400, 1.000000000000000000, 0.9238795325112867400, 1.000000000000000000, 0.9238795325112867400, 1.000000000000000000, 0.9238795325112867400, 1.000000000000000000, 0.9238795325112867400, 1.000000000000000000, 0.9238795325112867400, 1.000000000000000000, 0.9238795325112867400, 1.000000000000000000, 0.9238795325112867400, 1.000000000000000000, 0.9238795325112867400, 1.000000000000000000, 0.9238795325112867400, 1.000000000000000000, 0.9238795325112867400, 1.000000000000000000, 0.9238795325112867400, 1.000000000000000000, 0.9238795325112867400, 1.000000000000000000, 0.9238795325112867400, 1.000000000000000000, 0.9238795325112867400, 1.000000000000000000, 0.9238795325112867400, 1.000000000000000000, 0.9238795325112867400, 1.000000000000000000, 0.9238795325112867400, 1.000000000000000000, 0.9238795325112867400, 1.000000000000000000, 0.9238795325112867400, 1.000000000000000000, 0.9238795325112867400, 1.000000000000000000, 0.9238795325112867400, 1.000000000000000000, 0.9238795325112867400, 1.000000000000000000, 0.9238795325112867400, 1.000000000000000000, 0.9238795325112867400, 1.000000000000000000, 0.9238795325112867400, 1.000000000000000000, 0.9238795325112867400, 1.000000000000000000, 0.9238795325112867400, 1.000000000000000000, 0.9238795325112867400, 1.000000000000000000, 0.9238795325112867400, 1.000000000000000000, 0.9238795325112867400, 1.000000000000000000, 0.9238795325112867400, 1.000000000000000000, 0.9238795325112867400, 1.000000000000000000, 0.9238795325112867400, 1.000000000000000000, 0.9238795325112867400, 1.000000000000000000, 0.9238795325112867400, 1.000000000000000000, 0.9238795325112867400, 1.000000000000000000, 0.9238795325112867400, 1.000000000000000000, 0.9238795325112867400, 1.000000000000000000, 0.9238795325112867400, 1.000000000000000000, 0.9238795325112867400, 1.000000000000000000, 0.9238795325112867400, 1.000000000000000000, 0.9238795325112867400, 1.000000000000000000, 0.9238795325112867400, 1.000000000000000000, 0.9238795325112867400, 1.000000000000000000, 0.9238795325112867400, 1.000000000000000000, 0.9238795325112867400, 1.000000000000000000, 0.9238795325112867400, 1.000000000000000000, 0.9238795325112867400, 1.000000000000000000, 0.9238795325112867400, 1.000000000000000000, 0.9238795325112867400, 1.000000000000000000, 0.9238795325112867400, 1.000000000000000000, 0.9238795325112867400, 1.000000000000000000, 0.9238795325112867400, 1.000000000000000000, 0.9238795325112867400, 1.000000000000000000, 0.9238795325112867400, 1.000000000000000000, 0.9238795325112867400, 1.000000000000000000, 0.9238795325112867400, 1.000000000000000000, 0.9238795325112867400, 1.000000000000000000, 0.9238795325112867400, 1.000000000000000000, 0.9238795325112867400, 1.000000000000000000, 0.9238795325112867400, 1.000000000000000000, 0.9238795325112867400, 1.000000000000000000, 0.9238795325112867400, 1.000000000000000000, 0.9238795325112867400, 1.000000000000000000, 0.9238795325112867400, 1.000000000000000000, 0.9238795325112867400, 1.000000000000000000, 0.9238795325112867400, 1.000000000000000000, 0.9238795325112867400, 1.000000000000000000, 0.9238795325114674800, 0.9999999999998192600 ) ) 
 REPRESENTATION_ITEM ( '' )  );
#2264 = CARTESIAN_POINT ( 'NONE',  ( -3.061616997868381700E-016, -3.900000000000004800, 2.499999999999996900 ) ) ;
#2265 = CARTESIAN_POINT ( 'NONE',  ( -1.400343491548886400, -2.300000000000002500, -1.400343491548888400 ) ) ;
#2266 = CARTESIAN_POINT ( 'NONE',  ( 1.980384757729328500, -1.750000000000003600, 0.8203022253684436600 ) ) ;
#2267 = VERTEX_POINT ( 'NONE', #4195 ) ;
#2268 = CARTESIAN_POINT ( 'NONE',  ( 2.499999999999998200, -2.150000000000001700, -1.035533905932739800 ) ) ;
#2269 = CARTESIAN_POINT ( 'NONE',  ( -1.035533905932737100, -1.950000000000002200, -2.500000000000000400 ) ) ;
#2270 = CARTESIAN_POINT ( 'NONE',  ( 2.499999999999998200, -2.050000000000004300, -1.035533905932739800 ) ) ;
#2271 = CARTESIAN_POINT ( 'NONE',  ( -1.124249383763929100, -2.832727734892198400, -2.064779676583316600 ) ) ;
#2272 = CARTESIAN_POINT ( 'NONE',  ( 1.980384757729328500, -1.050000000000002300, 0.8203022253684436600 ) ) ;
#2273 = CARTESIAN_POINT ( 'NONE',  ( -1.980384757729329000, -6.150000000000003000, 0.8203022253684421100 ) ) ;
#2274 = ORIENTED_EDGE ( 'NONE', *, *, #1403, .F. ) ;
#2275 = CARTESIAN_POINT ( 'NONE',  ( 1.980384757729328500, -5.050000000000001600, 0.8203022253684436600 ) ) ;
#2276 = CARTESIAN_POINT ( 'NONE',  ( 0.0000000000000000000, 0.1999999999999940200, 0.0000000000000000000 ) ) ;
#2277 = CARTESIAN_POINT ( 'NONE',  ( -1.400343491548886400, 1.699999999999996600, -1.400343491548888400 ) ) ;
#2278 = AXIS2_PLACEMENT_3D ( 'NONE', #3800, #2147, #3784 ) ;
#2279 = CARTESIAN_POINT ( 'NONE',  ( -3.061616997868381700E-016, -1.500000000000004000, 2.499999999999996900 ) ) ;
#2280 = CARTESIAN_POINT ( 'NONE',  ( -1.767766952966368000, -1.600000000000004100, 1.767766952966365800 ) ) ;
#2281 = CARTESIAN_POINT ( 'NONE',  ( -2.425271854633429100E-016, -0.4000000000000028000, 1.980384757729327200 ) ) ;
#2282 = CARTESIAN_POINT ( 'NONE',  ( 1.400343491548886800, 0.7999999999999969400, -1.400343491548887900 ) ) ;
#2283 = CARTESIAN_POINT ( 'NONE',  ( 1.035533905932738900, -3.650000000000001700, -2.500000000000000400 ) ) ;
#2284 = CARTESIAN_POINT ( 'NONE',  ( -2.499999999999998700, -1.750000000000001300, 1.035533905932735100 ) ) ;
#2285 = EDGE_CURVE ( 'NONE', #3387, #4891, #1313, .T. ) ;
#2286 = DIRECTION ( 'NONE',  ( -0.0000000000000000000, -1.000000000000000000, -3.097720492815726700E-016 ) ) ;
#2287 = CARTESIAN_POINT ( 'NONE',  ( -1.035533905932737300, -2.450000000000001500, 2.499999999999996900 ) ) ;
#2288 = PERSON_AND_ORGANIZATION ( #2839, #2792 ) ;
#2289 = CARTESIAN_POINT ( 'NONE',  ( 0.0000000000000000000, 1.999999999999998200, 0.0000000000000000000 ) ) ;
#2290 = CARTESIAN_POINT ( 'NONE',  ( -1.980384757729329000, -4.650000000000003900, -0.8203022253684462100 ) ) ;
#2291 = CARTESIAN_POINT ( 'NONE',  ( 2.499999999999998700, -0.6000000000000015300, -1.399389746009179600E-015 ) ) ;
#2292 = DIRECTION ( 'NONE',  ( 0.0000000000000000000, 0.0000000000000000000, 1.000000000000000000 ) ) ;
#2293 = CARTESIAN_POINT ( 'NONE',  ( 0.0000000000000000000, 0.1999999999999940200, 0.0000000000000000000 ) ) ;
#2294 = CARTESIAN_POINT ( 'NONE',  ( 2.295323121290969900E-012, 1.699999999999909100, -1.980384757729300300 ) ) ;
#2295 = FACE_BOUND ( 'NONE', #2312, .T. ) ;
#2296 = ORIENTED_EDGE ( 'NONE', *, *, #3951, .F. ) ;
#2297 = CARTESIAN_POINT ( 'NONE',  ( -1.035533905932737300, -0.7500000000000041100, 2.499999999999996900 ) ) ;
#2298 = CARTESIAN_POINT ( 'NONE',  ( -0.8203022253684443300, 1.149999999999997500, 1.980384757729327200 ) ) ;
#2299 = CARTESIAN_POINT ( 'NONE',  ( -1.400343491548886600, 1.999999999999996700, 1.400343491548884400 ) ) ;
#2300 = CARTESIAN_POINT ( 'NONE',  ( 1.035533905932738900, 1.149999999999998400, -2.500000000000000400 ) ) ;
#2301 = ORIENTED_EDGE ( 'NONE', *, *, #4628, .F. ) ;
#2302 = CYLINDRICAL_SURFACE ( 'NONE', #4173, 2.499999999999998200 ) ;
#2303 = CARTESIAN_POINT ( 'NONE',  ( -2.499999999999998700, -2.650000000000001700, -1.035533905932739300 ) ) ;
#2304 = CARTESIAN_POINT ( 'NONE',  ( 3.999999999999998200, 0.0000000000000000000, -6.000000000000000900 ) ) ;
#2305 = CARTESIAN_POINT ( 'NONE',  ( 1.400343491548886800, -5.700000000000002800, -1.400343491548887900 ) ) ;
#2306 = CARTESIAN_POINT ( 'NONE',  ( -0.1471247332793667000, -2.624927097132123700, 2.124927097132117500 ) ) ;
#2307 = CARTESIAN_POINT ( 'NONE',  ( -1.767766952966368000, 0.0000000000000000000, 1.767766952966365800 ) ) ;
#2308 = CIRCLE ( 'NONE', #2430, 2.499999999999998700 ) ;
#2309 = CARTESIAN_POINT ( 'NONE',  ( 1.980384757729328500, -2.650000000000003000, 0.8203022253684436600 ) ) ;
#2310 = CARTESIAN_POINT ( 'NONE',  ( 0.0000000000000000000, -0.1901923788646720000, -2.309807621135329600 ) ) ;
#2311 = CARTESIAN_POINT ( 'NONE',  ( -1.400343491548886400, -6.200000000000002800, -1.400343491548888400 ) ) ;
#2312 = EDGE_LOOP ( 'NONE', ( #3340, #1604, #3420 ) ) ;
#2313 = CARTESIAN_POINT ( 'NONE',  ( -2.499999999999998700, -1.000000000000001800, -2.011713145582856100E-015 ) ) ;
#2314 = CARTESIAN_POINT ( 'NONE',  ( -1.035533905932737300, 0.04999999999999535400, 2.499999999999996900 ) ) ;
#2315 = CARTESIAN_POINT ( 'NONE',  ( 1.980384757729328500, -0.9500000000000030600, -0.8203022253684465500 ) ) ;
#2316 = CARTESIAN_POINT ( 'NONE',  ( 1.980384757729328500, -0.05000000000000317400, -0.8203022253684464400 ) ) ;
#2317 = EDGE_CURVE ( 'NONE', #4598, #5226, #3819, .T. ) ;
#2318 = ORIENTED_EDGE ( 'NONE', *, *, #4012, .F. ) ;
#2319 = CARTESIAN_POINT ( 'NONE',  ( -3.061616997868381700E-016, -1.734723475976807100E-015, 2.499999999999996900 ) ) ;
#2320 = CARTESIAN_POINT ( 'NONE',  ( -1.767766952966367800, -3.500000000000001800, -1.767766952966370000 ) ) ;
#2321 = DIRECTION ( 'NONE',  ( 0.4999999999999997200, 2.682704640602070600E-016, -0.8660254037844388200 ) ) ;
#2322 =( BOUNDED_CURVE ( )  B_SPLINE_CURVE ( 2, ( #703, #1859, #4375, #1128, #435, #3523, #2353, #4723, #1906 ),
 .UNSPECIFIED., .F., .F. ) 
 B_SPLINE_CURVE_WITH_KNOTS ( ( 3, 2, 2, 2, 3 ),
 ( 0.3181818181818181800, 0.3295454545454545300, 0.3409090909090908800, 0.3522727272727272900, 0.3636363636363636500 ),
 .UNSPECIFIED. ) 
 CURVE ( )  GEOMETRIC_REPRESENTATION_ITEM ( )  RATIONAL_B_SPLINE_CURVE ( ( 1.000000000000000000, 0.9238795325112867400, 1.000000000000000000, 0.9238795325112867400, 1.000000000000000000, 0.9238795325112867400, 1.000000000000000000, 0.9238795325112867400, 1.000000000000000000 ) ) 
 REPRESENTATION_ITEM ( '' )  );
#2323 = EDGE_LOOP ( 'NONE', ( #2520, #4095, #3107, #2957 ) ) ;
#2324 = CARTESIAN_POINT ( 'NONE',  ( -1.796101343899795300, -2.696308075453186500, 1.272526897732149800 ) ) ;
#2325 = CARTESIAN_POINT ( 'NONE',  ( 2.499999999999998200, -5.350000000000004100, 1.035533905932736600 ) ) ;
#2326 = EDGE_CURVE ( 'NONE', #1746, #3217, #2333, .T. ) ;
#2327 = CARTESIAN_POINT ( 'NONE',  ( 1.400343491548886800, -4.100000000000003200, -1.400343491548887900 ) ) ;
#2328 = ORIENTED_EDGE ( 'NONE', *, *, #1364, .F. ) ;
#2329 =( BOUNDED_CURVE ( )  B_SPLINE_CURVE ( 2, ( #2279, #4330, #183, #3066, #4698, #1065, #604, #3485, #1899 ),
 .UNSPECIFIED., .F., .F. ) 
 B_SPLINE_CURVE_WITH_KNOTS ( ( 3, 2, 2, 2, 3 ),
 ( 0.4090909090909091200, 0.4204545454545454700, 0.4318181818181817700, 0.4431818181818182300, 0.4545454545454545900 ),
 .UNSPECIFIED. ) 
 CURVE ( )  GEOMETRIC_REPRESENTATION_ITEM ( )  RATIONAL_B_SPLINE_CURVE ( ( 0.9999999999999996700, 0.9238795325112870700, 1.000000000000000000, 0.9238795325112867400, 1.000000000000000000, 0.9238795325112867400, 1.000000000000000000, 0.9238795325112867400, 1.000000000000000000 ) ) 
 REPRESENTATION_ITEM ( '' )  );
#2330 = CARTESIAN_POINT ( 'NONE',  ( 1.980384757729328500, -4.950000000000003700, -0.8203022253684464400 ) ) ;
#2331 = CARTESIAN_POINT ( 'NONE',  ( -1.983935053297876100, -0.5196152422706357100, -0.05124111617007134200 ) ) ;
#2332 = CARTESIAN_POINT ( 'NONE',  ( 1.767766952966368400, -1.300000000000001600, -1.767766952966369500 ) ) ;
#2333 = B_SPLINE_CURVE_WITH_KNOTS ( 'NONE', 3,
 ( #915, #2978, #4179, #4624, #2635, #982, #3421, #3790, #2187, #2997, #534, #3403, #3807, #135, #1377, #2205, #3828, #2684 ),
 .UNSPECIFIED., .F., .F.,
 ( 4, 2, 2, 2, 2, 2, 2, 2, 4 ),
 ( 0.01058288327225925800, 0.01106046414901034500, 0.01153804502576143300, 0.01201562590251252000, 0.01249320677926360800, 0.01297078765601469500, 0.01344836853276578300, 0.01392594940951687200, 0.01440353028626795800 ),
 .UNSPECIFIED. ) ;
#2334 = VERTEX_POINT ( 'NONE', #1343 ) ;
#2335 = CARTESIAN_POINT ( 'NONE',  ( 0.0000000000000000000, -0.3000000000000042600, -2.500000000000000400 ) ) ;
#2336 = EDGE_LOOP ( 'NONE', ( #3222, #2408, #1949, #1787, #3928, #1706, #3976, #950, #3924, #3772, #3043, #1339, #2328, #4215, #307, #64, #4721, #4668, #2004, #3354, #721, #822, #4480, #1401 ) ) ;
#2337 = CARTESIAN_POINT ( 'NONE',  ( -1.980384757729329000, 1.049999999999997200, 0.8203022253684421100 ) ) ;
#2338 = CARTESIAN_POINT ( 'NONE',  ( -0.8203022253684444400, 2.049999999999996300, 1.980384757729327200 ) ) ;
#2339 = CARTESIAN_POINT ( 'NONE',  ( 1.035533905932736600, 2.449999999999998800, 2.499999999999997300 ) ) ;
#2340 = CARTESIAN_POINT ( 'NONE',  ( -1.767766952966368000, -4.100000000000002300, 1.767766952966365800 ) ) ;
#2341 = CARTESIAN_POINT ( 'NONE',  ( -1.980384757729329000, -2.950000000000003300, 0.8203022253684421100 ) ) ;
#2342 = CARTESIAN_POINT ( 'NONE',  ( -3.999999999999996400, 0.0000000000000000000, 5.999999999999999100 ) ) ;
#2343 = CARTESIAN_POINT ( 'NONE',  ( 0.0000000000000000000, -4.000000000000002700, -1.980384757729330500 ) ) ;
#2344 = CARTESIAN_POINT ( 'NONE',  ( -1.767766952966368000, 1.599999999999995400, 1.767766952966365800 ) ) ;
#2345 = CARTESIAN_POINT ( 'NONE',  ( 0.8660254037844403700, 4.799999999999998900, -1.500000000000000900 ) ) ;
#2346 = CARTESIAN_POINT ( 'NONE',  ( -1.980384757729329000, -4.550000000000003400, -0.8203022253684462100 ) ) ;
#2347 = CARTESIAN_POINT ( 'NONE',  ( 1.767766952966367800, -3.000000000000001800, 1.767766952966366400 ) ) ;
#2348 = CARTESIAN_POINT ( 'NONE',  ( -2.499999999999998700, -5.050000000000001600, -1.035533905932739300 ) ) ;
#2349 = CARTESIAN_POINT ( 'NONE',  ( 1.400343491548886800, -0.1000000000000028600, -1.400343491548887900 ) ) ;
#2350 = CARTESIAN_POINT ( 'NONE',  ( 1.980384757729328500, -0.1500000000000034400, 0.8203022253684436600 ) ) ;
#2351 = FACE_OUTER_BOUND ( 'NONE', #520, .T. ) ;
#2352 = CARTESIAN_POINT ( 'NONE',  ( -2.499999999999998700, 0.5999999999999980900, -2.011713145582856100E-015 ) ) ;
#2353 = CARTESIAN_POINT ( 'NONE',  ( 1.767766952966368400, -2.900000000000001700, -1.767766952966369500 ) ) ;
#2354 = CARTESIAN_POINT ( 'NONE',  ( 1.767766952966368400, -1.300000000000001600, -1.767766952966369500 ) ) ;
#2355 = EDGE_CURVE ( 'NONE', #1696, #5050, #2112, .T. ) ;
#2356 = APPROVAL_STATUS ( 'not_yet_approved' ) ;
#2357 = CARTESIAN_POINT ( 'NONE',  ( -1.980384757729329000, -3.050000000000002900, -0.8203022253684462100 ) ) ;
#2358 =( BOUNDED_CURVE ( )  B_SPLINE_CURVE ( 2, ( #4077, #2833, #3665, #4409, #5218, #1987, #369, #2852, #4811 ),
 .UNSPECIFIED., .F., .F. ) 
 B_SPLINE_CURVE_WITH_KNOTS ( ( 3, 2, 2, 2, 3 ),
 ( 0.5909090909090910500, 0.6022727272727274000, 0.6136363636363637600, 0.6250000000000000000, 0.6363636363636363500 ),
 .UNSPECIFIED. ) 
 CURVE ( )  GEOMETRIC_REPRESENTATION_ITEM ( )  RATIONAL_B_SPLINE_CURVE ( ( 0.9999999999999992200, 0.9238795325112875200, 1.000000000000000000, 0.9238795325112867400, 1.000000000000000000, 0.9238795325112867400, 1.000000000000000000, 0.9238795325112867400, 1.000000000000000000 ) ) 
 REPRESENTATION_ITEM ( '' )  );
#2359 = DIRECTION ( 'NONE',  ( 0.0000000000000000000, 0.0000000000000000000, -1.000000000000000000 ) ) ;
#2360 = CARTESIAN_POINT ( 'NONE',  ( 1.002879759840522400, 4.674804642854933700, 1.262961302073745400 ) ) ;
#2361 = ORIENTED_EDGE ( 'NONE', *, *, #903, .F. ) ;
#2362 = CARTESIAN_POINT ( 'NONE',  ( 1.400343491548886400, -0.3000000000000025400, 1.400343491548884800 ) ) ;
#2363 = CARTESIAN_POINT ( 'NONE',  ( -0.4697090604796220800, -0.1741190227572105300, -2.281010169160480900 ) ) ;
#2364 = FACE_OUTER_BOUND ( 'NONE', #4600, .T. ) ;
#2365 = CARTESIAN_POINT ( 'NONE',  ( 1.400343491548886400, -5.100000000000003200, 1.400343491548884800 ) ) ;
#2366 = CARTESIAN_POINT ( 'NONE',  ( 1.980384757729329000, -4.900000000000003000, -1.494841517494422500E-015 ) ) ;
#2367 = PLANE ( 'NONE',  #1981 ) ;
#2368 = ADVANCED_FACE ( 'NONE', ( #3442 ), #325, .F. ) ;
#2369 = DIRECTION ( 'NONE',  ( -0.0000000000000000000, -1.000000000000000000, -0.0000000000000000000 ) ) ;
#2370 = CARTESIAN_POINT ( 'NONE',  ( -2.499999999999998700, 0.6499999999999986900, 1.035533905932735100 ) ) ;
#2371 = CARTESIAN_POINT ( 'NONE',  ( -2.499999999999998700, 0.5499999999999984900, -1.035533905932739300 ) ) ;
#2372 = LINE ( 'NONE', #4476, #1285 ) ;
#2373 =( NAMED_UNIT ( * ) SI_UNIT ( $, .STERADIAN. ) SOLID_ANGLE_UNIT ( ) );
#2374 = CARTESIAN_POINT ( 'NONE',  ( 0.8203022253684436600, -5.150000000000002100, 1.980384757729327600 ) ) ;
#2375 = CARTESIAN_POINT ( 'NONE',  ( -3.061616997868381700E-016, 0.09999999999999592500, 2.499999999999996900 ) ) ;
#2376 = CARTESIAN_POINT ( 'NONE',  ( 0.0000000000000000000, -5.200000000000001100, -2.500000000000000400 ) ) ;
#2377 = CARTESIAN_POINT ( 'NONE',  ( 1.980384757729328500, 0.5499999999999976000, 0.8203022253684436600 ) ) ;
#2378 = VERTEX_POINT ( 'NONE', #2941 ) ;
#2379 = AXIS2_PLACEMENT_3D ( 'NONE', #2786, #3143, #5172 ) ;
#2380 = CARTESIAN_POINT ( 'NONE',  ( -1.035533905932736200, 1.349999999999995000, -2.500000000000001800 ) ) ;
#2381 = CARTESIAN_POINT ( 'NONE',  ( 1.400343491548886400, -5.900000000000002100, 1.400343491548884800 ) ) ;
#2382 = CARTESIAN_POINT ( 'NONE',  ( 1.980384757729328500, -5.650000000000003000, -0.8203022253684464400 ) ) ;
#2383 = CARTESIAN_POINT ( 'NONE',  ( 2.499999999999998700, -3.700000000000004600, -1.399389746009179600E-015 ) ) ;
#2384 = CARTESIAN_POINT ( 'NONE',  ( 1.767766952966368400, -5.300000000000001600, -1.767766952966369500 ) ) ;
#2385 = ORIENTED_EDGE ( 'NONE', *, *, #1592, .F. ) ;
#2386 = CARTESIAN_POINT ( 'NONE',  ( 1.767766952966368400, -2.100000000000001400, -1.767766952966369500 ) ) ;
#2387 = EDGE_CURVE ( 'NONE', #1813, #1678, #3252, .T. ) ;
#2388 = ORIENTED_EDGE ( 'NONE', *, *, #2466, .F. ) ;
#2389 = CARTESIAN_POINT ( 'NONE',  ( -0.8203022253684441000, -4.650000000000003900, -1.980384757729330500 ) ) ;
#2390 = CARTESIAN_POINT ( 'NONE',  ( -1.767766952966368000, -0.1000000000000020000, 1.767766952966365800 ) ) ;
#2391 = APPROVAL_STATUS ( 'not_yet_approved' ) ;
#2392 = CARTESIAN_POINT ( 'NONE',  ( -1.400343491548886400, -4.700000000000002800, -1.400343491548888400 ) ) ;
#2393 = ADVANCED_FACE ( 'NONE', ( #4705 ), #660, .F. ) ;
#2394 = CARTESIAN_POINT ( 'NONE',  ( 2.499999999999998200, -4.550000000000001600, -1.035533905932739800 ) ) ;
#2395 = EDGE_LOOP ( 'NONE', ( #3282, #3647, #909, #2385 ) ) ;
#2396 = CARTESIAN_POINT ( 'NONE',  ( -0.8203022253684444400, -0.4500000000000025600, 1.980384757729327200 ) ) ;
#2397 = CARTESIAN_POINT ( 'NONE',  ( 1.376235154422047900, 4.568274169600323700, -0.6162907893786163700 ) ) ;
#2398 = ORIENTED_EDGE ( 'NONE', *, *, #4762, .T. ) ;
#2399 = CARTESIAN_POINT ( 'NONE',  ( -1.980384757729329000, -2.850000000000002800, 0.8203022253684421100 ) ) ;
#2400 = CARTESIAN_POINT ( 'NONE',  ( 2.228094019066829500, -2.734034050497979900, -0.2287089884881976200 ) ) ;
#2401 = CARTESIAN_POINT ( 'NONE',  ( 0.0000000000000000000, 0.3999999999999984700, -2.500000000000000400 ) ) ;
#2402 = CARTESIAN_POINT ( 'NONE',  ( 1.035533905932735100, -2.050000000000001600, -2.500000000000004000 ) ) ;
#2403 = CARTESIAN_POINT ( 'NONE',  ( 1.980384757729328500, 2.349999999999996100, -0.8203022253684464400 ) ) ;
#2404 = CARTESIAN_POINT ( 'NONE',  ( 1.980384757729329000, -3.400000000000003000, -1.494841517494422500E-015 ) ) ;
#2405 = CARTESIAN_POINT ( 'NONE',  ( 0.8203022253684454400, -3.950000000000004200, -1.980384757729330100 ) ) ;
#2406 = CARTESIAN_POINT ( 'NONE',  ( 0.0000000000000000000, 1.199999999999998800, -2.500000000000000400 ) ) ;
#2407 = CARTESIAN_POINT ( 'NONE',  ( 0.0000000000000000000, -4.800000000000003400, -1.980384757729330500 ) ) ;
#2408 = ORIENTED_EDGE ( 'NONE', *, *, #3002, .F. ) ;
#2409 = AXIS2_PLACEMENT_3D ( 'NONE', #2610, #132, #4212 ) ;
#2410 = CARTESIAN_POINT ( 'NONE',  ( -3.061616997868381700E-016, -0.7000000000000044000, 2.499999999999996900 ) ) ;
#2411 = CARTESIAN_POINT ( 'NONE',  ( 1.935147129318253400, -2.480384757729333400, -0.4407081722938333600 ) ) ;
#2412 = CARTESIAN_POINT ( 'NONE',  ( 1.980384757729329000, -1.800000000000002900, -1.494841517494422500E-015 ) ) ;
#2413 = PERSON_AND_ORGANIZATION ( #2839, #2792 ) ;
#2414 = CARTESIAN_POINT ( 'NONE',  ( 0.0000000000000000000, -4.000000000000002700, -1.980384757729330500 ) ) ;
#2415 = CARTESIAN_POINT ( 'NONE',  ( -1.400343491548886400, -5.400000000000003900, -1.400343491548888400 ) ) ;
#2416 = CARTESIAN_POINT ( 'NONE',  ( 1.795106690738735000, -2.597309096380982800, -1.096381755316893500 ) ) ;
#2417 = AXIS2_PLACEMENT_3D ( 'NONE', #301, #3146, #3517 ) ;
#2418 = CARTESIAN_POINT ( 'NONE',  ( 1.400343491548886400, -5.800000000000003400, 1.400343491548884800 ) ) ;
#2419 = EDGE_CURVE ( 'NONE', #4989, #1746, #2742, .T. ) ;
#2420 = ADVANCED_FACE ( 'NONE', ( #1075 ), #4197, .T. ) ;
#2421 = LINE ( 'NONE', #5273, #3616 ) ;
#2422 = VERTEX_POINT ( 'NONE', #3544 ) ;
#2423 = CARTESIAN_POINT ( 'NONE',  ( 0.0000000000000000000, -2.000000000000001800, -2.500000000000000400 ) ) ;
#2424 = CARTESIAN_POINT ( 'NONE',  ( 1.980384757729328500, -5.650000000000003000, -0.8203022253684465500 ) ) ;
#2425 = CARTESIAN_POINT ( 'NONE',  ( 1.980384757729328500, -4.950000000000003700, -0.8203022253684464400 ) ) ;
#2426 =( BOUNDED_CURVE ( )  B_SPLINE_CURVE ( 2, ( #3385, #4610, #5008, #2189, #4977, #2582, #4219, #557, #966 ),
 .UNSPECIFIED., .F., .F. ) 
 B_SPLINE_CURVE_WITH_KNOTS ( ( 3, 2, 2, 2, 3 ),
 ( 0.4545454545454545900, 0.4659090909090909400, 0.4772727272727272900, 0.4886363636363636500, 0.5000000000000000000 ),
 .UNSPECIFIED. ) 
 CURVE ( )  GEOMETRIC_REPRESENTATION_ITEM ( )  RATIONAL_B_SPLINE_CURVE ( ( 0.9999999999999996700, 0.9238795325112870700, 1.000000000000000000, 0.9238795325112867400, 1.000000000000000000, 0.9238795325112867400, 1.000000000000000000, 0.9238795325112867400, 1.000000000000000000 ) ) 
 REPRESENTATION_ITEM ( '' )  );
#2427 = CARTESIAN_POINT ( 'NONE',  ( -1.400343491548886400, -6.200000000000002800, -1.400343491548888400 ) ) ;
#2428 = CYLINDRICAL_SURFACE ( 'NONE', #2417, 4.599999999999999600 ) ;
#2429 = CARTESIAN_POINT ( 'NONE',  ( 1.767766952966367800, 1.699999999999998400, 1.767766952966366400 ) ) ;
#2430 = AXIS2_PLACEMENT_3D ( 'NONE', #3145, #2260, #2292 ) ;
#2431 = CARTESIAN_POINT ( 'NONE',  ( 1.980384757729329000, -1.800000000000002900, -1.494841517494422500E-015 ) ) ;
#2432 = CARTESIAN_POINT ( 'NONE',  ( -2.499999999999998700, -3.350000000000002300, 1.035533905932735100 ) ) ;
#2433 = CARTESIAN_POINT ( 'NONE',  ( -2.499999999999998700, -0.1500000000000043000, -1.035533905932739300 ) ) ;
#2434 = CARTESIAN_POINT ( 'NONE',  ( 0.8203022253684436600, -0.3500000000000022000, 1.980384757729327600 ) ) ;
#2435 = DESIGN_CONTEXT ( 'detailed design', #1152, 'design' ) ;
#2436 = DIRECTION ( 'NONE',  ( -0.0000000000000000000, -1.000000000000000000, -3.097720492815726700E-016 ) ) ;
#2437 = CARTESIAN_POINT ( 'NONE',  ( -2.482107910379194300E-016, -5.873205080756888700, 2.026794919243109000 ) ) ;
#2438 = CARTESIAN_POINT ( 'NONE',  ( -1.400343491548886600, -2.900000000000003000, 1.400343491548884400 ) ) ;
#2439 = CARTESIAN_POINT ( 'NONE',  ( 0.8203022253684454400, -1.550000000000004000, -1.980384757729330100 ) ) ;
#2440 = FACE_OUTER_BOUND ( 'NONE', #1886, .T. ) ;
#2441 = CARTESIAN_POINT ( 'NONE',  ( -3.061616997868381700E-016, -1.600000000000001600, 2.499999999999996900 ) ) ;
#2442 = CARTESIAN_POINT ( 'NONE',  ( -1.980384757729329000, -5.350000000000003200, -0.8203022253684462100 ) ) ;
#2443 = CARTESIAN_POINT ( 'NONE',  ( 0.0000000000000000000, 4.799999999999998900, 8.673617379884034500E-016 ) ) ;
#2444 = CARTESIAN_POINT ( 'NONE',  ( -2.425271854633429100E-016, -5.100000000000004100, 1.980384757729327200 ) ) ;
#2445 = VERTEX_POINT ( 'NONE', #192 ) ;
#2446 = CARTESIAN_POINT ( 'NONE',  ( -1.980384757729329000, -2.250000000000002700, -0.8203022253684462100 ) ) ;
#2447 = CARTESIAN_POINT ( 'NONE',  ( -1.980384757729329000, -3.700000000000003300, -1.979895888421108300E-015 ) ) ;
#2448 = CARTESIAN_POINT ( 'NONE',  ( 2.499999999999998200, 2.549999999999998500, 1.035533905932736600 ) ) ;
#2449 = CARTESIAN_POINT ( 'NONE',  ( -1.980384757729329000, -1.350000000000002300, 0.8203022253684421100 ) ) ;
#2450 = VERTEX_POINT ( 'NONE', #2685 ) ;
#2451 = ADVANCED_FACE ( 'NONE', ( #2049, #5266 ), #1521, .T. ) ;
#2452 = CARTESIAN_POINT ( 'NONE',  ( -2.518140525871088400E-016, -0.4437822173508956200, 2.056217782649097700 ) ) ;
#2453 = CARTESIAN_POINT ( 'NONE',  ( 1.619945494829089700, -2.480384757729333000, -1.146545784842321700 ) ) ;
#2454 = CARTESIAN_POINT ( 'NONE',  ( 1.400343491548886400, 2.099999999999997900, 1.400343491548884800 ) ) ;
#2455 = AXIS2_PLACEMENT_3D ( 'NONE', #1948, #315, #3576 ) ;
#2456 = DIRECTION ( 'NONE',  ( 0.0000000000000000000, -1.000000000000000000, 0.0000000000000000000 ) ) ;
#2457 = EDGE_CURVE ( 'NONE', #5226, #226, #3147, .T. ) ;
#2458 = ORIENTED_EDGE ( 'NONE', *, *, #870, .F. ) ;
#2459 = CARTESIAN_POINT ( 'NONE',  ( 0.9625855721979713600, -0.2254767912895081800, -2.065748079427145900 ) ) ;
#2460 = CARTESIAN_POINT ( 'NONE',  ( -0.8203022253684444400, -2.050000000000002000, 1.980384757729327200 ) ) ;
#2461 = CARTESIAN_POINT ( 'NONE',  ( -0.8203022253684441000, -2.250000000000003600, -1.980384757729330500 ) ) ;
#2462 = CARTESIAN_POINT ( 'NONE',  ( 1.162573365231606800, -5.919615242270667800, 1.603230164106421700 ) ) ;
#2463 = CARTESIAN_POINT ( 'NONE',  ( -1.980384757729329000, -5.250000000000002700, 0.8203022253684421100 ) ) ;
#2464 = ORIENTED_EDGE ( 'NONE', *, *, #310, .F. ) ;
#2465 = CARTESIAN_POINT ( 'NONE',  ( 1.400343491548886800, -3.200000000000003300, -1.400343491548887900 ) ) ;
#2466 = EDGE_CURVE ( 'NONE', #3782, #515, #3125, .T. ) ;
#2467 = CARTESIAN_POINT ( 'NONE',  ( 1.980384757729329000, -5.000000000000002700, -1.494841517494422500E-015 ) ) ;
#2468 = CARTESIAN_POINT ( 'NONE',  ( -2.425271854633429100E-016, -5.100000000000004100, 1.980384757729327200 ) ) ;
#2469 = ORIENTED_EDGE ( 'NONE', *, *, #4619, .F. ) ;
#2470 = CARTESIAN_POINT ( 'NONE',  ( -2.425271854633429100E-016, -4.300000000000003400, 1.980384757729327200 ) ) ;
#2471 = CARTESIAN_POINT ( 'NONE',  ( -1.400343491548886600, 0.2999999999999973200, 1.400343491548884400 ) ) ;
#2472 = CARTESIAN_POINT ( 'NONE',  ( -1.980384757729329000, -2.050000000000003400, 0.8203022253684421100 ) ) ;
#2473 = CARTESIAN_POINT ( 'NONE',  ( -1.035533905932737300, -1.550000000000004500, 2.499999999999996900 ) ) ;
#2474 = CARTESIAN_POINT ( 'NONE',  ( 0.0000000000000000000, -0.1901923788646720000, -2.309807621135329600 ) ) ;
#2475 = CARTESIAN_POINT ( 'NONE',  ( 1.400343491548886800, -2.500000000000002700, -1.400343491548887900 ) ) ;
#2476 = CARTESIAN_POINT ( 'NONE',  ( 1.400343491548886400, 0.5999999999999972000, 1.400343491548884800 ) ) ;
#2477 = CARTESIAN_POINT ( 'NONE',  ( -1.920282800909332200, 1.728118621241654400, -0.6920383044126109400 ) ) ;
#2478 = CARTESIAN_POINT ( 'NONE',  ( -1.400343491548886600, -5.200000000000002800, 1.400343491548884400 ) ) ;
#2479 = ADVANCED_FACE ( 'NONE', ( #2364 ), #1005, .T. ) ;
#2480 = CARTESIAN_POINT ( 'NONE',  ( -0.8203022253684441000, -3.050000000000003400, -1.980384757729330500 ) ) ;
#2481 = CARTESIAN_POINT ( 'NONE',  ( -0.8203022253684441000, -3.150000000000002600, -1.980384757729330500 ) ) ;
#2482 = CARTESIAN_POINT ( 'NONE',  ( -1.980384757729329000, -1.250000000000003100, 0.8203022253684421100 ) ) ;
#2483 = CARTESIAN_POINT ( 'NONE',  ( -0.8203022253684441000, -5.450000000000004600, -1.980384757729330500 ) ) ;
#2484 = CARTESIAN_POINT ( 'NONE',  ( -1.980384757729329000, 0.1999999999999970700, -1.979895888421108300E-015 ) ) ;
#2485 = AXIS2_PLACEMENT_3D ( 'NONE', #1453, #4294, #3089 ) ;
#2486 = CARTESIAN_POINT ( 'NONE',  ( -1.046620132320067900, -0.4880845204829720200, 1.725498289687587200 ) ) ;
#2487 = DIRECTION ( 'NONE',  ( 0.0000000000000000000, 1.000000000000000000, 3.097720492815721700E-016 ) ) ;
#2488 = CARTESIAN_POINT ( 'NONE',  ( 0.0000000000000000000, 1.599999999999997200, -1.980384757729330500 ) ) ;
#2489 = CARTESIAN_POINT ( 'NONE',  ( -1.035533905932735300, -4.350000000000001400, -2.500000000000002700 ) ) ;
#2490 = CARTESIAN_POINT ( 'NONE',  ( -2.499999999999998700, -0.9500000000000047300, -1.035533905932739300 ) ) ;
#2491 = CARTESIAN_POINT ( 'NONE',  ( 1.431188671321766100, -5.663230128639652200, 1.725252181573341300 ) ) ;
#2492 = CYLINDRICAL_SURFACE ( 'NONE', #4616, 2.499999999999998200 ) ;
#2493 = VERTEX_POINT ( 'NONE', #5151 ) ;
#2494 = CARTESIAN_POINT ( 'NONE',  ( -1.400343491548886600, -1.300000000000002500, 1.400343491548884400 ) ) ;
#2495 = CARTESIAN_POINT ( 'NONE',  ( 1.980384757729329000, -1.700000000000003500, -1.494841517494422500E-015 ) ) ;
#2496 = CARTESIAN_POINT ( 'NONE',  ( -1.146211182010441900, 4.592603136679531200, -1.014703996554334500 ) ) ;
#2497 = CC_DESIGN_PERSON_AND_ORGANIZATION_ASSIGNMENT ( #3610, #3935, ( #4832 ) ) ;
#2498 = CARTESIAN_POINT ( 'NONE',  ( -1.035533905932737300, 0.7499999999999981100, 2.499999999999996900 ) ) ;
#2499 = EDGE_CURVE ( 'NONE', #2588, #4657, #5017, .T. ) ;
#2500 = MANIFOLD_SOLID_BREP ( 'Cut-Extrude4', #2898 ) ;
#2501 = FACE_OUTER_BOUND ( 'NONE', #2993, .T. ) ;
#2502 = CARTESIAN_POINT ( 'NONE',  ( -2.499999999999998700, -1.800000000000001200, -2.011713145582856100E-015 ) ) ;
#2503 = CARTESIAN_POINT ( 'NONE',  ( -2.425271854633429100E-016, -1.900000000000003200, 1.980384757729327200 ) ) ;
#2504 = CARTESIAN_POINT ( 'NONE',  ( -0.8203022253684444400, -0.4500000000000025600, 1.980384757729327200 ) ) ;
#2505 = CARTESIAN_POINT ( 'NONE',  ( -1.400343491548886400, -0.6000000000000033100, -1.400343491548888400 ) ) ;
#2506 = CARTESIAN_POINT ( 'NONE',  ( -2.499999999999998700, 2.199999999999998800, -2.011713145582856100E-015 ) ) ;
#2507 = VECTOR ( 'NONE', #1402, 1000.000000000000000 ) ;
#2508 = CARTESIAN_POINT ( 'NONE',  ( -2.425271854633429100E-016, -2.000000000000002700, 1.980384757729327200 ) ) ;
#2509 = ADVANCED_FACE ( 'NONE', ( #1345 ), #1535, .T. ) ;
#2510 = CARTESIAN_POINT ( 'NONE',  ( 0.0000000000000000000, -6.000000000000001800, -2.478176394252581300E-015 ) ) ;
#2511 = CARTESIAN_POINT ( 'NONE',  ( -2.499999999999998700, -1.650000000000003900, 1.035533905932735100 ) ) ;
#2512 = CYLINDRICAL_SURFACE ( 'NONE', #106, 2.499999999999998200 ) ;
#2513 = CARTESIAN_POINT ( 'NONE',  ( -2.499999999999998700, -2.500000000000004000, -2.011713145582856100E-015 ) ) ;
#2514 = CARTESIAN_POINT ( 'NONE',  ( 1.767766952966368400, -2.800000000000004300, -1.767766952966369500 ) ) ;
#2515 = CARTESIAN_POINT ( 'NONE',  ( -1.767766952966368000, 1.499999999999998700, 1.767766952966365800 ) ) ;
#2516 = CARTESIAN_POINT ( 'NONE',  ( -2.425271854633429100E-016, 0.3999999999999975800, 1.980384757729327200 ) ) ;
#2517 = CARTESIAN_POINT ( 'NONE',  ( 1.980384757729329000, -0.1000000000000028600, -1.494841517494422500E-015 ) ) ;
#2518 = CARTESIAN_POINT ( 'NONE',  ( -1.565699377121384300, 1.706769557360456000, -1.251569567294019500 ) ) ;
#2519 = CARTESIAN_POINT ( 'NONE',  ( 0.0000000000000000000, -2.300000000000003400, -1.980384757729330500 ) ) ;
#2520 = ORIENTED_EDGE ( 'NONE', *, *, #2387, .T. ) ;
#2521 = CARTESIAN_POINT ( 'NONE',  ( -0.7318455913397558000, 4.732910093777654500, -1.499999999999999100 ) ) ;
#2522 = CARTESIAN_POINT ( 'NONE',  ( -1.400343491548886400, -2.200000000000003300, -1.400343491548888400 ) ) ;
#2523 = CARTESIAN_POINT ( 'NONE',  ( 1.980384757729328500, -1.050000000000002300, 0.8203022253684436600 ) ) ;
#2524 = ORIENTED_EDGE ( 'NONE', *, *, #3275, .T. ) ;
#2525 = CARTESIAN_POINT ( 'NONE',  ( -1.400343491548886400, -1.400000000000003700, -1.400343491548888400 ) ) ;
#2526 = CARTESIAN_POINT ( 'NONE',  ( -1.767766952966367800, -6.600000000000004100, -1.767766952966370000 ) ) ;
#2527 = CARTESIAN_POINT ( 'NONE',  ( -1.980384757729329000, -4.600000000000002300, -1.979895888421108300E-015 ) ) ;
#2528 = ORIENTED_EDGE ( 'NONE', *, *, #3540, .F. ) ;
#2529 = CARTESIAN_POINT ( 'NONE',  ( 0.0000000000000000000, -1.100000000000004500, -2.500000000000000400 ) ) ;
#2530 = CARTESIAN_POINT ( 'NONE',  ( -0.1506528104509102800, -5.468129082147535200, 2.431870917853879100 ) ) ;
#2531 = ORIENTED_EDGE ( 'NONE', *, *, #2191, .T. ) ;
#2532 = CARTESIAN_POINT ( 'NONE',  ( -0.8203022253684444400, -0.4500000000000025600, 1.980384757729327200 ) ) ;
#2533 = CARTESIAN_POINT ( 'NONE',  ( 0.8203022253684454400, -5.650000000000003000, -1.980384757729330100 ) ) ;
#2534 = DIRECTION ( 'NONE',  ( -0.0000000000000000000, -1.000000000000000000, -3.097720492815726700E-016 ) ) ;
#2535 = CARTESIAN_POINT ( 'NONE',  ( -0.8203022253684441000, -3.050000000000003400, -1.980384757729330500 ) ) ;
#2536 = CARTESIAN_POINT ( 'NONE',  ( -1.400343491548886400, -3.000000000000003600, -1.400343491548888400 ) ) ;
#2537 = ORIENTED_EDGE ( 'NONE', *, *, #755, .T. ) ;
#2538 = CARTESIAN_POINT ( 'NONE',  ( 0.8203022253684454400, -0.8500000000000027500, -1.980384757729330100 ) ) ;
#2539 = CARTESIAN_POINT ( 'NONE',  ( 1.400343491548886400, -2.600000000000003200, 1.400343491548884800 ) ) ;
#2540 = CARTESIAN_POINT ( 'NONE',  ( 1.767766952966367800, -5.400000000000004800, 1.767766952966366400 ) ) ;
#2541 = CARTESIAN_POINT ( 'NONE',  ( 1.648926487092470500, -5.404991856659695900, 1.879547867450706900 ) ) ;
#2542 = CARTESIAN_POINT ( 'NONE',  ( -2.499999999999998700, -5.000000000000001800, -2.011713145582856100E-015 ) ) ;
#2543 = CARTESIAN_POINT ( 'NONE',  ( -2.499999999999998700, -0.9500000000000047300, -1.035533905932739300 ) ) ;
#2544 = CARTESIAN_POINT ( 'NONE',  ( 1.035533905932736600, -3.050000000000005200, 2.499999999999997300 ) ) ;
#2545 = CARTESIAN_POINT ( 'NONE',  ( 2.349433091649721000E-011, -5.463397459620820100, 2.436602540379173100 ) ) ;
#2546 = CARTESIAN_POINT ( 'NONE',  ( -2.425271854633429100E-016, 1.199999999999997100, 1.980384757729327200 ) ) ;
#2547 = CARTESIAN_POINT ( 'NONE',  ( 1.980384757729328500, -5.850000000000003200, 0.8203022253684436600 ) ) ;
#2548 = CARTESIAN_POINT ( 'NONE',  ( 0.8203022253684436600, -1.050000000000003200, 1.980384757729327600 ) ) ;
#2549 = VECTOR ( 'NONE', #3439, 1000.000000000000000 ) ;
#2550 = CARTESIAN_POINT ( 'NONE',  ( 0.8203022253684436600, -0.2500000000000028300, 1.980384757729327600 ) ) ;
#2551 = CARTESIAN_POINT ( 'NONE',  ( 0.8203022253684436600, -0.3500000000000022000, 1.980384757729327600 ) ) ;
#2552 = CARTESIAN_POINT ( 'NONE',  ( -1.980384757729329000, -2.150000000000003500, -0.8203022253684462100 ) ) ;
#2553 = CARTESIAN_POINT ( 'NONE',  ( 0.8203022253684454400, 1.549999999999997400, -1.980384757729330100 ) ) ;
#2554 = CARTESIAN_POINT ( 'NONE',  ( 2.349433091649721000E-011, -5.463397459620820100, 2.436602540379173100 ) ) ;
#2555 =( BOUNDED_CURVE ( )  B_SPLINE_CURVE ( 2, ( #1049, #4717, #2692, #3912, #1479, #232, #3894, #3111, #3096 ),
 .UNSPECIFIED., .F., .F. ) 
 B_SPLINE_CURVE_WITH_KNOTS ( ( 3, 2, 2, 2, 3 ),
 ( 0.8636363636363636500, 0.8750000000000000000, 0.8863636363636364600, 0.8977272727272728200, 0.9090909090909091700 ),
 .UNSPECIFIED. ) 
 CURVE ( )  GEOMETRIC_REPRESENTATION_ITEM ( )  RATIONAL_B_SPLINE_CURVE ( ( 1.000000000000000000, 0.9238795325112867400, 1.000000000000000000, 0.9238795325112867400, 1.000000000000000000, 0.9238795325112867400, 1.000000000000000000, 0.9238795325112859600, 1.000000000000000700 ) ) 
 REPRESENTATION_ITEM ( '' )  );
#2556 = CARTESIAN_POINT ( 'NONE',  ( 1.400343491548886800, -0.8000000000000029300, -1.400343491548887900 ) ) ;
#2557 = LINE ( 'NONE', #398, #3685 ) ;
#2558 = ORIENTED_EDGE ( 'NONE', *, *, #4292, .F. ) ;
#2559 = DIRECTION ( 'NONE',  ( 0.0000000000000000000, 1.000000000000000000, -0.0000000000000000000 ) ) ;
#2560 = CARTESIAN_POINT ( 'NONE',  ( -1.767766952966368000, -2.400000000000004400, 1.767766952966365800 ) ) ;
#2561 = CARTESIAN_POINT ( 'NONE',  ( 2.499999999999998700, 1.899999999999995500, -1.399389746009179600E-015 ) ) ;
#2562 = CARTESIAN_POINT ( 'NONE',  ( 1.029619306497229400, -5.724081035673000500, 1.922601607992171500 ) ) ;
#2563 = CARTESIAN_POINT ( 'NONE',  ( -0.8203022253684444400, 0.3499999999999970400, 1.980384757729327200 ) ) ;
#2564 = CARTESIAN_POINT ( 'NONE',  ( 1.400343491548886800, 2.399999999999997700, -1.400343491548887900 ) ) ;
#2565 = CONICAL_SURFACE ( 'NONE', #5247, 1.899999999999996400, 0.7853981633974458400 ) ;
#2566 = CARTESIAN_POINT ( 'NONE',  ( -1.767766952966367800, -1.100000000000002100, -1.767766952966370000 ) ) ;
#2567 = CARTESIAN_POINT ( 'NONE',  ( -1.400343491548886600, -3.600000000000003200, 1.400343491548884400 ) ) ;
#2568 = EDGE_CURVE ( 'NONE', #3782, #2700, #3303, .T. ) ;
#2569 = CARTESIAN_POINT ( 'NONE',  ( 1.400343491548886800, -3.469446951953614200E-015, -1.400343491548887900 ) ) ;
#2570 = FACE_OUTER_BOUND ( 'NONE', #1938, .T. ) ;
#2571 = CARTESIAN_POINT ( 'NONE',  ( 1.980384757729328500, -0.9500000000000029500, -0.8203022253684464400 ) ) ;
#2572 = CARTESIAN_POINT ( 'NONE',  ( 1.980384757729328500, -0.05000000000000317400, -0.8203022253684464400 ) ) ;
#2573 = CARTESIAN_POINT ( 'NONE',  ( -2.499999999999998700, -5.700000000000004600, -2.011713145582856100E-015 ) ) ;
#2574 = EDGE_LOOP ( 'NONE', ( #4028, #241, #786, #2531 ) ) ;
#2575 = CARTESIAN_POINT ( 'NONE',  ( 1.980384757729328500, -4.950000000000002000, -0.8203022253684465500 ) ) ;
#2576 = CARTESIAN_POINT ( 'NONE',  ( 0.0000000000000000000, -1.500000000000003100, -1.980384757729330500 ) ) ;
#2577 = CARTESIAN_POINT ( 'NONE',  ( 1.767766952966368400, -5.300000000000001600, -1.767766952966369500 ) ) ;
#2578 = ORIENTED_EDGE ( 'NONE', *, *, #2151, .T. ) ;
#2579 = CARTESIAN_POINT ( 'NONE',  ( -3.061616997868381700E-016, 0.09999999999999592500, 2.499999999999996900 ) ) ;
#2580 = CARTESIAN_POINT ( 'NONE',  ( -1.749548774883448000, -5.645806588762999600, -1.429498191254024600 ) ) ;
#2581 = CARTESIAN_POINT ( 'NONE',  ( -1.767766952966367800, -6.600000000000004100, -1.767766952966370000 ) ) ;
#2582 = CARTESIAN_POINT ( 'NONE',  ( -2.499999999999998700, -1.750000000000001600, 1.035533905932735100 ) ) ;
#2583 = CARTESIAN_POINT ( 'NONE',  ( 1.980384757729328500, 0.7499999999999973400, -0.8203022253684464400 ) ) ;
#2584 = ORIENTED_EDGE ( 'NONE', *, *, #2419, .F. ) ;
#2585 = CARTESIAN_POINT ( 'NONE',  ( -1.400343491548886400, -1.400000000000003700, -1.400343491548888400 ) ) ;
#2586 = CARTESIAN_POINT ( 'NONE',  ( -2.425271854633429100E-016, 1.199999999999997100, 1.980384757729327200 ) ) ;
#2587 = AXIS2_PLACEMENT_3D ( 'NONE', #5077, #2666, #3805 ) ;
#2588 = VERTEX_POINT ( 'NONE', #4777 ) ;
#2589 = CARTESIAN_POINT ( 'NONE',  ( 0.0000000000000000000, -6.700000000000004600, -2.500000000000000400 ) ) ;
#2590 = PLANE ( 'NONE',  #3025 ) ;
#2591 = CARTESIAN_POINT ( 'NONE',  ( -1.980384757729329000, -6.100000000000004100, -1.979895888421108300E-015 ) ) ;
#2592 = CARTESIAN_POINT ( 'NONE',  ( 0.7200552639612194400, -2.591431596632323600, 1.969188146999022400 ) ) ;
#2593 =( BOUNDED_CURVE ( )  B_SPLINE_CURVE ( 2, ( #1147, #306, #2028, #4386, #4415, #3618, #1595, #3635, #4011 ),
 .UNSPECIFIED., .F., .F. ) 
 B_SPLINE_CURVE_WITH_KNOTS ( ( 3, 2, 2, 2, 3 ),
 ( 0.6363636363636363500, 0.6477272727272727100, 0.6590909090909091700, 0.6704545454545456400, 0.6818181818181819900 ),
 .UNSPECIFIED. ) 
 CURVE ( )  GEOMETRIC_REPRESENTATION_ITEM ( )  RATIONAL_B_SPLINE_CURVE ( ( 1.000000000000000000, 0.9238795325112867400, 1.000000000000000000, 0.9238795325112867400, 1.000000000000000000, 0.9238795325112867400, 1.000000000000000000, 0.9238795325112853000, 1.000000000000001600 ) ) 
 REPRESENTATION_ITEM ( '' )  );
#2594 = ORIENTED_EDGE ( 'NONE', *, *, #3103, .T. ) ;
#2595 = CARTESIAN_POINT ( 'NONE',  ( -2.499999999999998700, -5.800000000000002500, -2.011713145582856100E-015 ) ) ;
#2596 = CARTESIAN_POINT ( 'NONE',  ( 1.767766952966368400, -0.4000000000000045200, -1.767766952966369500 ) ) ;
#2597 = EDGE_CURVE ( 'NONE', #3148, #2450, #1411, .T. ) ;
#2598 = CARTESIAN_POINT ( 'NONE',  ( 2.499999999999998200, 0.2499999999999958900, 1.035533905932736600 ) ) ;
#2599 = CARTESIAN_POINT ( 'NONE',  ( 1.035533905932736600, -4.650000000000005700, 2.499999999999997300 ) ) ;
#2600 = CARTESIAN_POINT ( 'NONE',  ( 1.690969247666860300, 1.901485062634545900, 1.617005895998162600 ) ) ;
#2601 = CARTESIAN_POINT ( 'NONE',  ( 0.8203022253684436600, 1.349999999999997000, 1.980384757729327600 ) ) ;
#2602 = CARTESIAN_POINT ( 'NONE',  ( 1.980384757729328500, -0.8500000000000035300, -0.8203022253684465500 ) ) ;
#2603 = CARTESIAN_POINT ( 'NONE',  ( 1.400343491548886400, 2.099999999999997900, 1.400343491548884800 ) ) ;
#2604 = DIRECTION ( 'NONE',  ( 0.0000000000000000000, 0.0000000000000000000, -1.000000000000000000 ) ) ;
#2605 = CARTESIAN_POINT ( 'NONE',  ( 1.400343491548886400, 2.199999999999997100, 1.400343491548884800 ) ) ;
#2606 = CARTESIAN_POINT ( 'NONE',  ( -2.499999999999998700, -4.100000000000005000, -2.011713145582856100E-015 ) ) ;
#2607 = CARTESIAN_POINT ( 'NONE',  ( 1.400343491548886800, -1.700000000000002600, -1.400343491548887900 ) ) ;
#2608 = CARTESIAN_POINT ( 'NONE',  ( -0.8203022253684441000, -1.450000000000003300, -1.980384757729330500 ) ) ;
#2609 = COORDINATED_UNIVERSAL_TIME_OFFSET ( 6, 0, .BEHIND. ) ;
#2610 = CARTESIAN_POINT ( 'NONE',  ( 0.0000000000000000000, 1.999999999999998200, 0.0000000000000000000 ) ) ;
#2611 = CARTESIAN_POINT ( 'NONE',  ( -3.061616997868381700E-016, -0.7000000000000044000, 2.499999999999996900 ) ) ;
#2612 = CARTESIAN_POINT ( 'NONE',  ( -1.767766952966368000, 0.7999999999999960500, 1.767766952966365800 ) ) ;
#2613 = CARTESIAN_POINT ( 'NONE',  ( 3.999999999999998200, -2.000000000000001800, -6.000000000000000900 ) ) ;
#2614 = FACE_OUTER_BOUND ( 'NONE', #287, .T. ) ;
#2615 = CARTESIAN_POINT ( 'NONE',  ( -2.499999999999998700, -5.750000000000003600, -1.035533905932739300 ) ) ;
#2616 = DIRECTION ( 'NONE',  ( -0.0000000000000000000, 1.000000000000000000, -0.0000000000000000000 ) ) ;
#2617 = CARTESIAN_POINT ( 'NONE',  ( 1.400343491548886800, 0.7999999999999969400, -1.400343491548887900 ) ) ;
#2618 = FACE_OUTER_BOUND ( 'NONE', #1473, .T. ) ;
#2619 = EDGE_LOOP ( 'NONE', ( #4441, #4612, #633, #2836 ) ) ;
#2620 = CARTESIAN_POINT ( 'NONE',  ( -2.425271854633429100E-016, 0.4999999999999970000, 1.980384757729327200 ) ) ;
#2621 = CARTESIAN_POINT ( 'NONE',  ( 0.8203022253684454400, 1.549999999999997400, -1.980384757729330100 ) ) ;
#2622 = DIRECTION ( 'NONE',  ( 0.0000000000000000000, 0.0000000000000000000, 1.000000000000000000 ) ) ;
#2623 = CARTESIAN_POINT ( 'NONE',  ( 1.980384757729329000, 2.299999999999996300, -1.494841517494422500E-015 ) ) ;
#2624 = ORIENTED_EDGE ( 'NONE', *, *, #457, .F. ) ;
#2625 = VECTOR ( 'NONE', #4807, 1000.000000000000100 ) ;
#2626 = CARTESIAN_POINT ( 'NONE',  ( 1.767766952966367800, -2.200000000000004200, 1.767766952966366400 ) ) ;
#2627 = AXIS2_PLACEMENT_3D ( 'NONE', #3937, #1507, #4341 ) ;
#2628 = CARTESIAN_POINT ( 'NONE',  ( 0.8203022253684455500, -4.050000000000003400, -1.980384757729330100 ) ) ;
#2629 = CARTESIAN_POINT ( 'NONE',  ( -2.425271854633429100E-016, -3.500000000000003600, 1.980384757729327200 ) ) ;
#2630 = EDGE_CURVE ( 'NONE', #4288, #1550, #4446, .T. ) ;
#2631 = CARTESIAN_POINT ( 'NONE',  ( 0.2961684675929894300, -2.608645390929068300, 2.092907036545534400 ) ) ;
#2632 = CARTESIAN_POINT ( 'NONE',  ( -1.035533905932737300, -1.650000000000001500, 2.499999999999996900 ) ) ;
#2633 = FACE_OUTER_BOUND ( 'NONE', #4106, .T. ) ;
#2634 = CARTESIAN_POINT ( 'NONE',  ( -1.603230164106409100, -0.5196152422706671300, 1.162573365231625700 ) ) ;
#2635 = CARTESIAN_POINT ( 'NONE',  ( 0.7878600744280008800, -2.900021923555788500, -2.272641761061555200 ) ) ;
#2636 = CARTESIAN_POINT ( 'NONE',  ( 1.767766952966368400, -5.200000000000004600, -1.767766952966369500 ) ) ;
#2637 = CARTESIAN_POINT ( 'NONE',  ( 1.151728462375804000, 1.883510839136505000, 2.000825723235372300 ) ) ;
#2638 = CARTESIAN_POINT ( 'NONE',  ( -0.8203022253684441000, 0.1499999999999965000, -1.980384757729330500 ) ) ;
#2639 = EDGE_CURVE ( 'NONE', #1557, #1995, #357, .T. ) ;
#2640 = VECTOR ( 'NONE', #1547, 1000.000000000000000 ) ;
#2641 = CARTESIAN_POINT ( 'NONE',  ( 1.767766952966368400, -0.5000000000000013300, -1.767766952966369500 ) ) ;
#2642 = ORIENTED_EDGE ( 'NONE', *, *, #4819, .F. ) ;
#2643 = CARTESIAN_POINT ( 'NONE',  ( 0.8203022253684454400, 0.8499999999999966500, -1.980384757729330100 ) ) ;
#2644 = CARTESIAN_POINT ( 'NONE',  ( 2.499999999999998200, -3.750000000000004400, 1.035533905932736600 ) ) ;
#2645 = CARTESIAN_POINT ( 'NONE',  ( 0.8203022253684436600, -4.350000000000003200, 1.980384757729327600 ) ) ;
#2646 = CARTESIAN_POINT ( 'NONE',  ( 1.980384757729328500, -4.050000000000003400, -0.8203022253684464400 ) ) ;
#2647 = ORIENTED_EDGE ( 'NONE', *, *, #523, .T. ) ;
#2648 = CARTESIAN_POINT ( 'NONE',  ( -2.499999999999998700, -1.000000000000001800, -2.011713145582856100E-015 ) ) ;
#2649 = CARTESIAN_POINT ( 'NONE',  ( 1.035533905932738900, -0.3500000000000039700, -2.500000000000000400 ) ) ;
#2650 = CARTESIAN_POINT ( 'NONE',  ( 2.499999999999998700, -2.100000000000004500, -1.399389746009179600E-015 ) ) ;
#2651 = CARTESIAN_POINT ( 'NONE',  ( -3.061616997868381700E-016, -4.700000000000004600, 2.499999999999996900 ) ) ;
#2652 = VERTEX_POINT ( 'NONE', #4392 ) ;
#2653 = CARTESIAN_POINT ( 'NONE',  ( 2.499999999999998700, -4.500000000000003600, -1.399389746009179600E-015 ) ) ;
#2654 = CARTESIAN_POINT ( 'NONE',  ( 4.000000000000001800, -2.000000000000001800, 5.999999999999998200 ) ) ;
#2655 = CARTESIAN_POINT ( 'NONE',  ( 1.980384757729329000, 0.6999999999999966200, -1.494841517494422500E-015 ) ) ;
#2656 = CARTESIAN_POINT ( 'NONE',  ( -1.980384757729329000, 1.099999999999996800, -1.979895888421108300E-015 ) ) ;
#2657 = ADVANCED_FACE ( 'NONE', ( #1788 ), #810, .T. ) ;
#2658 = ORIENTED_EDGE ( 'NONE', *, *, #3170, .T. ) ;
#2659 = EDGE_LOOP ( 'NONE', ( #511, #4925, #2464, #2458 ) ) ;
#2660 = CARTESIAN_POINT ( 'NONE',  ( 1.400343491548886800, 2.299999999999998000, -1.400343491548887900 ) ) ;
#2661 = AXIS2_PLACEMENT_3D ( 'NONE', #5214, #2753, #1966 ) ;
#2662 = CARTESIAN_POINT ( 'NONE',  ( -1.035533905932737100, -4.250000000000004400, -2.500000000000000400 ) ) ;
#2663 = CARTESIAN_POINT ( 'NONE',  ( 0.0000000000000000000, -2.400000000000003000, -1.980384757729330500 ) ) ;
#2664 = CARTESIAN_POINT ( 'NONE',  ( -1.400343491548886400, -2.200000000000003300, -1.400343491548888400 ) ) ;
#2665 = CARTESIAN_POINT ( 'NONE',  ( -1.035533905932737100, -3.550000000000002000, -2.500000000000000400 ) ) ;
#2666 = DIRECTION ( 'NONE',  ( 0.0000000000000000000, 1.000000000000000000, 0.0000000000000000000 ) ) ;
#2667 = EDGE_CURVE ( 'NONE', #2422, #400, #3855, .T. ) ;
#2668 = CARTESIAN_POINT ( 'NONE',  ( 1.767766952966368400, -2.000000000000004400, -1.767766952966369500 ) ) ;
#2669 = CARTESIAN_POINT ( 'NONE',  ( -1.400343491548886400, -5.500000000000003600, -1.400343491548888400 ) ) ;
#2670 = CARTESIAN_POINT ( 'NONE',  ( -1.373454361516381700, -2.822156015233421700, -1.895219807313094100 ) ) ;
#2671 = DIRECTION ( 'NONE',  ( -2.891205793294678300E-016, 0.0000000000000000000, -1.000000000000000000 ) ) ;
#2672 = CARTESIAN_POINT ( 'NONE',  ( -2.425271854633429100E-016, -6.000000000000002700, 1.980384757729327200 ) ) ;
#2673 = CARTESIAN_POINT ( 'NONE',  ( 1.400343491548886800, 1.599999999999997200, -1.400343491548887900 ) ) ;
#2674 = CARTESIAN_POINT ( 'NONE',  ( 2.499999999999998200, -2.950000000000004200, 1.035533905932736600 ) ) ;
#2675 = CARTESIAN_POINT ( 'NONE',  ( 1.767766952966367800, -3.800000000000004300, 1.767766952966366400 ) ) ;
#2676 = FACE_OUTER_BOUND ( 'NONE', #3818, .T. ) ;
#2677 = CARTESIAN_POINT ( 'NONE',  ( 1.767766952966368400, -2.800000000000004300, -1.767766952966369500 ) ) ;
#2678 = CARTESIAN_POINT ( 'NONE',  ( 0.8203022253684436600, -3.550000000000002900, 1.980384757729327600 ) ) ;
#2679 = CARTESIAN_POINT ( 'NONE',  ( 1.980384757729329000, -1.700000000000003500, -1.494841517494422500E-015 ) ) ;
#2680 = CIRCLE ( 'NONE', #2179, 1.899999999999995500 ) ;
#2681 = VERTEX_POINT ( 'NONE', #2018 ) ;
#2682 = CARTESIAN_POINT ( 'NONE',  ( -2.499999999999998700, -1.050000000000001400, -1.035533905932739300 ) ) ;
#2683 = CARTESIAN_POINT ( 'NONE',  ( 2.499999999999998700, -3.800000000000001600, -1.399389746009179600E-015 ) ) ;
#2684 = CARTESIAN_POINT ( 'NONE',  ( 2.499999999999998700, -3.000000000000001800, -1.399389746009179600E-015 ) ) ;
#2685 = CARTESIAN_POINT ( 'NONE',  ( -3.061616997868381700E-016, -0.7000000000000044000, 2.499999999999996900 ) ) ;
#2686 = FACE_OUTER_BOUND ( 'NONE', #2323, .T. ) ;
#2687 = CARTESIAN_POINT ( 'NONE',  ( -0.8203022253684441000, -0.7500000000000024400, -1.980384757729330500 ) ) ;
#2688 = CARTESIAN_POINT ( 'NONE',  ( 1.400343491548886800, -5.700000000000002800, -1.400343491548887900 ) ) ;
#2689 = CARTESIAN_POINT ( 'NONE',  ( 1.400343491548886400, -4.300000000000002500, 1.400343491548884800 ) ) ;
#2690 = CARTESIAN_POINT ( 'NONE',  ( 5.633375276077824100E-016, 1.999999999999997100, 4.599999999999999600 ) ) ;
#2691 = CIRCLE ( 'NONE', #4032, 1.732050807568879200 ) ;
#2692 = CARTESIAN_POINT ( 'NONE',  ( 1.767766952966367800, 1.699999999999998400, 1.767766952966366400 ) ) ;
#2693 = CARTESIAN_POINT ( 'NONE',  ( 2.499999999999998700, -0.5000000000000038900, -1.399389746009179600E-015 ) ) ;
#2694 = CARTESIAN_POINT ( 'NONE',  ( 0.0000000000000000000, -1.900000000000004100, -2.500000000000000400 ) ) ;
#2695 = CARTESIAN_POINT ( 'NONE',  ( -2.425271854633429100E-016, 0.3999999999999975800, 1.980384757729327200 ) ) ;
#2696 = CARTESIAN_POINT ( 'NONE',  ( 1.980384757729328500, 1.549999999999997400, -0.8203022253684464400 ) ) ;
#2697 = EDGE_CURVE ( 'NONE', #3843, #647, #2202, .T. ) ;
#2698 = CARTESIAN_POINT ( 'NONE',  ( 1.767766952966368400, -2.100000000000001400, -1.767766952966369500 ) ) ;
#2699 = CARTESIAN_POINT ( 'NONE',  ( -1.767766952966368000, -1.700000000000002000, 1.767766952966365800 ) ) ;
#2700 = VERTEX_POINT ( 'NONE', #2375 ) ;
#2701 = CARTESIAN_POINT ( 'NONE',  ( -3.061616997868381700E-016, -2.300000000000004300, 2.499999999999996900 ) ) ;
#2702 = DIRECTION ( 'NONE',  ( 0.0000000000000000000, 0.0000000000000000000, 1.000000000000000000 ) ) ;
#2703 = CARTESIAN_POINT ( 'NONE',  ( -0.8203022253684443300, -2.050000000000002500, 1.980384757729327200 ) ) ;
#2704 = CARTESIAN_POINT ( 'NONE',  ( -2.425271854633429100E-016, -3.600000000000002800, 1.980384757729327200 ) ) ;
#2705 = ORIENTED_EDGE ( 'NONE', *, *, #903, .T. ) ;
#2706 = DIRECTION ( 'NONE',  ( 0.0000000000000000000, 3.469446951953616700E-016, -1.000000000000000000 ) ) ;
#2707 = ORIENTED_EDGE ( 'NONE', *, *, #2900, .F. ) ;
#2708 = CARTESIAN_POINT ( 'NONE',  ( 1.035533905932738900, 0.4499999999999955100, -2.500000000000000400 ) ) ;
#2709 = CARTESIAN_POINT ( 'NONE',  ( 1.980384757729329000, 1.399999999999997700, -1.494841517494422500E-015 ) ) ;
#2710 = CARTESIAN_POINT ( 'NONE',  ( 1.400343491548886800, -3.469446951953614200E-015, -1.400343491548887900 ) ) ;
#2711 = ORIENTED_EDGE ( 'NONE', *, *, #2764, .T. ) ;
#2712 = CARTESIAN_POINT ( 'NONE',  ( 2.499999999999998200, 1.749999999999998200, 1.035533905932736600 ) ) ;
#2713 = CARTESIAN_POINT ( 'NONE',  ( -1.767766952966368000, -2.500000000000001800, 1.767766952966365800 ) ) ;
#2714 = CARTESIAN_POINT ( 'NONE',  ( 1.035533905932738900, -1.950000000000004600, -2.500000000000000400 ) ) ;
#2715 = DIRECTION ( 'NONE',  ( 0.0000000000000000000, 1.000000000000000000, 0.0000000000000000000 ) ) ;
#2716 = CARTESIAN_POINT ( 'NONE',  ( 0.0000000000000000000, 1.999999999999999100, -2.499999999999998200 ) ) ;
#2717 = CARTESIAN_POINT ( 'NONE',  ( 0.0000000000000000000, 1.999999999999998200, 0.0000000000000000000 ) ) ;
#2718 = ORIENTED_EDGE ( 'NONE', *, *, #1045, .F. ) ;
#2719 = CARTESIAN_POINT ( 'NONE',  ( 0.0000000000000000000, -4.800000000000003400, -1.980384757729330500 ) ) ;
#2720 =( BOUNDED_CURVE ( )  B_SPLINE_CURVE ( 2, ( #2167, #3788, #2560, #2943, #2513, #501, #2960, #517, #4940 ),
 .UNSPECIFIED., .F., .F. ) 
 B_SPLINE_CURVE_WITH_KNOTS ( ( 3, 2, 2, 2, 3 ),
 ( 0.5000000000000000000, 0.5113636363636363500, 0.5227272727272727100, 0.5340909090909091700, 0.5454545454545454100 ),
 .UNSPECIFIED. ) 
 CURVE ( )  GEOMETRIC_REPRESENTATION_ITEM ( )  RATIONAL_B_SPLINE_CURVE ( ( 1.000000000000000000, 0.9238795325112867400, 1.000000000000000000, 0.9238795325112867400, 1.000000000000000000, 0.9238795325112867400, 1.000000000000000000, 0.9238795325112867400, 1.000000000000000000 ) ) 
 REPRESENTATION_ITEM ( '' )  );
#2721 = CARTESIAN_POINT ( 'NONE',  ( -2.499999999999998700, -3.300000000000004300, -2.011713145582856100E-015 ) ) ;
#2722 = ORIENTED_EDGE ( 'NONE', *, *, #2727, .F. ) ;
#2723 = CARTESIAN_POINT ( 'NONE',  ( -1.400343491548886600, -6.000000000000003600, 1.400343491548884400 ) ) ;
#2724 = CARTESIAN_POINT ( 'NONE',  ( 2.499999999999998200, -3.750000000000004400, 1.035533905932736600 ) ) ;
#2725 = AXIS2_PLACEMENT_3D ( 'NONE', #3956, #4793, #3140 ) ;
#2726 = DIRECTION ( 'NONE',  ( 0.0000000000000000000, 0.0000000000000000000, -1.000000000000000000 ) ) ;
#2727 = EDGE_CURVE ( 'NONE', #1696, #2158, #2870, .T. ) ;
#2728 = CARTESIAN_POINT ( 'NONE',  ( 1.767766952966368400, -1.200000000000004000, -1.767766952966369500 ) ) ;
#2729 = CARTESIAN_POINT ( 'NONE',  ( -0.8203022253684441000, -0.7500000000000024400, -1.980384757729330500 ) ) ;
#2730 = CARTESIAN_POINT ( 'NONE',  ( -0.8203022253684441000, 0.9499999999999969600, -1.980384757729330500 ) ) ;
#2731 = CARTESIAN_POINT ( 'NONE',  ( -2.499999999999998700, 2.149999999999999500, -1.035533905932739300 ) ) ;
#2732 = CARTESIAN_POINT ( 'NONE',  ( -2.499999999999998700, -4.150000000000002100, 1.035533905932735100 ) ) ;
#2733 = EDGE_CURVE ( 'NONE', #3020, #2334, #938, .T. ) ;
#2734 = APPROVAL_STATUS ( 'not_yet_approved' ) ;
#2735 = CARTESIAN_POINT ( 'NONE',  ( 1.980384757729328500, -5.850000000000003200, 0.8203022253684436600 ) ) ;
#2736 = CARTESIAN_POINT ( 'NONE',  ( -0.7277940515127269100, -2.647364969780232200, 2.025567648275244700 ) ) ;
#2737 = CARTESIAN_POINT ( 'NONE',  ( -1.980384757729329000, -3.000000000000002700, -1.979895888421108300E-015 ) ) ;
#2738 = CALENDAR_DATE ( 2023, 31, 5 ) ;
#2739 = CARTESIAN_POINT ( 'NONE',  ( -2.150479537210529200, -0.1013799094933121600, -1.088579194499346800 ) ) ;
#2740 = CARTESIAN_POINT ( 'NONE',  ( -2.425271854633429100E-016, -6.000000000000002700, 1.980384757729327200 ) ) ;
#2741 = CARTESIAN_POINT ( 'NONE',  ( -3.061616997868381700E-016, -0.7000000000000044000, 2.499999999999996900 ) ) ;
#2742 = B_SPLINE_CURVE_WITH_KNOTS ( 'NONE', 3,
 ( #3106, #2306, #4358, #1489, #2736, #5081, #1855, #1022, #2324, #4759, #644, #4321, #1893, #1506, #209, #4693, #1079, #628, #4729, #3493, #4340, #2670, #2271, #260, #1912, #3119, #1042, #680 ),
 .UNSPECIFIED., .F., .F.,
 ( 4, 2, 2, 2, 2, 2, 2, 2, 2, 2, 2, 2, 2, 4 ),
 ( 0.003535308572231575100, 0.003975781990983305200, 0.004416255409735035800, 0.005297202247238496200, 0.005737675665990226700, 0.006178149084741957300, 0.007059095922245416800, 0.007499569340997146500, 0.007940042759748876200, 0.008380516178500607700, 0.008820989597252337400, 0.009701936434755796900, 0.01014240985350752800, 0.01058288327225925800 ),
 .UNSPECIFIED. ) ;
#2743 = ADVANCED_FACE ( 'NONE', ( #4892 ), #1274, .T. ) ;
#2744 = VECTOR ( 'NONE', #459, 1000.000000000000000 ) ;
#2745 = VERTEX_POINT ( 'NONE', #425 ) ;
#2746 = CARTESIAN_POINT ( 'NONE',  ( 1.400343491548886400, 1.299999999999997400, 1.400343491548884800 ) ) ;
#2747 = CARTESIAN_POINT ( 'NONE',  ( -2.425271854633429100E-016, 2.099999999999997900, 1.980384757729327200 ) ) ;
#2748 = CARTESIAN_POINT ( 'NONE',  ( -3.061616997868381700E-016, 1.599999999999998100, 2.499999999999996900 ) ) ;
#2749 = LINE ( 'NONE', #5051, #5146 ) ;
#2750 = CARTESIAN_POINT ( 'NONE',  ( -1.035533905932737100, -2.750000000000001300, -2.500000000000000400 ) ) ;
#2751 = PERSON_AND_ORGANIZATION_ROLE ( 'creator' ) ;
#2752 = CARTESIAN_POINT ( 'NONE',  ( 0.8203022253684454400, -2.450000000000003300, -1.980384757729330100 ) ) ;
#2753 = DIRECTION ( 'NONE',  ( 0.0000000000000000000, 1.000000000000000000, 0.0000000000000000000 ) ) ;
#2754 = FACE_OUTER_BOUND ( 'NONE', #4040, .T. ) ;
#2755 = CARTESIAN_POINT ( 'NONE',  ( -0.8203022253684441000, -3.950000000000003300, -1.980384757729330500 ) ) ;
#2756 = CARTESIAN_POINT ( 'NONE',  ( -2.499999999999998700, 1.549999999999995800, 1.035533905932735100 ) ) ;
#2757 = CARTESIAN_POINT ( 'NONE',  ( -1.400343491548886600, -4.500000000000003600, 1.400343491548884400 ) ) ;
#2758 = CARTESIAN_POINT ( 'NONE',  ( 1.400343491548886800, -3.200000000000003300, -1.400343491548887900 ) ) ;
#2759 = ORIENTED_EDGE ( 'NONE', *, *, #2227, .F. ) ;
#2760 = CARTESIAN_POINT ( 'NONE',  ( -2.499999999999998700, -0.9500000000000047300, -1.035533905932739300 ) ) ;
#2761 = CARTESIAN_POINT ( 'NONE',  ( -0.8660254037844389300, 1.799999999999998700, -1.499999999999998900 ) ) ;
#2762 = CARTESIAN_POINT ( 'NONE',  ( 0.8203022253684455500, 1.549999999999997400, -1.980384757729330100 ) ) ;
#2763 = CARTESIAN_POINT ( 'NONE',  ( -0.8203022253684441000, 1.749999999999996200, -1.980384757729330500 ) ) ;
#2764 = EDGE_CURVE ( 'NONE', #1508, #196, #4463, .T. ) ;
#2765 = VERTEX_POINT ( 'NONE', #1660 ) ;
#2766 = CARTESIAN_POINT ( 'NONE',  ( 0.0000000000000000000, 0.3999999999999984700, -2.500000000000000400 ) ) ;
#2767 = CARTESIAN_POINT ( 'NONE',  ( -1.035533905932737300, -0.8500000000000017500, 2.499999999999996900 ) ) ;
#2768 = CARTESIAN_POINT ( 'NONE',  ( -1.980384757729329000, -2.200000000000002400, -1.979895888421108300E-015 ) ) ;
#2769 = ORIENTED_EDGE ( 'NONE', *, *, #3310, .T. ) ;
#2770 = CARTESIAN_POINT ( 'NONE',  ( 1.595924783227575800, 4.663873975658097100, 0.2357771903914942800 ) ) ;
#2771 = CARTESIAN_POINT ( 'NONE',  ( -1.980384757729329000, 1.049999999999996900, 0.8203022253684421100 ) ) ;
#2772 = ORIENTED_EDGE ( 'NONE', *, *, #1765, .T. ) ;
#2773 = CARTESIAN_POINT ( 'NONE',  ( -2.425271854633429100E-016, -5.200000000000002800, 1.980384757729327200 ) ) ;
#2774 = CARTESIAN_POINT ( 'NONE',  ( 0.8203022253684436600, -3.450000000000004200, 1.980384757729327600 ) ) ;
#2775 = ORIENTED_EDGE ( 'NONE', *, *, #4074, .T. ) ;
#2776 = CARTESIAN_POINT ( 'NONE',  ( -0.8660254037844430400, 4.799999999999998900, -1.499999999999998900 ) ) ;
#2777 = CARTESIAN_POINT ( 'NONE',  ( 0.8203022253684455500, -4.750000000000003600, -1.980384757729330100 ) ) ;
#2778 = CARTESIAN_POINT ( 'NONE',  ( 1.035533905932736600, 0.8499999999999984200, 2.499999999999997300 ) ) ;
#2779 = ORIENTED_EDGE ( 'NONE', *, *, #5097, .F. ) ;
#2780 = CARTESIAN_POINT ( 'NONE',  ( -2.499999999999998700, 0.5999999999999980900, -2.011713145582856100E-015 ) ) ;
#2781 = CARTESIAN_POINT ( 'NONE',  ( 0.8203022253684454400, -4.850000000000003200, -1.980384757729330100 ) ) ;
#2782 = CARTESIAN_POINT ( 'NONE',  ( 1.767766952966368400, -0.4000000000000045200, -1.767766952966369500 ) ) ;
#2783 = DIRECTION ( 'NONE',  ( 0.0000000000000000000, 4.565061778886344900E-016, -1.000000000000000000 ) ) ;
#2784 = CARTESIAN_POINT ( 'NONE',  ( -1.980384757729329000, -0.6000000000000024200, -1.979895888421108300E-015 ) ) ;
#2785 = EDGE_LOOP ( 'NONE', ( #2759, #4458, #3858 ) ) ;
#2786 = CARTESIAN_POINT ( 'NONE',  ( 0.0000000000000000000, 1.999999999999998200, 0.0000000000000000000 ) ) ;
#2787 = CARTESIAN_POINT ( 'NONE',  ( -0.8203022253684444400, -6.050000000000003400, 1.980384757729327200 ) ) ;
#2788 = CARTESIAN_POINT ( 'NONE',  ( 1.400343491548886800, -4.000000000000003600, -1.400343491548887900 ) ) ;
#2789 = CARTESIAN_POINT ( 'NONE',  ( -1.002151428125741300, 4.663873975658097100, 1.264222809608508200 ) ) ;
#2790 = AXIS2_PLACEMENT_3D ( 'NONE', #3823, #3842, #2991 ) ;
#2791 = CARTESIAN_POINT ( 'NONE',  ( 0.0000000000000000000, -3.000000000000001800, -1.734723475976807100E-015 ) ) ;
#2792 = ORGANIZATION ( 'UNSPECIFIED', 'UNSPECIFIED', '' ) ;
#2793 = CARTESIAN_POINT ( 'NONE',  ( -1.980384757729329000, -6.150000000000003900, -0.8203022253684462100 ) ) ;
#2794 = CARTESIAN_POINT ( 'NONE',  ( -2.499999999999998700, -1.000000000000001800, -2.011713145582856100E-015 ) ) ;
#2795 = AXIS2_PLACEMENT_3D ( 'NONE', #4366, #4768, #668 ) ;
#2796 = CARTESIAN_POINT ( 'NONE',  ( -1.980384757729329000, -3.000000000000002700, -1.979895888421108300E-015 ) ) ;
#2797 = CARTESIAN_POINT ( 'NONE',  ( 2.499999999999998200, -4.650000000000001200, 1.035533905932736600 ) ) ;
#2798 = CARTESIAN_POINT ( 'NONE',  ( 1.980384757729329000, -0.2000000000000022600, -1.494841517494422500E-015 ) ) ;
#2799 = CARTESIAN_POINT ( 'NONE',  ( -0.8660254037844389300, 1.999999999999998200, -1.499999999999998900 ) ) ;
#2800 = ORIENTED_EDGE ( 'NONE', *, *, #1772, .F. ) ;
#2801 = CONICAL_SURFACE ( 'NONE', #162, 2.499999999999998700, 0.7853981633974500600 ) ;
#2802 = CARTESIAN_POINT ( 'NONE',  ( -2.425271854633429100E-016, -3.600000000000002800, 1.980384757729327200 ) ) ;
#2803 = CARTESIAN_POINT ( 'NONE',  ( -1.980384757729329000, -5.300000000000003400, -1.979895888421108300E-015 ) ) ;
#2804 = CARTESIAN_POINT ( 'NONE',  ( -1.595196451512796300, 4.674804642854933700, 0.2370386979262572300 ) ) ;
#2805 = CARTESIAN_POINT ( 'NONE',  ( 0.0000000000000000000, 1.999999999999999100, -2.499999999999998200 ) ) ;
#2806 = CARTESIAN_POINT ( 'NONE',  ( -2.425271854633429100E-016, -5.200000000000002800, 1.980384757729327200 ) ) ;
#2807 =( BOUNDED_CURVE ( )  B_SPLINE_CURVE ( 2, ( #5284, #1223, #4422, #2433, #2885, #366, #3260 ),
 .UNSPECIFIED., .F., .F. ) 
 B_SPLINE_CURVE_WITH_KNOTS ( ( 3, 2, 2, 3 ),
 ( 0.2386363636363636700, 0.2500000000000000000, 0.2613636363636363500, 0.2727272727272727100 ),
 .UNSPECIFIED. ) 
 CURVE ( )  GEOMETRIC_REPRESENTATION_ITEM ( )  RATIONAL_B_SPLINE_CURVE ( ( 0.9999999999999997800, 0.9238795325112869600, 1.000000000000000000, 0.9238795325112867400, 1.000000000000000000, 0.9238795325112867400, 1.000000000000000000 ) ) 
 REPRESENTATION_ITEM ( '' )  );
#2808 = CARTESIAN_POINT ( 'NONE',  ( -0.8203022253684441000, -3.850000000000003600, -1.980384757729330500 ) ) ;
#2809 = CARTESIAN_POINT ( 'NONE',  ( 2.499999999999998200, 0.2499999999999984700, -1.035533905932739800 ) ) ;
#2810 = CARTESIAN_POINT ( 'NONE',  ( -1.400343491548886600, -3.700000000000002800, 1.400343491548884400 ) ) ;
#2811 = DIRECTION ( 'NONE',  ( 0.0000000000000000000, 0.0000000000000000000, 1.000000000000000000 ) ) ;
#2812 = CARTESIAN_POINT ( 'NONE',  ( 0.0000000000000000000, 1.999999999999999100, -2.499999999999998200 ) ) ;
#2813 = CARTESIAN_POINT ( 'NONE',  ( 1.400343491548886800, -0.9000000000000023500, -1.400343491548887900 ) ) ;
#2814 = EDGE_LOOP ( 'NONE', ( #381, #1999 ) ) ;
#2815 = CARTESIAN_POINT ( 'NONE',  ( 0.9746707717401719200, -0.4046156695990780800, 1.860436718182393800 ) ) ;
#2816 = CARTESIAN_POINT ( 'NONE',  ( -1.980384757729329000, -2.150000000000002600, 0.8203022253684421100 ) ) ;
#2817 = CARTESIAN_POINT ( 'NONE',  ( 1.400343491548886800, -4.800000000000004300, -1.400343491548887900 ) ) ;
#2818 = CARTESIAN_POINT ( 'NONE',  ( 2.279066677478632600, -2.775225351554042600, 0.09114878163194156700 ) ) ;
#2819 = CARTESIAN_POINT ( 'NONE',  ( 0.8203022253684436600, -5.050000000000002500, 1.980384757729327600 ) ) ;
#2820 = EDGE_LOOP ( 'NONE', ( #1221, #4836, #2134, #1118 ) ) ;
#2821 = CARTESIAN_POINT ( 'NONE',  ( 0.8660254037844403700, 4.799999999999998900, -1.500000000000000900 ) ) ;
#2822 = CARTESIAN_POINT ( 'NONE',  ( 0.0000000000000000000, -5.500000000000003600, -1.980384757729330500 ) ) ;
#2823 = EDGE_CURVE ( 'NONE', #2493, #710, #4502, .T. ) ;
#2824 = CARTESIAN_POINT ( 'NONE',  ( 1.400343491548886400, -4.300000000000002500, 1.400343491548884800 ) ) ;
#2825 = ORIENTED_EDGE ( 'NONE', *, *, #1181, .T. ) ;
#2826 = CARTESIAN_POINT ( 'NONE',  ( 1.400343491548886400, -4.200000000000002800, 1.400343491548884800 ) ) ;
#2827 = CARTESIAN_POINT ( 'NONE',  ( -2.499999999999998700, 1.449999999999998200, 1.035533905932735100 ) ) ;
#2828 = CARTESIAN_POINT ( 'NONE',  ( 1.980384757729328500, -1.850000000000002500, 0.8203022253684436600 ) ) ;
#2829 = CARTESIAN_POINT ( 'NONE',  ( 1.955718431024597000, -2.480384757729333900, -0.3115914106604059700 ) ) ;
#2830 = EDGE_LOOP ( 'NONE', ( #2584, #4160, #638, #4854 ) ) ;
#2831 = CARTESIAN_POINT ( 'NONE',  ( 1.400343491548886400, -1.100000000000003000, 1.400343491548884800 ) ) ;
#2832 = CARTESIAN_POINT ( 'NONE',  ( -2.499999999999998700, 1.549999999999995800, 1.035533905932735100 ) ) ;
#2833 = CARTESIAN_POINT ( 'NONE',  ( 1.035533905932744600, -0.7500000000000011100, 2.499999999999989800 ) ) ;
#2834 = ORIENTED_EDGE ( 'NONE', *, *, #1765, .F. ) ;
#2835 = CARTESIAN_POINT ( 'NONE',  ( 0.8203022253684436600, -2.750000000000002700, 1.980384757729327600 ) ) ;
#2836 = ORIENTED_EDGE ( 'NONE', *, *, #2697, .T. ) ;
#2837 = CARTESIAN_POINT ( 'NONE',  ( -1.980384757729329000, -1.300000000000003400, -1.979895888421108300E-015 ) ) ;
#2838 = CARTESIAN_POINT ( 'NONE',  ( 2.184473350544947400, -2.712329173919101300, -0.3858475492126570700 ) ) ;
#2839 = PERSON ( 'UNSPECIFIED', 'UNSPECIFIED', 'UNSPECIFIED', ('UNSPECIFIED'), ('UNSPECIFIED'), ('UNSPECIFIED') ) ;
#2840 = CARTESIAN_POINT ( 'NONE',  ( 1.400343491548886800, -5.600000000000003200, -1.400343491548887900 ) ) ;
#2841 = DIRECTION ( 'NONE',  ( 0.0000000000000000000, 0.0000000000000000000, -1.000000000000000000 ) ) ;
#2842 = CARTESIAN_POINT ( 'NONE',  ( 1.980384757729328500, -5.750000000000003600, 0.8203022253684436600 ) ) ;
#2843 = CARTESIAN_POINT ( 'NONE',  ( 0.8203022253684454400, -4.850000000000003200, -1.980384757729330100 ) ) ;
#2844 = CARTESIAN_POINT ( 'NONE',  ( 1.980384757729329000, -4.100000000000003200, -1.494841517494422500E-015 ) ) ;
#2845 = CARTESIAN_POINT ( 'NONE',  ( -2.499999999999998700, 2.149999999999999500, -1.035533905932739300 ) ) ;
#2846 = CARTESIAN_POINT ( 'NONE',  ( -2.425271854633429100E-016, -1.200000000000002200, 1.980384757729327200 ) ) ;
#2847 = AXIS2_PLACEMENT_3D ( 'NONE', #4320, #1021, #1838 ) ;
#2848 = CARTESIAN_POINT ( 'NONE',  ( -0.7703140608087688500, -0.4751543358603078100, 1.879247286462813100 ) ) ;
#2849 = DIRECTION ( 'NONE',  ( 0.0000000000000000000, -1.000000000000000000, -3.097720492815726700E-016 ) ) ;
#2850 = CARTESIAN_POINT ( 'NONE',  ( 0.0000000000000000000, -4.400000000000002100, -2.500000000000000400 ) ) ;
#2851 = CALENDAR_DATE ( 2023, 31, 5 ) ;
#2852 = CARTESIAN_POINT ( 'NONE',  ( 1.035533905932738900, -0.4500000000000016200, -2.500000000000000400 ) ) ;
#2853 = CARTESIAN_POINT ( 'NONE',  ( -1.980384757729329000, -2.200000000000002400, -1.979895888421108300E-015 ) ) ;
#2854 = CARTESIAN_POINT ( 'NONE',  ( 1.400343491548886400, -0.2000000000000031200, 1.400343491548884800 ) ) ;
#2855 = CARTESIAN_POINT ( 'NONE',  ( -0.8660254037844380400, 4.799999999999998900, 1.500000000000002900 ) ) ;
#2856 = AXIS2_PLACEMENT_3D ( 'NONE', #994, #2217, #150 ) ;
#2857 = CARTESIAN_POINT ( 'NONE',  ( -0.8203022253684441000, -6.250000000000003600, -1.980384757729330500 ) ) ;
#2858 = EDGE_CURVE ( 'NONE', #4155, #2192, #268, .T. ) ;
#2859 = CARTESIAN_POINT ( 'NONE',  ( 2.499999999999998200, -2.050000000000004300, -1.035533905932739800 ) ) ;
#2860 = LOCAL_TIME ( 9, 51, 47.00000000000000000, #801 ) ;
#2861 = CARTESIAN_POINT ( 'NONE',  ( 1.035533905932738900, -1.250000000000002000, -2.500000000000000400 ) ) ;
#2862 = CARTESIAN_POINT ( 'NONE',  ( -1.980384757729329000, -2.100000000000002800, -1.979895888421108300E-015 ) ) ;
#2863 = CARTESIAN_POINT ( 'NONE',  ( -1.980384757729329000, -3.000000000000002700, -1.979895888421108300E-015 ) ) ;
#2864 = CARTESIAN_POINT ( 'NONE',  ( 0.8203022253684454400, -5.550000000000003400, -1.980384757729330100 ) ) ;
#2865 = CARTESIAN_POINT ( 'NONE',  ( 1.767766952966368400, 1.899999999999999000, -1.767766952966369500 ) ) ;
#2866 = EDGE_CURVE ( 'NONE', #3277, #1068, #1204, .T. ) ;
#2867 = CARTESIAN_POINT ( 'NONE',  ( 0.8203022253684436600, -0.3500000000000022000, 1.980384757729327600 ) ) ;
#2868 = ADVANCED_FACE ( 'NONE', ( #1530 ), #2565, .T. ) ;
#2869 = CARTESIAN_POINT ( 'NONE',  ( -1.035533905932737300, -3.250000000000001800, 2.499999999999996900 ) ) ;
#2870 = CIRCLE ( 'NONE', #1385, 6.083333333333328600 ) ;
#2871 = CARTESIAN_POINT ( 'NONE',  ( -1.980384757729329000, 1.799999999999997800, -1.979895888421108300E-015 ) ) ;
#2872 = CARTESIAN_POINT ( 'NONE',  ( -2.499999999999998700, 1.499999999999996200, -2.011713145582856100E-015 ) ) ;
#2873 = CARTESIAN_POINT ( 'NONE',  ( 1.035533905932738900, -2.750000000000004400, -2.500000000000000400 ) ) ;
#2874 = CARTESIAN_POINT ( 'NONE',  ( 0.5739071297817552900, -0.4216679025501812200, 2.018014996946361900 ) ) ;
#2875 = CARTESIAN_POINT ( 'NONE',  ( 0.0000000000000000000, -1.600000000000002500, -1.980384757729330500 ) ) ;
#2876 = CARTESIAN_POINT ( 'NONE',  ( 1.400343491548886800, -1.600000000000003400, -1.400343491548887900 ) ) ;
#2877 = CARTESIAN_POINT ( 'NONE',  ( -2.499999999999998700, 0.6499999999999986900, 1.035533905932735100 ) ) ;
#2878 = CARTESIAN_POINT ( 'NONE',  ( -1.400343491548886600, -2.800000000000003400, 1.400343491548884400 ) ) ;
#2879 = VERTEX_POINT ( 'NONE', #529 ) ;
#2880 = CARTESIAN_POINT ( 'NONE',  ( 1.400343491548886800, -4.100000000000003200, -1.400343491548887900 ) ) ;
#2881 = CARTESIAN_POINT ( 'NONE',  ( 1.980384757729328500, -0.8500000000000034200, -0.8203022253684464400 ) ) ;
#2882 = CARTESIAN_POINT ( 'NONE',  ( 1.980384757729329000, -5.700000000000003700, -1.494841517494422500E-015 ) ) ;
#2883 = CARTESIAN_POINT ( 'NONE',  ( -1.980384757729329000, -2.150000000000002600, 0.8203022253684421100 ) ) ;
#2884 = EDGE_LOOP ( 'NONE', ( #2141, #1486, #3777, #1031 ) ) ;
#2885 = CARTESIAN_POINT ( 'NONE',  ( -1.767766952966367800, -0.2000000000000040100, -1.767766952966370000 ) ) ;
#2886 = CARTESIAN_POINT ( 'NONE',  ( 0.0000000000000000000, -0.4000000000000019100, -2.500000000000000400 ) ) ;
#2887 = AXIS2_PLACEMENT_3D ( 'NONE', #4444, #4042, #1161 ) ;
#2888 = CARTESIAN_POINT ( 'NONE',  ( -2.499999999999998700, -4.150000000000002100, 1.035533905932735100 ) ) ;
#2889 = EDGE_CURVE ( 'NONE', #4102, #5217, #3889, .T. ) ;
#2890 = VERTEX_POINT ( 'NONE', #3393 ) ;
#2891 = CARTESIAN_POINT ( 'NONE',  ( 1.767766952966368400, -0.4000000000000045200, -1.767766952966369500 ) ) ;
#2892 = CARTESIAN_POINT ( 'NONE',  ( -0.3000192307987955600, -5.473027949958567900, 2.413124042511661100 ) ) ;
#2893 = CARTESIAN_POINT ( 'NONE',  ( -0.8203022253684441000, 0.8499999999999974200, -1.980384757729330500 ) ) ;
#2894 = CARTESIAN_POINT ( 'NONE',  ( -1.980384757729329000, -2.100000000000002800, -1.979895888421108300E-015 ) ) ;
#2895 = DIRECTION ( 'NONE',  ( 0.0000000000000000000, 0.0000000000000000000, 1.000000000000000000 ) ) ;
#2896 = CARTESIAN_POINT ( 'NONE',  ( -0.8203022253684444400, -3.550000000000003400, 1.980384757729327200 ) ) ;
#2897 = ADVANCED_FACE ( 'NONE', ( #3621 ), #5011, .F. ) ;
#2898 = CLOSED_SHELL ( 'NONE', ( #304, #3054, #3272, #4211, #1154, #969, #4383, #4090, #2921, #4455, #741, #2509, #852, #2451, #3298, #1637, #4776, #1234, #3844, #1790, #2420, #763, #4936, #996, #1179, #2897, #3417 ) ) ;
#2899 = CARTESIAN_POINT ( 'NONE',  ( 1.400343491548886800, -1.600000000000003400, -1.400343491548887900 ) ) ;
#2900 = EDGE_CURVE ( 'NONE', #1749, #1721, #421, .T. ) ;
#2901 = CARTESIAN_POINT ( 'NONE',  ( -0.8203022253684441000, 0.04999999999999709500, -1.980384757729330500 ) ) ;
#2902 = CARTESIAN_POINT ( 'NONE',  ( -1.400343491548886600, -1.200000000000003100, 1.400343491548884400 ) ) ;
#2903 = VERTEX_POINT ( 'NONE', #3380 ) ;
#2904 = CARTESIAN_POINT ( 'NONE',  ( -0.8203022253684444400, -4.350000000000003200, 1.980384757729327200 ) ) ;
#2905 = CARTESIAN_POINT ( 'NONE',  ( 1.980384757729328500, 0.5499999999999976000, 0.8203022253684436600 ) ) ;
#2906 = CARTESIAN_POINT ( 'NONE',  ( 2.499999999999998200, 1.149999999999996600, -1.035533905932739800 ) ) ;
#2907 = CARTESIAN_POINT ( 'NONE',  ( -1.955718431022342300, -0.5196152422715926100, -0.3115914106745608100 ) ) ;
#2908 = CARTESIAN_POINT ( 'NONE',  ( 1.400343491548886800, 1.499999999999997800, -1.400343491548887900 ) ) ;
#2909 = ORIENTED_EDGE ( 'NONE', *, *, #4762, .F. ) ;
#2910 =( BOUNDED_CURVE ( )  B_SPLINE_CURVE ( 2, ( #5137, #706, #4734, #5158, #4767, #2760, #723, #3566, #3582 ),
 .UNSPECIFIED., .F., .F. ) 
 B_SPLINE_CURVE_WITH_KNOTS ( ( 3, 2, 2, 2, 3 ),
 ( 0.3181818181818182300, 0.3295454545454545900, 0.3409090909090909400, 0.3522727272727273500, 0.3636363636363637000 ),
 .UNSPECIFIED. ) 
 CURVE ( )  GEOMETRIC_REPRESENTATION_ITEM ( )  RATIONAL_B_SPLINE_CURVE ( ( 1.000000000000000000, 0.9238795325112867400, 1.000000000000000000, 0.9238795325112867400, 1.000000000000000000, 0.9238795325112867400, 1.000000000000000000, 0.9238795325112864100, 1.000000000000000400 ) ) 
 REPRESENTATION_ITEM ( '' )  );
#2911 = CARTESIAN_POINT ( 'NONE',  ( -2.499999999999998700, -3.300000000000004300, -2.011713145582856100E-015 ) ) ;
#2912 = CARTESIAN_POINT ( 'NONE',  ( 1.785544817612415100, -5.606285053354275400, 1.447465989238521800 ) ) ;
#2913 = CARTESIAN_POINT ( 'NONE',  ( -1.400343491548886400, 1.699999999999996600, -1.400343491548888400 ) ) ;
#2914 = CARTESIAN_POINT ( 'NONE',  ( -1.980384757729329000, -2.050000000000002900, 0.8203022253684421100 ) ) ;
#2915 = CARTESIAN_POINT ( 'NONE',  ( -1.980384757729329000, -2.150000000000003500, -0.8203022253684462100 ) ) ;
#2916 = CARTESIAN_POINT ( 'NONE',  ( -0.8660254037844430400, 4.799999999999998900, -1.499999999999998900 ) ) ;
#2917 = CARTESIAN_POINT ( 'NONE',  ( -1.400343491548886400, -4.600000000000003200, -1.400343491548888400 ) ) ;
#2918 = CARTESIAN_POINT ( 'NONE',  ( -0.8203022253684444400, 0.3499999999999970400, 1.980384757729327200 ) ) ;
#2919 = CARTESIAN_POINT ( 'NONE',  ( 1.980384757729329000, -3.300000000000003400, -1.494841517494422500E-015 ) ) ;
#2920 = CARTESIAN_POINT ( 'NONE',  ( 2.499999999999998700, -5.300000000000004300, -1.399389746009179600E-015 ) ) ;
#2921 = ADVANCED_FACE ( 'NONE', ( #2174 ), #1587, .F. ) ;
#2922 = DIRECTION ( 'NONE',  ( 0.0000000000000000000, 3.469446951953616700E-016, -1.000000000000000000 ) ) ;
#2923 = CARTESIAN_POINT ( 'NONE',  ( -1.980384757729329000, -1.300000000000003400, -1.979895888421108300E-015 ) ) ;
#2924 = CARTESIAN_POINT ( 'NONE',  ( 0.0000000000000000000, -1.100000000000004500, -2.500000000000000400 ) ) ;
#2925 = CARTESIAN_POINT ( 'NONE',  ( -1.980384757729329000, 1.849999999999997400, 0.8203022253684421100 ) ) ;
#2926 = CARTESIAN_POINT ( 'NONE',  ( -2.499999999999998700, -2.550000000000004300, -1.035533905932739300 ) ) ;
#2927 = CARTESIAN_POINT ( 'NONE',  ( 0.7424435601137338000, -5.766513742124613100, 2.005599833625047800 ) ) ;
#2928 = LINE ( 'NONE', #2812, #742 ) ;
#2929 = CARTESIAN_POINT ( 'NONE',  ( -0.8203022253684444400, -1.250000000000003100, 1.980384757729327200 ) ) ;
#2930 = CARTESIAN_POINT ( 'NONE',  ( -1.980384757729329000, -5.400000000000003000, -1.979895888421108300E-015 ) ) ;
#2931 = DIRECTION ( 'NONE',  ( -1.224646799147353200E-016, 0.0000000000000000000, -1.000000000000000000 ) ) ;
#2932 = CARTESIAN_POINT ( 'NONE',  ( -1.980384757729329000, -0.5500000000000036000, -0.8203022253684462100 ) ) ;
#2933 = EDGE_CURVE ( 'NONE', #2890, #1995, #773, .T. ) ;
#2934 = FACE_OUTER_BOUND ( 'NONE', #5222, .T. ) ;
#2935 = CARTESIAN_POINT ( 'NONE',  ( -1.400343491548886600, -3.600000000000003200, 1.400343491548884400 ) ) ;
#2936 = CARTESIAN_POINT ( 'NONE',  ( -1.980384757729329000, 0.1999999999999970700, -1.979895888421108300E-015 ) ) ;
#2937 = CARTESIAN_POINT ( 'NONE',  ( -1.400343491548886400, -2.200000000000003300, -1.400343491548888400 ) ) ;
#2938 = CARTESIAN_POINT ( 'NONE',  ( 0.8203022253684436600, 2.049999999999998000, 1.980384757729327600 ) ) ;
#2939 = CARTESIAN_POINT ( 'NONE',  ( 1.767766952966367800, -5.400000000000004800, 1.767766952966366400 ) ) ;
#2940 = PRODUCT_DEFINITION_SHAPE ( 'NONE', 'NONE',  #4290 ) ;
#2941 = CARTESIAN_POINT ( 'NONE',  ( 0.0000000000000000000, -0.3000000000000042600, -2.500000000000000400 ) ) ;
#2942 = LINE ( 'NONE', #1974, #438 ) ;
#2943 = CARTESIAN_POINT ( 'NONE',  ( -2.499999999999998700, -2.450000000000004200, 1.035533905932735100 ) ) ;
#2944 = CARTESIAN_POINT ( 'NONE',  ( -1.767766952966367800, -1.800000000000004700, -1.767766952966370000 ) ) ;
#2945 = CARTESIAN_POINT ( 'NONE',  ( -1.193888361079848100, -0.1619032808200592000, 2.016794666368261400 ) ) ;
#2946 = CARTESIAN_POINT ( 'NONE',  ( 0.0000000000000000000, -0.8000000000000029300, -1.980384757729330500 ) ) ;
#2947 = CARTESIAN_POINT ( 'NONE',  ( 1.980384757729328500, 2.349999999999996100, -0.8203022253684464400 ) ) ;
#2948 = DIRECTION ( 'NONE',  ( 1.000000000000000000, 3.793613486179941000E-032, -1.224646799147353200E-016 ) ) ;
#2949 = CARTESIAN_POINT ( 'NONE',  ( -1.400343491548886400, -2.200000000000003300, -1.400343491548888400 ) ) ;
#2950 = EDGE_LOOP ( 'NONE', ( #4700, #4207, #3316, #4337 ) ) ;
#2951 = CARTESIAN_POINT ( 'NONE',  ( 0.8203022253684455500, 0.04999999999999709500, -1.980384757729330100 ) ) ;
#2952 = CARTESIAN_POINT ( 'NONE',  ( -0.8203022253684441000, -1.550000000000002700, -1.980384757729330500 ) ) ;
#2953 = ORIENTED_EDGE ( 'NONE', *, *, #5257, .F. ) ;
#2954 = CARTESIAN_POINT ( 'NONE',  ( 0.0000000000000000000, -1.500000000000003100, -1.980384757729330500 ) ) ;
#2955 = CARTESIAN_POINT ( 'NONE',  ( 2.499999999999998700, -6.100000000000005000, -1.399389746009179600E-015 ) ) ;
#2956 = DIRECTION ( 'NONE',  ( -0.0000000000000000000, 1.000000000000000000, -0.0000000000000000000 ) ) ;
#2957 = ORIENTED_EDGE ( 'NONE', *, *, #43, .F. ) ;
#2958 = CARTESIAN_POINT ( 'NONE',  ( -2.499999999999998700, -4.200000000000001100, -2.011713145582856100E-015 ) ) ;
#2959 = AXIS2_PLACEMENT_3D ( 'NONE', #3121, #1914, #279 ) ;
#2960 = CARTESIAN_POINT ( 'NONE',  ( -1.767766952966367800, -2.600000000000004100, -1.767766952966370000 ) ) ;
#2961 = CARTESIAN_POINT ( 'NONE',  ( 2.499999999999998700, 0.2999999999999956000, -1.399389746009179600E-015 ) ) ;
#2962 = ORIENTED_EDGE ( 'NONE', *, *, #3310, .F. ) ;
#2963 = CARTESIAN_POINT ( 'NONE',  ( 1.980384757729328500, 1.349999999999997000, 0.8203022253684436600 ) ) ;
#2964 = CARTESIAN_POINT ( 'NONE',  ( -2.499999999999998700, -1.000000000000001800, -2.011713145582856100E-015 ) ) ;
#2965 = CARTESIAN_POINT ( 'NONE',  ( -1.980384757729329000, -1.350000000000003200, -0.8203022253684462100 ) ) ;
#2966 = ORIENTED_EDGE ( 'NONE', *, *, #1565, .T. ) ;
#2967 = CARTESIAN_POINT ( 'NONE',  ( -0.8203022253684443300, -0.3500000000000030900, 1.980384757729327200 ) ) ;
#2968 = ORIENTED_EDGE ( 'NONE', *, *, #968, .F. ) ;
#2969 = AXIS2_PLACEMENT_3D ( 'NONE', #1526, #1881, #3515 ) ;
#2970 = CARTESIAN_POINT ( 'NONE',  ( -1.980384757729329000, 0.1499999999999973600, -0.8203022253684462100 ) ) ;
#2971 = CARTESIAN_POINT ( 'NONE',  ( 0.0000000000000000000, 0.8999999999999971400, -1.980384757729330500 ) ) ;
#2972 = CARTESIAN_POINT ( 'NONE',  ( -1.980384757729329000, 1.799999999999997800, -1.979895888421108300E-015 ) ) ;
#2973 = CARTESIAN_POINT ( 'NONE',  ( 1.400343491548886800, -4.900000000000003000, -1.400343491548887900 ) ) ;
#2974 = CARTESIAN_POINT ( 'NONE',  ( 1.985159468502243300, -2.486448476382590900, -0.1653425666025256600 ) ) ;
#2975 =( BOUNDED_CURVE ( )  B_SPLINE_CURVE ( 2, ( #1475, #987, #3514, #3875, #2291, #1061, #2641, #2259, #1457 ),
 .UNSPECIFIED., .F., .F. ) 
 B_SPLINE_CURVE_WITH_KNOTS ( ( 3, 2, 2, 2, 3 ),
 ( 0.5909090909090910500, 0.6022727272727274000, 0.6136363636363637600, 0.6250000000000000000, 0.6363636363636363500 ),
 .UNSPECIFIED. ) 
 CURVE ( )  GEOMETRIC_REPRESENTATION_ITEM ( )  RATIONAL_B_SPLINE_CURVE ( ( 0.9999999999999992200, 0.9238795325112875200, 1.000000000000000000, 0.9238795325112867400, 1.000000000000000000, 0.9238795325112867400, 1.000000000000000000, 0.9238795325112867400, 1.000000000000000000 ) ) 
 REPRESENTATION_ITEM ( '' )  );
#2976 = DIRECTION ( 'NONE',  ( 0.0000000000000000000, 1.000000000000000000, 0.0000000000000000000 ) ) ;
#2977 = CARTESIAN_POINT ( 'NONE',  ( 1.035533905932738900, 0.4499999999999955100, -2.500000000000000400 ) ) ;
#2978 = CARTESIAN_POINT ( 'NONE',  ( 0.1588584200697754400, -2.878327705170455900, -2.378327705170429200 ) ) ;
#2979 = CARTESIAN_POINT ( 'NONE',  ( 1.035533905932738900, -5.950000000000005500, -2.500000000000000400 ) ) ;
#2980 = CARTESIAN_POINT ( 'NONE',  ( 0.0000000000000000000, 1.299999999999995600, -2.500000000000000400 ) ) ;
#2981 = CARTESIAN_POINT ( 'NONE',  ( -0.8203022253684444400, 2.049999999999996300, 1.980384757729327200 ) ) ;
#2982 = CARTESIAN_POINT ( 'NONE',  ( 1.400343491548886400, -0.2000000000000031200, 1.400343491548884800 ) ) ;
#2983 = CARTESIAN_POINT ( 'NONE',  ( -0.3115914106745708600, -5.919615242271593300, 1.955718431022338300 ) ) ;
#2984 = CARTESIAN_POINT ( 'NONE',  ( -1.980384757729329000, 1.099999999999996800, -1.979895888421108300E-015 ) ) ;
#2985 = FACE_OUTER_BOUND ( 'NONE', #125, .T. ) ;
#2986 = ORIENTED_EDGE ( 'NONE', *, *, #727, .T. ) ;
#2987 = CARTESIAN_POINT ( 'NONE',  ( -1.767766952966367800, -2.600000000000004100, -1.767766952966370000 ) ) ;
#2988 = AXIS2_PLACEMENT_3D ( 'NONE', #3644, #5264, #387 ) ;
#2989 = CARTESIAN_POINT ( 'NONE',  ( 1.162573365231606800, -5.919615242270667800, 1.603230164106421700 ) ) ;
#2990 = CARTESIAN_POINT ( 'NONE',  ( -2.425271854633429100E-016, -5.100000000000004100, 1.980384757729327200 ) ) ;
#2991 = DIRECTION ( 'NONE',  ( 0.0000000000000000000, 0.0000000000000000000, 1.000000000000000000 ) ) ;
#2992 = LINE ( 'NONE', #215, #3120 ) ;
#2993 = EDGE_LOOP ( 'NONE', ( #3142, #4797, #5168, #1755 ) ) ;
#2994 = CARTESIAN_POINT ( 'NONE',  ( 0.0000000000000000000, -6.000000000000001800, -2.500000000000000400 ) ) ;
#2995 = CARTESIAN_POINT ( 'NONE',  ( 1.035533905932736600, -4.750000000000001800, 2.499999999999997300 ) ) ;
#2996 = CARTESIAN_POINT ( 'NONE',  ( 0.0000000000000000000, 1.299999999999995600, -2.500000000000000400 ) ) ;
#2997 = CARTESIAN_POINT ( 'NONE',  ( 1.856434882886784300, -2.942421725045069700, -1.595256557774971300 ) ) ;
#2998 = CARTESIAN_POINT ( 'NONE',  ( -2.425271854633429100E-016, 1.999999999999998200, 1.980384757729327200 ) ) ;
#2999 = LINE ( 'NONE', #5070, #1476 ) ;
#3000 = CARTESIAN_POINT ( 'NONE',  ( 2.408942256527082400, 1.959961608544676000, -0.3912182539819681300 ) ) ;
#3001 = CARTESIAN_POINT ( 'NONE',  ( -1.980384757729329000, 1.099999999999996800, -1.979895888421108300E-015 ) ) ;
#3002 = EDGE_CURVE ( 'NONE', #2267, #2879, #1138, .T. ) ;
#3003 = CARTESIAN_POINT ( 'NONE',  ( -1.980384757729329000, -1.300000000000003400, -1.979895888421108300E-015 ) ) ;
#3004 = CIRCLE ( 'NONE', #195, 6.083333333333327700 ) ;
#3005 = CARTESIAN_POINT ( 'NONE',  ( -2.499999999999998700, -2.650000000000001700, -1.035533905932739300 ) ) ;
#3006 = CARTESIAN_POINT ( 'NONE',  ( 3.061616997868381200E-016, 1.999999999999997300, 2.499999999999998200 ) ) ;
#3007 = CARTESIAN_POINT ( 'NONE',  ( 1.980384757729328500, 2.249999999999996900, 0.8203022253684436600 ) ) ;
#3008 = CARTESIAN_POINT ( 'NONE',  ( -1.035533905932737100, -1.850000000000004500, -2.500000000000000400 ) ) ;
#3009 = ORIENTED_EDGE ( 'NONE', *, *, #1592, .T. ) ;
#3010 = CARTESIAN_POINT ( 'NONE',  ( -1.980384757729329000, -2.950000000000002800, 0.8203022253684421100 ) ) ;
#3011 = CARTESIAN_POINT ( 'NONE',  ( 0.8203022253684436600, -2.650000000000003900, 1.980384757729327600 ) ) ;
#3012 = CARTESIAN_POINT ( 'NONE',  ( 1.862522713475116300, -2.527701042929461300, 0.8539047127274368400 ) ) ;
#3013 = CARTESIAN_POINT ( 'NONE',  ( 1.704300128813400600E-015, -2.000000000000001800, 7.500000000000000000 ) ) ;
#3014 = ORIENTED_EDGE ( 'NONE', *, *, #4315, .T. ) ;
#3015 = CARTESIAN_POINT ( 'NONE',  ( -7.158298916538624900E-014, -2.619615242270667600, 2.119615242270660000 ) ) ;
#3016 = CARTESIAN_POINT ( 'NONE',  ( -1.417868853789493700, -5.661426862845768700, -1.738857351911557100 ) ) ;
#3017 = CARTESIAN_POINT ( 'NONE',  ( -1.767766952966368000, -5.600000000000004100, 1.767766952966365800 ) ) ;
#3018 = DIRECTION ( 'NONE',  ( 0.0000000000000000000, 0.0000000000000000000, -1.000000000000000000 ) ) ;
#3019 = CARTESIAN_POINT ( 'NONE',  ( -1.980384757729329000, 1.949999999999996800, 0.8203022253684421100 ) ) ;
#3020 = VERTEX_POINT ( 'NONE', #1902 ) ;
#3021 = ADVANCED_FACE ( 'NONE', ( #1847 ), #2590, .F. ) ;
#3022 = CARTESIAN_POINT ( 'NONE',  ( -1.980384757729329000, -0.4500000000000033400, 0.8203022253684421100 ) ) ;
#3023 = CARTESIAN_POINT ( 'NONE',  ( -1.980384757729329000, 1.799999999999997800, -1.979895888421108300E-015 ) ) ;
#3024 = CARTESIAN_POINT ( 'NONE',  ( 0.0000000000000000000, -1.200000000000001500, -2.500000000000000400 ) ) ;
#3025 = AXIS2_PLACEMENT_3D ( 'NONE', #776, #1958, #4786 ) ;
#3026 = CARTESIAN_POINT ( 'NONE',  ( 0.8203022253684454400, 0.04999999999999709500, -1.980384757729330100 ) ) ;
#3027 = VERTEX_POINT ( 'NONE', #792 ) ;
#3028 = CARTESIAN_POINT ( 'NONE',  ( 0.0000000000000000000, -1.900000000000004100, -2.500000000000000400 ) ) ;
#3029 = CARTESIAN_POINT ( 'NONE',  ( -1.980384757729329000, -3.000000000000002700, -1.979895888421108300E-015 ) ) ;
#3030 = CARTESIAN_POINT ( 'NONE',  ( 1.400343491548886800, -2.400000000000003500, -1.400343491548887900 ) ) ;
#3031 = EDGE_LOOP ( 'NONE', ( #4024, #1567, #4287, #272 ) ) ;
#3032 = CARTESIAN_POINT ( 'NONE',  ( -2.499999999999998700, -3.450000000000001500, -1.035533905932739300 ) ) ;
#3033 = CARTESIAN_POINT ( 'NONE',  ( 1.162573365231606800, -5.919615242270667800, 1.603230164106421700 ) ) ;
#3034 = EDGE_CURVE ( 'NONE', #2378, #3501, #549, .T. ) ;
#3035 = CARTESIAN_POINT ( 'NONE',  ( -2.499999999999998700, -0.1000000000000046000, -2.011713145582856100E-015 ) ) ;
#3036 = CARTESIAN_POINT ( 'NONE',  ( -2.013419437885388700, -5.629501719747277200, -1.060171380744021200 ) ) ;
#3037 = CARTESIAN_POINT ( 'NONE',  ( -1.767766952966368000, -4.800000000000005200, 1.767766952966365800 ) ) ;
#3038 = CARTESIAN_POINT ( 'NONE',  ( 0.0000000000000000000, 0.0000000000000000000, -1.734723475976807100E-015 ) ) ;
#3039 = CARTESIAN_POINT ( 'NONE',  ( -2.425271854633429100E-016, 1.299999999999996500, 1.980384757729327200 ) ) ;
#3040 = VERTEX_POINT ( 'NONE', #4855 ) ;
#3041 = CARTESIAN_POINT ( 'NONE',  ( 0.0000000000000000000, 2.499999999999996900, -1.980384757729330500 ) ) ;
#3042 = DIRECTION ( 'NONE',  ( 0.0000000000000000000, -1.000000000000000000, 0.0000000000000000000 ) ) ;
#3043 = ORIENTED_EDGE ( 'NONE', *, *, #1868, .F. ) ;
#3044 = CARTESIAN_POINT ( 'NONE',  ( 0.0000000000000000000, -4.300000000000004300, -2.500000000000000400 ) ) ;
#3045 = DIRECTION ( 'NONE',  ( 0.0000000000000000000, 1.000000000000000000, 0.0000000000000000000 ) ) ;
#3046 = B_SPLINE_CURVE_WITH_KNOTS ( 'NONE', 3,
 ( #3499, #1106, #2331, #3094, #1458, #1028, #5124, #3109, #267, #5088 ),
 .UNSPECIFIED., .F., .F.,
 ( 4, 2, 2, 2, 4 ),
 ( 1.439048489435055700E-014, 0.0003917340487026081600, 0.0007834680973908258200, 0.001175202146079043200, 0.001566936194767260600 ),
 .UNSPECIFIED. ) ;
#3047 = CARTESIAN_POINT ( 'NONE',  ( -3.061616997868381700E-016, -3.900000000000004800, 2.499999999999996900 ) ) ;
#3048 =( BOUNDED_CURVE ( )  B_SPLINE_CURVE ( 2, ( #2694, #4536, #65, #2859, #1650, #1129, #4088, #5116, #4735 ),
 .UNSPECIFIED., .F., .F. ) 
 B_SPLINE_CURVE_WITH_KNOTS ( ( 3, 2, 2, 2, 3 ),
 ( 0.4545454545454545900, 0.4659090909090909400, 0.4772727272727272900, 0.4886363636363636500, 0.5000000000000000000 ),
 .UNSPECIFIED. ) 
 CURVE ( )  GEOMETRIC_REPRESENTATION_ITEM ( )  RATIONAL_B_SPLINE_CURVE ( ( 1.000000000000000000, 0.9238795325112867400, 1.000000000000000000, 0.9238795325112867400, 1.000000000000000000, 0.9238795325112867400, 1.000000000000000000, 0.9238795325112867400, 1.000000000000000000 ) ) 
 REPRESENTATION_ITEM ( '' )  );
#3049 = CARTESIAN_POINT ( 'NONE',  ( 1.767766952966368400, -3.600000000000004100, -1.767766952966369500 ) ) ;
#3050 = CARTESIAN_POINT ( 'NONE',  ( 1.980384757729329000, -2.600000000000002800, -1.494841517494422500E-015 ) ) ;
#3051 = CARTESIAN_POINT ( 'NONE',  ( 0.0000000000000000000, -3.100000000000003200, -1.980384757729330500 ) ) ;
#3052 = LOCAL_TIME ( 9, 51, 47.00000000000000000, #2609 ) ;
#3053 = CARTESIAN_POINT ( 'NONE',  ( 0.0000000000000000000, -1.900000000000004100, -2.500000000000000400 ) ) ;
#3054 = ADVANCED_FACE ( 'NONE', ( #2041 ), #2801, .F. ) ;
#3055 = CARTESIAN_POINT ( 'NONE',  ( -2.499999999999998700, -0.9500000000000012900, 1.035533905932735100 ) ) ;
#3056 = CARTESIAN_POINT ( 'NONE',  ( 2.499999999999998200, -0.4500000000000042300, -1.035533905932739800 ) ) ;
#3057 = CARTESIAN_POINT ( 'NONE',  ( 1.767766952966367800, -2.200000000000004200, 1.767766952966366400 ) ) ;
#3058 = CARTESIAN_POINT ( 'NONE',  ( 1.035533905932738900, -4.350000000000005000, -2.500000000000000400 ) ) ;
#3059 = CARTESIAN_POINT ( 'NONE',  ( -1.980384757729329000, -1.350000000000002300, 0.8203022253684421100 ) ) ;
#3060 = CARTESIAN_POINT ( 'NONE',  ( 0.8203022253684436600, -0.2500000000000028300, 1.980384757729327600 ) ) ;
#3061 = CARTESIAN_POINT ( 'NONE',  ( -1.400343491548886600, 1.999999999999996700, 1.400343491548884400 ) ) ;
#3062 = FACE_OUTER_BOUND ( 'NONE', #3652, .T. ) ;
#3063 = CARTESIAN_POINT ( 'NONE',  ( 2.499999999999998200, -2.850000000000004100, -1.035533905932739800 ) ) ;
#3064 = CARTESIAN_POINT ( 'NONE',  ( -1.400343491548886600, 1.899999999999997200, 1.400343491548884400 ) ) ;
#3065 = CARTESIAN_POINT ( 'NONE',  ( -1.307892648966064300, 1.699999999999997300, -1.492794334131710000 ) ) ;
#3066 = CARTESIAN_POINT ( 'NONE',  ( -2.499999999999998700, -1.650000000000003900, 1.035533905932735100 ) ) ;
#3067 = LINE ( 'NONE', #1048, #1913 ) ;
#3068 = CARTESIAN_POINT ( 'NONE',  ( -1.035533905932737100, -2.650000000000005200, -2.500000000000000400 ) ) ;
#3069 = CARTESIAN_POINT ( 'NONE',  ( -1.980384757729329000, -3.850000000000003200, -0.8203022253684462100 ) ) ;
#3070 = CARTESIAN_POINT ( 'NONE',  ( 1.980384757729328500, -3.250000000000003600, -0.8203022253684464400 ) ) ;
#3071 = EDGE_CURVE ( 'NONE', #710, #1557, #3215, .T. ) ;
#3072 = CARTESIAN_POINT ( 'NONE',  ( -3.061616997868381700E-016, -3.200000000000002000, 2.499999999999996900 ) ) ;
#3073 = CARTESIAN_POINT ( 'NONE',  ( -3.061616997868381700E-016, -5.600000000000001400, 2.499999999999996900 ) ) ;
#3074 = CARTESIAN_POINT ( 'NONE',  ( 0.0000000000000000000, -1.100000000000004500, -2.500000000000000400 ) ) ;
#3075 = DIRECTION ( 'NONE',  ( 0.0000000000000000000, -0.0000000000000000000, -1.000000000000000000 ) ) ;
#3076 = CARTESIAN_POINT ( 'NONE',  ( 0.0000000000000000000, -2.400000000000003000, -1.980384757729330500 ) ) ;
#3077 = CARTESIAN_POINT ( 'NONE',  ( -0.8203022253684444400, -6.050000000000003400, 1.980384757729327200 ) ) ;
#3078 = CARTESIAN_POINT ( 'NONE',  ( 1.400343491548886800, -5.700000000000002800, -1.400343491548887900 ) ) ;
#3079 = CARTESIAN_POINT ( 'NONE',  ( 0.0000000000000000000, 1.999999999999999100, -2.499999999999998200 ) ) ;
#3080 = VERTEX_POINT ( 'NONE', #4010 ) ;
#3081 = CARTESIAN_POINT ( 'NONE',  ( 1.035533905932736600, -0.6500000000000039100, 2.499999999999997300 ) ) ;
#3082 = CARTESIAN_POINT ( 'NONE',  ( -2.425271854633429100E-016, -4.400000000000003000, 1.980384757729327200 ) ) ;
#3083 = CARTESIAN_POINT ( 'NONE',  ( -0.8203022253684441000, -3.850000000000003600, -1.980384757729330500 ) ) ;
#3084 = EDGE_LOOP ( 'NONE', ( #3913, #544, #57, #2658, #1103 ) ) ;
#3085 = CARTESIAN_POINT ( 'NONE',  ( -1.767766952966367800, -1.100000000000002100, -1.767766952966370000 ) ) ;
#3086 = CARTESIAN_POINT ( 'NONE',  ( -2.499999999999998700, -4.200000000000001100, -2.011713145582856100E-015 ) ) ;
#3087 = CARTESIAN_POINT ( 'NONE',  ( 2.499999999999998200, -3.750000000000002200, -1.035533905932739800 ) ) ;
#3088 = VERTEX_POINT ( 'NONE', #3653 ) ;
#3089 = DIRECTION ( 'NONE',  ( 0.0000000000000000000, 2.828353493440447300E-016, -1.000000000000000000 ) ) ;
#3090 = CARTESIAN_POINT ( 'NONE',  ( -1.980384757729329000, -0.6500000000000030200, -0.8203022253684462100 ) ) ;
#3091 = CARTESIAN_POINT ( 'NONE',  ( 1.400343491548886400, -5.900000000000002100, 1.400343491548884800 ) ) ;
#3092 = CARTESIAN_POINT ( 'NONE',  ( -0.8203022253684444400, -2.050000000000002000, 1.980384757729327200 ) ) ;
#3093 = ORIENTED_EDGE ( 'NONE', *, *, #1293, .F. ) ;
#3094 = CARTESIAN_POINT ( 'NONE',  ( -1.973769963110895100, -0.5196152422706356000, 0.2070171017370687500 ) ) ;
#3095 = CARTESIAN_POINT ( 'NONE',  ( 2.499999999999998200, 0.2499999999999985000, -1.035533905932739800 ) ) ;
#3096 = CARTESIAN_POINT ( 'NONE',  ( 0.0000000000000000000, 1.999999999999998200, -2.500000000000000400 ) ) ;
#3097 = CARTESIAN_POINT ( 'NONE',  ( 2.499999999999998200, 0.2499999999999958900, 1.035533905932736600 ) ) ;
#3098 = CARTESIAN_POINT ( 'NONE',  ( -1.980384757729329000, 0.1499999999999973600, -0.8203022253684462100 ) ) ;
#3099 = CARTESIAN_POINT ( 'NONE',  ( -1.400343491548886400, -0.6000000000000033100, -1.400343491548888400 ) ) ;
#3100 = CARTESIAN_POINT ( 'NONE',  ( -2.499999999999998700, -2.550000000000001200, 1.035533905932735100 ) ) ;
#3101 = CARTESIAN_POINT ( 'NONE',  ( -1.767766952966367800, -2.700000000000002000, -1.767766952966370000 ) ) ;
#3102 = CARTESIAN_POINT ( 'NONE',  ( 1.035533905932738900, -4.450000000000002800, -2.500000000000000400 ) ) ;
#3103 = EDGE_CURVE ( 'NONE', #1068, #4297, #440, .T. ) ;
#3104 = CARTESIAN_POINT ( 'NONE',  ( -3.061616997868381700E-016, -2.400000000000001700, 2.499999999999996900 ) ) ;
#3105 = DIRECTION ( 'NONE',  ( 0.0000000000000000000, 2.828353493440446800E-016, -1.000000000000000000 ) ) ;
#3106 = CARTESIAN_POINT ( 'NONE',  ( -7.158298916538624900E-014, -2.619615242270667600, 2.119615242270660000 ) ) ;
#3107 = ORIENTED_EDGE ( 'NONE', *, *, #2499, .F. ) ;
#3108 = CARTESIAN_POINT ( 'NONE',  ( -1.980384757729329000, -4.600000000000002300, -1.979895888421108300E-015 ) ) ;
#3109 = CARTESIAN_POINT ( 'NONE',  ( -1.745039348612780200, -0.5196152422706674700, 0.9451746662594379100 ) ) ;
#3110 = DIRECTION ( 'NONE',  ( 0.0000000000000000000, 0.0000000000000000000, 1.000000000000000000 ) ) ;
#3111 = CARTESIAN_POINT ( 'NONE',  ( 1.035533905932731300, 1.949999999999999100, -2.500000000000008000 ) ) ;
#3112 = CARTESIAN_POINT ( 'NONE',  ( -2.499999999999998700, -0.9000000000000041300, -2.011713145582856100E-015 ) ) ;
#3113 = CARTESIAN_POINT ( 'NONE',  ( 0.0000000000000000000, 0.8999999999999971400, -1.980384757729330500 ) ) ;
#3114 = FACE_OUTER_BOUND ( 'NONE', #2209, .T. ) ;
#3115 = CARTESIAN_POINT ( 'NONE',  ( 0.0000000000000000000, 1.999999999999998200, -2.500000000000000400 ) ) ;
#3116 = CARTESIAN_POINT ( 'NONE',  ( 2.499999999999998200, -3.050000000000002000, 1.035533905932736600 ) ) ;
#3117 = CARTESIAN_POINT ( 'NONE',  ( 0.0000000000000000000, -1.900000000000004100, -2.500000000000000400 ) ) ;
#3118 = CARTESIAN_POINT ( 'NONE',  ( -0.8203022253684441000, -6.350000000000002300, -1.980384757729330500 ) ) ;
#3119 = CARTESIAN_POINT ( 'NONE',  ( -0.2918726751407751400, -2.863585460165480400, -2.350138005649576600 ) ) ;
#3120 = VECTOR ( 'NONE', #4263, 1000.000000000000000 ) ;
#3121 = CARTESIAN_POINT ( 'NONE',  ( 0.0000000000000000000, 1.999999999999998200, 0.0000000000000000000 ) ) ;
#3122 = ORIENTED_EDGE ( 'NONE', *, *, #1110, .F. ) ;
#3123 = CARTESIAN_POINT ( 'NONE',  ( -1.980384757729329000, -3.850000000000003600, -0.8203022253684462100 ) ) ;
#3124 = CARTESIAN_POINT ( 'NONE',  ( -2.431919776201353100, -0.05429933835742293400, 0.2848654690471487100 ) ) ;
#3125 = LINE ( 'NONE', #2716, #1407 ) ;
#3126 = CARTESIAN_POINT ( 'NONE',  ( 1.451865029342875400, 4.592603136679535700, -0.4852960034456628700 ) ) ;
#3127 = CARTESIAN_POINT ( 'NONE',  ( -2.425271854633429100E-016, -5.900000000000003000, 1.980384757729327200 ) ) ;
#3128 = CARTESIAN_POINT ( 'NONE',  ( 2.499999999999998200, -1.450000000000001700, 1.035533905932736600 ) ) ;
#3129 = CARTESIAN_POINT ( 'NONE',  ( 0.0000000000000000000, 0.3999999999999984700, -2.500000000000000400 ) ) ;
#3130 = CARTESIAN_POINT ( 'NONE',  ( 2.499999999999998700, 0.2999999999999956000, -1.399389746009179600E-015 ) ) ;
#3131 = CARTESIAN_POINT ( 'NONE',  ( -0.8203022253684441000, 0.04999999999999709500, -1.980384757729330500 ) ) ;
#3132 = CARTESIAN_POINT ( 'NONE',  ( 1.980384757729328500, 0.7499999999999973400, -0.8203022253684464400 ) ) ;
#3133 = EDGE_CURVE ( 'NONE', #196, #2652, #744, .T. ) ;
#3134 = CARTESIAN_POINT ( 'NONE',  ( 2.499999999999998700, 1.799999999999998700, -1.399389746009179600E-015 ) ) ;
#3135 = CARTESIAN_POINT ( 'NONE',  ( 1.035533905932738900, -2.050000000000001600, -2.500000000000000400 ) ) ;
#3136 = ORIENTED_EDGE ( 'NONE', *, *, #2326, .F. ) ;
#3137 = CARTESIAN_POINT ( 'NONE',  ( 2.499999999999998700, -2.200000000000002000, -1.399389746009179600E-015 ) ) ;
#3138 =( BOUNDED_CURVE ( )  B_SPLINE_CURVE ( 2, ( #1493, #1896, #2344, #2756, #5187, #3192, #282, #2380, #3927 ),
 .UNSPECIFIED., .F., .F. ) 
 B_SPLINE_CURVE_WITH_KNOTS ( ( 3, 2, 2, 2, 3 ),
 ( 0.04545454545454537300, 0.05681818181818174000, 0.06818181818181821800, 0.07954545454545458600, 0.09090909090909093900 ),
 .UNSPECIFIED. ) 
 CURVE ( )  GEOMETRIC_REPRESENTATION_ITEM ( )  RATIONAL_B_SPLINE_CURVE ( ( 1.000000000000000400, 0.9238795325112865200, 1.000000000000000000, 0.9238795325112867400, 1.000000000000000000, 0.9238795325112867400, 1.000000000000000000, 0.9238795325112866300, 1.000000000000000000 ) ) 
 REPRESENTATION_ITEM ( '' )  );
#3139 = DIRECTION ( 'NONE',  ( 0.8660254037844387100, 0.0000000000000000000, -0.5000000000000001100 ) ) ;
#3140 = DIRECTION ( 'NONE',  ( 0.0000000000000000000, 3.469446951953616700E-016, -1.000000000000000000 ) ) ;
#3141 = CARTESIAN_POINT ( 'NONE',  ( 1.400343491548886800, -4.900000000000003000, -1.400343491548887900 ) ) ;
#3142 = ORIENTED_EDGE ( 'NONE', *, *, #5293, .T. ) ;
#3143 = DIRECTION ( 'NONE',  ( -0.0000000000000000000, -1.000000000000000000, -3.097720492815726700E-016 ) ) ;
#3144 = CARTESIAN_POINT ( 'NONE',  ( 1.400343491548886800, -4.900000000000003000, -1.400343491548887900 ) ) ;
#3145 = CARTESIAN_POINT ( 'NONE',  ( 0.0000000000000000000, 0.0000000000000000000, -1.734723475976807100E-015 ) ) ;
#3146 = DIRECTION ( 'NONE',  ( -0.0000000000000000000, -1.000000000000000000, -3.097720492815726700E-016 ) ) ;
#3147 = B_SPLINE_CURVE_WITH_KNOTS ( 'NONE', 1,
 ( #4744, #3477 ),
 .UNSPECIFIED., .F., .F.,
 ( 2, 2 ),
 ( 0.0000000000000000000, 0.0006000000000000075400 ),
 .UNSPECIFIED. ) ;
#3148 = VERTEX_POINT ( 'NONE', #305 ) ;
#3149 = CARTESIAN_POINT ( 'NONE',  ( 0.8203022253684436600, -1.150000000000002600, 1.980384757729327600 ) ) ;
#3150 = CARTESIAN_POINT ( 'NONE',  ( 1.980384757729329000, 1.499999999999996900, -1.494841517494422500E-015 ) ) ;
#3151 = VERTEX_POINT ( 'NONE', #725 ) ;
#3152 = CARTESIAN_POINT ( 'NONE',  ( -1.767766952966367800, -0.3000000000000016500, -1.767766952966370000 ) ) ;
#3153 = CARTESIAN_POINT ( 'NONE',  ( -2.499999999999998700, -2.550000000000001200, 1.035533905932735100 ) ) ;
#3154 = CARTESIAN_POINT ( 'NONE',  ( 2.499999999999998700, -2.900000000000004400, -1.399389746009179600E-015 ) ) ;
#3155 = CARTESIAN_POINT ( 'NONE',  ( -1.980384757729329000, -3.750000000000002700, 0.8203022253684421100 ) ) ;
#3156 = CARTESIAN_POINT ( 'NONE',  ( 0.0000000000000000000, -4.400000000000002100, -2.500000000000000400 ) ) ;
#3157 = VERTEX_POINT ( 'NONE', #2776 ) ;
#3158 = CARTESIAN_POINT ( 'NONE',  ( -1.980384757729329000, -4.550000000000002500, 0.8203022253684421100 ) ) ;
#3159 = DIRECTION ( 'NONE',  ( 0.0000000000000000000, 3.097720492815726700E-016, -1.000000000000000000 ) ) ;
#3160 = VERTEX_POINT ( 'NONE', #4045 ) ;
#3161 = CARTESIAN_POINT ( 'NONE',  ( 0.8203022253684454400, -3.150000000000003500, -1.980384757729330100 ) ) ;
#3162 = CARTESIAN_POINT ( 'NONE',  ( 0.0000000000000000000, 4.799999999999998900, 6.195440985631449400E-016 ) ) ;
#3163 = CARTESIAN_POINT ( 'NONE',  ( -1.035533905932739300, -4.850000000000002300, 2.499999999999995100 ) ) ;
#3164 = EDGE_CURVE ( 'NONE', #550, #3217, #4760, .T. ) ;
#3165 = CARTESIAN_POINT ( 'NONE',  ( 0.0000000000000000000, -0.8000000000000029300, -1.980384757729330500 ) ) ;
#3166 = CARTESIAN_POINT ( 'NONE',  ( -2.425271854633429100E-016, -0.3000000000000033800, 1.980384757729327200 ) ) ;
#3167 = ORIENTED_EDGE ( 'NONE', *, *, #338, .F. ) ;
#3168 = CARTESIAN_POINT ( 'NONE',  ( 2.499999999999998700, -0.6000000000000015300, -1.399389746009179600E-015 ) ) ;
#3169 = CARTESIAN_POINT ( 'NONE',  ( -1.767766952966368000, 0.6999999999999984000, 1.767766952966365800 ) ) ;
#3170 = EDGE_CURVE ( 'NONE', #3982, #4557, #396, .T. ) ;
#3171 = CARTESIAN_POINT ( 'NONE',  ( 0.8203022253684436600, -4.350000000000003200, 1.980384757729327600 ) ) ;
#3172 = APPROVAL_DATE_TIME ( #1642, #5193 ) ;
#3173 = CARTESIAN_POINT ( 'NONE',  ( 0.0000000000000000000, 1.999999999999998200, -1.982541115402066100E-015 ) ) ;
#3174 = CARTESIAN_POINT ( 'NONE',  ( 1.035533905932746600, -5.150000000000005700, -2.499999999999992900 ) ) ;
#3175 = CARTESIAN_POINT ( 'NONE',  ( -1.400343491548886600, -0.5000000000000030000, 1.400343491548884400 ) ) ;
#3176 = LINE ( 'NONE', #3459, #2549 ) ;
#3177 = CARTESIAN_POINT ( 'NONE',  ( -1.400343491548886400, -4.700000000000002800, -1.400343491548888400 ) ) ;
#3178 = CARTESIAN_POINT ( 'NONE',  ( 1.980384757729328500, -4.050000000000003400, -0.8203022253684464400 ) ) ;
#3179 = CARTESIAN_POINT ( 'NONE',  ( -1.767766952966368000, -0.9000000000000014700, 1.767766952966365800 ) ) ;
#3180 = DIRECTION ( 'NONE',  ( -0.0000000000000000000, -1.000000000000000000, -3.097720492815726700E-016 ) ) ;
#3181 = CONICAL_SURFACE ( 'NONE', #2079, 1.899999999999996400, 0.7853981633974458400 ) ;
#3182 = CARTESIAN_POINT ( 'NONE',  ( 0.0000000000000000000, -4.700000000000003700, -1.980384757729330500 ) ) ;
#3183 = CARTESIAN_POINT ( 'NONE',  ( -1.767766952966368000, 1.499999999999998700, 1.767766952966365800 ) ) ;
#3184 = CONICAL_SURFACE ( 'NONE', #230, 1.732050807568879200, 0.7853981633974500600 ) ;
#3185 = CARTESIAN_POINT ( 'NONE',  ( 1.035533905932738900, -1.250000000000002000, -2.500000000000000400 ) ) ;
#3186 = CARTESIAN_POINT ( 'NONE',  ( 1.767766952966368400, -2.800000000000004300, -1.767766952966369500 ) ) ;
#3187 = CARTESIAN_POINT ( 'NONE',  ( -1.400343491548886400, -3.900000000000003000, -1.400343491548888400 ) ) ;
#3188 = ADVANCED_FACE ( 'NONE', ( #4065, #4699 ), #4834, .T. ) ;
#3189 = CARTESIAN_POINT ( 'NONE',  ( 1.035533905932736900, 0.1499999999999956400, 2.499999999999997300 ) ) ;
#3190 = CARTESIAN_POINT ( 'NONE',  ( 0.0000000000000000000, -5.100000000000005000, -2.500000000000000400 ) ) ;
#3191 = CARTESIAN_POINT ( 'NONE',  ( 0.8203022253684454400, -0.05000000000000229300, -1.980384757729330100 ) ) ;
#3192 = CARTESIAN_POINT ( 'NONE',  ( -2.499999999999998700, 1.449999999999996400, -1.035533905932739300 ) ) ;
#3193 = CARTESIAN_POINT ( 'NONE',  ( 1.980384757729328500, -5.050000000000001600, 0.8203022253684436600 ) ) ;
#3194 = CARTESIAN_POINT ( 'NONE',  ( 0.0000000000000000000, -3.900000000000003500, -1.980384757729330500 ) ) ;
#3195 = FACE_OUTER_BOUND ( 'NONE', #3397, .T. ) ;
#3196 = CARTESIAN_POINT ( 'NONE',  ( 2.019252800025251600, -5.858126965071381400, 0.3744078936329847700 ) ) ;
#3197 = DIRECTION ( 'NONE',  ( -0.0000000000000000000, 1.000000000000000000, -0.0000000000000000000 ) ) ;
#3198 = CC_DESIGN_PERSON_AND_ORGANIZATION_ASSIGNMENT ( #674, #697, ( #4290 ) ) ;
#3199 = DIRECTION ( 'NONE',  ( 0.0000000000000000000, 0.7071067811865463500, 0.7071067811865487900 ) ) ;
#3200 = CARTESIAN_POINT ( 'NONE',  ( 1.980384757729329000, 2.299999999999996300, -1.494841517494422500E-015 ) ) ;
#3201 = EDGE_CURVE ( 'NONE', #3835, #181, #4141, .T. ) ;
#3202 = ORIENTED_EDGE ( 'NONE', *, *, #4356, .T. ) ;
#3203 = CARTESIAN_POINT ( 'NONE',  ( 1.767766952966367800, 2.499999999999998700, 1.767766952966366400 ) ) ;
#3204 = CARTESIAN_POINT ( 'NONE',  ( -3.061616997868381700E-016, -0.8000000000000012700, 2.499999999999996900 ) ) ;
#3205 = CARTESIAN_POINT ( 'NONE',  ( -1.980384757729329000, -4.600000000000002300, -1.979895888421108300E-015 ) ) ;
#3206 = ORIENTED_EDGE ( 'NONE', *, *, #2387, .F. ) ;
#3207 = CARTESIAN_POINT ( 'NONE',  ( 1.035533905932736900, -0.6500000000000039100, 2.499999999999997300 ) ) ;
#3208 = CARTESIAN_POINT ( 'NONE',  ( 1.221841056931270800, 4.568274169600322000, 0.8837092106213853000 ) ) ;
#3209 = CARTESIAN_POINT ( 'NONE',  ( -1.980384757729329000, 0.2499999999999976100, 0.8203022253684421100 ) ) ;
#3210 = EDGE_LOOP ( 'NONE', ( #2145, #1072, #1226, #3583 ) ) ;
#3211 = DIRECTION ( 'NONE',  ( -0.0000000000000000000, -1.000000000000000000, -3.097720492815726700E-016 ) ) ;
#3212 = CARTESIAN_POINT ( 'NONE',  ( 1.400343491548886400, -3.500000000000002700, 1.400343491548884800 ) ) ;
#3213 = CARTESIAN_POINT ( 'NONE',  ( -1.400343491548886600, -4.400000000000003900, 1.400343491548884400 ) ) ;
#3214 = CARTESIAN_POINT ( 'NONE',  ( 1.773057626968884700, -5.884860183487403700, 0.9824201764462069400 ) ) ;
#3215 = B_SPLINE_CURVE_WITH_KNOTS ( 'NONE', 3,
 ( #3601, #1214, #1163, #1594 ),
 .UNSPECIFIED., .F., .F.,
 ( 4, 4 ),
 ( 1.439894737207710800E-014, 0.0003219274081317151700 ),
 .UNSPECIFIED. ) ;
#3216 = CARTESIAN_POINT ( 'NONE',  ( -1.980384757729329000, -6.050000000000003400, 0.8203022253684421100 ) ) ;
#3217 = VERTEX_POINT ( 'NONE', #1383 ) ;
#3218 = DIRECTION ( 'NONE',  ( -0.0000000000000000000, -1.000000000000000000, -3.097720492815726700E-016 ) ) ;
#3219 = CARTESIAN_POINT ( 'NONE',  ( 1.035533905932738900, -2.850000000000002800, -2.500000000000000400 ) ) ;
#3220 = CARTESIAN_POINT ( 'NONE',  ( 1.980384757729328500, -3.450000000000003300, 0.8203022253684436600 ) ) ;
#3221 = CARTESIAN_POINT ( 'NONE',  ( -1.980384757729329000, -5.300000000000003400, -1.979895888421108300E-015 ) ) ;
#3222 = ORIENTED_EDGE ( 'NONE', *, *, #4117, .F. ) ;
#3223 = CARTESIAN_POINT ( 'NONE',  ( -2.499999999999998700, 1.399999999999998600, -2.011713145582856100E-015 ) ) ;
#3224 = CARTESIAN_POINT ( 'NONE',  ( 1.980384757729329000, 0.5999999999999972000, -1.494841517494422500E-015 ) ) ;
#3225 = CARTESIAN_POINT ( 'NONE',  ( 1.854633944328874200, -2.439160183875495000, -0.9460530387689001200 ) ) ;
#3226 = CARTESIAN_POINT ( 'NONE',  ( 1.400343491548886800, -1.700000000000002600, -1.400343491548887900 ) ) ;
#3227 = CARTESIAN_POINT ( 'NONE',  ( 2.499999999999998700, 1.099999999999995900, -1.399389746009179600E-015 ) ) ;
#3228 = CARTESIAN_POINT ( 'NONE',  ( -0.8660254037844389300, 1.999999999999998700, -1.499999999999998900 ) ) ;
#3229 = CARTESIAN_POINT ( 'NONE',  ( -2.425271854633429100E-016, -4.400000000000003000, 1.980384757729327200 ) ) ;
#3230 = CARTESIAN_POINT ( 'NONE',  ( -1.980384757729329000, -3.650000000000003500, 0.8203022253684421100 ) ) ;
#3231 = CARTESIAN_POINT ( 'NONE',  ( 1.797716376815760700, -5.798763728835237600, -1.109470383317158900 ) ) ;
#3232 = APPROVAL ( #2734, 'UNSPECIFIED' ) ;
#3233 = CARTESIAN_POINT ( 'NONE',  ( -1.980384757729329000, -5.300000000000003400, -1.979895888421108300E-015 ) ) ;
#3234 = CARTESIAN_POINT ( 'NONE',  ( 0.8203022253684454400, -3.250000000000003100, -1.980384757729330100 ) ) ;
#3235 = CALENDAR_DATE ( 2023, 31, 5 ) ;
#3236 = CARTESIAN_POINT ( 'NONE',  ( 1.980384757729328500, -4.150000000000003000, 0.8203022253684436600 ) ) ;
#3237 = CARTESIAN_POINT ( 'NONE',  ( -1.767766952966368000, -0.9000000000000014700, 1.767766952966365800 ) ) ;
#3238 = AXIS2_PLACEMENT_3D ( 'NONE', #229, #632, #5107 ) ;
#3239 = CARTESIAN_POINT ( 'NONE',  ( -1.400343491548886400, -0.7000000000000027300, -1.400343491548888400 ) ) ;
#3240 = VECTOR ( 'NONE', #2534, 1000.000000000000000 ) ;
#3241 = DIRECTION ( 'NONE',  ( 0.0000000000000000000, 0.0000000000000000000, -1.000000000000000000 ) ) ;
#3242 = CARTESIAN_POINT ( 'NONE',  ( -1.400343491548886400, -0.7000000000000027300, -1.400343491548888400 ) ) ;
#3243 = CARTESIAN_POINT ( 'NONE',  ( 1.767766952966367800, 0.9999999999999956700, 1.767766952966366400 ) ) ;
#3244 = CARTESIAN_POINT ( 'NONE',  ( 0.1473008818755144600, -5.852448269658142800, 2.047551730341850000 ) ) ;
#3245 = VECTOR ( 'NONE', #4570, 999.9999999999998900 ) ;
#3246 = ORIENTED_EDGE ( 'NONE', *, *, #2220, .T. ) ;
#3247 = CARTESIAN_POINT ( 'NONE',  ( 1.980384757729329000, -2.600000000000002800, -1.494841517494422500E-015 ) ) ;
#3248 = CARTESIAN_POINT ( 'NONE',  ( -1.980384757729329000, -0.5500000000000036000, -0.8203022253684462100 ) ) ;
#3249 = CARTESIAN_POINT ( 'NONE',  ( 1.684268317039663100, -2.573419784937586800, -1.219856532939203300 ) ) ;
#3250 = B_SPLINE_CURVE_WITH_KNOTS ( 'NONE', 3,
 ( #1555, #732, #820, #4825, #2453, #2077, #1245, #784, #2411, #2829 ),
 .UNSPECIFIED., .F., .F.,
 ( 4, 2, 2, 2, 4 ),
 ( 0.0000000000000000000, 0.0003917340486918033300, 0.0007834680973836066600, 0.001175202146075409800, 0.001566936194767212700 ),
 .UNSPECIFIED. ) ;
#3251 = CARTESIAN_POINT ( 'NONE',  ( -1.980384757729329000, -4.450000000000002800, 0.8203022253684421100 ) ) ;
#3252 = CIRCLE ( 'NONE', #2485, 4.599999999999998800 ) ;
#3253 = CARTESIAN_POINT ( 'NONE',  ( 1.980384757729328500, -4.950000000000002000, 0.8203022253684436600 ) ) ;
#3254 = CARTESIAN_POINT ( 'NONE',  ( -1.980384757729329000, -4.600000000000002300, -1.979895888421108300E-015 ) ) ;
#3255 = CARTESIAN_POINT ( 'NONE',  ( 0.8203022253684436600, -5.850000000000004100, 1.980384757729327600 ) ) ;
#3256 = CARTESIAN_POINT ( 'NONE',  ( -1.400343491548886600, -5.200000000000002800, 1.400343491548884400 ) ) ;
#3257 = CYLINDRICAL_SURFACE ( 'NONE', #2969, 2.499999999999998200 ) ;
#3258 = CARTESIAN_POINT ( 'NONE',  ( -1.400343491548886600, -1.300000000000002500, 1.400343491548884400 ) ) ;
#3259 = CARTESIAN_POINT ( 'NONE',  ( 1.732050807568878700, 1.999999999999998200, -2.013518320330228400E-016 ) ) ;
#3260 = CARTESIAN_POINT ( 'NONE',  ( 0.0000000000000000000, -0.3000000000000042600, -2.500000000000000400 ) ) ;
#3261 = CARTESIAN_POINT ( 'NONE',  ( 1.980384757729328500, 1.449999999999998200, -0.8203022253684464400 ) ) ;
#3262 = ORIENTED_EDGE ( 'NONE', *, *, #1036, .F. ) ;
#3263 =( BOUNDED_SURFACE ( )  B_SPLINE_SURFACE ( 1, 2, ( 
 ( #2252, #3118, #627, #190, #659, #208, #4708, #5149, #642, #3491, #3921, #2735, #259, #1892, #2305, #3869, #5079, #3476, #2669, #3526, #1078, #4791, #4015, #1998, #1538, #2374, #3592, #3989, #4758, #1519, #4371, #2781, #2407, #1131, #2392, #5198, #3205, #1096, #3557, #4391, #4823, #3171, #1983, #730, #329, #5213, #3970, #1946, #5229, #1553, #3187, #4775, #1962, #3155, #2810, #312, #343, #678, #1168, #292, #713, #4357, #3543, #1569, #3955, #4000, #4405, #2357, #2796, #2341, #4806, #1153, #746, #3606, #1582, #1930, #4420, #3574, #5167, #2752, #276, #698, #1113, #5182, #2768, #2883, #4454, #4861, #2508, #3699, #2033, #2828, #2431, #1220, #4472, #1677, #1186, #4919, #1636, #3677, #2074, #2449, #3258, #8, #2846, #3624, #4051, #363, #5281, #5262, #2056, #3296, #800, #1618, #3239, #4108, #4512, #4031, #3659, #1243, #4900, #2867, #4087, #1658, #424, #4067, #1201, #2095, #1601, #839, #385, #5244, #2484, #4875, #2471, #26, #404, #3280, #817, #2905, #3224, #3641, #4493, #1262, #4435, #782, #761, #2017, #4840, #4569, #3783, #1759, #1300, #2146, #3364, #3748, #4532, #1281, #4138, #2553, #2178, #890, #2162, #4967, #2972, #858, #3334, #4157, #4602, #2938, #1743, #497, #93, #4984, #3732, #1710, #4999 ),
 ( #2589, #78, #2526, #4188, #3318, #4952, #1318, #1727, #513, #3718, #443, #1352, #2955, #4172, #108, #47, #1693, #4552, #922, #479, #2573, #2128, #4583, #4123, #2109, #910, #2540, #4935, #2920, #1335, #464, #3379, #875, #3767, #62, #3351, #585, #545, #1795, #974, #4683, #4244, #3839, #2245, #1408, #3468, #1445, #3453, #4634, #2662, #953, #4266, #2606, #4284, #147, #1424, #2264, #4206, #1814, #2644, #3413, #1831, #3049, #2213, #1848, #5037, #3799, #1370, #528, #5092, #4649, #1387, #4227, #5072, #3820, #2232, #991, #4669, #2677, #184, #5055, #3068, #2987, #3861, #3392, #605, #1013, #165, #1777, #3879, #2626, #939, #5018, #4615, #2197, #126, #3028, #3008, #565, #3430, #3895, #1480, #2280, #233, #252, #4331, #3930, #4701, #1462, #200, #2728, #1514, #1069, #4718, #4350, #1901, #3112, #1089, #5111, #2297, #1923, #3081, #650, #3518, #2693, #3535, #3947, #619, #2335, #1497, #216, #4751, #3486, #1885, #4737, #2314, #1032, #1865, #4300, #3097, #3130, #635, #3502, #2708, #5125, #5142, #1050, #671, #3914, #4312, #1247, #3704, #4922, #5286, #3243, #844, #3227, #823, #1680, #4094, #767, #390, #4846, #4881, #2872, #2832, #4055, #3264, #4517, #1225, #804, #4496, #3663, #427, #1265, #409, #1622 ) ),
 .UNSPECIFIED., .F., .F., .F. ) 
 B_SPLINE_SURFACE_WITH_KNOTS ( ( 2, 2 ),
 ( 3, 2, 2, 2, 2, 2, 2, 2, 2, 2, 2, 2, 2, 2, 2, 2, 2, 2, 2, 2, 2, 2, 2, 2, 2, 2, 2, 2, 2, 2, 2, 2, 2, 2, 2, 2, 2, 2, 2, 2, 2, 2, 2, 2, 2, 2, 2, 2, 2, 2, 2, 2, 2, 2, 2, 2, 2, 2, 2, 2, 2, 2, 2, 2, 2, 2, 2, 2, 2, 2, 2, 2, 2, 2, 2, 2, 2, 2, 2, 2, 2, 2, 2, 2, 2, 2, 2, 2, 3 ),
 ( 0.0000000000000000000, 1.000000000000000000 ),
 ( 0.0000000000000000000, 0.01136363636363636400, 0.02272727272727272800, 0.03409090909090908800, 0.04545454545454545600, 0.05681818181818181600, 0.06818181818181817700, 0.07954545454545454400, 0.09090909090909091200, 0.1022727272727272800, 0.1136363636363636300, 0.1250000000000000000, 0.1363636363636363500, 0.1477272727272727300, 0.1590909090909090900, 0.1704545454545454400, 0.1818181818181818200, 0.1931818181818181800, 0.2045454545454545600, 0.2159090909090909100, 0.2272727272727272700, 0.2386363636363636500, 0.2500000000000000000, 0.2613636363636363500, 0.2727272727272727100, 0.2840909090909091200, 0.2954545454545454700, 0.3068181818181818200, 0.3181818181818181800, 0.3295454545454545300, 0.3409090909090908800, 0.3522727272727272900, 0.3636363636363636500, 0.3750000000000000000, 0.3863636363636363500, 0.3977272727272727100, 0.4090909090909091200, 0.4204545454545454700, 0.4318181818181818200, 0.4431818181818181800, 0.4545454545454545300, 0.4659090909090908800, 0.4772727272727272900, 0.4886363636363636500, 0.5000000000000000000, 0.5113636363636363500, 0.5227272727272727100, 0.5340909090909090600, 0.5454545454545454100, 0.5568181818181817700, 0.5681818181818182300, 0.5795454545454545900, 0.5909090909090909400, 0.6022727272727272900, 0.6136363636363636500, 0.6250000000000000000, 0.6363636363636363500, 0.6477272727272727100, 0.6590909090909090600, 0.6704545454545454100, 0.6818181818181817700, 0.6931818181818182300, 0.7045454545454545900, 0.7159090909090909400, 0.7272727272727272900, 0.7386363636363636500, 0.7500000000000000000, 0.7613636363636363500, 0.7727272727272727100, 0.7840909090909090600, 0.7954545454545454100, 0.8068181818181817700, 0.8181818181818182300, 0.8295454545454545900, 0.8409090909090909400, 0.8522727272727272900, 0.8636363636363636500, 0.8750000000000000000, 0.8863636363636363500, 0.8977272727272727100, 0.9090909090909090600, 0.9204545454545454100, 0.9318181818181817700, 0.9431818181818182300, 0.9545454545454545900, 0.9659090909090909400, 0.9772727272727272900, 0.9886363636363636500, 1.000000000000000000 ),
 .UNSPECIFIED. ) 
 GEOMETRIC_REPRESENTATION_ITEM ( )  RATIONAL_B_SPLINE_SURFACE ( (
 ( 1.000000000000000000, 0.9238795325112867400, 1.000000000000000000, 0.9238795325112867400, 1.000000000000000000, 0.9238795325112867400, 1.000000000000000000, 0.9238795325112867400, 1.000000000000000000, 0.9238795325112867400, 1.000000000000000000, 0.9238795325112867400, 1.000000000000000000, 0.9238795325112867400, 1.000000000000000000, 0.9238795325112867400, 1.000000000000000000, 0.9238795325112867400, 1.000000000000000000, 0.9238795325112867400, 1.000000000000000000, 0.9238795325112867400, 1.000000000000000000, 0.9238795325112867400, 1.000000000000000000, 0.9238795325112867400, 1.000000000000000000, 0.9238795325112867400, 1.000000000000000000, 0.9238795325112867400, 1.000000000000000000, 0.9238795325112867400, 1.000000000000000000, 0.9238795325112867400, 1.000000000000000000, 0.9238795325112867400, 1.000000000000000000, 0.9238795325112867400, 1.000000000000000000, 0.9238795325112867400, 1.000000000000000000, 0.9238795325112867400, 1.000000000000000000, 0.9238795325112867400, 1.000000000000000000, 0.9238795325112867400, 1.000000000000000000, 0.9238795325112867400, 1.000000000000000000, 0.9238795325112867400, 1.000000000000000000, 0.9238795325112867400, 1.000000000000000000, 0.9238795325112867400, 1.000000000000000000, 0.9238795325112867400, 1.000000000000000000, 0.9238795325112867400, 1.000000000000000000, 0.9238795325112867400, 1.000000000000000000, 0.9238795325112867400, 1.000000000000000000, 0.9238795325112867400, 1.000000000000000000, 0.9238795325112867400, 1.000000000000000000, 0.9238795325112867400, 1.000000000000000000, 0.9238795325112867400, 1.000000000000000000, 0.9238795325112867400, 1.000000000000000000, 0.9238795325112867400, 1.000000000000000000, 0.9238795325112867400, 1.000000000000000000, 0.9238795325112867400, 1.000000000000000000, 0.9238795325112867400, 1.000000000000000000, 0.9238795325112867400, 1.000000000000000000, 0.9238795325112867400, 1.000000000000000000, 0.9238795325112867400, 1.000000000000000000, 0.9238795325112867400, 1.000000000000000000, 0.9238795325112867400, 1.000000000000000000, 0.9238795325112867400, 1.000000000000000000, 0.9238795325112867400, 1.000000000000000000, 0.9238795325112867400, 1.000000000000000000, 0.9238795325112867400, 1.000000000000000000, 0.9238795325112867400, 1.000000000000000000, 0.9238795325112867400, 1.000000000000000000, 0.9238795325112867400, 1.000000000000000000, 0.9238795325112867400, 1.000000000000000000, 0.9238795325112867400, 1.000000000000000000, 0.9238795325112867400, 1.000000000000000000, 0.9238795325112867400, 1.000000000000000000, 0.9238795325112867400, 1.000000000000000000, 0.9238795325112867400, 1.000000000000000000, 0.9238795325112867400, 1.000000000000000000, 0.9238795325112867400, 1.000000000000000000, 0.9238795325112867400, 1.000000000000000000, 0.9238795325112867400, 1.000000000000000000, 0.9238795325112867400, 1.000000000000000000, 0.9238795325112867400, 1.000000000000000000, 0.9238795325112867400, 1.000000000000000000, 0.9238795325112867400, 1.000000000000000000, 0.9238795325112867400, 1.000000000000000000, 0.9238795325112867400, 1.000000000000000000, 0.9238795325112867400, 1.000000000000000000, 0.9238795325112867400, 1.000000000000000000, 0.9238795325112867400, 1.000000000000000000, 0.9238795325112867400, 1.000000000000000000, 0.9238795325112867400, 1.000000000000000000, 0.9238795325112867400, 1.000000000000000000, 0.9238795325112867400, 1.000000000000000000, 0.9238795325112867400, 1.000000000000000000, 0.9238795325112867400, 1.000000000000000000, 0.9238795325112867400, 1.000000000000000000, 0.9238795325112867400, 1.000000000000000000, 0.9238795325112867400, 1.000000000000000000, 0.9238795325112867400, 1.000000000000000000, 0.9238795325112867400, 1.000000000000000000, 0.9238795325112867400, 1.000000000000000000, 0.9238795325112867400, 1.000000000000000000, 0.9238795325112867400, 1.000000000000000000, 0.9238795325112867400, 1.000000000000000000, 0.9238795325112867400, 1.000000000000000000, 0.9238795325112867400, 1.000000000000000000),
 ( 1.000000000000000000, 0.9238795325112867400, 1.000000000000000000, 0.9238795325112867400, 1.000000000000000000, 0.9238795325112867400, 1.000000000000000000, 0.9238795325112867400, 1.000000000000000000, 0.9238795325112867400, 1.000000000000000000, 0.9238795325112867400, 1.000000000000000000, 0.9238795325112867400, 1.000000000000000000, 0.9238795325112867400, 1.000000000000000000, 0.9238795325112867400, 1.000000000000000000, 0.9238795325112867400, 1.000000000000000000, 0.9238795325112867400, 1.000000000000000000, 0.9238795325112867400, 1.000000000000000000, 0.9238795325112867400, 1.000000000000000000, 0.9238795325112867400, 1.000000000000000000, 0.9238795325112867400, 1.000000000000000000, 0.9238795325112867400, 1.000000000000000000, 0.9238795325112867400, 1.000000000000000000, 0.9238795325112867400, 1.000000000000000000, 0.9238795325112867400, 1.000000000000000000, 0.9238795325112867400, 1.000000000000000000, 0.9238795325112867400, 1.000000000000000000, 0.9238795325112867400, 1.000000000000000000, 0.9238795325112867400, 1.000000000000000000, 0.9238795325112867400, 1.000000000000000000, 0.9238795325112867400, 1.000000000000000000, 0.9238795325112867400, 1.000000000000000000, 0.9238795325112867400, 1.000000000000000000, 0.9238795325112867400, 1.000000000000000000, 0.9238795325112867400, 1.000000000000000000, 0.9238795325112867400, 1.000000000000000000, 0.9238795325112867400, 1.000000000000000000, 0.9238795325112867400, 1.000000000000000000, 0.9238795325112867400, 1.000000000000000000, 0.9238795325112867400, 1.000000000000000000, 0.9238795325112867400, 1.000000000000000000, 0.9238795325112867400, 1.000000000000000000, 0.9238795325112867400, 1.000000000000000000, 0.9238795325112867400, 1.000000000000000000, 0.9238795325112867400, 1.000000000000000000, 0.9238795325112867400, 1.000000000000000000, 0.9238795325112867400, 1.000000000000000000, 0.9238795325112867400, 1.000000000000000000, 0.9238795325112867400, 1.000000000000000000, 0.9238795325112867400, 1.000000000000000000, 0.9238795325112867400, 1.000000000000000000, 0.9238795325112867400, 1.000000000000000000, 0.9238795325112867400, 1.000000000000000000, 0.9238795325112867400, 1.000000000000000000, 0.9238795325112867400, 1.000000000000000000, 0.9238795325112867400, 1.000000000000000000, 0.9238795325112867400, 1.000000000000000000, 0.9238795325112867400, 1.000000000000000000, 0.9238795325112867400, 1.000000000000000000, 0.9238795325112867400, 1.000000000000000000, 0.9238795325112867400, 1.000000000000000000, 0.9238795325112867400, 1.000000000000000000, 0.9238795325112867400, 1.000000000000000000, 0.9238795325112867400, 1.000000000000000000, 0.9238795325112867400, 1.000000000000000000, 0.9238795325112867400, 1.000000000000000000, 0.9238795325112867400, 1.000000000000000000, 0.9238795325112867400, 1.000000000000000000, 0.9238795325112867400, 1.000000000000000000, 0.9238795325112867400, 1.000000000000000000, 0.9238795325112867400, 1.000000000000000000, 0.9238795325112867400, 1.000000000000000000, 0.9238795325112867400, 1.000000000000000000, 0.9238795325112867400, 1.000000000000000000, 0.9238795325112867400, 1.000000000000000000, 0.9238795325112867400, 1.000000000000000000, 0.9238795325112867400, 1.000000000000000000, 0.9238795325112867400, 1.000000000000000000, 0.9238795325112867400, 1.000000000000000000, 0.9238795325112867400, 1.000000000000000000, 0.9238795325112867400, 1.000000000000000000, 0.9238795325112867400, 1.000000000000000000, 0.9238795325112867400, 1.000000000000000000, 0.9238795325112867400, 1.000000000000000000, 0.9238795325112867400, 1.000000000000000000, 0.9238795325112867400, 1.000000000000000000, 0.9238795325112867400, 1.000000000000000000, 0.9238795325112867400, 1.000000000000000000, 0.9238795325112867400, 1.000000000000000000, 0.9238795325112867400, 1.000000000000000000, 0.9238795325112867400, 1.000000000000000000, 0.9238795325112867400, 1.000000000000000000, 0.9238795325112867400, 1.000000000000000000, 0.9238795325112867400, 1.000000000000000000) ) ) 
 REPRESENTATION_ITEM ( '' )  SURFACE ( )  );
#3264 = CARTESIAN_POINT ( 'NONE',  ( -1.035533905932737300, 1.649999999999995000, 2.499999999999996900 ) ) ;
#3265 = EDGE_CURVE ( 'NONE', #5163, #3157, #4426, .T. ) ;
#3266 = CARTESIAN_POINT ( 'NONE',  ( 2.185693874903210400, -0.3185402454100239600, 0.04285091337281221600 ) ) ;
#3267 = CARTESIAN_POINT ( 'NONE',  ( 1.980384757729328500, -1.850000000000002500, 0.8203022253684436600 ) ) ;
#3268 = CARTESIAN_POINT ( 'NONE',  ( -1.980384757729329000, 0.2999999999999964400, -1.979895888421108300E-015 ) ) ;
#3269 = CARTESIAN_POINT ( 'NONE',  ( 0.2169076790595593500, -5.724591194840262400, -2.175408805159737600 ) ) ;
#3270 = CARTESIAN_POINT ( 'NONE',  ( -1.980384757729329000, -6.100000000000004100, -1.979895888421108300E-015 ) ) ;
#3271 = ORIENTED_EDGE ( 'NONE', *, *, #2727, .T. ) ;
#3272 = ADVANCED_FACE ( 'NONE', ( #2618 ), #3945, .F. ) ;
#3273 = DIRECTION ( 'NONE',  ( 0.0000000000000000000, 1.000000000000000000, 0.0000000000000000000 ) ) ;
#3274 = CARTESIAN_POINT ( 'NONE',  ( 1.980384757729328500, -4.050000000000003400, -0.8203022253684465500 ) ) ;
#3275 = EDGE_CURVE ( 'NONE', #2700, #3971, #4955, .T. ) ;
#3276 = CARTESIAN_POINT ( 'NONE',  ( -1.980384757729329000, -3.750000000000002700, 0.8203022253684421100 ) ) ;
#3277 = VERTEX_POINT ( 'NONE', #853 ) ;
#3278 = CARTESIAN_POINT ( 'NONE',  ( 1.400343491548886800, -0.8000000000000029300, -1.400343491548887900 ) ) ;
#3279 = CARTESIAN_POINT ( 'NONE',  ( -0.8203022253684444400, -5.150000000000003000, 1.980384757729327200 ) ) ;
#3280 = CARTESIAN_POINT ( 'NONE',  ( 0.8203022253684436600, 0.4499999999999972900, 1.980384757729327600 ) ) ;
#3281 = CARTESIAN_POINT ( 'NONE',  ( 1.428658187597606500E-015, -2.000000000000001800, -1.416666666666671200 ) ) ;
#3282 = ORIENTED_EDGE ( 'NONE', *, *, #4895, .F. ) ;
#3283 = DIRECTION ( 'NONE',  ( -0.0000000000000000000, 1.000000000000000000, -0.0000000000000000000 ) ) ;
#3284 = CARTESIAN_POINT ( 'NONE',  ( 0.0000000000000000000, 1.999999999999998200, 0.0000000000000000000 ) ) ;
#3285 = CARTESIAN_POINT ( 'NONE',  ( -1.035533905932737100, -2.650000000000005200, -2.500000000000000400 ) ) ;
#3286 = CARTESIAN_POINT ( 'NONE',  ( 1.101081596079245300, -0.3990445363739461000, 1.794981446755922200 ) ) ;
#3287 = ORIENTED_EDGE ( 'NONE', *, *, #5257, .T. ) ;
#3288 = CARTESIAN_POINT ( 'NONE',  ( -0.8203022253684441000, -1.550000000000002700, -1.980384757729330500 ) ) ;
#3289 = CARTESIAN_POINT ( 'NONE',  ( 1.980384757729328500, -2.450000000000003300, -0.8203022253684464400 ) ) ;
#3290 = CARTESIAN_POINT ( 'NONE',  ( -1.595924783227574000, 4.663873975658095400, -0.2357771903914919800 ) ) ;
#3291 = CARTESIAN_POINT ( 'NONE',  ( -1.035533905932737300, -1.650000000000001500, 2.499999999999996900 ) ) ;
#3292 = CARTESIAN_POINT ( 'NONE',  ( 1.980384757729329000, -2.500000000000003600, -1.494841517494422500E-015 ) ) ;
#3293 = CARTESIAN_POINT ( 'NONE',  ( -1.400343491548886600, -4.500000000000003600, 1.400343491548884400 ) ) ;
#3294 = CARTESIAN_POINT ( 'NONE',  ( -0.8203022253684441000, -0.6500000000000030200, -1.980384757729330500 ) ) ;
#3295 = CARTESIAN_POINT ( 'NONE',  ( 1.980384757729328500, -5.650000000000003000, -0.8203022253684464400 ) ) ;
#3296 = CARTESIAN_POINT ( 'NONE',  ( 0.8203022253684454400, -0.8500000000000027500, -1.980384757729330100 ) ) ;
#3297 = VERTEX_POINT ( 'NONE', #1254 ) ;
#3298 = ADVANCED_FACE ( 'NONE', ( #351 ), #4885, .T. ) ;
#3299 = CARTESIAN_POINT ( 'NONE',  ( -0.2075987480664681400, -5.919615242270668700, 1.972286879693861300 ) ) ;
#3300 = CARTESIAN_POINT ( 'NONE',  ( -1.980384757729329000, -1.350000000000003200, -0.8203022253684462100 ) ) ;
#3301 = CARTESIAN_POINT ( 'NONE',  ( -1.400343491548886400, 1.699999999999996600, -1.400343491548888400 ) ) ;
#3302 = CARTESIAN_POINT ( 'NONE',  ( 0.0000000000000000000, -3.000000000000001800, 0.0000000000000000000 ) ) ;
#3303 =( BOUNDED_CURVE ( )  B_SPLINE_CURVE ( 2, ( #1155, #1540, #4824, #1947, #715, #4421, #294, #3189, #330 ),
 .UNSPECIFIED., .F., .F. ) 
 B_SPLINE_CURVE_WITH_KNOTS ( ( 3, 2, 2, 2, 3 ),
 ( 0.1818181818181818000, 0.1931818181818182600, 0.2045454545454545900, 0.2159090909090909400, 0.2272727272727272900 ),
 .UNSPECIFIED. ) 
 CURVE ( )  GEOMETRIC_REPRESENTATION_ITEM ( )  RATIONAL_B_SPLINE_CURVE ( ( 0.9999999999999997800, 0.9238795325112869600, 1.000000000000000000, 0.9238795325112867400, 1.000000000000000000, 0.9238795325112867400, 1.000000000000000000, 0.9238795325112867400, 1.000000000000000000 ) ) 
 REPRESENTATION_ITEM ( '' )  );
#3304 = CARTESIAN_POINT ( 'NONE',  ( 0.0000000000000000000, -0.3000000000000042600, -2.500000000000000400 ) ) ;
#3305 = CARTESIAN_POINT ( 'NONE',  ( -1.944800382529371600, -0.3330725560809734100, 0.9693955828371160200 ) ) ;
#3306 = CARTESIAN_POINT ( 'NONE',  ( -1.980384757729329000, 1.049999999999996900, 0.8203022253684421100 ) ) ;
#3307 = CARTESIAN_POINT ( 'NONE',  ( 1.400343491548886400, -1.000000000000003600, 1.400343491548884800 ) ) ;
#3308 = PRODUCT_DEFINITION_FORMATION_WITH_SPECIFIED_SOURCE ( 'ANY', '', #4832, .NOT_KNOWN. ) ;
#3309 = CARTESIAN_POINT ( 'NONE',  ( 1.400343491548886400, -2.600000000000003200, 1.400343491548884800 ) ) ;
#3310 = EDGE_CURVE ( 'NONE', #2250, #4539, #933, .T. ) ;
#3311 = LINE ( 'NONE', #4251, #1523 ) ;
#3312 = CARTESIAN_POINT ( 'NONE',  ( -2.425271854633429100E-016, -3.500000000000003600, 1.980384757729327200 ) ) ;
#3313 = CARTESIAN_POINT ( 'NONE',  ( -1.980384757729329000, -2.150000000000002600, 0.8203022253684421100 ) ) ;
#3314 = CARTESIAN_POINT ( 'NONE',  ( -0.8203022253684441000, -1.450000000000003300, -1.980384757729330500 ) ) ;
#3315 = CIRCLE ( 'NONE', #5159, 1.899999999999995500 ) ;
#3316 = ORIENTED_EDGE ( 'NONE', *, *, #2091, .T. ) ;
#3317 = CARTESIAN_POINT ( 'NONE',  ( 0.0000000000000000000, 2.799999999999998500, -2.500000000000000400 ) ) ;
#3318 = CARTESIAN_POINT ( 'NONE',  ( -2.499999999999998700, -6.500000000000005300, -2.011713145582856100E-015 ) ) ;
#3319 = CARTESIAN_POINT ( 'NONE',  ( -2.499999999999998700, -3.400000000000001700, -2.011713145582856100E-015 ) ) ;
#3320 = CARTESIAN_POINT ( 'NONE',  ( -0.8203022253684441000, -1.450000000000003300, -1.980384757729330500 ) ) ;
#3321 = FACE_OUTER_BOUND ( 'NONE', #3521, .T. ) ;
#3322 = DIRECTION ( 'NONE',  ( 0.0000000000000000000, 3.097720492815726700E-016, -1.000000000000000000 ) ) ;
#3323 = CARTESIAN_POINT ( 'NONE',  ( 2.499999999999998700, -1.300000000000004300, -1.399389746009179600E-015 ) ) ;
#3324 = CARTESIAN_POINT ( 'NONE',  ( -0.1636443174275400700, -0.01869502340790714700, 2.481304976592216200 ) ) ;
#3325 = CARTESIAN_POINT ( 'NONE',  ( -1.980384757729329000, -0.6500000000000030200, -0.8203022253684462100 ) ) ;
#3326 = CARTESIAN_POINT ( 'NONE',  ( -1.400343491548886600, -0.4000000000000036300, 1.400343491548884400 ) ) ;
#3327 = LINE ( 'NONE', #4111, #46 ) ;
#3328 = CARTESIAN_POINT ( 'NONE',  ( 2.499999999999998700, -4.500000000000003600, -1.399389746009179600E-015 ) ) ;
#3329 = CARTESIAN_POINT ( 'NONE',  ( -1.980384757729329000, -2.950000000000003700, -0.8203022253684462100 ) ) ;
#3330 = CARTESIAN_POINT ( 'NONE',  ( -1.400343491548886600, -4.400000000000003900, 1.400343491548884400 ) ) ;
#3331 = CONICAL_SURFACE ( 'NONE', #23, 1.732050807568879200, 0.7853981633974500600 ) ;
#3332 = CARTESIAN_POINT ( 'NONE',  ( 0.8203022253684436600, 0.4499999999999972900, 1.980384757729327600 ) ) ;
#3333 = CARTESIAN_POINT ( 'NONE',  ( 0.8203022253684454400, -3.150000000000003500, -1.980384757729330100 ) ) ;
#3334 = CARTESIAN_POINT ( 'NONE',  ( -1.400343491548886600, 1.899999999999997200, 1.400343491548884400 ) ) ;
#3335 = ORIENTED_EDGE ( 'NONE', *, *, #1669, .F. ) ;
#3336 = CARTESIAN_POINT ( 'NONE',  ( -1.980384757729329000, -5.450000000000003700, -0.8203022253684462100 ) ) ;
#3337 = CARTESIAN_POINT ( 'NONE',  ( 0.8203022253684436600, -1.850000000000003600, 1.980384757729327600 ) ) ;
#3338 = CARTESIAN_POINT ( 'NONE',  ( -3.061616997868381700E-016, -2.300000000000004300, 2.499999999999996900 ) ) ;
#3339 = EDGE_CURVE ( 'NONE', #4297, #3040, #332, .T. ) ;
#3340 = ORIENTED_EDGE ( 'NONE', *, *, #240, .T. ) ;
#3341 = CARTESIAN_POINT ( 'NONE',  ( 2.499999999999998200, -1.250000000000004700, -1.035533905932739800 ) ) ;
#3342 = CARTESIAN_POINT ( 'NONE',  ( 3.673940397442060400E-016, -2.000000000000001800, -3.000000000000000400 ) ) ;
#3343 = CARTESIAN_POINT ( 'NONE',  ( 1.980384757729328500, -0.9500000000000029500, -0.8203022253684464400 ) ) ;
#3344 = CARTESIAN_POINT ( 'NONE',  ( -1.400343491548886600, -5.300000000000002500, 1.400343491548884400 ) ) ;
#3345 = CARTESIAN_POINT ( 'NONE',  ( -1.980384757729329000, -3.700000000000003300, -1.979895888421108300E-015 ) ) ;
#3346 = ORIENTED_EDGE ( 'NONE', *, *, #1045, .T. ) ;
#3347 = CARTESIAN_POINT ( 'NONE',  ( 0.8203022253684436600, -3.450000000000004200, 1.980384757729327600 ) ) ;
#3348 = CARTESIAN_POINT ( 'NONE',  ( 0.8203022253684454400, -0.05000000000000229300, -1.980384757729330100 ) ) ;
#3349 = CARTESIAN_POINT ( 'NONE',  ( 0.8203022253684454400, -1.550000000000004000, -1.980384757729330100 ) ) ;
#3350 = ORIENTED_EDGE ( 'NONE', *, *, #3847, .F. ) ;
#3351 = CARTESIAN_POINT ( 'NONE',  ( -2.499999999999998700, -4.950000000000004600, -1.035533905932739300 ) ) ;
#3352 = CARTESIAN_POINT ( 'NONE',  ( 0.0000000000000000000, -0.7000000000000036200, -1.980384757729330500 ) ) ;
#3353 = CARTESIAN_POINT ( 'NONE',  ( 0.0000000000000000000, -4.400000000000002100, -2.500000000000000400 ) ) ;
#3354 = ORIENTED_EDGE ( 'NONE', *, *, #2568, .F. ) ;
#3355 = CARTESIAN_POINT ( 'NONE',  ( -1.767766952966367800, -1.000000000000004400, -1.767766952966370000 ) ) ;
#3356 = CARTESIAN_POINT ( 'NONE',  ( 1.035533905932736600, -1.450000000000004200, 2.499999999999997300 ) ) ;
#3357 = CARTESIAN_POINT ( 'NONE',  ( 1.980384757729328500, 0.6499999999999978000, -0.8203022253684464400 ) ) ;
#3358 = CARTESIAN_POINT ( 'NONE',  ( 1.980384757729329000, 0.6999999999999966200, -1.494841517494422500E-015 ) ) ;
#3359 = CARTESIAN_POINT ( 'NONE',  ( -1.448646828875487500, 4.567309415773132200, -0.4908700901641172000 ) ) ;
#3360 = CARTESIAN_POINT ( 'NONE',  ( 1.980384757729329000, -0.9000000000000032400, -1.494841517494422500E-015 ) ) ;
#3361 = CARTESIAN_POINT ( 'NONE',  ( 1.980384757729328500, -0.1500000000000034400, 0.8203022253684436600 ) ) ;
#3362 = CARTESIAN_POINT ( 'NONE',  ( 1.400343491548886800, 0.6999999999999975100, -1.400343491548887900 ) ) ;
#3363 = CARTESIAN_POINT ( 'NONE',  ( -1.980384757729329000, 0.3499999999999970400, 0.8203022253684421100 ) ) ;
#3364 = CARTESIAN_POINT ( 'NONE',  ( 1.400343491548886400, 1.299999999999997400, 1.400343491548884800 ) ) ;
#3365 = AXIS2_PLACEMENT_3D ( 'NONE', #3922, #3139, #1099 ) ;
#3366 = CARTESIAN_POINT ( 'NONE',  ( -1.980384757729329000, -5.400000000000003000, -1.979895888421108300E-015 ) ) ;
#3367 =( BOUNDED_CURVE ( )  B_SPLINE_CURVE ( 2, ( #3999, #4404, #3186, #275, #3154, #1505, #1095, #4805, #3954 ),
 .UNSPECIFIED., .F., .F. ) 
 B_SPLINE_CURVE_WITH_KNOTS ( ( 3, 2, 2, 2, 3 ),
 ( 0.5454545454545454100, 0.5568181818181818800, 0.5681818181818181200, 0.5795454545454545900, 0.5909090909090908300 ),
 .UNSPECIFIED. ) 
 CURVE ( )  GEOMETRIC_REPRESENTATION_ITEM ( )  RATIONAL_B_SPLINE_CURVE ( ( 1.000000000000000000, 0.9238795325112867400, 1.000000000000000000, 0.9238795325112867400, 1.000000000000000000, 0.9238795325112867400, 1.000000000000000000, 0.9238795325112867400, 1.000000000000000000 ) ) 
 REPRESENTATION_ITEM ( '' )  );
#3368 = CARTESIAN_POINT ( 'NONE',  ( 2.499999999999998700, -4.600000000000001400, -1.399389746009179600E-015 ) ) ;
#3369 = CARTESIAN_POINT ( 'NONE',  ( -3.999999999999996400, -2.000000000000001800, 5.999999999999999100 ) ) ;
#3370 = CARTESIAN_POINT ( 'NONE',  ( 1.400343491548886800, -0.1000000000000028600, -1.400343491548887900 ) ) ;
#3371 = CARTESIAN_POINT ( 'NONE',  ( 0.7444118618943378300, 1.871017293933137800, 2.162553160498113900 ) ) ;
#3372 = CARTESIAN_POINT ( 'NONE',  ( 0.8203022253684436600, -3.450000000000004200, 1.980384757729327600 ) ) ;
#3373 = EDGE_CURVE ( 'NONE', #2158, #4987, #1198, .T. ) ;
#3374 = CIRCLE ( 'NONE', #1898, 1.732050807568879200 ) ;
#3375 = CARTESIAN_POINT ( 'NONE',  ( -1.980384757729329000, 0.2999999999999964400, -1.979895888421108300E-015 ) ) ;
#3376 = CARTESIAN_POINT ( 'NONE',  ( 0.8203022253684436600, -1.150000000000002400, 1.980384757729327600 ) ) ;
#3377 = CARTESIAN_POINT ( 'NONE',  ( -1.400343491548886600, 1.999999999999996700, 1.400343491548884400 ) ) ;
#3378 = VECTOR ( 'NONE', #429, 1000.000000000000000 ) ;
#3379 = CARTESIAN_POINT ( 'NONE',  ( 1.035533905932738900, -5.150000000000005700, -2.500000000000000400 ) ) ;
#3380 = CARTESIAN_POINT ( 'NONE',  ( 1.162573365231579500, -2.480384757729334800, -1.603230164106445900 ) ) ;
#3381 = CARTESIAN_POINT ( 'NONE',  ( -3.061616997868381700E-016, -4.800000000000002500, 2.499999999999996900 ) ) ;
#3382 = CARTESIAN_POINT ( 'NONE',  ( -2.499999999999998700, -0.05000000000000403400, 1.035533905932735100 ) ) ;
#3383 = CARTESIAN_POINT ( 'NONE',  ( 0.0000000000000000000, -5.100000000000005000, -2.500000000000000400 ) ) ;
#3384 = CARTESIAN_POINT ( 'NONE',  ( 1.767766952966367800, -6.200000000000003700, 1.767766952966366400 ) ) ;
#3385 = CARTESIAN_POINT ( 'NONE',  ( 0.0000000000000000000, -2.000000000000001800, -2.500000000000000400 ) ) ;
#3386 = CARTESIAN_POINT ( 'NONE',  ( -1.400343491548886600, 0.3999999999999966900, 1.400343491548884400 ) ) ;
#3387 = VERTEX_POINT ( 'NONE', #811 ) ;
#3388 = CARTESIAN_POINT ( 'NONE',  ( -1.400343491548886600, 1.199999999999997100, 1.400343491548884400 ) ) ;
#3389 = CARTESIAN_POINT ( 'NONE',  ( -1.767766952966367800, 0.5999999999999955400, -1.767766952966370000 ) ) ;
#3390 = ORIENTED_EDGE ( 'NONE', *, *, #271, .T. ) ;
#3391 = DIRECTION ( 'NONE',  ( -0.0000000000000000000, -1.000000000000000000, -3.097720492815726700E-016 ) ) ;
#3392 = CARTESIAN_POINT ( 'NONE',  ( -2.499999999999998700, -2.500000000000004000, -2.011713145582856100E-015 ) ) ;
#3393 = CARTESIAN_POINT ( 'NONE',  ( 1.767766952966367800, -5.400000000000004800, 1.767766952966366400 ) ) ;
#3394 = CARTESIAN_POINT ( 'NONE',  ( 2.499999999999998200, 1.849999999999999400, -1.035533905932739800 ) ) ;
#3395 = CARTESIAN_POINT ( 'NONE',  ( -1.767766952966368000, -4.336808689942017700E-015, 1.767766952966365800 ) ) ;
#3396 = ORIENTED_EDGE ( 'NONE', *, *, #2227, .T. ) ;
#3397 = EDGE_LOOP ( 'NONE', ( #4714, #1165, #5171, #1801 ) ) ;
#3398 = DIRECTION ( 'NONE',  ( 0.0000000000000000000, 0.0000000000000000000, 1.000000000000000000 ) ) ;
#3399 = CC_DESIGN_DATE_AND_TIME_ASSIGNMENT ( #1056, #3556, ( #829 ) ) ;
#3400 = CARTESIAN_POINT ( 'NONE',  ( -1.035533905932737300, -5.650000000000002100, 2.499999999999996900 ) ) ;
#3401 = EDGE_CURVE ( 'NONE', #4863, #5050, #2557, .T. ) ;
#3402 = CARTESIAN_POINT ( 'NONE',  ( 1.767766952966367800, 0.9999999999999956700, 1.767766952966366400 ) ) ;
#3403 = CARTESIAN_POINT ( 'NONE',  ( 2.142921843652214600, -2.958129791383012900, -1.214706846286717200 ) ) ;
#3404 = ORIENTED_EDGE ( 'NONE', *, *, #375, .F. ) ;
#3405 = CARTESIAN_POINT ( 'NONE',  ( 1.767766952966368400, -4.400000000000004800, -1.767766952966369500 ) ) ;
#3406 = EDGE_LOOP ( 'NONE', ( #4281, #3560, #780, #1170 ) ) ;
#3407 = CARTESIAN_POINT ( 'NONE',  ( -2.425271854633429100E-016, -0.3000000000000033800, 1.980384757729327200 ) ) ;
#3408 = ORIENTED_EDGE ( 'NONE', *, *, #2697, .F. ) ;
#3409 = CARTESIAN_POINT ( 'NONE',  ( -1.980384757729329000, 0.3499999999999970900, 0.8203022253684421100 ) ) ;
#3410 = CARTESIAN_POINT ( 'NONE',  ( 1.400343491548886800, 1.499999999999997800, -1.400343491548887900 ) ) ;
#3411 = CARTESIAN_POINT ( 'NONE',  ( 1.035533905932736600, -3.850000000000004100, 2.499999999999997300 ) ) ;
#3412 = CARTESIAN_POINT ( 'NONE',  ( -1.980384757729329000, 1.949999999999996800, 0.8203022253684421100 ) ) ;
#3413 = CARTESIAN_POINT ( 'NONE',  ( 2.499999999999998700, -3.700000000000004600, -1.399389746009179600E-015 ) ) ;
#3414 = CARTESIAN_POINT ( 'NONE',  ( -1.980384757729329000, -1.350000000000002300, 0.8203022253684421100 ) ) ;
#3415 = CARTESIAN_POINT ( 'NONE',  ( 1.400343491548886800, -1.600000000000003400, -1.400343491548887900 ) ) ;
#3416 = CARTESIAN_POINT ( 'NONE',  ( -1.767766952966367800, -0.2000000000000040100, -1.767766952966370000 ) ) ;
#3417 = ADVANCED_FACE ( 'NONE', ( #1471 ), #618, .F. ) ;
#3418 = CARTESIAN_POINT ( 'NONE',  ( 1.035533905932736600, -5.550000000000001600, 2.499999999999997300 ) ) ;
#3419 = CARTESIAN_POINT ( 'NONE',  ( 0.2057298918662644700, -5.919615242270883600, 1.980384757729458700 ) ) ;
#3420 = ORIENTED_EDGE ( 'NONE', *, *, #1537, .F. ) ;
#3421 = CARTESIAN_POINT ( 'NONE',  ( 1.230530553654699300, -2.916524070830521800, -2.085792805710236800 ) ) ;
#3422 = CARTESIAN_POINT ( 'NONE',  ( 0.0000000000000000000, -5.100000000000005000, -2.500000000000000400 ) ) ;
#3423 = CARTESIAN_POINT ( 'NONE',  ( -0.1354277720883795000, 1.846445853356991200, 2.240667215809169400 ) ) ;
#3424 = CARTESIAN_POINT ( 'NONE',  ( 0.0000000000000000000, -6.400000000000003000, -1.980384757729330500 ) ) ;
#3425 = CARTESIAN_POINT ( 'NONE',  ( -1.400343491548886600, -0.4000000000000036300, 1.400343491548884400 ) ) ;
#3426 = DIRECTION ( 'NONE',  ( 0.0000000000000000000, 0.0000000000000000000, 1.000000000000000000 ) ) ;
#3427 = CARTESIAN_POINT ( 'NONE',  ( 0.8203022253684436600, 0.5499999999999966000, 1.980384757729327600 ) ) ;
#3428 = DATE_AND_TIME ( #2738, #2860 ) ;
#3429 =( BOUNDED_CURVE ( )  B_SPLINE_CURVE ( 2, ( #2850, #2489, #4073, #3681, #12, #2888, #4177, #3722, #2133 ),
 .UNSPECIFIED., .F., .F. ) 
 B_SPLINE_CURVE_WITH_KNOTS ( ( 3, 2, 2, 2, 3 ),
 ( 0.1818181818181818000, 0.1931818181818181800, 0.2045454545454545600, 0.2159090909090909400, 0.2272727272727272900 ),
 .UNSPECIFIED. ) 
 CURVE ( )  GEOMETRIC_REPRESENTATION_ITEM ( )  RATIONAL_B_SPLINE_CURVE ( ( 1.000000000000000200, 0.9238795325112865200, 1.000000000000000000, 0.9238795325112867400, 1.000000000000000000, 0.9238795325112867400, 1.000000000000000000, 0.9238795325112865200, 1.000000000000000200 ) ) 
 REPRESENTATION_ITEM ( '' )  );
#3430 = CARTESIAN_POINT ( 'NONE',  ( -2.499999999999998700, -1.750000000000004000, -1.035533905932739300 ) ) ;
#3431 = CARTESIAN_POINT ( 'NONE',  ( 1.400343491548886400, -2.700000000000002800, 1.400343491548884800 ) ) ;
#3432 = CARTESIAN_POINT ( 'NONE',  ( 1.980384757729329000, -4.100000000000003200, -1.494841517494422500E-015 ) ) ;
#3433 = EDGE_CURVE ( 'NONE', #226, #2879, #1648, .T. ) ;
#3434 = CARTESIAN_POINT ( 'NONE',  ( -7.158298916538624900E-014, -2.619615242270667600, 2.119615242270660000 ) ) ;
#3435 = FACE_OUTER_BOUND ( 'NONE', #2574, .T. ) ;
#3436 = ORIENTED_EDGE ( 'NONE', *, *, #1599, .T. ) ;
#3437 = CARTESIAN_POINT ( 'NONE',  ( 1.767766952966367800, -3.900000000000001700, 1.767766952966366400 ) ) ;
#3438 = CARTESIAN_POINT ( 'NONE',  ( 1.035533905932736600, -5.550000000000001600, 2.499999999999997300 ) ) ;
#3439 = DIRECTION ( 'NONE',  ( -0.0000000000000000000, 1.000000000000000000, -0.0000000000000000000 ) ) ;
#3440 = CARTESIAN_POINT ( 'NONE',  ( -2.186656344144428200, -5.560455399353728900, 0.8453999619662039300 ) ) ;
#3441 = CARTESIAN_POINT ( 'NONE',  ( 1.767766952966367800, -4.600000000000004100, 1.767766952966366400 ) ) ;
#3442 = FACE_OUTER_BOUND ( 'NONE', #3084, .T. ) ;
#3443 = CARTESIAN_POINT ( 'NONE',  ( -2.080343476978666000, 1.754949360536986600, 0.1708623609802211700 ) ) ;
#3444 = CARTESIAN_POINT ( 'NONE',  ( -0.8203022253684444400, 0.4499999999999964000, 1.980384757729327200 ) ) ;
#3445 = EDGE_CURVE ( 'NONE', #3786, #707, #5260, .T. ) ;
#3446 = CARTESIAN_POINT ( 'NONE',  ( -1.980384757729329000, -6.150000000000003000, 0.8203022253684421100 ) ) ;
#3447 = DIRECTION ( 'NONE',  ( -0.0000000000000000000, -1.000000000000000000, -3.097720492815726700E-016 ) ) ;
#3448 = EDGE_LOOP ( 'NONE', ( #2825, #3464 ) ) ;
#3449 = CIRCLE ( 'NONE', #4507, 2.499999999999998200 ) ;
#3450 = CARTESIAN_POINT ( 'NONE',  ( -0.8203022253684444400, 1.149999999999997500, 1.980384757729327200 ) ) ;
#3451 = CARTESIAN_POINT ( 'NONE',  ( 1.704300128813400600E-015, -2.000000000000001800, 7.500000000000000000 ) ) ;
#3452 = CARTESIAN_POINT ( 'NONE',  ( -1.767766952966367800, -4.200000000000003700, -1.767766952966370000 ) ) ;
#3453 = CARTESIAN_POINT ( 'NONE',  ( 1.035533905932738900, -4.350000000000005000, -2.500000000000000400 ) ) ;
#3454 = CARTESIAN_POINT ( 'NONE',  ( 0.0000000000000000000, -3.200000000000002800, -1.980384757729330500 ) ) ;
#3455 = CARTESIAN_POINT ( 'NONE',  ( 1.400343491548886400, -2.600000000000003200, 1.400343491548884800 ) ) ;
#3456 = CARTESIAN_POINT ( 'NONE',  ( 0.8660254037844402600, 1.799999999999998700, -1.499999999999999800 ) ) ;
#3457 = CARTESIAN_POINT ( 'NONE',  ( 1.767766952966367800, -2.300000000000001600, 1.767766952966366400 ) ) ;
#3458 = ORIENTED_EDGE ( 'NONE', *, *, #4145, .F. ) ;
#3459 = CARTESIAN_POINT ( 'NONE',  ( 0.8660254037844402600, 1.799999999999998700, -1.499999999999999800 ) ) ;
#3460 = CARTESIAN_POINT ( 'NONE',  ( -1.767766952966367800, -4.200000000000003700, -1.767766952966370000 ) ) ;
#3461 = CARTESIAN_POINT ( 'NONE',  ( -1.980384757729329000, -2.200000000000002400, -1.979895888421108300E-015 ) ) ;
#3462 = CARTESIAN_POINT ( 'NONE',  ( -2.425271854633429100E-016, 2.099999999999997900, 1.980384757729327200 ) ) ;
#3463 = CARTESIAN_POINT ( 'NONE',  ( 1.980384757729328500, 1.449999999999996400, 0.8203022253684436600 ) ) ;
#3464 = ORIENTED_EDGE ( 'NONE', *, *, #2900, .T. ) ;
#3465 = PLANE ( 'NONE',  #4842 ) ;
#3466 = CARTESIAN_POINT ( 'NONE',  ( 1.035533905932738900, 0.3499999999999987600, -2.500000000000000400 ) ) ;
#3467 = VERTEX_POINT ( 'NONE', #5035 ) ;
#3468 = CARTESIAN_POINT ( 'NONE',  ( 2.499999999999998200, -4.450000000000003700, -1.035533905932739800 ) ) ;
#3469 = CARTESIAN_POINT ( 'NONE',  ( 1.980384757729328500, -2.650000000000003000, 0.8203022253684436600 ) ) ;
#3470 = CARTESIAN_POINT ( 'NONE',  ( -1.980384757729329000, -2.950000000000003700, -0.8203022253684462100 ) ) ;
#3471 = ORIENTED_EDGE ( 'NONE', *, *, #1428, .T. ) ;
#3472 = CARTESIAN_POINT ( 'NONE',  ( 1.767766952966368400, -1.300000000000001600, -1.767766952966369500 ) ) ;
#3473 = CARTESIAN_POINT ( 'NONE',  ( 1.767766952966368400, -5.300000000000001600, -1.767766952966369500 ) ) ;
#3474 = EDGE_CURVE ( 'NONE', #3151, #3020, #174, .T. ) ;
#3475 = CARTESIAN_POINT ( 'NONE',  ( 0.8660254037844402600, 1.999999999999998700, -1.499999999999999800 ) ) ;
#3476 = CARTESIAN_POINT ( 'NONE',  ( -0.8203022253684441000, -5.550000000000002500, -1.980384757729330500 ) ) ;
#3477 = CARTESIAN_POINT ( 'NONE',  ( 2.295323121290969900E-012, 1.699999999999909100, -1.980384757729300300 ) ) ;
#3478 = CARTESIAN_POINT ( 'NONE',  ( -1.400343491548886600, -2.100000000000002800, 1.400343491548884400 ) ) ;
#3479 = CARTESIAN_POINT ( 'NONE',  ( 0.8203022253684436600, -5.950000000000004600, 1.980384757729327600 ) ) ;
#3480 = ORIENTED_EDGE ( 'NONE', *, *, #927, .T. ) ;
#3481 = CARTESIAN_POINT ( 'NONE',  ( 0.8203022253684454400, 2.449999999999997100, -1.980384757729330100 ) ) ;
#3482 = CARTESIAN_POINT ( 'NONE',  ( 1.767766952966367800, -3.000000000000001800, 1.767766952966366400 ) ) ;
#3483 = CARTESIAN_POINT ( 'NONE',  ( 0.0000000000000000000, -6.300000000000003400, -1.980384757729330500 ) ) ;
#3484 = CARTESIAN_POINT ( 'NONE',  ( 1.767766952966368400, -3.600000000000004100, -1.767766952966369500 ) ) ;
#3485 = CARTESIAN_POINT ( 'NONE',  ( -1.035533905932737100, -1.850000000000004500, -2.500000000000000400 ) ) ;
#3486 = CARTESIAN_POINT ( 'NONE',  ( -2.499999999999998700, -0.1000000000000046000, -2.011713145582856100E-015 ) ) ;
#3487 = CARTESIAN_POINT ( 'NONE',  ( -0.8203022253684441000, -3.950000000000002800, -1.980384757729330500 ) ) ;
#3488 = CARTESIAN_POINT ( 'NONE',  ( 1.980384757729328500, -3.350000000000003600, 0.8203022253684436600 ) ) ;
#3489 = CARTESIAN_POINT ( 'NONE',  ( -2.499999999999998700, -3.350000000000002300, 1.035533905932735100 ) ) ;
#3490 = CARTESIAN_POINT ( 'NONE',  ( -1.035533905932737300, -2.450000000000002000, 2.499999999999996900 ) ) ;
#3491 = CARTESIAN_POINT ( 'NONE',  ( 0.8203022253684436600, -5.950000000000004600, 1.980384757729327600 ) ) ;
#3492 = COORDINATED_UNIVERSAL_TIME_OFFSET ( 6, 0, .BEHIND. ) ;
#3493 = CARTESIAN_POINT ( 'NONE',  ( -1.779124112400527300, -2.802448795959197700, -1.468892944115578500 ) ) ;
#3494 = CARTESIAN_POINT ( 'NONE',  ( 1.980384757729328500, -4.950000000000003700, -0.8203022253684464400 ) ) ;
#3495 = AXIS2_PLACEMENT_3D ( 'NONE', #3302, #2456, #4904 ) ;
#3496 = CONICAL_SURFACE ( 'NONE', #408, 1.899999999999996400, 0.7853981633974458400 ) ;
#3497 = ORIENTED_EDGE ( 'NONE', *, *, #3779, .T. ) ;
#3498 =( BOUNDED_CURVE ( )  B_SPLINE_CURVE ( 2, ( #1564, #4026, #3602, #3219, #4448 ),
 .UNSPECIFIED., .F., .F. ) 
 B_SPLINE_CURVE_WITH_KNOTS ( ( 3, 2, 3 ),
 ( 0.3409090909090909400, 0.3522727272727272900, 0.3636363636363636500 ),
 .UNSPECIFIED. ) 
 CURVE ( )  GEOMETRIC_REPRESENTATION_ITEM ( )  RATIONAL_B_SPLINE_CURVE ( ( 0.9999999999999996700, 0.9238795325112870700, 1.000000000000000000, 0.9238795325112867400, 1.000000000000000000 ) ) 
 REPRESENTATION_ITEM ( '' )  );
#3499 = CARTESIAN_POINT ( 'NONE',  ( -1.955718431022342300, -0.5196152422715926100, -0.3115914106745608100 ) ) ;
#3500 = CARTESIAN_POINT ( 'NONE',  ( 0.0000000000000000000, 1.999999999999998200, 0.0000000000000000000 ) ) ;
#3501 = VERTEX_POINT ( 'NONE', #582 ) ;
#3502 = CARTESIAN_POINT ( 'NONE',  ( 1.767766952966368400, 0.3999999999999958600, -1.767766952966369500 ) ) ;
#3503 = CARTESIAN_POINT ( 'NONE',  ( 1.980384757729328500, 1.449999999999998200, -0.8203022253684465500 ) ) ;
#3504 = CARTESIAN_POINT ( 'NONE',  ( 1.400343491548886800, 1.599999999999997200, -1.400343491548887900 ) ) ;
#3505 = EDGE_CURVE ( 'NONE', #4989, #3080, #2992, .T. ) ;
#3506 = CARTESIAN_POINT ( 'NONE',  ( 1.767766952966368400, -0.5000000000000013300, -1.767766952966369500 ) ) ;
#3507 = CARTESIAN_POINT ( 'NONE',  ( 1.767766952966367800, -2.300000000000001600, 1.767766952966366400 ) ) ;
#3508 = CARTESIAN_POINT ( 'NONE',  ( -0.5905924591698339400, 4.674048056209959300, 1.500000000000003100 ) ) ;
#3509 = CARTESIAN_POINT ( 'NONE',  ( 2.499999999999998200, -2.150000000000001700, -1.035533905932739800 ) ) ;
#3510 = DIRECTION ( 'NONE',  ( 0.0000000000000000000, 3.469446951953616700E-016, -1.000000000000000000 ) ) ;
#3511 = CARTESIAN_POINT ( 'NONE',  ( -1.035533905932729500, -0.8500000000000012000, 2.500000000000005300 ) ) ;
#3512 = VECTOR ( 'NONE', #1513, 1000.000000000000000 ) ;
#3513 = CARTESIAN_POINT ( 'NONE',  ( 0.0000000000000000000, -3.200000000000002800, -1.980384757729330500 ) ) ;
#3514 = CARTESIAN_POINT ( 'NONE',  ( 1.767766952966367800, -0.7000000000000018400, 1.767766952966366400 ) ) ;
#3515 = DIRECTION ( 'NONE',  ( 0.0000000000000000000, 3.469446951953616700E-016, -1.000000000000000000 ) ) ;
#3516 = ORIENTED_EDGE ( 'NONE', *, *, #2220, .F. ) ;
#3517 = DIRECTION ( 'NONE',  ( 0.0000000000000000000, 2.828353493440446800E-016, -1.000000000000000000 ) ) ;
#3518 = CARTESIAN_POINT ( 'NONE',  ( 2.499999999999998200, -0.5500000000000044900, 1.035533905932736600 ) ) ;
#3519 = CARTESIAN_POINT ( 'NONE',  ( -1.400343491548886400, 0.09999999999999766000, -1.400343491548888400 ) ) ;
#3520 = CARTESIAN_POINT ( 'NONE',  ( 1.980384757729328500, 1.449999999999996400, 0.8203022253684436600 ) ) ;
#3521 = EDGE_LOOP ( 'NONE', ( #5141, #4365, #4787, #2016, #3471, #842 ) ) ;
#3522 = CARTESIAN_POINT ( 'NONE',  ( -1.767766952966367800, 2.099999999999997900, -1.767766952966370000 ) ) ;
#3523 = CARTESIAN_POINT ( 'NONE',  ( 2.499999999999998200, -2.950000000000001500, -1.035533905932739800 ) ) ;
#3524 = CARTESIAN_POINT ( 'NONE',  ( 0.0000000000000000000, -2.000000000000001800, -2.500000000000000400 ) ) ;
#3525 = APPROVAL_ROLE ( '' ) ;
#3526 = CARTESIAN_POINT ( 'NONE',  ( -1.980384757729329000, -5.450000000000003700, -0.8203022253684462100 ) ) ;
#3527 = EDGE_LOOP ( 'NONE', ( #2834, #313, #4604, #2800 ) ) ;
#3528 = CARTESIAN_POINT ( 'NONE',  ( -1.400343491548886400, -4.700000000000002800, -1.400343491548888400 ) ) ;
#3529 = ORIENTED_EDGE ( 'NONE', *, *, #3373, .T. ) ;
#3530 = CARTESIAN_POINT ( 'NONE',  ( -0.5874050668156517400, -0.1699108550269210800, -2.257918631722279500 ) ) ;
#3531 = CARTESIAN_POINT ( 'NONE',  ( -1.980384757729329000, -5.350000000000002300, 0.8203022253684421100 ) ) ;
#3532 = AXIS2_PLACEMENT_3D ( 'NONE', #4945, #2948, #2931 ) ;
#3533 = CARTESIAN_POINT ( 'NONE',  ( -2.499999999999998700, -5.000000000000001800, -2.011713145582856100E-015 ) ) ;
#3534 = VERTEX_POINT ( 'NONE', #1405 ) ;
#3535 = CARTESIAN_POINT ( 'NONE',  ( 2.499999999999998200, -0.4500000000000041700, -1.035533905932739800 ) ) ;
#3536 = CARTESIAN_POINT ( 'NONE',  ( 1.980384757729328500, -0.2500000000000028300, 0.8203022253684436600 ) ) ;
#3537 = CARTESIAN_POINT ( 'NONE',  ( 1.980384757729328500, -0.8500000000000034200, -0.8203022253684464400 ) ) ;
#3538 = CARTESIAN_POINT ( 'NONE',  ( -1.035533905932737300, 1.549999999999998500, 2.499999999999996900 ) ) ;
#3539 = CARTESIAN_POINT ( 'NONE',  ( -1.035533905932737100, -3.550000000000002000, -2.500000000000000400 ) ) ;
#3540 = EDGE_CURVE ( 'NONE', #891, #904, #1722, .T. ) ;
#3541 = ORIENTED_EDGE ( 'NONE', *, *, #4725, .T. ) ;
#3542 = SECURITY_CLASSIFICATION_LEVEL ( 'unclassified' ) ;
#3543 = CARTESIAN_POINT ( 'NONE',  ( 1.400343491548886800, -3.300000000000002500, -1.400343491548887900 ) ) ;
#3544 = CARTESIAN_POINT ( 'NONE',  ( -3.061616997868381700E-016, 0.7999999999999986000, 2.499999999999996900 ) ) ;
#3545 = CARTESIAN_POINT ( 'NONE',  ( 1.767766952966368400, -5.200000000000004600, -1.767766952966369500 ) ) ;
#3546 = CARTESIAN_POINT ( 'NONE',  ( -0.8203022253684444400, -2.850000000000002300, 1.980384757729327200 ) ) ;
#3547 = CARTESIAN_POINT ( 'NONE',  ( -2.499999999999998700, -3.250000000000004000, 1.035533905932735100 ) ) ;
#3548 = CARTESIAN_POINT ( 'NONE',  ( 1.980384757729328500, -5.850000000000003200, 0.8203022253684436600 ) ) ;
#3549 = CARTESIAN_POINT ( 'NONE',  ( 2.499999999999998700, -1.400000000000001900, -1.399389746009179600E-015 ) ) ;
#3550 = CARTESIAN_POINT ( 'NONE',  ( -1.035533905932737100, 0.4499999999999981800, -2.500000000000000400 ) ) ;
#3551 = CARTESIAN_POINT ( 'NONE',  ( -1.400343491548886600, 0.2999999999999973200, 1.400343491548884400 ) ) ;
#3552 = CARTESIAN_POINT ( 'NONE',  ( 0.0000000000000000000, -0.7000000000000036200, -1.980384757729330500 ) ) ;
#3553 = DATE_AND_TIME ( #4755, #611 ) ;
#3554 = CARTESIAN_POINT ( 'NONE',  ( -2.499999999999998700, -0.1500000000000017400, 1.035533905932735100 ) ) ;
#3555 = CARTESIAN_POINT ( 'NONE',  ( 1.767766952966368400, -4.500000000000002700, -1.767766952966369500 ) ) ;
#3556 = DATE_TIME_ROLE ( 'classification_date' ) ;
#3557 = CARTESIAN_POINT ( 'NONE',  ( -1.400343491548886600, -4.500000000000003600, 1.400343491548884400 ) ) ;
#3558 = CARTESIAN_POINT ( 'NONE',  ( 1.767766952966368400, 1.099999999999998500, -1.767766952966369500 ) ) ;
#3559 = CIRCLE ( 'NONE', #1425, 1.732050807568879200 ) ;
#3560 = ORIENTED_EDGE ( 'NONE', *, *, #4754, .T. ) ;
#3561 = CARTESIAN_POINT ( 'NONE',  ( 1.400343491548886400, -2.700000000000002800, 1.400343491548884800 ) ) ;
#3562 = AXIS2_PLACEMENT_3D ( 'NONE', #2289, #1470, #3510 ) ;
#3563 = CARTESIAN_POINT ( 'NONE',  ( -1.720879413680346500, -0.1253849943245188000, -1.653489864533586500 ) ) ;
#3564 = CARTESIAN_POINT ( 'NONE',  ( -0.8203022253684441000, -6.350000000000002300, -1.980384757729330500 ) ) ;
#3565 = CARTESIAN_POINT ( 'NONE',  ( -1.980384757729329000, -2.900000000000003500, -1.979895888421108300E-015 ) ) ;
#3566 = CARTESIAN_POINT ( 'NONE',  ( -1.035533905932733300, -1.050000000000004500, -2.500000000000004900 ) ) ;
#3567 = DIRECTION ( 'NONE',  ( -0.0000000000000000000, -1.000000000000000000, -3.097720492815726700E-016 ) ) ;
#3568 = LINE ( 'NONE', #2690, #2507 ) ;
#3569 = CARTESIAN_POINT ( 'NONE',  ( 1.400343491548886800, -0.9000000000000023500, -1.400343491548887900 ) ) ;
#3570 = CARTESIAN_POINT ( 'NONE',  ( 0.8203022253684436600, 0.5499999999999966000, 1.980384757729327600 ) ) ;
#3571 = EDGE_CURVE ( 'NONE', #3971, #515, #1239, .T. ) ;
#3572 = CARTESIAN_POINT ( 'NONE',  ( -3.061616997868381700E-016, 0.7999999999999986000, 2.499999999999996900 ) ) ;
#3573 = CARTESIAN_POINT ( 'NONE',  ( -1.767766952966368000, 1.499999999999998700, 1.767766952966365800 ) ) ;
#3574 = CARTESIAN_POINT ( 'NONE',  ( 1.980384757729328500, -2.550000000000002900, -0.8203022253684464400 ) ) ;
#3575 = CARTESIAN_POINT ( 'NONE',  ( 1.035533905932738900, 1.149999999999998100, -2.500000000000000400 ) ) ;
#3576 = DIRECTION ( 'NONE',  ( 0.0000000000000000000, 3.469446951953616700E-016, -1.000000000000000000 ) ) ;
#3577 = CARTESIAN_POINT ( 'NONE',  ( -1.980384757729329000, -0.5500000000000028200, 0.8203022253684421100 ) ) ;
#3578 = ORIENTED_EDGE ( 'NONE', *, *, #1439, .F. ) ;
#3579 = CARTESIAN_POINT ( 'NONE',  ( 0.0000000000000000000, 1.999999999999998200, 0.0000000000000000000 ) ) ;
#3580 = CARTESIAN_POINT ( 'NONE',  ( 1.980384757729328500, -5.750000000000002700, -0.8203022253684464400 ) ) ;
#3581 = CARTESIAN_POINT ( 'NONE',  ( 1.980384757729329000, -5.700000000000003700, -1.494841517494422500E-015 ) ) ;
#3582 = CARTESIAN_POINT ( 'NONE',  ( 0.0000000000000000000, -1.100000000000004500, -2.500000000000000400 ) ) ;
#3583 = ORIENTED_EDGE ( 'NONE', *, *, #838, .T. ) ;
#3584 = ADVANCED_FACE ( 'NONE', ( #5140 ), #1655, .F. ) ;
#3585 = CARTESIAN_POINT ( 'NONE',  ( 1.035533905932736900, -2.350000000000001400, 2.499999999999997300 ) ) ;
#3586 = CARTESIAN_POINT ( 'NONE',  ( 1.980384757729328500, -4.850000000000003200, -0.8203022253684465500 ) ) ;
#3587 = ORIENTED_EDGE ( 'NONE', *, *, #4565, .F. ) ;
#3588 =( BOUNDED_CURVE ( )  B_SPLINE_CURVE ( 2, ( #1821, #3886, #1854, #4689, #5099, #3087, #626, #1040, #1469 ),
 .UNSPECIFIED., .F., .F. ) 
 B_SPLINE_CURVE_WITH_KNOTS ( ( 3, 2, 2, 2, 3 ),
 ( 0.2272727272727272900, 0.2386363636363636700, 0.2500000000000000000, 0.2613636363636363500, 0.2727272727272727100 ),
 .UNSPECIFIED. ) 
 CURVE ( )  GEOMETRIC_REPRESENTATION_ITEM ( )  RATIONAL_B_SPLINE_CURVE ( ( 0.9999999999999997800, 0.9238795325112869600, 1.000000000000000000, 0.9238795325112867400, 1.000000000000000000, 0.9238795325112867400, 1.000000000000000000, 0.9238795325112867400, 1.000000000000000000 ) ) 
 REPRESENTATION_ITEM ( '' )  );
#3589 = CARTESIAN_POINT ( 'NONE',  ( -1.980384757729329000, -6.050000000000003400, 0.8203022253684421100 ) ) ;
#3590 = CARTESIAN_POINT ( 'NONE',  ( -1.035533905932737300, -0.05000000000000143200, 2.499999999999996900 ) ) ;
#3591 =( NAMED_UNIT ( * ) PLANE_ANGLE_UNIT ( ) SI_UNIT ( $, .RADIAN. ) );
#3592 = CARTESIAN_POINT ( 'NONE',  ( 1.400343491548886400, -5.100000000000003200, 1.400343491548884800 ) ) ;
#3593 = AXIS2_PLACEMENT_3D ( 'NONE', #1828, #4712, #1845 ) ;
#3594 = ORIENTED_EDGE ( 'NONE', *, *, #794, .T. ) ;
#3595 = CARTESIAN_POINT ( 'NONE',  ( -1.400343491548886400, 0.09999999999999766000, -1.400343491548888400 ) ) ;
#3596 = CARTESIAN_POINT ( 'NONE',  ( -1.400343491548886400, -6.300000000000002500, -1.400343491548888400 ) ) ;
#3597 = EDGE_LOOP ( 'NONE', ( #6, #3916, #3497, #1879 ) ) ;
#3598 = CARTESIAN_POINT ( 'NONE',  ( -1.980384757729329000, -3.750000000000003100, -0.8203022253684462100 ) ) ;
#3599 = CARTESIAN_POINT ( 'NONE',  ( 1.441460846122688100, -2.527367794210277000, -1.434625708072931000 ) ) ;
#3600 = AXIS2_PLACEMENT_3D ( 'NONE', #3038, #2616, #1805 ) ;
#3601 = CARTESIAN_POINT ( 'NONE',  ( -0.3115914106745708600, -5.919615242271593300, 1.955718431022338300 ) ) ;
#3602 = CARTESIAN_POINT ( 'NONE',  ( 1.767766952966368400, -2.900000000000001700, -1.767766952966369500 ) ) ;
#3603 = EDGE_LOOP ( 'NONE', ( #1241, #3850, #1235, #121, #5098 ) ) ;
#3604 = CARTESIAN_POINT ( 'NONE',  ( -1.980384757729329000, -4.550000000000003400, -0.8203022253684462100 ) ) ;
#3605 = CARTESIAN_POINT ( 'NONE',  ( -2.499999999999998700, -0.2000000000000014000, -2.011713145582856100E-015 ) ) ;
#3606 = CARTESIAN_POINT ( 'NONE',  ( 0.8203022253684436600, -2.750000000000002700, 1.980384757729327600 ) ) ;
#3607 = CARTESIAN_POINT ( 'NONE',  ( -3.061616997868381700E-016, 0.7999999999999986000, 2.499999999999996900 ) ) ;
#3608 = CARTESIAN_POINT ( 'NONE',  ( -0.8203022253684441000, -2.250000000000003600, -1.980384757729330500 ) ) ;
#3609 = CARTESIAN_POINT ( 'NONE',  ( 0.8203022253684436600, -1.150000000000002400, 1.980384757729327600 ) ) ;
#3610 = PERSON_AND_ORGANIZATION ( #2839, #2792 ) ;
#3611 = CARTESIAN_POINT ( 'NONE',  ( -3.999999999999996400, -2.000000000000001800, -6.000000000000000000 ) ) ;
#3612 = CARTESIAN_POINT ( 'NONE',  ( 0.0000000000000000000, -3.200000000000002800, -1.980384757729330500 ) ) ;
#3613 = CARTESIAN_POINT ( 'NONE',  ( 1.980384757729328500, -4.950000000000003700, 0.8203022253684436600 ) ) ;
#3614 = B_SPLINE_CURVE_WITH_KNOTS ( 'NONE', 3,
 ( #2251, #207, #3508, #1433, #4319, #1020 ),
 .UNSPECIFIED., .F., .F.,
 ( 4, 2, 4 ),
 ( 0.001024248859278201700, 0.001472981808584832700, 0.001921714757891463500 ),
 .UNSPECIFIED. ) ;
#3615 = CARTESIAN_POINT ( 'NONE',  ( -1.400343491548886600, -6.000000000000003600, 1.400343491548884400 ) ) ;
#3616 = VECTOR ( 'NONE', #2008, 1000.000000000000000 ) ;
#3617 = CARTESIAN_POINT ( 'NONE',  ( 0.0000000000000000000, -3.000000000000001800, -1.734723475976807100E-015 ) ) ;
#3618 = CARTESIAN_POINT ( 'NONE',  ( -2.499999999999998700, -0.1500000000000017200, 1.035533905932735100 ) ) ;
#3619 = CARTESIAN_POINT ( 'NONE',  ( 1.400343491548886400, -2.700000000000002800, 1.400343491548884800 ) ) ;
#3620 = CARTESIAN_POINT ( 'NONE',  ( -2.425271854633429100E-016, -3.500000000000003600, 1.980384757729327200 ) ) ;
#3621 = FACE_OUTER_BOUND ( 'NONE', #3814, .T. ) ;
#3622 = EDGE_LOOP ( 'NONE', ( #4089, #2779, #524, #2718 ) ) ;
#3623 = CARTESIAN_POINT ( 'NONE',  ( 1.767766952966367800, -0.7000000000000018400, 1.767766952966366400 ) ) ;
#3624 = CARTESIAN_POINT ( 'NONE',  ( 0.8203022253684436600, -1.150000000000002400, 1.980384757729327600 ) ) ;
#3625 = CARTESIAN_POINT ( 'NONE',  ( -1.400343491548886600, -2.000000000000003600, 1.400343491548884400 ) ) ;
#3626 = CARTESIAN_POINT ( 'NONE',  ( 0.8203022253684454400, -0.8500000000000027500, -1.980384757729330100 ) ) ;
#3627 = CARTESIAN_POINT ( 'NONE',  ( 2.182825818716278600, -0.3083819749652415600, -0.2424629197906311700 ) ) ;
#3628 = CARTESIAN_POINT ( 'NONE',  ( 0.8203022253684454400, -1.650000000000003000, -1.980384757729330100 ) ) ;
#3629 = CARTESIAN_POINT ( 'NONE',  ( 0.8203022253684454400, -3.950000000000004200, -1.980384757729330100 ) ) ;
#3630 = CYLINDRICAL_SURFACE ( 'NONE', #1316, 6.083333333333327700 ) ;
#3631 = CARTESIAN_POINT ( 'NONE',  ( 1.895714964504998400, -5.807382199931576700, -0.9127995230820479300 ) ) ;
#3632 = CARTESIAN_POINT ( 'NONE',  ( -0.8203022253684441000, -4.650000000000003900, -1.980384757729330500 ) ) ;
#3633 = ADVANCED_FACE ( 'NONE', ( #2934 ), #4191, .T. ) ;
#3634 = CARTESIAN_POINT ( 'NONE',  ( 2.499999999999998200, -2.150000000000001700, -1.035533905932739800 ) ) ;
#3635 = CARTESIAN_POINT ( 'NONE',  ( -1.035533905932721500, -0.05000000000000037100, 2.500000000000011500 ) ) ;
#3636 = EDGE_CURVE ( 'NONE', #4475, #597, #3067, .T. ) ;
#3637 = EDGE_LOOP ( 'NONE', ( #4417, #2524, #4979, #2388 ) ) ;
#3638 = CARTESIAN_POINT ( 'NONE',  ( 1.400343491548886800, -4.900000000000003000, -1.400343491548887900 ) ) ;
#3639 = CARTESIAN_POINT ( 'NONE',  ( -1.980384757729329000, -4.450000000000002800, 0.8203022253684421100 ) ) ;
#3640 = CARTESIAN_POINT ( 'NONE',  ( 2.499999999999998200, -1.350000000000001900, -1.035533905932739800 ) ) ;
#3641 = CARTESIAN_POINT ( 'NONE',  ( 1.980384757729328500, 0.6499999999999978000, -0.8203022253684464400 ) ) ;
#3642 = EDGE_LOOP ( 'NONE', ( #4038, #2578, #3335, #768 ) ) ;
#3643 = CARTESIAN_POINT ( 'NONE',  ( -1.514449247206394000, -0.5130974307508605600, 1.296108179636890700 ) ) ;
#3644 = CARTESIAN_POINT ( 'NONE',  ( 0.0000000000000000000, -3.000000000000001800, -1.734723475976807100E-015 ) ) ;
#3645 = CARTESIAN_POINT ( 'NONE',  ( -1.400343491548886400, 0.8999999999999971400, -1.400343491548888400 ) ) ;
#3646 = DIRECTION ( 'NONE',  ( -1.000000000000000000, 0.0000000000000000000, 0.0000000000000000000 ) ) ;
#3647 = ORIENTED_EDGE ( 'NONE', *, *, #4528, .F. ) ;
#3648 = CARTESIAN_POINT ( 'NONE',  ( -1.400343491548886600, -2.100000000000002800, 1.400343491548884400 ) ) ;
#3649 = CARTESIAN_POINT ( 'NONE',  ( -1.980384757729329000, -1.350000000000003200, -0.8203022253684462100 ) ) ;
#3650 = CARTESIAN_POINT ( 'NONE',  ( 2.059509247299649900, -5.833305888631017000, -0.2790554302503486200 ) ) ;
#3651 = CARTESIAN_POINT ( 'NONE',  ( -0.8203022253684441000, -3.850000000000003600, -1.980384757729330500 ) ) ;
#3652 = EDGE_LOOP ( 'NONE', ( #255, #1615, #4841, #3480, #4164 ) ) ;
#3653 = CARTESIAN_POINT ( 'NONE',  ( 0.0000000000000000000, -2.700000000000004600, -2.500000000000000400 ) ) ;
#3654 = CARTESIAN_POINT ( 'NONE',  ( 1.980384757729329000, -4.900000000000003000, -1.494841517494422500E-015 ) ) ;
#3655 = CARTESIAN_POINT ( 'NONE',  ( -1.400343491548886400, -3.900000000000003000, -1.400343491548888400 ) ) ;
#3656 = CARTESIAN_POINT ( 'NONE',  ( -1.400343491548886600, -3.600000000000003200, 1.400343491548884400 ) ) ;
#3657 = ORIENTED_EDGE ( 'NONE', *, *, #3339, .F. ) ;
#3658 = CARTESIAN_POINT ( 'NONE',  ( -0.8203022253684441000, -4.650000000000003900, -1.980384757729330500 ) ) ;
#3659 = CARTESIAN_POINT ( 'NONE',  ( -1.400343491548886600, -0.5000000000000030000, 1.400343491548884400 ) ) ;
#3660 = AXIS2_PLACEMENT_3D ( 'NONE', #2020, #5233, #349 ) ;
#3661 = ADVANCED_FACE ( 'NONE', ( #4578 ), #3752, .F. ) ;
#3662 = CARTESIAN_POINT ( 'NONE',  ( 3.061616997868381200E-016, 1.999999999999997300, 2.499999999999998200 ) ) ;
#3663 = CARTESIAN_POINT ( 'NONE',  ( 2.499999999999998700, 1.899999999999995500, -1.399389746009179600E-015 ) ) ;
#3664 = CARTESIAN_POINT ( 'NONE',  ( -2.499999999999998700, -1.650000000000003700, 1.035533905932735100 ) ) ;
#3665 = CARTESIAN_POINT ( 'NONE',  ( 1.767766952966367800, -0.7000000000000018400, 1.767766952966366400 ) ) ;
#3666 = CARTESIAN_POINT ( 'NONE',  ( 1.980384757729328500, -1.750000000000002400, -0.8203022253684464400 ) ) ;
#3667 = CARTESIAN_POINT ( 'NONE',  ( -1.400343491548886600, 0.3999999999999966900, 1.400343491548884400 ) ) ;
#3668 = DIRECTION ( 'NONE',  ( -0.0000000000000000000, 1.000000000000000000, -0.0000000000000000000 ) ) ;
#3669 = PRODUCT_RELATED_PRODUCT_CATEGORY ( 'detail', '', ( #4832 ) ) ;
#3670 = CARTESIAN_POINT ( 'NONE',  ( -0.8203022253684444400, -5.950000000000005500, 1.980384757729327200 ) ) ;
#3671 = EDGE_CURVE ( 'NONE', #327, #707, #3682, .T. ) ;
#3672 = CARTESIAN_POINT ( 'NONE',  ( 1.400343491548886400, -1.800000000000002900, 1.400343491548884800 ) ) ;
#3673 = CARTESIAN_POINT ( 'NONE',  ( -0.8203022253684444400, -5.250000000000002700, 1.980384757729327200 ) ) ;
#3674 = APPROVAL_PERSON_ORGANIZATION ( #4121, #3232, #4742 ) ;
#3675 = CARTESIAN_POINT ( 'NONE',  ( -1.980384757729329000, -2.050000000000002900, 0.8203022253684421100 ) ) ;
#3676 = CARTESIAN_POINT ( 'NONE',  ( 0.0000000000000000000, -4.700000000000003700, -1.980384757729330500 ) ) ;
#3677 = CARTESIAN_POINT ( 'NONE',  ( -1.980384757729329000, -1.450000000000002800, -0.8203022253684462100 ) ) ;
#3678 = CYLINDRICAL_SURFACE ( 'NONE', #373, 2.499999999999998200 ) ;
#3679 = CARTESIAN_POINT ( 'NONE',  ( 1.400343491548886800, -2.400000000000003500, -1.400343491548887900 ) ) ;
#3680 = CARTESIAN_POINT ( 'NONE',  ( 1.980384757729329000, 1.399999999999997700, -1.494841517494422500E-015 ) ) ;
#3681 = CARTESIAN_POINT ( 'NONE',  ( -2.499999999999998700, -4.250000000000001800, -1.035533905932739300 ) ) ;
#3682 =( BOUNDED_CURVE ( )  B_SPLINE_CURVE ( 2, ( #3024, #562, #4381, #5174, #2313, #1494, #3179, #1478, #1086 ),
 .UNSPECIFIED., .F., .F. ) 
 B_SPLINE_CURVE_WITH_KNOTS ( ( 3, 2, 2, 2, 3 ),
 ( 0.5454545454545454100, 0.5568181818181817700, 0.5681818181818183400, 0.5795454545454547000, 0.5909090909090910500 ),
 .UNSPECIFIED. ) 
 CURVE ( )  GEOMETRIC_REPRESENTATION_ITEM ( )  RATIONAL_B_SPLINE_CURVE ( ( 1.000000000000000000, 0.9238795325112867400, 1.000000000000000000, 0.9238795325112867400, 1.000000000000000000, 0.9238795325112867400, 1.000000000000000000, 0.9238795325112859600, 1.000000000000000700 ) ) 
 REPRESENTATION_ITEM ( '' )  );
#3683 = CARTESIAN_POINT ( 'NONE',  ( 2.499999999999998700, -0.5000000000000038900, -1.399389746009179600E-015 ) ) ;
#3684 = CARTESIAN_POINT ( 'NONE',  ( 1.555377510989527400, -5.644280131560474700, 1.640509906224176600 ) ) ;
#3685 = VECTOR ( 'NONE', #20, 1000.000000000000000 ) ;
#3686 = VERTEX_POINT ( 'NONE', #4631 ) ;
#3687 = CARTESIAN_POINT ( 'NONE',  ( -1.980384757729329000, -1.450000000000002800, -0.8203022253684462100 ) ) ;
#3688 = CARTESIAN_POINT ( 'NONE',  ( -0.8203022253684444400, -1.950000000000003300, 1.980384757729327200 ) ) ;
#3689 = CARTESIAN_POINT ( 'NONE',  ( 2.499999999999998200, -4.450000000000004600, -1.035533905932739800 ) ) ;
#3690 = B_SPLINE_CURVE_WITH_KNOTS ( 'NONE', 3,
 ( #1919, #248, #4765, #3126, #2397, #704, #3960, #2345 ),
 .UNSPECIFIED., .F., .F.,
 ( 4, 2, 2, 4 ),
 ( 2.544365555416750700E-007, 0.0004475380576734571400, 0.0008948216787913724700, 0.001789388921027203100 ),
 .UNSPECIFIED. ) ;
#3691 = CARTESIAN_POINT ( 'NONE',  ( 1.980384757729328500, -4.150000000000003000, 0.8203022253684436600 ) ) ;
#3692 = ADVANCED_FACE ( 'NONE', ( #2686 ), #2428, .T. ) ;
#3693 = DIRECTION ( 'NONE',  ( 0.0000000000000000000, 0.0000000000000000000, 1.000000000000000000 ) ) ;
#3694 = CARTESIAN_POINT ( 'NONE',  ( -1.980384757729329000, -2.150000000000003500, -0.8203022253684462100 ) ) ;
#3695 = CARTESIAN_POINT ( 'NONE',  ( 1.980384757729328500, -3.350000000000003600, -0.8203022253684464400 ) ) ;
#3696 = CARTESIAN_POINT ( 'NONE',  ( 1.980384757729328500, -3.250000000000003600, -0.8203022253684464400 ) ) ;
#3697 = CARTESIAN_POINT ( 'NONE',  ( -0.8203022253684444400, -5.950000000000005500, 1.980384757729327200 ) ) ;
#3698 = LINE ( 'NONE', #4622, #1081 ) ;
#3699 = CARTESIAN_POINT ( 'NONE',  ( 0.8203022253684436600, -1.950000000000003300, 1.980384757729327600 ) ) ;
#3700 = CARTESIAN_POINT ( 'NONE',  ( -0.3115914106745708600, -5.919615242271593300, 1.955718431022338300 ) ) ;
#3701 = CARTESIAN_POINT ( 'NONE',  ( 1.980384757729329000, -1.700000000000003500, -1.494841517494422500E-015 ) ) ;
#3702 = CARTESIAN_POINT ( 'NONE',  ( -3.061616997868381700E-016, -1.734723475976807100E-015, 2.499999999999996900 ) ) ;
#3703 = AXIS2_PLACEMENT_3D ( 'NONE', #2293, #4329, #5190 ) ;
#3704 = CARTESIAN_POINT ( 'NONE',  ( -1.035533905932737300, 0.8499999999999958700, 2.499999999999996900 ) ) ;
#3705 = CARTESIAN_POINT ( 'NONE',  ( 2.499999999999998200, -2.150000000000005200, 1.035533905932736600 ) ) ;
#3706 = CARTESIAN_POINT ( 'NONE',  ( -0.7416942531320699400, -5.488394150531180800, 2.299646367519204900 ) ) ;
#3707 = CARTESIAN_POINT ( 'NONE',  ( 1.980384757729329000, 1.399999999999997700, -1.494841517494422500E-015 ) ) ;
#3708 = CARTESIAN_POINT ( 'NONE',  ( -1.400343491548886600, -2.000000000000003600, 1.400343491548884400 ) ) ;
#3709 = CARTESIAN_POINT ( 'NONE',  ( -1.980384757729329000, -1.250000000000003100, 0.8203022253684421100 ) ) ;
#3710 = ORIENTED_EDGE ( 'NONE', *, *, #2889, .F. ) ;
#3711 = CARTESIAN_POINT ( 'NONE',  ( 2.499999999999998700, -1.400000000000001900, -1.399389746009179600E-015 ) ) ;
#3712 = CARTESIAN_POINT ( 'NONE',  ( 1.980384757729328500, -4.150000000000003900, 0.8203022253684436600 ) ) ;
#3713 = EDGE_CURVE ( 'NONE', #3040, #327, #2030, .T. ) ;
#3714 = CARTESIAN_POINT ( 'NONE',  ( -1.980384757729329000, -1.400000000000002800, -1.979895888421108300E-015 ) ) ;
#3715 = EDGE_LOOP ( 'NONE', ( #2722, #2558, #2274, #2090, #2150 ) ) ;
#3716 = CARTESIAN_POINT ( 'NONE',  ( -0.8203022253684444400, -0.3500000000000030900, 1.980384757729327200 ) ) ;
#3717 = CARTESIAN_POINT ( 'NONE',  ( -3.061616997868381700E-016, 2.399999999999999500, 2.499999999999996900 ) ) ;
#3718 = CARTESIAN_POINT ( 'NONE',  ( 1.035533905932736600, -6.250000000000004400, 2.499999999999997300 ) ) ;
#3719 = CARTESIAN_POINT ( 'NONE',  ( -1.035533905932737100, -3.550000000000002000, -2.500000000000000400 ) ) ;
#3720 = CARTESIAN_POINT ( 'NONE',  ( 1.980384757729328500, -0.8500000000000035300, -0.8203022253684465500 ) ) ;
#3721 = ORIENTED_EDGE ( 'NONE', *, *, #2639, .T. ) ;
#3722 = CARTESIAN_POINT ( 'NONE',  ( -1.035533905932735500, -4.050000000000001600, 2.499999999999998700 ) ) ;
#3723 = CARTESIAN_POINT ( 'NONE',  ( -1.767766952966367800, -1.000000000000004400, -1.767766952966370000 ) ) ;
#3724 = CARTESIAN_POINT ( 'NONE',  ( 2.162788442154695000, -5.528700793424982300, 0.9834776910286411300 ) ) ;
#3725 = EDGE_LOOP ( 'NONE', ( #4903, #4221, #507, #4510, #4547, #3721, #246 ) ) ;
#3726 = CARTESIAN_POINT ( 'NONE',  ( 0.8203022253684436600, 0.4499999999999972900, 1.980384757729327600 ) ) ;
#3727 = CARTESIAN_POINT ( 'NONE',  ( 0.8203022253684454400, 0.04999999999999709500, -1.980384757729330100 ) ) ;
#3728 = CARTESIAN_POINT ( 'NONE',  ( 0.0000000000000000000, -1.500000000000003100, -1.980384757729330500 ) ) ;
#3729 = CARTESIAN_POINT ( 'NONE',  ( -1.980384757729329000, -2.900000000000003500, -1.979895888421108300E-015 ) ) ;
#3730 = CARTESIAN_POINT ( 'NONE',  ( 0.8203022253684454400, 0.7499999999999973400, -1.980384757729330100 ) ) ;
#3731 = CARTESIAN_POINT ( 'NONE',  ( -2.425271854633429100E-016, -1.100000000000003000, 1.980384757729327200 ) ) ;
#3732 = CARTESIAN_POINT ( 'NONE',  ( 1.400343491548886800, 2.299999999999998000, -1.400343491548887900 ) ) ;
#3733 = AXIS2_PLACEMENT_3D ( 'NONE', #3173, #3972, #2359 ) ;
#3734 = CARTESIAN_POINT ( 'NONE',  ( -0.8203022253684441000, -5.550000000000002500, -1.980384757729330500 ) ) ;
#3735 = CARTESIAN_POINT ( 'NONE',  ( -1.767766952966368000, -4.900000000000001200, 1.767766952966365800 ) ) ;
#3736 = CARTESIAN_POINT ( 'NONE',  ( -2.499999999999998700, -3.250000000000004000, 1.035533905932735100 ) ) ;
#3737 = CARTESIAN_POINT ( 'NONE',  ( -1.989984737393942500, -0.3560479890825906700, 0.8137852965128380400 ) ) ;
#3738 = CARTESIAN_POINT ( 'NONE',  ( 1.980384757729328500, -0.2500000000000028300, 0.8203022253684436600 ) ) ;
#3739 = CARTESIAN_POINT ( 'NONE',  ( -1.400343491548886600, 1.199999999999997100, 1.400343491548884400 ) ) ;
#3740 = CARTESIAN_POINT ( 'NONE',  ( 0.0000000000000000000, -3.000000000000001800, -2.500000000000000400 ) ) ;
#3741 = AXIS2_PLACEMENT_3D ( 'NONE', #658, #258, #1909 ) ;
#3742 = CARTESIAN_POINT ( 'NONE',  ( -1.980384757729329000, -2.050000000000002900, 0.8203022253684421100 ) ) ;
#3743 = EDGE_CURVE ( 'NONE', #4847, #5265, #492, .T. ) ;
#3744 = CARTESIAN_POINT ( 'NONE',  ( 0.8203022253684436600, -4.250000000000003600, 1.980384757729327600 ) ) ;
#3745 = CARTESIAN_POINT ( 'NONE',  ( 0.8203022253684436600, -1.950000000000003300, 1.980384757729327600 ) ) ;
#3746 = CARTESIAN_POINT ( 'NONE',  ( 1.400343491548886400, -1.000000000000003600, 1.400343491548884800 ) ) ;
#3747 = CYLINDRICAL_SURFACE ( 'NONE', #1144, 4.599999999999999600 ) ;
#3748 = CARTESIAN_POINT ( 'NONE',  ( 1.980384757729328500, 1.349999999999997000, 0.8203022253684436600 ) ) ;
#3749 = DIRECTION ( 'NONE',  ( -0.0000000000000000000, -1.000000000000000000, -3.097720492815726700E-016 ) ) ;
#3750 = DIRECTION ( 'NONE',  ( -0.0000000000000000000, -1.000000000000000000, -3.097720492815726700E-016 ) ) ;
#3751 =( BOUNDED_CURVE ( )  B_SPLINE_CURVE ( 2, ( #4069, #3225, #3679, #765, #4437, #3608, #1602, #4053, #4879, #2472, #3625, #4844, #4585, #3337, #4970, #841, #3701, #4514, #877, #482, #2576, #3320, #4986, #3300, #2923, #4159, #2131, #1337, #2165, #4125, #4954, #447, #4555, #3720, #2556, #1729, #3352, #4175, #95, #1264, #2907 ),
 .UNSPECIFIED., .F., .F. ) 
 B_SPLINE_CURVE_WITH_KNOTS ( ( 3, 2, 2, 2, 2, 2, 2, 2, 2, 2, 2, 2, 2, 2, 2, 2, 2, 2, 2, 2, 3 ),
 ( 0.4341324377477749900, 0.4431818181818181800, 0.4545454545454545300, 0.4659090909090908800, 0.4772727272727272900, 0.4886363636363636500, 0.5000000000000000000, 0.5113636363636363500, 0.5227272727272727100, 0.5340909090909090600, 0.5454545454545454100, 0.5568181818181817700, 0.5681818181818182300, 0.5795454545454545900, 0.5909090909090909400, 0.6022727272727272900, 0.6136363636363636500, 0.6250000000000000000, 0.6363636363636363500, 0.6477272727272727100, 0.6567766531612111400 ),
 .UNSPECIFIED. ) 
 CURVE ( )  GEOMETRIC_REPRESENTATION_ITEM ( )  RATIONAL_B_SPLINE_CURVE ( ( 0.9753096629721078600, 0.9393818099172127600, 1.000000000000000000, 0.9238795325112867400, 1.000000000000000000, 0.9238795325112867400, 1.000000000000000000, 0.9238795325112867400, 1.000000000000000000, 0.9238795325112867400, 1.000000000000000000, 0.9238795325112867400, 1.000000000000000000, 0.9238795325112867400, 1.000000000000000000, 0.9238795325112867400, 1.000000000000000000, 0.9238795325112867400, 1.000000000000000000, 0.9238795325112867400, 1.000000000000000000, 0.9238795325112867400, 1.000000000000000000, 0.9238795325112867400, 1.000000000000000000, 0.9238795325112867400, 1.000000000000000000, 0.9238795325112867400, 1.000000000000000000, 0.9238795325112867400, 1.000000000000000000, 0.9238795325112867400, 1.000000000000000000, 0.9238795325112867400, 1.000000000000000000, 0.9238795325112867400, 1.000000000000000000, 0.9238795325112867400, 1.000000000000000000, 0.9393818099179144200, 0.9753096629712760800 ) ) 
 REPRESENTATION_ITEM ( '' )  );
#3752 = CONICAL_SURFACE ( 'NONE', #4346, 1.732050807568879200, 0.7853981633974500600 ) ;
#3753 = CARTESIAN_POINT ( 'NONE',  ( 0.0000000000000000000, -1.900000000000004100, -2.500000000000000400 ) ) ;
#3754 = CARTESIAN_POINT ( 'NONE',  ( -1.035533905932737300, -0.7500000000000041100, 2.499999999999996900 ) ) ;
#3755 = CARTESIAN_POINT ( 'NONE',  ( 1.767766952966368400, 0.3999999999999958600, -1.767766952966369500 ) ) ;
#3756 = CARTESIAN_POINT ( 'NONE',  ( -1.767766952966367800, 1.299999999999998300, -1.767766952966370000 ) ) ;
#3757 = CARTESIAN_POINT ( 'NONE',  ( -2.425271854633429100E-016, -0.4000000000000028000, 1.980384757729327200 ) ) ;
#3758 = CARTESIAN_POINT ( 'NONE',  ( -1.400343491548886400, -6.300000000000002500, -1.400343491548888400 ) ) ;
#3759 = CIRCLE ( 'NONE', #2034, 4.599999999999999600 ) ;
#3760 = DIRECTION ( 'NONE',  ( 0.5000000000000004400, 0.0000000000000000000, 0.8660254037844383700 ) ) ;
#3761 = CARTESIAN_POINT ( 'NONE',  ( 1.980384757729328500, -3.350000000000003600, 0.8203022253684436600 ) ) ;
#3762 = CARTESIAN_POINT ( 'NONE',  ( 1.980384757729328500, -0.05000000000000317400, -0.8203022253684465500 ) ) ;
#3763 = VECTOR ( 'NONE', #1321, 1000.000000000000000 ) ;
#3764 = CARTESIAN_POINT ( 'NONE',  ( 1.980384757729328500, -1.850000000000002500, 0.8203022253684436600 ) ) ;
#3765 = AXIS2_PLACEMENT_3D ( 'NONE', #228, #1880, #1442 ) ;
#3766 = CARTESIAN_POINT ( 'NONE',  ( 1.980384757729328500, 0.6499999999999969100, 0.8203022253684436600 ) ) ;
#3767 = CARTESIAN_POINT ( 'NONE',  ( -1.035533905932737100, -5.050000000000004300, -2.500000000000000400 ) ) ;
#3768 = DIRECTION ( 'NONE',  ( 0.0000000000000000000, -1.000000000000000000, 0.0000000000000000000 ) ) ;
#3769 = CARTESIAN_POINT ( 'NONE',  ( -1.035533905932737300, -4.850000000000002300, 2.499999999999996900 ) ) ;
#3770 = CC_DESIGN_PERSON_AND_ORGANIZATION_ASSIGNMENT ( #1520, #2751, ( #3308 ) ) ;
#3771 = EDGE_CURVE ( 'NONE', #3786, #109, #2910, .T. ) ;
#3772 = ORIENTED_EDGE ( 'NONE', *, *, #3474, .F. ) ;
#3773 = CARTESIAN_POINT ( 'NONE',  ( 2.499999999999998200, 1.949999999999995100, -1.035533905932739800 ) ) ;
#3774 = CARTESIAN_POINT ( 'NONE',  ( 1.980384757729329000, -1.000000000000002700, -1.494841517494422500E-015 ) ) ;
#3775 = CARTESIAN_POINT ( 'NONE',  ( -1.732050807568877400, 1.799999999999998700, 3.221629312528355200E-015 ) ) ;
#3776 = CARTESIAN_POINT ( 'NONE',  ( -1.980384757729329000, -2.850000000000002800, 0.8203022253684421100 ) ) ;
#3777 = ORIENTED_EDGE ( 'NONE', *, *, #3133, .T. ) ;
#3778 = CARTESIAN_POINT ( 'NONE',  ( -2.425271854633429100E-016, -1.100000000000003000, 1.980384757729327200 ) ) ;
#3779 = EDGE_CURVE ( 'NONE', #2765, #1813, #224, .T. ) ;
#3780 = CARTESIAN_POINT ( 'NONE',  ( -2.425271854633429100E-016, -0.4000000000000028000, 1.980384757729327200 ) ) ;
#3781 = CARTESIAN_POINT ( 'NONE',  ( -1.400343491548886600, 1.199999999999997100, 1.400343491548884400 ) ) ;
#3782 = VERTEX_POINT ( 'NONE', #1937 ) ;
#3783 = CARTESIAN_POINT ( 'NONE',  ( -1.400343491548886600, 1.099999999999997600, 1.400343491548884400 ) ) ;
#3784 = DIRECTION ( 'NONE',  ( 0.0000000000000000000, 0.0000000000000000000, 1.000000000000000000 ) ) ;
#3785 = DIRECTION ( 'NONE',  ( 0.0000000000000000000, 0.7071067811865490200, 0.7071067811865460200 ) ) ;
#3786 = VERTEX_POINT ( 'NONE', #2741 ) ;
#3787 = CARTESIAN_POINT ( 'NONE',  ( 1.767766952966367800, -5.500000000000001800, 1.767766952966366400 ) ) ;
#3788 = CARTESIAN_POINT ( 'NONE',  ( -1.035533905932737300, -2.350000000000004100, 2.499999999999996900 ) ) ;
#3789 = CARTESIAN_POINT ( 'NONE',  ( -2.499999999999998700, 0.7499999999999954500, 1.035533905932735100 ) ) ;
#3790 = CARTESIAN_POINT ( 'NONE',  ( 1.498543885531973300, -2.927142935508833900, -1.915864697584924700 ) ) ;
#3791 = CARTESIAN_POINT ( 'NONE',  ( -2.499999999999998700, -5.700000000000004600, -2.011713145582856100E-015 ) ) ;
#3792 = CARTESIAN_POINT ( 'NONE',  ( 2.101049181005571100, 1.919220253348328700, 1.097331168800965300 ) ) ;
#3793 = CARTESIAN_POINT ( 'NONE',  ( 1.980384757729328500, 0.6499999999999969100, 0.8203022253684436600 ) ) ;
#3794 = CARTESIAN_POINT ( 'NONE',  ( -0.8203022253684441000, -0.6500000000000030200, -1.980384757729330500 ) ) ;
#3795 = CARTESIAN_POINT ( 'NONE',  ( -1.767766952966368000, 0.7999999999999960500, 1.767766952966365800 ) ) ;
#3796 = DIRECTION ( 'NONE',  ( -0.0000000000000000000, -1.000000000000000000, -0.0000000000000000000 ) ) ;
#3797 = ORIENTED_EDGE ( 'NONE', *, *, #3164, .T. ) ;
#3798 = CARTESIAN_POINT ( 'NONE',  ( -0.8203022253684444400, 0.4499999999999964000, 1.980384757729327200 ) ) ;
#3799 = CARTESIAN_POINT ( 'NONE',  ( -1.767766952966367800, -3.400000000000004800, -1.767766952966370000 ) ) ;
#3800 = CARTESIAN_POINT ( 'NONE',  ( 0.0000000000000000000, 0.0000000000000000000, -1.734723475976807100E-015 ) ) ;
#3801 = CARTESIAN_POINT ( 'NONE',  ( -1.400343491548886600, -6.000000000000003600, 1.400343491548884400 ) ) ;
#3802 = EDGE_CURVE ( 'NONE', #4353, #5163, #3374, .T. ) ;
#3803 = CARTESIAN_POINT ( 'NONE',  ( -2.499999999999998700, -0.05000000000000403400, 1.035533905932735100 ) ) ;
#3804 = CARTESIAN_POINT ( 'NONE',  ( -3.061616997868381700E-016, -5.600000000000001400, 2.499999999999996900 ) ) ;
#3805 = DIRECTION ( 'NONE',  ( 0.0000000000000000000, 0.0000000000000000000, 1.000000000000000000 ) ) ;
#3806 = CARTESIAN_POINT ( 'NONE',  ( 0.0000000000000000000, 2.099999999999996100, -2.500000000000000400 ) ) ;
#3807 = CARTESIAN_POINT ( 'NONE',  ( 2.222923576855175800, -2.963558172819428900, -1.073827160554016800 ) ) ;
#3808 = VECTOR ( 'NONE', #1780, 1000.000000000000000 ) ;
#3809 = CARTESIAN_POINT ( 'NONE',  ( -1.035533905932737300, -6.350000000000005000, 2.499999999999996900 ) ) ;
#3810 = CARTESIAN_POINT ( 'NONE',  ( -1.957037314453083300, 1.775344612735253200, 0.8213728033302931700 ) ) ;
#3811 = CARTESIAN_POINT ( 'NONE',  ( 0.0000000000000000000, 1.699999999999996600, -1.980384757729330500 ) ) ;
#3812 = EDGE_CURVE ( 'NONE', #1092, #2903, #4800, .T. ) ;
#3813 = ADVANCED_FACE ( 'NONE', ( #5082 ), #3181, .T. ) ;
#3814 = EDGE_LOOP ( 'NONE', ( #4785, #1911, #1183, #3516 ) ) ;
#3815 = CARTESIAN_POINT ( 'NONE',  ( 0.0000000000000000000, 0.09999999999999678600, -1.980384757729330500 ) ) ;
#3816 = CARTESIAN_POINT ( 'NONE',  ( -3.061616997868381700E-016, -3.100000000000004100, 2.499999999999996900 ) ) ;
#3817 = CARTESIAN_POINT ( 'NONE',  ( 0.0000000000000000000, 2.499999999999996900, -1.980384757729330500 ) ) ;
#3818 = EDGE_LOOP ( 'NONE', ( #2301, #1429, #1353, #1818 ) ) ;
#3819 = CIRCLE ( 'NONE', #989, 2.499999999999998700 ) ;
#3820 = CARTESIAN_POINT ( 'NONE',  ( 1.767766952966367800, -3.000000000000004400, 1.767766952966366400 ) ) ;
#3821 = CARTESIAN_POINT ( 'NONE',  ( -0.8203022253684441000, -3.150000000000002600, -1.980384757729330500 ) ) ;
#3822 = CARTESIAN_POINT ( 'NONE',  ( 1.980384757729328500, -2.550000000000003800, 0.8203022253684436600 ) ) ;
#3823 = CARTESIAN_POINT ( 'NONE',  ( 1.704300128813400600E-015, -2.000000000000001800, 1.416666666666672100 ) ) ;
#3824 = CARTESIAN_POINT ( 'NONE',  ( 2.499999999999998200, -3.050000000000002000, 1.035533905932736600 ) ) ;
#3825 = VECTOR ( 'NONE', #3391, 1000.000000000000000 ) ;
#3826 = CARTESIAN_POINT ( 'NONE',  ( 2.499999999999998700, -5.400000000000002100, -1.399389746009179600E-015 ) ) ;
#3827 = CARTESIAN_POINT ( 'NONE',  ( -1.035533905932737100, 1.349999999999995200, -2.500000000000000400 ) ) ;
#3828 = CARTESIAN_POINT ( 'NONE',  ( 2.495075597865601400, -2.995075597865604500, -0.1608703379303163500 ) ) ;
#3829 = CARTESIAN_POINT ( 'NONE',  ( -1.767766952966367800, -5.800000000000005200, -1.767766952966370000 ) ) ;
#3830 = CARTESIAN_POINT ( 'NONE',  ( 1.844118501450658300, 1.907170717153664700, 1.455916889112707400 ) ) ;
#3831 = CARTESIAN_POINT ( 'NONE',  ( -1.400343491548886400, -6.300000000000002500, -1.400343491548888400 ) ) ;
#3832 = VECTOR ( 'NONE', #4706, 1000.000000000000000 ) ;
#3833 = CARTESIAN_POINT ( 'NONE',  ( -1.980384757729329000, 1.099999999999996800, -1.979895888421108300E-015 ) ) ;
#3834 = CARTESIAN_POINT ( 'NONE',  ( -2.499999999999998700, 0.7499999999999954500, 1.035533905932735100 ) ) ;
#3835 = VERTEX_POINT ( 'NONE', #2441 ) ;
#3836 = CARTESIAN_POINT ( 'NONE',  ( 1.035533905932736900, -3.850000000000004500, 2.499999999999997300 ) ) ;
#3837 = AXIS2_PLACEMENT_3D ( 'NONE', #2443, #4385, #5223 ) ;
#3838 = CARTESIAN_POINT ( 'NONE',  ( 1.980384757729329000, 0.6999999999999966200, -1.494841517494422500E-015 ) ) ;
#3839 = CARTESIAN_POINT ( 'NONE',  ( 1.767766952966367800, -4.600000000000004100, 1.767766952966366400 ) ) ;
#3840 = CARTESIAN_POINT ( 'NONE',  ( 0.8203022253684455500, -3.250000000000002700, -1.980384757729330100 ) ) ;
#3841 = CARTESIAN_POINT ( 'NONE',  ( -1.980384757729329000, -2.850000000000002800, 0.8203022253684421100 ) ) ;
#3842 = DIRECTION ( 'NONE',  ( 0.0000000000000000000, 1.000000000000000000, 0.0000000000000000000 ) ) ;
#3843 = VERTEX_POINT ( 'NONE', #4022 ) ;
#3844 = ADVANCED_FACE ( 'NONE', ( #2295, #3062 ), #4399, .F. ) ;
#3845 = CARTESIAN_POINT ( 'NONE',  ( -1.767766952966368000, -2.500000000000001800, 1.767766952966365800 ) ) ;
#3846 = CARTESIAN_POINT ( 'NONE',  ( 2.499999999999998200, -0.5500000000000044900, 1.035533905932736600 ) ) ;
#3847 = EDGE_CURVE ( 'NONE', #2158, #3467, #2421, .T. ) ;
#3848 = DIRECTION ( 'NONE',  ( -0.0000000000000000000, -1.000000000000000000, -3.097720492815726700E-016 ) ) ;
#3849 = CARTESIAN_POINT ( 'NONE',  ( -0.6072855953853986100, -5.694934655304722400, -2.141135830270135100 ) ) ;
#3850 = ORIENTED_EDGE ( 'NONE', *, *, #3743, .T. ) ;
#3851 = CARTESIAN_POINT ( 'NONE',  ( -0.8203022253684444400, 1.949999999999996800, 1.980384757729327200 ) ) ;
#3852 = CARTESIAN_POINT ( 'NONE',  ( -1.400343491548886400, -1.500000000000003100, -1.400343491548888400 ) ) ;
#3853 = CARTESIAN_POINT ( 'NONE',  ( 1.980384757729328500, -0.1500000000000034400, 0.8203022253684436600 ) ) ;
#3854 = CARTESIAN_POINT ( 'NONE',  ( 1.400343491548886400, 2.199999999999997100, 1.400343491548884800 ) ) ;
#3855 =( BOUNDED_CURVE ( )  B_SPLINE_CURVE ( 2, ( #3607, #5169, #1570, #344, #278, #5183, #3558, #3575, #4792 ),
 .UNSPECIFIED., .F., .F. ) 
 B_SPLINE_CURVE_WITH_KNOTS ( ( 3, 2, 2, 2, 3 ),
 ( 0.7727272727272727100, 0.7840909090909090600, 0.7954545454545454100, 0.8068181818181817700, 0.8181818181818182300 ),
 .UNSPECIFIED. ) 
 CURVE ( )  GEOMETRIC_REPRESENTATION_ITEM ( )  RATIONAL_B_SPLINE_CURVE ( ( 1.000000000000000000, 0.9238795325112867400, 1.000000000000000000, 0.9238795325112867400, 1.000000000000000000, 0.9238795325112867400, 1.000000000000000000, 0.9238795325112867400, 1.000000000000000000 ) ) 
 REPRESENTATION_ITEM ( '' )  );
#3856 = ORIENTED_EDGE ( 'NONE', *, *, #2667, .T. ) ;
#3857 = CARTESIAN_POINT ( 'NONE',  ( 3.999999999999998200, -2.000000000000001800, -6.000000000000000900 ) ) ;
#3858 = ORIENTED_EDGE ( 'NONE', *, *, #2630, .T. ) ;
#3859 = CARTESIAN_POINT ( 'NONE',  ( -1.980384757729329000, 1.749999999999998200, -0.8203022253684462100 ) ) ;
#3860 = CARTESIAN_POINT ( 'NONE',  ( -0.9938065489464489300, 1.699999999999989700, -1.717808493755044600 ) ) ;
#3861 = CARTESIAN_POINT ( 'NONE',  ( -2.499999999999998700, -2.550000000000004300, -1.035533905932739300 ) ) ;
#3862 = CARTESIAN_POINT ( 'NONE',  ( -1.980384757729329000, -1.450000000000002600, -0.8203022253684462100 ) ) ;
#3863 = CARTESIAN_POINT ( 'NONE',  ( 1.980384757729328500, -1.650000000000003000, -0.8203022253684464400 ) ) ;
#3864 = CARTESIAN_POINT ( 'NONE',  ( 0.5812011530326692800, -2.597262458264224500, 2.020471548596956900 ) ) ;
#3865 = CARTESIAN_POINT ( 'NONE',  ( 1.035533905932736600, -0.7500000000000017800, 2.499999999999997300 ) ) ;
#3866 = CARTESIAN_POINT ( 'NONE',  ( 0.0000000000000000000, 1.999999999999999600, -4.599999999999999600 ) ) ;
#3867 = EDGE_LOOP ( 'NONE', ( #2968, #4192, #3907, #3122, #5105, #2214, #1097 ) ) ;
#3868 = CARTESIAN_POINT ( 'NONE',  ( 0.8660254037844403700, 4.799999999999998900, -1.500000000000000900 ) ) ;
#3869 = CARTESIAN_POINT ( 'NONE',  ( 0.8203022253684454400, -5.650000000000003000, -1.980384757729330100 ) ) ;
#3870 = CARTESIAN_POINT ( 'NONE',  ( -2.499999999999998700, -4.150000000000003900, -1.035533905932739300 ) ) ;
#3871 = CARTESIAN_POINT ( 'NONE',  ( 1.980384757729329000, -1.000000000000002700, -1.494841517494422500E-015 ) ) ;
#3872 = CARTESIAN_POINT ( 'NONE',  ( 1.980384757729329000, -0.1000000000000028600, -1.494841517494422500E-015 ) ) ;
#3873 = CARTESIAN_POINT ( 'NONE',  ( -1.400343491548886400, -5.500000000000003600, -1.400343491548888400 ) ) ;
#3874 = AXIS2_PLACEMENT_3D ( 'NONE', #1420, #3042, #4646 ) ;
#3875 = CARTESIAN_POINT ( 'NONE',  ( 2.499999999999998200, -0.6500000000000012400, 1.035533905932736600 ) ) ;
#3876 = CARTESIAN_POINT ( 'NONE',  ( 0.0000000000000000000, 1.599999999999997200, -1.980384757729330500 ) ) ;
#3877 = CARTESIAN_POINT ( 'NONE',  ( 0.0000000000000000000, 1.999999999999998200, 0.0000000000000000000 ) ) ;
#3878 = FACE_OUTER_BOUND ( 'NONE', #5012, .T. ) ;
#3879 = CARTESIAN_POINT ( 'NONE',  ( 1.035533905932736600, -2.250000000000004400, 2.499999999999997300 ) ) ;
#3880 = CARTESIAN_POINT ( 'NONE',  ( -1.980384757729329000, -2.250000000000002700, -0.8203022253684462100 ) ) ;
#3881 = CARTESIAN_POINT ( 'NONE',  ( 0.8203022253684454400, -2.350000000000003200, -1.980384757729330100 ) ) ;
#3882 = EDGE_CURVE ( 'NONE', #4260, #4288, #1232, .T. ) ;
#3883 = FACE_OUTER_BOUND ( 'NONE', #3210, .T. ) ;
#3884 = CARTESIAN_POINT ( 'NONE',  ( 2.499999999999998200, -1.450000000000001500, 1.035533905932736600 ) ) ;
#3885 = CARTESIAN_POINT ( 'NONE',  ( 0.0000000000000000000, -0.3000000000000042600, -2.500000000000000400 ) ) ;
#3886 = CARTESIAN_POINT ( 'NONE',  ( 1.035533905932738600, -3.950000000000002000, 2.499999999999995600 ) ) ;
#3887 = CARTESIAN_POINT ( 'NONE',  ( 1.767766952966367800, -3.000000000000001800, 1.767766952966366400 ) ) ;
#3888 = CARTESIAN_POINT ( 'NONE',  ( 0.0000000000000000000, -3.000000000000001800, 0.0000000000000000000 ) ) ;
#3889 = LINE ( 'NONE', #3259, #3245 ) ;
#3890 = CARTESIAN_POINT ( 'NONE',  ( 1.980384757729328500, -5.850000000000003200, 0.8203022253684436600 ) ) ;
#3891 = CARTESIAN_POINT ( 'NONE',  ( 0.8203022253684454400, 1.649999999999997000, -1.980384757729330100 ) ) ;
#3892 =( BOUNDED_CURVE ( )  B_SPLINE_CURVE ( 2, ( #3885, #2649, #2596, #3056, #4674, #3846, #532, #592, #2611 ),
 .UNSPECIFIED., .F., .F. ) 
 B_SPLINE_CURVE_WITH_KNOTS ( ( 3, 2, 2, 2, 3 ),
 ( 0.2727272727272727100, 0.2840909090909090600, 0.2954545454545454100, 0.3068181818181817700, 0.3181818181818182300 ),
 .UNSPECIFIED. ) 
 CURVE ( )  GEOMETRIC_REPRESENTATION_ITEM ( )  RATIONAL_B_SPLINE_CURVE ( ( 1.000000000000000000, 0.9238795325112867400, 1.000000000000000000, 0.9238795325112867400, 1.000000000000000000, 0.9238795325112867400, 1.000000000000000000, 0.9238795325112867400, 1.000000000000000000 ) ) 
 REPRESENTATION_ITEM ( '' )  );
#3893 = CARTESIAN_POINT ( 'NONE',  ( 4.000000000000001800, -2.000000000000001800, 5.999999999999998200 ) ) ;
#3894 = CARTESIAN_POINT ( 'NONE',  ( 1.767766952966368400, 1.899999999999999000, -1.767766952966369500 ) ) ;
#3895 = CARTESIAN_POINT ( 'NONE',  ( -2.499999999999998700, -1.700000000000004400, -2.011713145582856100E-015 ) ) ;
#3896 = FACE_BOUND ( 'NONE', #1100, .T. ) ;
#3897 = CARTESIAN_POINT ( 'NONE',  ( 1.980384757729328500, -3.450000000000003300, 0.8203022253684436600 ) ) ;
#3898 = CARTESIAN_POINT ( 'NONE',  ( -1.400343491548886600, -2.800000000000003400, 1.400343491548884400 ) ) ;
#3899 = CARTESIAN_POINT ( 'NONE',  ( 1.035533905932738900, -2.850000000000002300, -2.500000000000000400 ) ) ;
#3900 = CARTESIAN_POINT ( 'NONE',  ( -2.499999999999998700, -3.350000000000002300, 1.035533905932735100 ) ) ;
#3901 = ORIENTED_EDGE ( 'NONE', *, *, #4528, .T. ) ;
#3902 = DIRECTION ( 'NONE',  ( 0.0000000000000000000, 3.469446951953616700E-016, -1.000000000000000000 ) ) ;
#3903 = CARTESIAN_POINT ( 'NONE',  ( 0.0000000000000000000, 4.799999999999998900, 6.195440985631449400E-016 ) ) ;
#3904 = DIRECTION ( 'NONE',  ( -0.0000000000000000000, 1.000000000000000000, -0.0000000000000000000 ) ) ;
#3905 = CARTESIAN_POINT ( 'NONE',  ( 0.6424637195780917900, -2.439160183875495900, -1.980384757729330100 ) ) ;
#3906 = CARTESIAN_POINT ( 'NONE',  ( 0.8203022253684454400, -2.450000000000003300, -1.980384757729330100 ) ) ;
#3907 = ORIENTED_EDGE ( 'NONE', *, *, #2630, .F. ) ;
#3908 = CARTESIAN_POINT ( 'NONE',  ( 5.633375276077823100E-016, 2.699999999999997100, 4.599999999999999600 ) ) ;
#3909 = CARTESIAN_POINT ( 'NONE',  ( 1.767766952966368400, -1.200000000000004000, -1.767766952966369500 ) ) ;
#3910 = DIRECTION ( 'NONE',  ( -0.0000000000000000000, -1.000000000000000000, -3.097720492815726700E-016 ) ) ;
#3911 = AXIS2_PLACEMENT_3D ( 'NONE', #5275, #4487, #2604 ) ;
#3912 = CARTESIAN_POINT ( 'NONE',  ( 2.499999999999998200, 1.749999999999998000, 1.035533905932736600 ) ) ;
#3913 = ORIENTED_EDGE ( 'NONE', *, *, #74, .F. ) ;
#3914 = CARTESIAN_POINT ( 'NONE',  ( -2.499999999999998700, 0.6999999999999957400, -2.011713145582856100E-015 ) ) ;
#3915 = CARTESIAN_POINT ( 'NONE',  ( -1.400343491548886400, 0.1999999999999970700, -1.400343491548888400 ) ) ;
#3916 = ORIENTED_EDGE ( 'NONE', *, *, #4784, .T. ) ;
#3917 = CARTESIAN_POINT ( 'NONE',  ( 2.499999999999998200, 0.9499999999999986200, 1.035533905932736600 ) ) ;
#3918 = CARTESIAN_POINT ( 'NONE',  ( 1.035533905932736600, -1.550000000000001800, 2.499999999999997300 ) ) ;
#3919 = EDGE_CURVE ( 'NONE', #5265, #2267, #4909, .T. ) ;
#3920 = CARTESIAN_POINT ( 'NONE',  ( 0.0000000000000000000, -1.900000000000004100, -2.500000000000000400 ) ) ;
#3921 = CARTESIAN_POINT ( 'NONE',  ( 1.400343491548886400, -5.900000000000002100, 1.400343491548884800 ) ) ;
#3922 = CARTESIAN_POINT ( 'NONE',  ( 1.732050807568878700, 1.799999999999998700, -2.478176394252586100E-016 ) ) ;
#3923 = CARTESIAN_POINT ( 'NONE',  ( 1.980384757729328500, -0.9500000000000030600, -0.8203022253684465500 ) ) ;
#3924 = ORIENTED_EDGE ( 'NONE', *, *, #271, .F. ) ;
#3925 = ORIENTED_EDGE ( 'NONE', *, *, #2457, .T. ) ;
#3926 = CARTESIAN_POINT ( 'NONE',  ( 1.980384757729329000, -5.000000000000002700, -1.494841517494422500E-015 ) ) ;
#3927 = CARTESIAN_POINT ( 'NONE',  ( 0.0000000000000000000, 1.299999999999995600, -2.500000000000000400 ) ) ;
#3928 = ORIENTED_EDGE ( 'NONE', *, *, #2933, .F. ) ;
#3929 = DIRECTION ( 'NONE',  ( 8.659560562354910700E-017, 0.7071067811865495700, -0.7071067811865455700 ) ) ;
#3930 = CARTESIAN_POINT ( 'NONE',  ( 1.767766952966367800, -1.400000000000004600, 1.767766952966366400 ) ) ;
#3931 = CARTESIAN_POINT ( 'NONE',  ( -0.8203022253684354400, 1.649999999999996600, -1.980384757729330500 ) ) ;
#3932 = CARTESIAN_POINT ( 'NONE',  ( 0.0000000000000000000, 1.699999999999996600, -1.980384757729330500 ) ) ;
#3933 = CARTESIAN_POINT ( 'NONE',  ( -2.499999999999998700, -0.2500000000000020000, -1.035533905932739300 ) ) ;
#3934 = CARTESIAN_POINT ( 'NONE',  ( 0.0000000000000000000, -4.400000000000002100, -2.500000000000000400 ) ) ;
#3935 = PERSON_AND_ORGANIZATION_ROLE ( 'design_owner' ) ;
#3936 = CARTESIAN_POINT ( 'NONE',  ( -3.061616997868381700E-016, -2.400000000000001700, 2.499999999999996900 ) ) ;
#3937 = CARTESIAN_POINT ( 'NONE',  ( 0.0000000000000000000, 1.999999999999998200, 0.0000000000000000000 ) ) ;
#3938 = CARTESIAN_POINT ( 'NONE',  ( 1.980384757729329000, -2.600000000000002800, -1.494841517494422500E-015 ) ) ;
#3939 = VECTOR ( 'NONE', #5156, 1000.000000000000000 ) ;
#3940 = ORIENTED_EDGE ( 'NONE', *, *, #5067, .F. ) ;
#3941 = CARTESIAN_POINT ( 'NONE',  ( -1.767766952966368000, 0.0000000000000000000, 1.767766952966365800 ) ) ;
#3942 = CARTESIAN_POINT ( 'NONE',  ( 1.980384757729329000, -5.000000000000002700, -1.494841517494422500E-015 ) ) ;
#3943 = CARTESIAN_POINT ( 'NONE',  ( 1.400343491548886400, -5.800000000000003400, 1.400343491548884800 ) ) ;
#3944 = CARTESIAN_POINT ( 'NONE',  ( -2.499999999999998700, -4.950000000000001100, 1.035533905932735100 ) ) ;
#3945 = CONICAL_SURFACE ( 'NONE', #445, 2.499999999999998700, 0.7853981633974500600 ) ;
#3946 = ORIENTED_EDGE ( 'NONE', *, *, #2317, .F. ) ;
#3947 = CARTESIAN_POINT ( 'NONE',  ( 1.767766952966368400, -0.4000000000000045200, -1.767766952966369500 ) ) ;
#3948 = CC_DESIGN_PERSON_AND_ORGANIZATION_ASSIGNMENT ( #2413, #5197, ( #829 ) ) ;
#3949 = CARTESIAN_POINT ( 'NONE',  ( 1.980384757729328500, -1.050000000000002300, 0.8203022253684436600 ) ) ;
#3950 = CARTESIAN_POINT ( 'NONE',  ( 0.8203022253684436600, 1.349999999999997000, 1.980384757729327600 ) ) ;
#3951 = EDGE_CURVE ( 'NONE', #4102, #4353, #5255, .T. ) ;
#3952 = CARTESIAN_POINT ( 'NONE',  ( -1.035533905932737300, 2.349999999999997900, 2.499999999999996900 ) ) ;
#3953 = CARTESIAN_POINT ( 'NONE',  ( 1.035533905932736600, -3.950000000000002000, 2.499999999999997300 ) ) ;
#3954 = CARTESIAN_POINT ( 'NONE',  ( -3.061616997868381700E-016, -3.100000000000004100, 2.499999999999996900 ) ) ;
#3955 = CARTESIAN_POINT ( 'NONE',  ( 0.0000000000000000000, -3.200000000000002800, -1.980384757729330500 ) ) ;
#3956 = CARTESIAN_POINT ( 'NONE',  ( 0.0000000000000000000, 1.999999999999998200, 0.0000000000000000000 ) ) ;
#3957 = FACE_OUTER_BOUND ( 'NONE', #3597, .T. ) ;
#3958 = CARTESIAN_POINT ( 'NONE',  ( 1.400343491548886800, -3.300000000000002500, -1.400343491548887900 ) ) ;
#3959 = CARTESIAN_POINT ( 'NONE',  ( -1.035533905932737300, -3.150000000000004400, 2.499999999999996900 ) ) ;
#3960 = CARTESIAN_POINT ( 'NONE',  ( 1.002151428125742900, 4.663873975658098900, -1.264222809608506000 ) ) ;
#3961 = CARTESIAN_POINT ( 'NONE',  ( 2.499999999999998700, -1.300000000000004300, -1.399389746009179600E-015 ) ) ;
#3962 = ORIENTED_EDGE ( 'NONE', *, *, #1738, .T. ) ;
#3963 = CARTESIAN_POINT ( 'NONE',  ( -1.767766952966367800, -5.100000000000002300, -1.767766952966370000 ) ) ;
#3964 = ADVANCED_FACE ( 'NONE', ( #286 ), #3747, .T. ) ;
#3965 = CARTESIAN_POINT ( 'NONE',  ( -2.425271854633429100E-016, 1.199999999999997100, 1.980384757729327200 ) ) ;
#3966 = CARTESIAN_POINT ( 'NONE',  ( 1.400343491548886400, 1.399999999999996800, 1.400343491548884800 ) ) ;
#3967 = ORIENTED_EDGE ( 'NONE', *, *, #1116, .F. ) ;
#3968 = CARTESIAN_POINT ( 'NONE',  ( 1.767766952966368400, 1.899999999999999000, -1.767766952966369500 ) ) ;
#3969 = CARTESIAN_POINT ( 'NONE',  ( 1.035533905932738900, -2.850000000000002300, -2.500000000000000400 ) ) ;
#3970 = CARTESIAN_POINT ( 'NONE',  ( 1.400343491548886800, -4.100000000000003200, -1.400343491548887900 ) ) ;
#3971 = VERTEX_POINT ( 'NONE', #472 ) ;
#3972 = DIRECTION ( 'NONE',  ( -0.0000000000000000000, 1.000000000000000000, -0.0000000000000000000 ) ) ;
#3973 = ORIENTED_EDGE ( 'NONE', *, *, #598, .T. ) ;
#3974 = CARTESIAN_POINT ( 'NONE',  ( 2.499999999999998700, -5.400000000000002100, -1.399389746009179600E-015 ) ) ;
#3975 = CARTESIAN_POINT ( 'NONE',  ( -1.980384757729329000, 0.9499999999999977400, -0.8203022253684462100 ) ) ;
#3976 = ORIENTED_EDGE ( 'NONE', *, *, #2285, .F. ) ;
#3977 = CARTESIAN_POINT ( 'NONE',  ( -0.9288364771273470700, -0.1573962591684406900, -2.163506050656530000 ) ) ;
#3978 = CARTESIAN_POINT ( 'NONE',  ( -1.400343491548886400, -5.500000000000003600, -1.400343491548888400 ) ) ;
#3979 = CARTESIAN_POINT ( 'NONE',  ( -1.400343491548886600, -5.200000000000002800, 1.400343491548884400 ) ) ;
#3980 = CARTESIAN_POINT ( 'NONE',  ( 1.870261581697480100, -2.981304976591982600, 1.638833568582749300 ) ) ;
#3981 = EDGE_CURVE ( 'NONE', #679, #3387, #4075, .T. ) ;
#3982 = VERTEX_POINT ( 'NONE', #4544 ) ;
#3983 = CARTESIAN_POINT ( 'NONE',  ( 1.980384757729329000, -0.2000000000000022600, -1.494841517494422500E-015 ) ) ;
#3984 = CARTESIAN_POINT ( 'NONE',  ( 0.8203022253684454400, -0.7500000000000032200, -1.980384757729330100 ) ) ;
#3985 =( BOUNDED_CURVE ( )  B_SPLINE_CURVE ( 2, ( #3338, #4126, #1698, #468, #1357, #1286, #4587, #67, #4538 ),
 .UNSPECIFIED., .F., .F. ) 
 B_SPLINE_CURVE_WITH_KNOTS ( ( 3, 2, 2, 2, 3 ),
 ( 0.5000000000000000000, 0.5113636363636363500, 0.5227272727272727100, 0.5340909090909091700, 0.5454545454545454100 ),
 .UNSPECIFIED. ) 
 CURVE ( )  GEOMETRIC_REPRESENTATION_ITEM ( )  RATIONAL_B_SPLINE_CURVE ( ( 1.000000000000000000, 0.9238795325112867400, 1.000000000000000000, 0.9238795325112867400, 1.000000000000000000, 0.9238795325112867400, 1.000000000000000000, 0.9238795325112867400, 1.000000000000000000 ) ) 
 REPRESENTATION_ITEM ( '' )  );
#3986 = CARTESIAN_POINT ( 'NONE',  ( 2.499999999999998200, -0.5500000000000020400, -1.035533905932739800 ) ) ;
#3987 = CARTESIAN_POINT ( 'NONE',  ( -2.499999999999998700, -1.050000000000001400, -1.035533905932739300 ) ) ;
#3988 = EDGE_CURVE ( 'NONE', #4847, #2445, #2680, .T. ) ;
#3989 = CARTESIAN_POINT ( 'NONE',  ( 1.980384757729328500, -5.050000000000001600, 0.8203022253684436600 ) ) ;
#3990 = DIRECTION ( 'NONE',  ( -0.0000000000000000000, -1.000000000000000000, -3.097720492815726700E-016 ) ) ;
#3991 = CARTESIAN_POINT ( 'NONE',  ( 1.980384757729329000, 0.5999999999999972000, -1.494841517494422500E-015 ) ) ;
#3992 = CARTESIAN_POINT ( 'NONE',  ( 3.061616997868381700E-016, 0.0000000000000000000, -2.500000000000000400 ) ) ;
#3993 = CARTESIAN_POINT ( 'NONE',  ( -2.425271854633429100E-016, -2.700000000000003300, 1.980384757729327200 ) ) ;
#3994 = CARTESIAN_POINT ( 'NONE',  ( 1.041603184729568600, -5.757982559188166100, -1.884299516535895300 ) ) ;
#3995 = CARTESIAN_POINT ( 'NONE',  ( 2.499999999999998200, -2.250000000000001800, 1.035533905932736600 ) ) ;
#3996 = CARTESIAN_POINT ( 'NONE',  ( -0.8203022253684441000, -4.650000000000003000, -1.980384757729330500 ) ) ;
#3997 = CARTESIAN_POINT ( 'NONE',  ( 1.980384757729328500, -5.750000000000002700, 0.8203022253684436600 ) ) ;
#3998 = CARTESIAN_POINT ( 'NONE',  ( -2.499999999999998700, -0.2500000000000020000, -1.035533905932739300 ) ) ;
#3999 = CARTESIAN_POINT ( 'NONE',  ( 0.0000000000000000000, -2.700000000000004600, -2.500000000000000400 ) ) ;
#4000 = CARTESIAN_POINT ( 'NONE',  ( -0.8203022253684441000, -3.150000000000002600, -1.980384757729330500 ) ) ;
#4001 = CARTESIAN_POINT ( 'NONE',  ( 0.0000000000000000000, -6.000000000000002700, 1.899999999999993900 ) ) ;
#4002 = CYLINDRICAL_SURFACE ( 'NONE', #4245, 2.499999999999998200 ) ;
#4003 = CARTESIAN_POINT ( 'NONE',  ( 1.035533905932740900, -4.450000000000002800, -2.499999999999998200 ) ) ;
#4004 = CARTESIAN_POINT ( 'NONE',  ( 1.980384757729328500, -1.050000000000002300, 0.8203022253684436600 ) ) ;
#4005 = CARTESIAN_POINT ( 'NONE',  ( -1.980384757729329000, -6.250000000000003600, -0.8203022253684462100 ) ) ;
#4006 = CARTESIAN_POINT ( 'NONE',  ( 1.400343491548886400, -4.200000000000002800, 1.400343491548884800 ) ) ;
#4007 = CARTESIAN_POINT ( 'NONE',  ( 0.0000000000000000000, 1.999999999999998200, 0.0000000000000000000 ) ) ;
#4008 = CARTESIAN_POINT ( 'NONE',  ( 0.0000000000000000000, -5.200000000000001100, -2.500000000000000400 ) ) ;
#4009 = LINE ( 'NONE', #610, #1593 ) ;
#4010 = CARTESIAN_POINT ( 'NONE',  ( 3.061616997868381700E-016, -3.000000000000001800, 2.499999999999996900 ) ) ;
#4011 = CARTESIAN_POINT ( 'NONE',  ( -3.061616997868381700E-016, 0.0000000000000000000, 2.499999999999996900 ) ) ;
#4012 = EDGE_CURVE ( 'NONE', #934, #4297, #615, .T. ) ;
#4013 = CARTESIAN_POINT ( 'NONE',  ( -1.400343491548886600, -5.200000000000002800, 1.400343491548884400 ) ) ;
#4014 = CARTESIAN_POINT ( 'NONE',  ( 2.499999999999998700, 0.9999999999999983300, -1.399389746009179600E-015 ) ) ;
#4015 = CARTESIAN_POINT ( 'NONE',  ( -1.400343491548886600, -5.300000000000002500, 1.400343491548884400 ) ) ;
#4016 = CARTESIAN_POINT ( 'NONE',  ( 0.0000000000000000000, 1.999999999999998200, -3.838348900644196200E-032 ) ) ;
#4017 = DIRECTION ( 'NONE',  ( -0.0000000000000000000, -1.000000000000000000, -3.097720492815726700E-016 ) ) ;
#4018 = CARTESIAN_POINT ( 'NONE',  ( -1.400343491548886600, 0.2999999999999973200, 1.400343491548884400 ) ) ;
#4019 = ORIENTED_EDGE ( 'NONE', *, *, #4117, .T. ) ;
#4020 = CARTESIAN_POINT ( 'NONE',  ( -1.980384757729329000, -3.800000000000002500, -1.979895888421108300E-015 ) ) ;
#4021 = CARTESIAN_POINT ( 'NONE',  ( -2.425271854633429100E-016, -3.500000000000003600, 1.980384757729327200 ) ) ;
#4022 = CARTESIAN_POINT ( 'NONE',  ( 0.0000000000000000000, -3.600000000000001400, -2.500000000000000400 ) ) ;
#4023 = CARTESIAN_POINT ( 'NONE',  ( 1.980384757729328500, -5.750000000000002700, 0.8203022253684436600 ) ) ;
#4024 = ORIENTED_EDGE ( 'NONE', *, *, #1428, .F. ) ;
#4025 = CARTESIAN_POINT ( 'NONE',  ( -3.061616997868381700E-016, -2.400000000000001700, 2.499999999999996900 ) ) ;
#4026 = CARTESIAN_POINT ( 'NONE',  ( 2.499999999999994200, -2.950000000000001500, -1.035533905932743700 ) ) ;
#4027 = CARTESIAN_POINT ( 'NONE',  ( 1.400343491548886800, -2.500000000000002700, -1.400343491548887900 ) ) ;
#4028 = ORIENTED_EDGE ( 'NONE', *, *, #2123, .F. ) ;
#4029 = CARTESIAN_POINT ( 'NONE',  ( -0.8203022253684444400, -5.950000000000005500, 1.980384757729327200 ) ) ;
#4030 = CARTESIAN_POINT ( 'NONE',  ( 1.767766952966367800, 0.8999999999999989100, 1.767766952966366400 ) ) ;
#4031 = CARTESIAN_POINT ( 'NONE',  ( -1.980384757729329000, -0.5500000000000028200, 0.8203022253684421100 ) ) ;
#4032 = AXIS2_PLACEMENT_3D ( 'NONE', #3903, #2715, #2702 ) ;
#4033 = ADVANCED_FACE ( 'NONE', ( #3883 ), #2036, .T. ) ;
#4034 = CARTESIAN_POINT ( 'NONE',  ( 2.499999999999998200, -0.4500000000000042300, -1.035533905932739800 ) ) ;
#4035 = ORIENTED_EDGE ( 'NONE', *, *, #1364, .T. ) ;
#4036 = CARTESIAN_POINT ( 'NONE',  ( 0.8203022253684436600, 0.4499999999999972900, 1.980384757729327600 ) ) ;
#4037 = CARTESIAN_POINT ( 'NONE',  ( 1.739726877618049700, -0.2609419086862537200, -1.438590742132399300 ) ) ;
#4038 = ORIENTED_EDGE ( 'NONE', *, *, #2639, .F. ) ;
#4039 = CARTESIAN_POINT ( 'NONE',  ( 1.980384757729328500, -3.350000000000003600, -0.8203022253684464400 ) ) ;
#4040 = EDGE_LOOP ( 'NONE', ( #1107, #3350, #3529, #2010 ) ) ;
#4041 = CARTESIAN_POINT ( 'NONE',  ( 0.8203022253684454400, -4.750000000000003600, -1.980384757729330100 ) ) ;
#4042 = DIRECTION ( 'NONE',  ( 0.0000000000000000000, -1.000000000000000000, 0.0000000000000000000 ) ) ;
#4043 = CARTESIAN_POINT ( 'NONE',  ( -0.8203022253684444400, -4.350000000000003200, 1.980384757729327200 ) ) ;
#4044 = EDGE_CURVE ( 'NONE', #3157, #4260, #18, .T. ) ;
#4045 = CARTESIAN_POINT ( 'NONE',  ( -3.061616997868381700E-016, -1.500000000000004000, 2.499999999999996900 ) ) ;
#4046 = CARTESIAN_POINT ( 'NONE',  ( -0.3115914106745708600, -5.919615242271593300, 1.955718431022338300 ) ) ;
#4047 = CARTESIAN_POINT ( 'NONE',  ( -0.8203022253684444400, -3.650000000000002600, 1.980384757729327200 ) ) ;
#4048 = CARTESIAN_POINT ( 'NONE',  ( 0.0000000000000000000, -3.900000000000003500, -1.980384757729330500 ) ) ;
#4049 = CARTESIAN_POINT ( 'NONE',  ( 2.499999999999998200, 1.049999999999998700, -1.035533905932739800 ) ) ;
#4050 = EDGE_CURVE ( 'NONE', #3534, #1678, #1465, .T. ) ;
#4051 = CARTESIAN_POINT ( 'NONE',  ( 1.400343491548886400, -1.100000000000003000, 1.400343491548884800 ) ) ;
#4052 = CARTESIAN_POINT ( 'NONE',  ( -3.061616997868381700E-016, 0.8999999999999954700, 2.499999999999996900 ) ) ;
#4053 = CARTESIAN_POINT ( 'NONE',  ( -1.980384757729329000, -2.150000000000003500, -0.8203022253684462100 ) ) ;
#4054 = DIRECTION ( 'NONE',  ( -0.0000000000000000000, -1.000000000000000000, -3.097720492815726700E-016 ) ) ;
#4055 = CARTESIAN_POINT ( 'NONE',  ( -1.767766952966368000, 1.599999999999995400, 1.767766952966365800 ) ) ;
#4056 = DIRECTION ( 'NONE',  ( 0.0000000000000000000, 3.469446951953616700E-016, -1.000000000000000000 ) ) ;
#4057 = CARTESIAN_POINT ( 'NONE',  ( -2.425271854633429100E-016, -2.800000000000002500, 1.980384757729327200 ) ) ;
#4058 = CARTESIAN_POINT ( 'NONE',  ( -1.400343491548886400, -0.6000000000000033100, -1.400343491548888400 ) ) ;
#4059 = CARTESIAN_POINT ( 'NONE',  ( 1.876225948848310600, -5.875946113346413900, 0.7904985612900596900 ) ) ;
#4060 = CARTESIAN_POINT ( 'NONE',  ( -1.980384757729329000, -3.750000000000003100, -0.8203022253684462100 ) ) ;
#4061 = CARTESIAN_POINT ( 'NONE',  ( 1.767766952966367800, -1.500000000000001300, 1.767766952966366400 ) ) ;
#4062 = CARTESIAN_POINT ( 'NONE',  ( 1.400343491548886800, 2.399999999999997700, -1.400343491548887900 ) ) ;
#4063 = CARTESIAN_POINT ( 'NONE',  ( -1.980384757729329000, -2.200000000000002400, -1.979895888421108300E-015 ) ) ;
#4064 = CARTESIAN_POINT ( 'NONE',  ( 1.980384757729329000, -5.700000000000003700, -1.494841517494422500E-015 ) ) ;
#4065 = FACE_BOUND ( 'NONE', #3867, .T. ) ;
#4066 = CARTESIAN_POINT ( 'NONE',  ( -1.400343491548886400, -6.200000000000002800, -1.400343491548888400 ) ) ;
#4067 = CARTESIAN_POINT ( 'NONE',  ( 1.980384757729328500, -0.1500000000000025500, -0.8203022253684464400 ) ) ;
#4068 = DIRECTION ( 'NONE',  ( -0.0000000000000000000, -1.000000000000000000, -3.097720492815726700E-016 ) ) ;
#4069 = CARTESIAN_POINT ( 'NONE',  ( 1.955718431024597000, -2.480384757729333900, -0.3115914106604059700 ) ) ;
#4070 = ORIENTED_EDGE ( 'NONE', *, *, #1669, .T. ) ;
#4071 = FACE_OUTER_BOUND ( 'NONE', #3448, .T. ) ;
#4072 = DIRECTION ( 'NONE',  ( 0.0000000000000000000, 0.0000000000000000000, 1.000000000000000000 ) ) ;
#4073 = CARTESIAN_POINT ( 'NONE',  ( -1.767766952966367800, -4.300000000000001600, -1.767766952966370000 ) ) ;
#4074 = EDGE_CURVE ( 'NONE', #1746, #550, #2107, .T. ) ;
#4075 =( BOUNDED_CURVE ( )  B_SPLINE_CURVE ( 2, ( #850, #1647, #2086, #3689, #3328, #432, #37, #1311, #1272 ),
 .UNSPECIFIED., .F., .F. ) 
 B_SPLINE_CURVE_WITH_KNOTS ( ( 3, 2, 2, 2, 3 ),
 ( 0.7272727272727272900, 0.7386363636363636500, 0.7500000000000000000, 0.7613636363636363500, 0.7727272727272727100 ),
 .UNSPECIFIED. ) 
 CURVE ( )  GEOMETRIC_REPRESENTATION_ITEM ( )  RATIONAL_B_SPLINE_CURVE ( ( 1.000000000000000000, 0.9238795325112867400, 1.000000000000000000, 0.9238795325112867400, 1.000000000000000000, 0.9238795325112867400, 1.000000000000000000, 0.9238795325112867400, 1.000000000000000000 ) ) 
 REPRESENTATION_ITEM ( '' )  );
#4076 = CARTESIAN_POINT ( 'NONE',  ( 1.767766952966368400, -2.000000000000004400, -1.767766952966369500 ) ) ;
#4077 = CARTESIAN_POINT ( 'NONE',  ( -3.061616997868381700E-016, -0.8000000000000012700, 2.499999999999996900 ) ) ;
#4078 = CARTESIAN_POINT ( 'NONE',  ( -0.8203022253684444400, -4.450000000000002800, 1.980384757729327200 ) ) ;
#4079 = CARTESIAN_POINT ( 'NONE',  ( -0.8203022253684444400, 0.4499999999999964000, 1.980384757729327200 ) ) ;
#4080 = CARTESIAN_POINT ( 'NONE',  ( -1.400343491548886400, -4.600000000000003200, -1.400343491548888400 ) ) ;
#4081 = CARTESIAN_POINT ( 'NONE',  ( -1.980384757729329000, -3.750000000000003600, -0.8203022253684462100 ) ) ;
#4082 = EDGE_CURVE ( 'NONE', #5163, #3157, #3559, .T. ) ;
#4083 = ORIENTED_EDGE ( 'NONE', *, *, #4183, .T. ) ;
#4084 = CARTESIAN_POINT ( 'NONE',  ( -1.980384757729329000, -4.650000000000003900, -0.8203022253684462100 ) ) ;
#4085 = CARTESIAN_POINT ( 'NONE',  ( -1.980384757729329000, -2.950000000000003700, -0.8203022253684462100 ) ) ;
#4086 = CARTESIAN_POINT ( 'NONE',  ( 0.8203022253684436600, -4.250000000000003600, 1.980384757729327600 ) ) ;
#4087 = CARTESIAN_POINT ( 'NONE',  ( 1.400343491548886400, -0.3000000000000025400, 1.400343491548884800 ) ) ;
#4088 = CARTESIAN_POINT ( 'NONE',  ( 1.767766952966367800, -2.200000000000004200, 1.767766952966366400 ) ) ;
#4089 = ORIENTED_EDGE ( 'NONE', *, *, #4518, .F. ) ;
#4090 = ADVANCED_FACE ( 'NONE', ( #2169 ), #873, .F. ) ;
#4091 = DIRECTION ( 'NONE',  ( 0.0000000000000000000, 0.0000000000000000000, -1.000000000000000000 ) ) ;
#4092 = CARTESIAN_POINT ( 'NONE',  ( 0.0000000000000000000, -2.000000000000001800, -2.500000000000000400 ) ) ;
#4093 = DIRECTION ( 'NONE',  ( -0.0000000000000000000, -1.000000000000000000, -3.097720492815726700E-016 ) ) ;
#4094 = CARTESIAN_POINT ( 'NONE',  ( 1.035533905932738900, 1.249999999999996000, -2.500000000000000400 ) ) ;
#4095 = ORIENTED_EDGE ( 'NONE', *, *, #1699, .T. ) ;
#4096 = CARTESIAN_POINT ( 'NONE',  ( -1.767766952966368000, -3.200000000000004600, 1.767766952966365800 ) ) ;
#4097 = CARTESIAN_POINT ( 'NONE',  ( -2.044591087929585000, -0.4026909036206646800, 0.4940731400096010600 ) ) ;
#4098 = CARTESIAN_POINT ( 'NONE',  ( -1.980384757729329000, -1.400000000000002800, -1.979895888421108300E-015 ) ) ;
#4099 = CARTESIAN_POINT ( 'NONE',  ( 1.400343491548886800, -0.8000000000000029300, -1.400343491548887900 ) ) ;
#4100 = CARTESIAN_POINT ( 'NONE',  ( 0.0000000000000000000, 1.999999999999998200, 0.0000000000000000000 ) ) ;
#4101 = CARTESIAN_POINT ( 'NONE',  ( 0.8203022253684454400, -4.750000000000003600, -1.980384757729330100 ) ) ;
#4102 = VERTEX_POINT ( 'NONE', #2065 ) ;
#4103 = CARTESIAN_POINT ( 'NONE',  ( 1.400343491548886400, -4.200000000000002800, 1.400343491548884800 ) ) ;
#4104 = CARTESIAN_POINT ( 'NONE',  ( 0.0000000000000000000, -4.800000000000003400, -1.980384757729330500 ) ) ;
#4105 = CARTESIAN_POINT ( 'NONE',  ( -0.8203022253684444400, -1.150000000000003500, 1.980384757729327200 ) ) ;
#4106 = EDGE_LOOP ( 'NONE', ( #2195, #2361, #1753, #4169 ) ) ;
#4107 = CARTESIAN_POINT ( 'NONE',  ( -1.400343491548886400, -5.400000000000003900, -1.400343491548888400 ) ) ;
#4108 = CARTESIAN_POINT ( 'NONE',  ( -1.980384757729329000, -0.6500000000000030200, -0.8203022253684462100 ) ) ;
#4109 = DIRECTION ( 'NONE',  ( 0.0000000000000000000, 3.469446951953616700E-016, -1.000000000000000000 ) ) ;
#4110 = CARTESIAN_POINT ( 'NONE',  ( -1.035533905932737100, -0.3500000000000013700, -2.500000000000000400 ) ) ;
#4111 = CARTESIAN_POINT ( 'NONE',  ( 3.061616997868381700E-016, 0.0000000000000000000, -2.500000000000000400 ) ) ;
#4112 = CARTESIAN_POINT ( 'NONE',  ( 1.767766952966367800, -3.000000000000004400, 1.767766952966366400 ) ) ;
#4113 = CARTESIAN_POINT ( 'NONE',  ( -1.400343491548886600, 1.099999999999997600, 1.400343491548884400 ) ) ;
#4114 = CARTESIAN_POINT ( 'NONE',  ( 0.0000000000000000000, -2.300000000000003400, -1.980384757729330500 ) ) ;
#4115 = DIRECTION ( 'NONE',  ( -0.0000000000000000000, -1.000000000000000000, -3.097720492815726700E-016 ) ) ;
#4116 = CARTESIAN_POINT ( 'NONE',  ( -1.400343491548886600, -1.200000000000003100, 1.400343491548884400 ) ) ;
#4117 = EDGE_CURVE ( 'NONE', #2879, #4598, #739, .T. ) ;
#4118 = ADVANCED_FACE ( 'NONE', ( #3114 ), #4993, .F. ) ;
#4119 = CARTESIAN_POINT ( 'NONE',  ( -0.8203022253684443300, -2.750000000000003100, 1.980384757729327200 ) ) ;
#4120 = CARTESIAN_POINT ( 'NONE',  ( -1.980384757729329000, -0.6000000000000024200, -1.979895888421108300E-015 ) ) ;
#4121 = PERSON_AND_ORGANIZATION ( #2839, #2792 ) ;
#4122 = CARTESIAN_POINT ( 'NONE',  ( 1.980384757729329000, -2.500000000000003600, -1.494841517494422500E-015 ) ) ;
#4123 = CARTESIAN_POINT ( 'NONE',  ( -1.035533905932737300, -5.550000000000004300, 2.499999999999996900 ) ) ;
#4124 = CARTESIAN_POINT ( 'NONE',  ( 1.035533905932731100, 0.9499999999999955100, 2.500000000000003100 ) ) ;
#4125 = CARTESIAN_POINT ( 'NONE',  ( 0.8203022253684436600, -1.050000000000003200, 1.980384757729327600 ) ) ;
#4126 = CARTESIAN_POINT ( 'NONE',  ( -1.035533905932737300, -2.350000000000004100, 2.499999999999996900 ) ) ;
#4127 = CARTESIAN_POINT ( 'NONE',  ( 1.767766952966367800, -0.6000000000000042000, 1.767766952966366400 ) ) ;
#4128 = CARTESIAN_POINT ( 'NONE',  ( -1.035533905932737300, 1.549999999999998500, 2.499999999999996900 ) ) ;
#4129 = FACE_OUTER_BOUND ( 'NONE', #140, .T. ) ;
#4130 = CARTESIAN_POINT ( 'NONE',  ( -1.980384757729329000, 1.799999999999997800, -1.979895888421108300E-015 ) ) ;
#4131 = CARTESIAN_POINT ( 'NONE',  ( -0.8203022253684441000, 0.9499999999999969600, -1.980384757729330500 ) ) ;
#4132 = CARTESIAN_POINT ( 'NONE',  ( -1.980384757729329000, -2.100000000000002800, -1.979895888421108300E-015 ) ) ;
#4133 = ORIENTED_EDGE ( 'NONE', *, *, #1110, .T. ) ;
#4134 = CARTESIAN_POINT ( 'NONE',  ( 0.0000000000000000000, -1.500000000000003100, -1.980384757729330500 ) ) ;
#4135 = CARTESIAN_POINT ( 'NONE',  ( 0.0000000000000000000, 0.7999999999999977100, -1.980384757729330500 ) ) ;
#4136 = CARTESIAN_POINT ( 'NONE',  ( -1.400343491548886600, -2.000000000000003600, 1.400343491548884400 ) ) ;
#4137 = CYLINDRICAL_SURFACE ( 'NONE', #4204, 2.499999999999998200 ) ;
#4138 = CARTESIAN_POINT ( 'NONE',  ( 1.400343491548886800, 1.499999999999997800, -1.400343491548887900 ) ) ;
#4139 = CARTESIAN_POINT ( 'NONE',  ( 0.1609812535019309300, -5.458341446905612800, 2.441658553092809700 ) ) ;
#4140 = CARTESIAN_POINT ( 'NONE',  ( 2.499999999999998200, -1.350000000000004100, 1.035533905932736600 ) ) ;
#4141 =( BOUNDED_CURVE ( )  B_SPLINE_CURVE ( 2, ( #4447, #5239, #4061, #1977, #3711, #4466, #4203, #2861, #541 ),
 .UNSPECIFIED., .F., .F. ) 
 B_SPLINE_CURVE_WITH_KNOTS ( ( 3, 2, 2, 2, 3 ),
 ( 0.5000000000000000000, 0.5113636363636363500, 0.5227272727272727100, 0.5340909090909090600, 0.5454545454545454100 ),
 .UNSPECIFIED. ) 
 CURVE ( )  GEOMETRIC_REPRESENTATION_ITEM ( )  RATIONAL_B_SPLINE_CURVE ( ( 1.000000000000000000, 0.9238795325112867400, 1.000000000000000000, 0.9238795325112867400, 1.000000000000000000, 0.9238795325112867400, 1.000000000000000000, 0.9238795325112867400, 1.000000000000000000 ) ) 
 REPRESENTATION_ITEM ( '' )  );
#4142 = CARTESIAN_POINT ( 'NONE',  ( 4.000000000000002700, -2.000000000000001800, 5.999999999999997300 ) ) ;
#4143 = LINE ( 'NONE', #2761, #2640 ) ;
#4144 = DIRECTION ( 'NONE',  ( 0.0000000000000000000, 3.469446951953616700E-016, -1.000000000000000000 ) ) ;
#4145 = EDGE_CURVE ( 'NONE', #5050, #3467, #5199, .T. ) ;
#4146 = CARTESIAN_POINT ( 'NONE',  ( -1.035533905932737300, -3.150000000000004400, 2.499999999999996900 ) ) ;
#4147 = DIRECTION ( 'NONE',  ( 0.0000000000000000000, -1.000000000000000000, 0.0000000000000000000 ) ) ;
#4148 = CARTESIAN_POINT ( 'NONE',  ( -1.980384757729329000, 0.2499999999999976100, 0.8203022253684421100 ) ) ;
#4149 = CARTESIAN_POINT ( 'NONE',  ( 1.980384757729329000, -5.800000000000003400, -1.494841517494422500E-015 ) ) ;
#4150 = DIRECTION ( 'NONE',  ( 0.0000000000000000000, 4.565061778886344900E-016, -1.000000000000000000 ) ) ;
#4151 = CARTESIAN_POINT ( 'NONE',  ( -0.8203022253684444400, -1.950000000000003300, 1.980384757729327200 ) ) ;
#4152 = ORIENTED_EDGE ( 'NONE', *, *, #2597, .T. ) ;
#4153 = CARTESIAN_POINT ( 'NONE',  ( -0.8203022253684441000, 0.9499999999999969600, -1.980384757729330500 ) ) ;
#4154 = CARTESIAN_POINT ( 'NONE',  ( 1.400343491548886400, -1.900000000000002400, 1.400343491548884800 ) ) ;
#4155 = VERTEX_POINT ( 'NONE', #2980 ) ;
#4156 = CARTESIAN_POINT ( 'NONE',  ( 0.8203022253684454400, -0.7500000000000032200, -1.980384757729330100 ) ) ;
#4157 = CARTESIAN_POINT ( 'NONE',  ( -0.8203022253684444400, 1.949999999999996800, 1.980384757729327200 ) ) ;
#4158 = CARTESIAN_POINT ( 'NONE',  ( 1.289488927266220000, -5.909555748077431200, 1.511198055831551000 ) ) ;
#4159 = CARTESIAN_POINT ( 'NONE',  ( -1.980384757729329000, -1.250000000000003100, 0.8203022253684421100 ) ) ;
#4160 = ORIENTED_EDGE ( 'NONE', *, *, #3505, .T. ) ;
#4161 = CARTESIAN_POINT ( 'NONE',  ( 0.0000000000000000000, 4.799999999999998900, 6.195440985631449400E-016 ) ) ;
#4162 = CARTESIAN_POINT ( 'NONE',  ( -3.061616997868381700E-016, 1.699999999999996600, 2.499999999999996900 ) ) ;
#4163 = CARTESIAN_POINT ( 'NONE',  ( 0.0000000000000000000, 1.199999999999998800, -2.500000000000000400 ) ) ;
#4164 = ORIENTED_EDGE ( 'NONE', *, *, #3401, .T. ) ;
#4165 = CARTESIAN_POINT ( 'NONE',  ( 1.400343491548886800, 0.6999999999999975100, -1.400343491548887900 ) ) ;
#4166 = CARTESIAN_POINT ( 'NONE',  ( 0.0000000000000000000, -6.400000000000003000, -1.980384757729330500 ) ) ;
#4167 = CARTESIAN_POINT ( 'NONE',  ( 1.980384757729328500, -2.450000000000003300, -0.8203022253684464400 ) ) ;
#4168 = CARTESIAN_POINT ( 'NONE',  ( 0.8203022253684455500, 0.8499999999999964300, -1.980384757729330100 ) ) ;
#4169 = ORIENTED_EDGE ( 'NONE', *, *, #2355, .T. ) ;
#4170 = CARTESIAN_POINT ( 'NONE',  ( 1.980384757729329000, 0.5999999999999972000, -1.494841517494422500E-015 ) ) ;
#4171 = CARTESIAN_POINT ( 'NONE',  ( 1.980384757729328500, 1.549999999999997400, -0.8203022253684464400 ) ) ;
#4172 = CARTESIAN_POINT ( 'NONE',  ( 2.499999999999998200, -6.050000000000004300, -1.035533905932739800 ) ) ;
#4173 = AXIS2_PLACEMENT_3D ( 'NONE', #825, #1158, #2021 ) ;
#4174 = DIRECTION ( 'NONE',  ( 0.0000000000000000000, 0.0000000000000000000, -1.000000000000000000 ) ) ;
#4175 = CARTESIAN_POINT ( 'NONE',  ( -0.8203022253684441000, -0.6500000000000030200, -1.980384757729330500 ) ) ;
#4176 = CARTESIAN_POINT ( 'NONE',  ( -1.035533905932737300, -4.050000000000001600, 2.499999999999996900 ) ) ;
#4177 = CARTESIAN_POINT ( 'NONE',  ( -1.767766952966368000, -4.100000000000002300, 1.767766952966365800 ) ) ;
#4178 = CARTESIAN_POINT ( 'NONE',  ( 1.035533905932736600, 0.9499999999999958500, 2.499999999999997300 ) ) ;
#4179 = CARTESIAN_POINT ( 'NONE',  ( 0.3206615742907968400, -2.883728849525583700, -2.367417841901561500 ) ) ;
#4180 = CARTESIAN_POINT ( 'NONE',  ( -1.400343491548886600, -0.5000000000000030000, 1.400343491548884400 ) ) ;
#4181 = CARTESIAN_POINT ( 'NONE',  ( 2.352201488431166200, 1.937365287537681700, 0.4854044336038885200 ) ) ;
#4182 = CARTESIAN_POINT ( 'NONE',  ( 1.980384757729329000, -1.700000000000003500, -1.494841517494422500E-015 ) ) ;
#4183 = EDGE_CURVE ( 'NONE', #4663, #3835, #2426, .T. ) ;
#4184 = CARTESIAN_POINT ( 'NONE',  ( -1.400343491548886600, -1.200000000000003100, 1.400343491548884400 ) ) ;
#4185 = CARTESIAN_POINT ( 'NONE',  ( -1.400343491548886600, 0.2999999999999973200, 1.400343491548884400 ) ) ;
#4186 = CARTESIAN_POINT ( 'NONE',  ( 3.061616997868381200E-016, 1.999999999999997300, 2.499999999999998200 ) ) ;
#4187 = VECTOR ( 'NONE', #3668, 1000.000000000000000 ) ;
#4188 = CARTESIAN_POINT ( 'NONE',  ( -2.499999999999998700, -6.550000000000004300, -1.035533905932739300 ) ) ;
#4189 = CARTESIAN_POINT ( 'NONE',  ( -1.980384757729329000, -4.650000000000003000, -0.8203022253684462100 ) ) ;
#4190 = CARTESIAN_POINT ( 'NONE',  ( 1.400343491548886400, -4.200000000000002800, 1.400343491548884800 ) ) ;
#4191 = CYLINDRICAL_SURFACE ( 'NONE', #302, 2.499999999999998200 ) ;
#4192 = ORIENTED_EDGE ( 'NONE', *, *, #1631, .F. ) ;
#4193 = CARTESIAN_POINT ( 'NONE',  ( -1.035533905932737100, -4.350000000000001400, -2.500000000000000400 ) ) ;
#4194 = CARTESIAN_POINT ( 'NONE',  ( 0.0000000000000000000, 0.4999999999999961100, -2.500000000000000400 ) ) ;
#4195 = CARTESIAN_POINT ( 'NONE',  ( 1.162573365231606800, -5.919615242270667800, 1.603230164106421700 ) ) ;
#4196 = CARTESIAN_POINT ( 'NONE',  ( 0.0000000000000000000, -6.700000000000004600, -2.500000000000000400 ) ) ;
#4197 = CYLINDRICAL_SURFACE ( 'NONE', #1064, 3.000000000000000400 ) ;
#4198 = DIRECTION ( 'NONE',  ( 0.0000000000000000000, 1.000000000000000000, -0.0000000000000000000 ) ) ;
#4199 = CARTESIAN_POINT ( 'NONE',  ( 1.400343491548886400, 1.399999999999996800, 1.400343491548884800 ) ) ;
#4200 = CARTESIAN_POINT ( 'NONE',  ( 1.980384757729328500, 1.549999999999997400, -0.8203022253684465500 ) ) ;
#4201 = FACE_OUTER_BOUND ( 'NONE', #1611, .T. ) ;
#4202 = CARTESIAN_POINT ( 'NONE',  ( 1.400343491548886400, 1.299999999999997400, 1.400343491548884800 ) ) ;
#4203 = CARTESIAN_POINT ( 'NONE',  ( 1.767766952966368400, -1.300000000000001600, -1.767766952966369500 ) ) ;
#4204 = AXIS2_PLACEMENT_3D ( 'NONE', #3284, #2436, #1189 ) ;
#4205 = CARTESIAN_POINT ( 'NONE',  ( -2.425271854633429100E-016, 2.099999999999997900, 1.980384757729327200 ) ) ;
#4206 = CARTESIAN_POINT ( 'NONE',  ( 1.035533905932736600, -3.850000000000004100, 2.499999999999997300 ) ) ;
#4207 = ORIENTED_EDGE ( 'NONE', *, *, #3445, .T. ) ;
#4208 = CARTESIAN_POINT ( 'NONE',  ( 0.3250316352884968800, -5.453009211747094300, 2.430664852730059600 ) ) ;
#4209 = CARTESIAN_POINT ( 'NONE',  ( -1.980384757729329000, -5.300000000000003400, -1.979895888421108300E-015 ) ) ;
#4210 = PLANE ( 'NONE',  #1211 ) ;
#4211 = ADVANCED_FACE ( 'NONE', ( #345 ), #4316, .F. ) ;
#4212 = DIRECTION ( 'NONE',  ( 0.0000000000000000000, 3.469446951953616700E-016, -1.000000000000000000 ) ) ;
#4213 = CARTESIAN_POINT ( 'NONE',  ( -2.499999999999998700, -5.800000000000002500, -2.011713145582856100E-015 ) ) ;
#4214 = EDGE_CURVE ( 'NONE', #181, #3027, #1964, .T. ) ;
#4215 = ORIENTED_EDGE ( 'NONE', *, *, #141, .F. ) ;
#4216 = CARTESIAN_POINT ( 'NONE',  ( 2.499999999999998700, 1.899999999999995500, -1.399389746009179600E-015 ) ) ;
#4217 = CARTESIAN_POINT ( 'NONE',  ( -2.298936855944810900, -5.596995713841257800, -0.2034167173066965300 ) ) ;
#4218 = CARTESIAN_POINT ( 'NONE',  ( 1.035533905932736600, -6.250000000000004400, 2.499999999999997300 ) ) ;
#4219 = CARTESIAN_POINT ( 'NONE',  ( -1.767766952966368000, -1.700000000000002000, 1.767766952966365800 ) ) ;
#4220 = CARTESIAN_POINT ( 'NONE',  ( -1.980384757729329000, 1.899999999999997200, -1.979895888421108300E-015 ) ) ;
#4221 = ORIENTED_EDGE ( 'NONE', *, *, #4485, .F. ) ;
#4222 = CARTESIAN_POINT ( 'NONE',  ( -1.980384757729329000, 1.049999999999997200, -0.8203022253684462100 ) ) ;
#4223 = AXIS2_PLACEMENT_3D ( 'NONE', #4682, #1460, #5091 ) ;
#4224 = CARTESIAN_POINT ( 'NONE',  ( -0.8783089488841733200, 1.699999999999996600, -1.779708974317625500 ) ) ;
#4225 = CARTESIAN_POINT ( 'NONE',  ( 1.400343491548886800, 0.7999999999999969400, -1.400343491548887900 ) ) ;
#4226 = ORIENTED_EDGE ( 'NONE', *, *, #3713, .T. ) ;
#4227 = CARTESIAN_POINT ( 'NONE',  ( -3.061616997868381700E-016, -3.100000000000004100, 2.499999999999996900 ) ) ;
#4228 = CARTESIAN_POINT ( 'NONE',  ( -1.980384757729329000, -3.050000000000002900, -0.8203022253684462100 ) ) ;
#4229 = CARTESIAN_POINT ( 'NONE',  ( 1.400343491548886400, -3.400000000000003500, 1.400343491548884800 ) ) ;
#4230 = CARTESIAN_POINT ( 'NONE',  ( 1.035533905932738900, -3.550000000000005200, -2.500000000000000400 ) ) ;
#4231 = VERTEX_POINT ( 'NONE', #1876 ) ;
#4232 = CARTESIAN_POINT ( 'NONE',  ( -1.035533905932737100, -2.750000000000001300, -2.500000000000000400 ) ) ;
#4233 = CARTESIAN_POINT ( 'NONE',  ( -1.035533905932737100, -5.150000000000001200, -2.500000000000000400 ) ) ;
#4234 = CARTESIAN_POINT ( 'NONE',  ( -2.242476784857740000, -5.607540151110738300, -0.4993298654989175000 ) ) ;
#4235 = CARTESIAN_POINT ( 'NONE',  ( 2.499999999999998700, -6.100000000000005000, -1.399389746009179600E-015 ) ) ;
#4236 = CARTESIAN_POINT ( 'NONE',  ( -0.8703311464028419300, 1.824065562761580900, 2.018370050902927200 ) ) ;
#4237 = CARTESIAN_POINT ( 'NONE',  ( -1.980384757729329000, -0.5000000000000030000, -1.979895888421108300E-015 ) ) ;
#4238 = VERTEX_POINT ( 'NONE', #661 ) ;
#4239 = VERTEX_POINT ( 'NONE', #2307 ) ;
#4240 =( BOUNDED_SURFACE ( )  B_SPLINE_SURFACE ( 1, 2, ( 
 ( #4410, #3564, #3596, #4005, #1935, #1953, #4747, #2787, #2740, #1525, #2381, #3548, #1120, #3580, #4396, #1573, #5202, #1988, #3978, #1971, #664, #3531, #1511, #4781, #2773, #4812, #2365, #3193, #3942, #2330, #3144, #1159, #5219, #298, #3177, #720, #1105, #4363, #2757, #4078, #3229, #1625, #1191, #1645, #370, #4481, #1208, #2063, #2414, #4865, #333, #5290, #4020, #1665, #4424, #1588, #2802, #2022, #3212, #4907, #5251, #4039, #4849, #4442, #3612, #4499, #4460, #4828, #1250, #750, #2438, #788, #4057, #2835, #2006, #1607, #3247, #4887, #2475, #1174, #770, #5270, #1229, #5235, #2853, #2816, #3648, #2460, #412, #2043, #393, #3267, #806, #3666, #353, #3628, #2875, #3288, #826, #3687, #4098, #2084, #2494, #2929, #882, #4992, #1717, #71, #3774, #3343, #504, #1344, #2946, #1702, #4975, #3325, #1327, #4926, #4180, #2532, #3757, #1750, #1270, #3738, #4959, #453, #3370, #470, #4591, #1309, #916, #2171, #4542, #4148, #4521, #2563, #2516, #3726, #4575, #865, #4561, #3357, #4165, #15, #2154, #2893, #53, #1735, #430, #3306, #4113, #2137, #2546, #848, #489, #2963, #3707, #2099, #1683, #86, #35, #899, #2913, #1289, #4130, #2116, #4943, #3851, #2998, #1397, #945, #1415, #137, #4254, #965, #1823, #2188 ),
 ( #4196, #1361, #2581, #1786, #101, #4676, #5027, #3809, #4625, #4218, #3384, #1436, #4235, #4609, #1004, #2979, #2207, #555, #3829, #2615, #3791, #1378, #3017, #4659, #2238, #930, #535, #5047, #983, #5007, #2636, #521, #3422, #4642, #175, #1804, #2222, #155, #3037, #575, #1768, #2599, #3441, #5064, #2653, #118, #3405, #3058, #2253, #594, #3460, #3870, #4274, #1840, #1057, #4372, #514, #3411, #1546, #2724, #2383, #1231, #716, #4230, #1605, #5209, #527, #198, #2911, #3736, #4096, #4146, #1266, #2544, #4112, #1716, #2135, #13, #2514, #2873, #880, #3285, #2081, #2926, #1664, #1682, #1700, #4941, #4957, #469, #68, #3705, #51, #1227, #4076, #4883, #4519, #863, #2944, #31, #1306, #3664, #410, #2473, #4559, #3356, #2097, #451, #3323, #3341, #4497, #5288, #2529, #4905, #3723, #2490, #486, #4923, #1643, #1287, #4478, #824, #4127, #2062, #3683, #1248, #2891, #428, #3304, #845, #4540, #2114, #3035, #3382, #4589, #99, #2579, #1733, #5044, #2598, #2961, #4640, #3755, #2977, #4194, #2186, #518, #2152, #4990, #3789, #2612, #134, #4572, #4178, #3402, #4623, #502, #943, #1324, #928, #2996, #3827, #1766, #4606, #116, #533, #2168, #4973, #84, #1359, #5005, #1784, #2561, #3773, #1394, #573, #3806 ) ),
 .UNSPECIFIED., .F., .F., .F. ) 
 B_SPLINE_SURFACE_WITH_KNOTS ( ( 2, 2 ),
 ( 3, 2, 2, 2, 2, 2, 2, 2, 2, 2, 2, 2, 2, 2, 2, 2, 2, 2, 2, 2, 2, 2, 2, 2, 2, 2, 2, 2, 2, 2, 2, 2, 2, 2, 2, 2, 2, 2, 2, 2, 2, 2, 2, 2, 2, 2, 2, 2, 2, 2, 2, 2, 2, 2, 2, 2, 2, 2, 2, 2, 2, 2, 2, 2, 2, 2, 2, 2, 2, 2, 2, 2, 2, 2, 2, 2, 2, 2, 2, 2, 2, 2, 2, 2, 2, 2, 2, 2, 3 ),
 ( 0.0000000000000000000, 1.000000000000000000 ),
 ( 0.0000000000000000000, 0.01136363636363636400, 0.02272727272727272800, 0.03409090909090908800, 0.04545454545454545600, 0.05681818181818181600, 0.06818181818181817700, 0.07954545454545454400, 0.09090909090909091200, 0.1022727272727272800, 0.1136363636363636300, 0.1250000000000000000, 0.1363636363636363500, 0.1477272727272727300, 0.1590909090909090900, 0.1704545454545454400, 0.1818181818181818200, 0.1931818181818181800, 0.2045454545454545600, 0.2159090909090909100, 0.2272727272727272700, 0.2386363636363636500, 0.2500000000000000000, 0.2613636363636363500, 0.2727272727272727100, 0.2840909090909091200, 0.2954545454545454700, 0.3068181818181818200, 0.3181818181818181800, 0.3295454545454545300, 0.3409090909090908800, 0.3522727272727272900, 0.3636363636363636500, 0.3750000000000000000, 0.3863636363636363500, 0.3977272727272727100, 0.4090909090909091200, 0.4204545454545454700, 0.4318181818181818200, 0.4431818181818181800, 0.4545454545454545300, 0.4659090909090908800, 0.4772727272727272900, 0.4886363636363636500, 0.5000000000000000000, 0.5113636363636363500, 0.5227272727272727100, 0.5340909090909090600, 0.5454545454545454100, 0.5568181818181817700, 0.5681818181818182300, 0.5795454545454545900, 0.5909090909090909400, 0.6022727272727272900, 0.6136363636363636500, 0.6250000000000000000, 0.6363636363636363500, 0.6477272727272727100, 0.6590909090909090600, 0.6704545454545454100, 0.6818181818181817700, 0.6931818181818182300, 0.7045454545454545900, 0.7159090909090909400, 0.7272727272727272900, 0.7386363636363636500, 0.7500000000000000000, 0.7613636363636363500, 0.7727272727272727100, 0.7840909090909090600, 0.7954545454545454100, 0.8068181818181817700, 0.8181818181818182300, 0.8295454545454545900, 0.8409090909090909400, 0.8522727272727272900, 0.8636363636363636500, 0.8750000000000000000, 0.8863636363636363500, 0.8977272727272727100, 0.9090909090909090600, 0.9204545454545454100, 0.9318181818181817700, 0.9431818181818182300, 0.9545454545454545900, 0.9659090909090909400, 0.9772727272727272900, 0.9886363636363636500, 1.000000000000000000 ),
 .UNSPECIFIED. ) 
 GEOMETRIC_REPRESENTATION_ITEM ( )  RATIONAL_B_SPLINE_SURFACE ( (
 ( 1.000000000000000000, 0.9238795325112867400, 1.000000000000000000, 0.9238795325112867400, 1.000000000000000000, 0.9238795325112867400, 1.000000000000000000, 0.9238795325112867400, 1.000000000000000000, 0.9238795325112867400, 1.000000000000000000, 0.9238795325112867400, 1.000000000000000000, 0.9238795325112867400, 1.000000000000000000, 0.9238795325112867400, 1.000000000000000000, 0.9238795325112867400, 1.000000000000000000, 0.9238795325112867400, 1.000000000000000000, 0.9238795325112867400, 1.000000000000000000, 0.9238795325112867400, 1.000000000000000000, 0.9238795325112867400, 1.000000000000000000, 0.9238795325112867400, 1.000000000000000000, 0.9238795325112867400, 1.000000000000000000, 0.9238795325112867400, 1.000000000000000000, 0.9238795325112867400, 1.000000000000000000, 0.9238795325112867400, 1.000000000000000000, 0.9238795325112867400, 1.000000000000000000, 0.9238795325112867400, 1.000000000000000000, 0.9238795325112867400, 1.000000000000000000, 0.9238795325112867400, 1.000000000000000000, 0.9238795325112867400, 1.000000000000000000, 0.9238795325112867400, 1.000000000000000000, 0.9238795325112867400, 1.000000000000000000, 0.9238795325112867400, 1.000000000000000000, 0.9238795325112867400, 1.000000000000000000, 0.9238795325112867400, 1.000000000000000000, 0.9238795325112867400, 1.000000000000000000, 0.9238795325112867400, 1.000000000000000000, 0.9238795325112867400, 1.000000000000000000, 0.9238795325112867400, 1.000000000000000000, 0.9238795325112867400, 1.000000000000000000, 0.9238795325112867400, 1.000000000000000000, 0.9238795325112867400, 1.000000000000000000, 0.9238795325112867400, 1.000000000000000000, 0.9238795325112867400, 1.000000000000000000, 0.9238795325112867400, 1.000000000000000000, 0.9238795325112867400, 1.000000000000000000, 0.9238795325112867400, 1.000000000000000000, 0.9238795325112867400, 1.000000000000000000, 0.9238795325112867400, 1.000000000000000000, 0.9238795325112867400, 1.000000000000000000, 0.9238795325112867400, 1.000000000000000000, 0.9238795325112867400, 1.000000000000000000, 0.9238795325112867400, 1.000000000000000000, 0.9238795325112867400, 1.000000000000000000, 0.9238795325112867400, 1.000000000000000000, 0.9238795325112867400, 1.000000000000000000, 0.9238795325112867400, 1.000000000000000000, 0.9238795325112867400, 1.000000000000000000, 0.9238795325112867400, 1.000000000000000000, 0.9238795325112867400, 1.000000000000000000, 0.9238795325112867400, 1.000000000000000000, 0.9238795325112867400, 1.000000000000000000, 0.9238795325112867400, 1.000000000000000000, 0.9238795325112867400, 1.000000000000000000, 0.9238795325112867400, 1.000000000000000000, 0.9238795325112867400, 1.000000000000000000, 0.9238795325112867400, 1.000000000000000000, 0.9238795325112867400, 1.000000000000000000, 0.9238795325112867400, 1.000000000000000000, 0.9238795325112867400, 1.000000000000000000, 0.9238795325112867400, 1.000000000000000000, 0.9238795325112867400, 1.000000000000000000, 0.9238795325112867400, 1.000000000000000000, 0.9238795325112867400, 1.000000000000000000, 0.9238795325112867400, 1.000000000000000000, 0.9238795325112867400, 1.000000000000000000, 0.9238795325112867400, 1.000000000000000000, 0.9238795325112867400, 1.000000000000000000, 0.9238795325112867400, 1.000000000000000000, 0.9238795325112867400, 1.000000000000000000, 0.9238795325112867400, 1.000000000000000000, 0.9238795325112867400, 1.000000000000000000, 0.9238795325112867400, 1.000000000000000000, 0.9238795325112867400, 1.000000000000000000, 0.9238795325112867400, 1.000000000000000000, 0.9238795325112867400, 1.000000000000000000, 0.9238795325112867400, 1.000000000000000000, 0.9238795325112867400, 1.000000000000000000, 0.9238795325112867400, 1.000000000000000000, 0.9238795325112867400, 1.000000000000000000, 0.9238795325112867400, 1.000000000000000000, 0.9238795325112867400, 1.000000000000000000, 0.9238795325112867400, 1.000000000000000000, 0.9238795325112867400, 1.000000000000000000, 0.9238795325112867400, 1.000000000000000000),
 ( 1.000000000000000000, 0.9238795325112867400, 1.000000000000000000, 0.9238795325112867400, 1.000000000000000000, 0.9238795325112867400, 1.000000000000000000, 0.9238795325112867400, 1.000000000000000000, 0.9238795325112867400, 1.000000000000000000, 0.9238795325112867400, 1.000000000000000000, 0.9238795325112867400, 1.000000000000000000, 0.9238795325112867400, 1.000000000000000000, 0.9238795325112867400, 1.000000000000000000, 0.9238795325112867400, 1.000000000000000000, 0.9238795325112867400, 1.000000000000000000, 0.9238795325112867400, 1.000000000000000000, 0.9238795325112867400, 1.000000000000000000, 0.9238795325112867400, 1.000000000000000000, 0.9238795325112867400, 1.000000000000000000, 0.9238795325112867400, 1.000000000000000000, 0.9238795325112867400, 1.000000000000000000, 0.9238795325112867400, 1.000000000000000000, 0.9238795325112867400, 1.000000000000000000, 0.9238795325112867400, 1.000000000000000000, 0.9238795325112867400, 1.000000000000000000, 0.9238795325112867400, 1.000000000000000000, 0.9238795325112867400, 1.000000000000000000, 0.9238795325112867400, 1.000000000000000000, 0.9238795325112867400, 1.000000000000000000, 0.9238795325112867400, 1.000000000000000000, 0.9238795325112867400, 1.000000000000000000, 0.9238795325112867400, 1.000000000000000000, 0.9238795325112867400, 1.000000000000000000, 0.9238795325112867400, 1.000000000000000000, 0.9238795325112867400, 1.000000000000000000, 0.9238795325112867400, 1.000000000000000000, 0.9238795325112867400, 1.000000000000000000, 0.9238795325112867400, 1.000000000000000000, 0.9238795325112867400, 1.000000000000000000, 0.9238795325112867400, 1.000000000000000000, 0.9238795325112867400, 1.000000000000000000, 0.9238795325112867400, 1.000000000000000000, 0.9238795325112867400, 1.000000000000000000, 0.9238795325112867400, 1.000000000000000000, 0.9238795325112867400, 1.000000000000000000, 0.9238795325112867400, 1.000000000000000000, 0.9238795325112867400, 1.000000000000000000, 0.9238795325112867400, 1.000000000000000000, 0.9238795325112867400, 1.000000000000000000, 0.9238795325112867400, 1.000000000000000000, 0.9238795325112867400, 1.000000000000000000, 0.9238795325112867400, 1.000000000000000000, 0.9238795325112867400, 1.000000000000000000, 0.9238795325112867400, 1.000000000000000000, 0.9238795325112867400, 1.000000000000000000, 0.9238795325112867400, 1.000000000000000000, 0.9238795325112867400, 1.000000000000000000, 0.9238795325112867400, 1.000000000000000000, 0.9238795325112867400, 1.000000000000000000, 0.9238795325112867400, 1.000000000000000000, 0.9238795325112867400, 1.000000000000000000, 0.9238795325112867400, 1.000000000000000000, 0.9238795325112867400, 1.000000000000000000, 0.9238795325112867400, 1.000000000000000000, 0.9238795325112867400, 1.000000000000000000, 0.9238795325112867400, 1.000000000000000000, 0.9238795325112867400, 1.000000000000000000, 0.9238795325112867400, 1.000000000000000000, 0.9238795325112867400, 1.000000000000000000, 0.9238795325112867400, 1.000000000000000000, 0.9238795325112867400, 1.000000000000000000, 0.9238795325112867400, 1.000000000000000000, 0.9238795325112867400, 1.000000000000000000, 0.9238795325112867400, 1.000000000000000000, 0.9238795325112867400, 1.000000000000000000, 0.9238795325112867400, 1.000000000000000000, 0.9238795325112867400, 1.000000000000000000, 0.9238795325112867400, 1.000000000000000000, 0.9238795325112867400, 1.000000000000000000, 0.9238795325112867400, 1.000000000000000000, 0.9238795325112867400, 1.000000000000000000, 0.9238795325112867400, 1.000000000000000000, 0.9238795325112867400, 1.000000000000000000, 0.9238795325112867400, 1.000000000000000000, 0.9238795325112867400, 1.000000000000000000, 0.9238795325112867400, 1.000000000000000000, 0.9238795325112867400, 1.000000000000000000, 0.9238795325112867400, 1.000000000000000000, 0.9238795325112867400, 1.000000000000000000, 0.9238795325112867400, 1.000000000000000000, 0.9238795325112867400, 1.000000000000000000, 0.9238795325112867400, 1.000000000000000000) ) ) 
 REPRESENTATION_ITEM ( '' )  SURFACE ( )  );
#4241 = CARTESIAN_POINT ( 'NONE',  ( 1.980384757729328500, 1.349999999999997000, 0.8203022253684436600 ) ) ;
#4242 = CARTESIAN_POINT ( 'NONE',  ( -0.5149892840434684400, 1.699999999999996400, -1.916614198270244300 ) ) ;
#4243 = CARTESIAN_POINT ( 'NONE',  ( -1.980384757729329000, 0.2999999999999964400, -1.979895888421108300E-015 ) ) ;
#4244 = CARTESIAN_POINT ( 'NONE',  ( 1.035533905932736600, -4.650000000000005700, 2.499999999999997300 ) ) ;
#4245 = AXIS2_PLACEMENT_3D ( 'NONE', #860, #3750, #4109 ) ;
#4246 = CARTESIAN_POINT ( 'NONE',  ( -2.425271854633429100E-016, -2.000000000000002700, 1.980384757729327200 ) ) ;
#4247 = CARTESIAN_POINT ( 'NONE',  ( -2.425271854633429100E-016, -1.100000000000003000, 1.980384757729327200 ) ) ;
#4248 = CARTESIAN_POINT ( 'NONE',  ( -0.8660254037844380400, 1.799999999999998700, 1.500000000000002900 ) ) ;
#4249 = CARTESIAN_POINT ( 'NONE',  ( 2.499999999999998700, -2.200000000000002000, -1.399389746009179600E-015 ) ) ;
#4250 = CARTESIAN_POINT ( 'NONE',  ( -3.061616997868381700E-016, -4.800000000000002500, 2.499999999999996900 ) ) ;
#4251 = CARTESIAN_POINT ( 'NONE',  ( 3.061616997868381200E-016, 1.999999999999997300, 2.499999999999998200 ) ) ;
#4252 = CARTESIAN_POINT ( 'NONE',  ( 0.0000000000000000000, 1.999999999999998200, -1.982541115402066100E-015 ) ) ;
#4253 = LINE ( 'NONE', #5021, #28 ) ;
#4254 = CARTESIAN_POINT ( 'NONE',  ( 1.980384757729328500, 2.249999999999996900, -0.8203022253684464400 ) ) ;
#4255 = CARTESIAN_POINT ( 'NONE',  ( 0.8203022253684455500, -0.8500000000000026400, -1.980384757729330100 ) ) ;
#4256 = CARTESIAN_POINT ( 'NONE',  ( -0.8203022253684441000, 0.9499999999999969600, -1.980384757729330500 ) ) ;
#4257 = EDGE_CURVE ( 'NONE', #1721, #4539, #219, .T. ) ;
#4258 = CARTESIAN_POINT ( 'NONE',  ( 0.0000000000000000000, 1.699999999999996600, -1.980384757729330500 ) ) ;
#4259 = CIRCLE ( 'NONE', #954, 6.083333333333327700 ) ;
#4260 = VERTEX_POINT ( 'NONE', #2156 ) ;
#4261 = DIRECTION ( 'NONE',  ( -0.0000000000000000000, -1.000000000000000000, -3.097720492815726700E-016 ) ) ;
#4262 = CARTESIAN_POINT ( 'NONE',  ( 0.8203022253684436600, 2.049999999999998000, 1.980384757729327600 ) ) ;
#4263 = DIRECTION ( 'NONE',  ( 8.659560562354948900E-017, -0.7071067811865463500, 0.7071067811865487900 ) ) ;
#4264 = CARTESIAN_POINT ( 'NONE',  ( -1.767766952966368000, -4.000000000000004400, 1.767766952966365800 ) ) ;
#4265 = FACE_OUTER_BOUND ( 'NONE', #947, .T. ) ;
#4266 = CARTESIAN_POINT ( 'NONE',  ( -2.499999999999998700, -4.150000000000003900, -1.035533905932739300 ) ) ;
#4267 = CARTESIAN_POINT ( 'NONE',  ( -0.8203022253684443300, -3.650000000000002600, 1.980384757729327200 ) ) ;
#4268 = CARTESIAN_POINT ( 'NONE',  ( -0.8203022253684441000, -3.050000000000003400, -1.980384757729330500 ) ) ;
#4269 = CARTESIAN_POINT ( 'NONE',  ( 1.997398173476459000, -2.492041957737266800, -0.01847957235453937300 ) ) ;
#4270 = ADVANCED_FACE ( 'NONE', ( #5135 ), #2492, .T. ) ;
#4271 = CARTESIAN_POINT ( 'NONE',  ( 2.499999999999998200, -2.950000000000002000, -1.035533905932739800 ) ) ;
#4272 = FACE_OUTER_BOUND ( 'NONE', #696, .T. ) ;
#4273 = CARTESIAN_POINT ( 'NONE',  ( 1.767766952966367800, -4.700000000000002000, 1.767766952966366400 ) ) ;
#4274 = CARTESIAN_POINT ( 'NONE',  ( -2.499999999999998700, -4.100000000000005000, -2.011713145582856100E-015 ) ) ;
#4275 = CARTESIAN_POINT ( 'NONE',  ( -1.400343491548886400, -2.300000000000002500, -1.400343491548888400 ) ) ;
#4276 = CARTESIAN_POINT ( 'NONE',  ( 0.8203022253684454400, 1.649999999999997000, -1.980384757729330100 ) ) ;
#4277 = LINE ( 'NONE', #221, #2125 ) ;
#4278 = CARTESIAN_POINT ( 'NONE',  ( 0.8203022253684436600, -5.950000000000004600, 1.980384757729327600 ) ) ;
#4279 = CARTESIAN_POINT ( 'NONE',  ( 2.499999999999998700, -2.900000000000004400, -1.399389746009179600E-015 ) ) ;
#4280 = CARTESIAN_POINT ( 'NONE',  ( 0.0000000000000000000, 1.999999999999998200, 0.0000000000000000000 ) ) ;
#4281 = ORIENTED_EDGE ( 'NONE', *, *, #5058, .F. ) ;
#4282 = CARTESIAN_POINT ( 'NONE',  ( -3.061616997868381700E-016, -3.900000000000004800, 2.499999999999996900 ) ) ;
#4283 = DIRECTION ( 'NONE',  ( 0.0000000000000000000, 3.469446951953616700E-016, -1.000000000000000000 ) ) ;
#4284 = CARTESIAN_POINT ( 'NONE',  ( -2.499999999999998700, -4.050000000000005200, 1.035533905932735100 ) ) ;
#4285 = CARTESIAN_POINT ( 'NONE',  ( 1.400343491548886800, -4.100000000000003200, -1.400343491548887900 ) ) ;
#4286 = CARTESIAN_POINT ( 'NONE',  ( -0.8203022253684444400, -3.550000000000003400, 1.980384757729327200 ) ) ;
#4287 = ORIENTED_EDGE ( 'NONE', *, *, #3265, .T. ) ;
#4288 = VERTEX_POINT ( 'NONE', #225 ) ;
#4289 = CARTESIAN_POINT ( 'NONE',  ( -1.035533905932737100, -1.150000000000001900, -2.500000000000000400 ) ) ;
#4290 = PRODUCT_DEFINITION ( 'UNKNOWN', '', #3308, #2435 ) ;
#4291 = CARTESIAN_POINT ( 'NONE',  ( 0.8065233166087006900, -5.919615242270672300, 1.820415054293722700 ) ) ;
#4292 = EDGE_CURVE ( 'NONE', #4349, #1696, #4574, .T. ) ;
#4293 = ORIENTED_EDGE ( 'NONE', *, *, #3671, .T. ) ;
#4294 = DIRECTION ( 'NONE',  ( -0.0000000000000000000, -1.000000000000000000, -3.097720492815726700E-016 ) ) ;
#4295 = CARTESIAN_POINT ( 'NONE',  ( -1.400343491548886400, -5.500000000000003600, -1.400343491548888400 ) ) ;
#4296 = CARTESIAN_POINT ( 'NONE',  ( -1.400343491548886400, -2.300000000000002500, -1.400343491548888400 ) ) ;
#4297 = VERTEX_POINT ( 'NONE', #4709 ) ;
#4298 = CARTESIAN_POINT ( 'NONE',  ( -1.035533905932737300, -2.450000000000001500, 2.499999999999996900 ) ) ;
#4299 = DIRECTION ( 'NONE',  ( -0.0000000000000000000, -1.000000000000000000, -3.097720492815726700E-016 ) ) ;
#4300 = CARTESIAN_POINT ( 'NONE',  ( 1.767766952966367800, 0.1999999999999961800, 1.767766952966366400 ) ) ;
#4301 = ORIENTED_EDGE ( 'NONE', *, *, #695, .T. ) ;
#4302 = CARTESIAN_POINT ( 'NONE',  ( 1.400343491548886800, -2.500000000000002700, -1.400343491548887900 ) ) ;
#4303 = CARTESIAN_POINT ( 'NONE',  ( 1.400343491548886800, -4.000000000000003600, -1.400343491548887900 ) ) ;
#4304 = CARTESIAN_POINT ( 'NONE',  ( -1.767766952966367800, -2.700000000000002000, -1.767766952966370000 ) ) ;
#4305 = CARTESIAN_POINT ( 'NONE',  ( -1.767766952966367800, -1.900000000000001500, -1.767766952966370000 ) ) ;
#4306 = DIRECTION ( 'NONE',  ( -0.0000000000000000000, -1.000000000000000000, -3.097720492815726700E-016 ) ) ;
#4307 = CARTESIAN_POINT ( 'NONE',  ( -1.980384757729329000, -0.6000000000000024200, -1.979895888421108300E-015 ) ) ;
#4308 = CARTESIAN_POINT ( 'NONE',  ( -1.980384757729329000, -3.050000000000002900, -0.8203022253684462100 ) ) ;
#4309 = ORIENTED_EDGE ( 'NONE', *, *, #1468, .F. ) ;
#4310 = DIRECTION ( 'NONE',  ( 0.0000000000000000000, 3.106325876339887200E-016, -1.000000000000000000 ) ) ;
#4311 = CARTESIAN_POINT ( 'NONE',  ( -1.035533905932737100, -2.750000000000001800, -2.500000000000000400 ) ) ;
#4312 = CARTESIAN_POINT ( 'NONE',  ( -2.499999999999998700, 0.7499999999999954500, 1.035533905932735100 ) ) ;
#4313 = CARTESIAN_POINT ( 'NONE',  ( -1.400343491548886600, -0.5000000000000030000, 1.400343491548884400 ) ) ;
#4314 = CARTESIAN_POINT ( 'NONE',  ( 1.980384757729329000, -0.1000000000000028600, -1.494841517494422500E-015 ) ) ;
#4315 = EDGE_CURVE ( 'NONE', #2903, #1508, #1066, .T. ) ;
#4316 = CONICAL_SURFACE ( 'NONE', #3600, 2.499999999999998700, 0.7853981633974500600 ) ;
#4317 = CARTESIAN_POINT ( 'NONE',  ( 1.035533905932736600, 0.04999999999999882300, 2.499999999999997300 ) ) ;
#4318 = CARTESIAN_POINT ( 'NONE',  ( 2.499999999999998200, -1.450000000000001500, 1.035533905932736600 ) ) ;
#4319 = CARTESIAN_POINT ( 'NONE',  ( -0.1524896922677097500, 4.567949192431122200, 1.500000000000002900 ) ) ;
#4320 = CARTESIAN_POINT ( 'NONE',  ( 0.0000000000000000000, 4.799999999999998900, 6.195440985631449400E-016 ) ) ;
#4321 = CARTESIAN_POINT ( 'NONE',  ( -2.195009858257243300, -2.729214126838932500, 0.4883304109918226200 ) ) ;
#4322 = CARTESIAN_POINT ( 'NONE',  ( 1.980384757729328500, -1.750000000000002400, -0.8203022253684465500 ) ) ;
#4323 = EDGE_LOOP ( 'NONE', ( #5041, #2909, #908, #1, #4732 ) ) ;
#4324 = AXIS2_PLACEMENT_3D ( 'NONE', #1088, #4413, #1145 ) ;
#4325 = CARTESIAN_POINT ( 'NONE',  ( 0.8203022253684436600, -2.750000000000002700, 1.980384757729327600 ) ) ;
#4326 = CARTESIAN_POINT ( 'NONE',  ( -1.146066538288774300, -0.1490203911130763300, -2.066335908545971800 ) ) ;
#4327 = FACE_OUTER_BOUND ( 'NONE', #376, .T. ) ;
#4328 = CARTESIAN_POINT ( 'NONE',  ( -0.8203022253684441000, -6.250000000000003600, -1.980384757729330500 ) ) ;
#4329 = DIRECTION ( 'NONE',  ( -1.000000000000000000, 0.0000000000000000000, 0.0000000000000000000 ) ) ;
#4330 = CARTESIAN_POINT ( 'NONE',  ( -1.035533905932741300, -1.550000000000004700, 2.499999999999992900 ) ) ;
#4331 = CARTESIAN_POINT ( 'NONE',  ( 1.035533905932736600, -1.450000000000004200, 2.499999999999997300 ) ) ;
#4332 = CIRCLE ( 'NONE', #4419, 2.499999999999998700 ) ;
#4333 = CARTESIAN_POINT ( 'NONE',  ( 0.0000000000000000000, -2.602085213965210600E-015, -1.980384757729330500 ) ) ;
#4334 = CARTESIAN_POINT ( 'NONE',  ( 0.0000000000000000000, 0.09999999999999678600, -1.980384757729330500 ) ) ;
#4335 = CARTESIAN_POINT ( 'NONE',  ( 2.499999999999998200, 1.849999999999999400, -1.035533905932739800 ) ) ;
#4336 = CARTESIAN_POINT ( 'NONE',  ( 1.767766952966368400, -2.900000000000001700, -1.767766952966369500 ) ) ;
#4337 = ORIENTED_EDGE ( 'NONE', *, *, #3034, .F. ) ;
#4338 = PERSON_AND_ORGANIZATION_ROLE ( 'design_supplier' ) ;
#4339 = CARTESIAN_POINT ( 'NONE',  ( 1.035533905932735100, -2.050000000000001600, -2.500000000000004000 ) ) ;
#4340 = CARTESIAN_POINT ( 'NONE',  ( -1.684137570002870500, -2.807422817700116800, -1.584088796588317900 ) ) ;
#4341 = DIRECTION ( 'NONE',  ( 0.0000000000000000000, 3.469446951953616700E-016, -1.000000000000000000 ) ) ;
#4342 = CARTESIAN_POINT ( 'NONE',  ( -1.980384757729329000, -3.800000000000002500, -1.979895888421108300E-015 ) ) ;
#4343 = ORIENTED_EDGE ( 'NONE', *, *, #4596, .F. ) ;
#4344 = DIRECTION ( 'NONE',  ( 0.0000000000000000000, 0.0000000000000000000, -1.000000000000000000 ) ) ;
#4345 = CARTESIAN_POINT ( 'NONE',  ( -1.980384757729329000, -6.050000000000003400, 0.8203022253684421100 ) ) ;
#4346 = AXIS2_PLACEMENT_3D ( 'NONE', #1029, #2212, #3426 ) ;
#4347 = CARTESIAN_POINT ( 'NONE',  ( 1.035533905932736000, -5.250000000000000900, -2.500000000000003100 ) ) ;
#4348 = ORIENTED_EDGE ( 'NONE', *, *, #690, .T. ) ;
#4349 = VERTEX_POINT ( 'NONE', #295 ) ;
#4350 = CARTESIAN_POINT ( 'NONE',  ( -1.767766952966367800, -1.000000000000004400, -1.767766952966370000 ) ) ;
#4351 = CARTESIAN_POINT ( 'NONE',  ( 1.400343491548886400, 0.4999999999999978400, 1.400343491548884800 ) ) ;
#4352 = CARTESIAN_POINT ( 'NONE',  ( -1.400343491548886600, -0.4000000000000036300, 1.400343491548884400 ) ) ;
#4353 = VERTEX_POINT ( 'NONE', #4660 ) ;
#4354 = CARTESIAN_POINT ( 'NONE',  ( -1.767766952966367800, 0.4999999999999987200, -1.767766952966370000 ) ) ;
#4355 = CARTESIAN_POINT ( 'NONE',  ( -1.035533905932737300, -3.250000000000001800, 2.499999999999996900 ) ) ;
#4356 = EDGE_CURVE ( 'NONE', #5236, #3297, #995, .T. ) ;
#4357 = CARTESIAN_POINT ( 'NONE',  ( 1.980384757729328500, -3.350000000000003600, -0.8203022253684464400 ) ) ;
#4358 = CARTESIAN_POINT ( 'NONE',  ( -0.2934016395350934100, -2.630395090607951000, 2.115237493207218700 ) ) ;
#4359 = CARTESIAN_POINT ( 'NONE',  ( 1.448646828875488600, 4.567309415773134000, 0.4908700901641202000 ) ) ;
#4360 = ORIENTED_EDGE ( 'NONE', *, *, #485, .T. ) ;
#4361 = CARTESIAN_POINT ( 'NONE',  ( 0.8203022253684436600, -1.950000000000003300, 1.980384757729327600 ) ) ;
#4362 = CARTESIAN_POINT ( 'NONE',  ( -2.356239248181485600, -0.03872356681085285800, 0.7492553749483803500 ) ) ;
#4363 = CARTESIAN_POINT ( 'NONE',  ( -1.980384757729329000, -4.550000000000002500, 0.8203022253684421100 ) ) ;
#4364 = CARTESIAN_POINT ( 'NONE',  ( -0.8203022253684441000, -5.450000000000004600, -1.980384757729330500 ) ) ;
#4365 = ORIENTED_EDGE ( 'NONE', *, *, #74, .T. ) ;
#4366 = CARTESIAN_POINT ( 'NONE',  ( 0.0000000000000000000, 2.699999999999998400, 2.168404344971008600E-016 ) ) ;
#4367 = CARTESIAN_POINT ( 'NONE',  ( 1.980384757729328500, 1.349999999999997000, 0.8203022253684436600 ) ) ;
#4368 = CARTESIAN_POINT ( 'NONE',  ( -1.980384757729329000, 0.2999999999999964400, -1.979895888421108300E-015 ) ) ;
#4369 = CARTESIAN_POINT ( 'NONE',  ( 2.499999999999998700, 0.9999999999999983300, -1.399389746009179600E-015 ) ) ;
#4370 = CARTESIAN_POINT ( 'NONE',  ( 0.0000000000000000000, -2.800000000000001600, -2.500000000000000400 ) ) ;
#4371 = CARTESIAN_POINT ( 'NONE',  ( 1.400343491548886800, -4.900000000000003000, -1.400343491548887900 ) ) ;
#4372 = CARTESIAN_POINT ( 'NONE',  ( -1.035533905932737300, -3.950000000000004200, 2.499999999999996900 ) ) ;
#4373 = CARTESIAN_POINT ( 'NONE',  ( 0.0000000000000000000, -2.700000000000004600, -2.500000000000000400 ) ) ;
#4374 = CARTESIAN_POINT ( 'NONE',  ( -1.980384757729329000, 0.1499999999999973600, -0.8203022253684462100 ) ) ;
#4375 = CARTESIAN_POINT ( 'NONE',  ( 1.767766952966367800, -3.100000000000001400, 1.767766952966366400 ) ) ;
#4376 = AXIS2_PLACEMENT_3D ( 'NONE', #846, #898, #962 ) ;
#4377 = LINE ( 'NONE', #4248, #3808 ) ;
#4378 = CARTESIAN_POINT ( 'NONE',  ( 0.0000000000000000000, 4.799999999999998900, 6.195440985631449400E-016 ) ) ;
#4379 = CARTESIAN_POINT ( 'NONE',  ( 0.0000000000000000000, -5.100000000000005000, -2.500000000000000400 ) ) ;
#4380 = CARTESIAN_POINT ( 'NONE',  ( 0.8203022253684436600, -2.650000000000003900, 1.980384757729327600 ) ) ;
#4381 = CARTESIAN_POINT ( 'NONE',  ( -1.767766952966367800, -1.100000000000002100, -1.767766952966370000 ) ) ;
#4382 = CARTESIAN_POINT ( 'NONE',  ( 0.0000000000000000000, 1.999999999999999100, -2.499999999999998200 ) ) ;
#4383 = ADVANCED_FACE ( 'NONE', ( #33 ), #4436, .F. ) ;
#4384 = CC_DESIGN_APPROVAL ( #1498, ( #4290 ) ) ;
#4385 = DIRECTION ( 'NONE',  ( 0.0000000000000000000, 1.000000000000000000, 3.097720492815726700E-016 ) ) ;
#4386 = CARTESIAN_POINT ( 'NONE',  ( -2.499999999999998700, -0.2500000000000019400, -1.035533905932739300 ) ) ;
#4387 = EDGE_CURVE ( 'NONE', #4557, #4353, #433, .T. ) ;
#4388 = CARTESIAN_POINT ( 'NONE',  ( 1.767766952966367800, 1.699999999999998400, 1.767766952966366400 ) ) ;
#4389 = VECTOR ( 'NONE', #5268, 1000.000000000000000 ) ;
#4390 = CARTESIAN_POINT ( 'NONE',  ( -1.767766952966367800, -1.100000000000002100, -1.767766952966370000 ) ) ;
#4391 = CARTESIAN_POINT ( 'NONE',  ( -0.8203022253684444400, -4.450000000000002800, 1.980384757729327200 ) ) ;
#4392 = CARTESIAN_POINT ( 'NONE',  ( -3.061616997868381700E-016, 0.0000000000000000000, 2.499999999999996900 ) ) ;
#4393 = CIRCLE ( 'NONE', #3765, 1.732050807568879200 ) ;
#4394 = CARTESIAN_POINT ( 'NONE',  ( -2.425271854633429100E-016, 1.199999999999997100, 1.980384757729327200 ) ) ;
#4395 = CARTESIAN_POINT ( 'NONE',  ( -3.061616997868381700E-016, -3.100000000000004100, 2.499999999999996900 ) ) ;
#4396 = CARTESIAN_POINT ( 'NONE',  ( 1.400343491548886800, -5.700000000000002800, -1.400343491548887900 ) ) ;
#4397 = CARTESIAN_POINT ( 'NONE',  ( 1.400343491548886400, -2.600000000000003200, 1.400343491548884800 ) ) ;
#4398 = FACE_OUTER_BOUND ( 'NONE', #1531, .T. ) ;
#4399 = PLANE ( 'NONE',  #2887 ) ;
#4400 = DIRECTION ( 'NONE',  ( 0.0000000000000000000, -1.000000000000000000, 0.0000000000000000000 ) ) ;
#4401 = VERTEX_POINT ( 'NONE', #2376 ) ;
#4402 = CARTESIAN_POINT ( 'NONE',  ( 1.980384757729328500, -4.850000000000004100, -0.8203022253684464400 ) ) ;
#4403 = CARTESIAN_POINT ( 'NONE',  ( 1.767766952966368400, -0.5000000000000013300, -1.767766952966369500 ) ) ;
#4404 = CARTESIAN_POINT ( 'NONE',  ( 1.035533905932738900, -2.750000000000004000, -2.500000000000000400 ) ) ;
#4405 = CARTESIAN_POINT ( 'NONE',  ( -1.400343491548886400, -3.100000000000002800, -1.400343491548888400 ) ) ;
#4406 = EDGE_LOOP ( 'NONE', ( #1796, #2398, #1326, #1933, #2966, #1929, #3346, #4083, #323, #1496, #2060, #3009, #3246 ) ) ;
#4407 = CARTESIAN_POINT ( 'NONE',  ( 1.400343491548886400, 0.4999999999999978400, 1.400343491548884800 ) ) ;
#4408 = EDGE_LOOP ( 'NONE', ( #1976, #1298, #2594, #2318 ) ) ;
#4409 = CARTESIAN_POINT ( 'NONE',  ( 2.499999999999998200, -0.6500000000000012400, 1.035533905932736600 ) ) ;
#4410 = CARTESIAN_POINT ( 'NONE',  ( 0.0000000000000000000, -6.400000000000003000, -1.980384757729330500 ) ) ;
#4411 = CARTESIAN_POINT ( 'NONE',  ( 0.0000000000000000000, -4.700000000000003700, -1.980384757729330500 ) ) ;
#4412 = CARTESIAN_POINT ( 'NONE',  ( 2.287287604938742700, -2.795914419135108600, 0.2562660903421876700 ) ) ;
#4413 = DIRECTION ( 'NONE',  ( 0.0000000000000000000, 1.000000000000000000, -0.0000000000000000000 ) ) ;
#4414 = EDGE_LOOP ( 'NONE', ( #3136, #2775, #3797 ) ) ;
#4415 = CARTESIAN_POINT ( 'NONE',  ( -2.499999999999998700, -0.2000000000000014000, -2.011713145582856100E-015 ) ) ;
#4416 = CARTESIAN_POINT ( 'NONE',  ( 1.400343491548886800, -4.000000000000003600, -1.400343491548887900 ) ) ;
#4417 = ORIENTED_EDGE ( 'NONE', *, *, #2568, .T. ) ;
#4418 = CARTESIAN_POINT ( 'NONE',  ( 1.035533905932738900, 0.3499999999999987600, -2.500000000000000400 ) ) ;
#4419 = AXIS2_PLACEMENT_3D ( 'NONE', #740, #1528, #5160 ) ;
#4420 = CARTESIAN_POINT ( 'NONE',  ( 1.980384757729329000, -2.600000000000002800, -1.494841517494422500E-015 ) ) ;
#4421 = CARTESIAN_POINT ( 'NONE',  ( 2.499999999999998200, 0.2499999999999958900, 1.035533905932736600 ) ) ;
#4422 = CARTESIAN_POINT ( 'NONE',  ( -2.499999999999998700, -0.1000000000000046000, -2.011713145582856100E-015 ) ) ;
#4423 = CARTESIAN_POINT ( 'NONE',  ( 1.980384757729328500, -0.1500000000000025500, -0.8203022253684464400 ) ) ;
#4424 = CARTESIAN_POINT ( 'NONE',  ( -1.400343491548886600, -3.700000000000002800, 1.400343491548884400 ) ) ;
#4425 = CARTESIAN_POINT ( 'NONE',  ( 1.980384757729328500, -3.350000000000003600, 0.8203022253684436600 ) ) ;
#4426 = B_SPLINE_CURVE_WITH_KNOTS ( 'NONE', 3,
 ( #2821, #5256, #1774, #1236, #2, #868, #2068, #4913, #2521, #2916 ),
 .UNSPECIFIED., .F., .F.,
 ( 4, 2, 2, 2, 4 ),
 ( 0.0009403707621861045400, 0.001388899858604358000, 0.001837428955022611700, 0.002285958051440864800, 0.002734487147859118500 ),
 .UNSPECIFIED. ) ;
#4427 = CARTESIAN_POINT ( 'NONE',  ( 1.400343491548886400, -5.000000000000003600, 1.400343491548884800 ) ) ;
#4428 = ADVANCED_FACE ( 'NONE', ( #4129 ), #997, .T. ) ;
#4429 =( BOUNDED_CURVE ( )  B_SPLINE_CURVE ( 2, ( #665, #1512, #3909, #1477, #3961, #4680, #4713, #214, #1062 ),
 .UNSPECIFIED., .F., .F. ) 
 B_SPLINE_CURVE_WITH_KNOTS ( ( 3, 2, 2, 2, 3 ),
 ( 0.3636363636363637000, 0.3750000000000000600, 0.3863636363636364100, 0.3977272727272727600, 0.4090909090909091200 ),
 .UNSPECIFIED. ) 
 CURVE ( )  GEOMETRIC_REPRESENTATION_ITEM ( )  RATIONAL_B_SPLINE_CURVE ( ( 0.9999999999999996700, 0.9238795325112870700, 1.000000000000000000, 0.9238795325112867400, 1.000000000000000000, 0.9238795325112867400, 1.000000000000000000, 0.9238795325112864100, 1.000000000000000400 ) ) 
 REPRESENTATION_ITEM ( '' )  );
#4430 = CARTESIAN_POINT ( 'NONE',  ( 0.3008343349294954600, 4.591481373243264700, 1.500000000000003300 ) ) ;
#4431 = CARTESIAN_POINT ( 'NONE',  ( 0.0000000000000000000, 2.499999999999996900, -1.980384757729330500 ) ) ;
#4432 = CARTESIAN_POINT ( 'NONE',  ( 1.400343491548886400, -5.100000000000003200, 1.400343491548884800 ) ) ;
#4433 = CARTESIAN_POINT ( 'NONE',  ( -1.400343491548886400, -4.600000000000003200, -1.400343491548888400 ) ) ;
#4434 = CARTESIAN_POINT ( 'NONE',  ( -1.035533905932737300, 0.7499999999999980000, 2.499999999999996900 ) ) ;
#4435 = CARTESIAN_POINT ( 'NONE',  ( 0.0000000000000000000, 0.7999999999999977100, -1.980384757729330500 ) ) ;
#4436 = CYLINDRICAL_SURFACE ( 'NONE', #2959, 2.499999999999998200 ) ;
#4437 = CARTESIAN_POINT ( 'NONE',  ( 0.0000000000000000000, -2.300000000000003400, -1.980384757729330500 ) ) ;
#4438 = CARTESIAN_POINT ( 'NONE',  ( -1.980384757729329000, -0.6500000000000030200, -0.8203022253684462100 ) ) ;
#4439 = CARTESIAN_POINT ( 'NONE',  ( 1.089541283198704600, -0.2307458232405231500, -1.995661768137176400 ) ) ;
#4440 = VECTOR ( 'NONE', #2050, 1000.000000000000000 ) ;
#4441 = ORIENTED_EDGE ( 'NONE', *, *, #1836, .F. ) ;
#4442 = CARTESIAN_POINT ( 'NONE',  ( 0.8203022253684454400, -3.250000000000003100, -1.980384757729330100 ) ) ;
#4443 = CARTESIAN_POINT ( 'NONE',  ( 1.980384757729328500, -1.750000000000003600, 0.8203022253684436600 ) ) ;
#4444 = CARTESIAN_POINT ( 'NONE',  ( 1.428658187597606500E-015, 0.0000000000000000000, -1.416666666666671200 ) ) ;
#4445 = CARTESIAN_POINT ( 'NONE',  ( 1.980384757729328500, -4.050000000000003400, -0.8203022253684464400 ) ) ;
#4446 = CIRCLE ( 'NONE', #2661, 1.732050807568879200 ) ;
#4447 = CARTESIAN_POINT ( 'NONE',  ( -3.061616997868381700E-016, -1.600000000000001600, 2.499999999999996900 ) ) ;
#4448 = CARTESIAN_POINT ( 'NONE',  ( 0.0000000000000000000, -2.800000000000001600, -2.500000000000000400 ) ) ;
#4449 = EDGE_CURVE ( 'NONE', #4891, #2890, #4535, .T. ) ;
#4450 = CARTESIAN_POINT ( 'NONE',  ( 1.980384757729329000, -2.600000000000002800, -1.494841517494422500E-015 ) ) ;
#4451 = CARTESIAN_POINT ( 'NONE',  ( 1.400343491548886800, -5.600000000000003200, -1.400343491548887900 ) ) ;
#4452 = CARTESIAN_POINT ( 'NONE',  ( -1.767766952966367800, 1.299999999999998300, -1.767766952966370000 ) ) ;
#4453 = FACE_OUTER_BOUND ( 'NONE', #3406, .T. ) ;
#4454 = CARTESIAN_POINT ( 'NONE',  ( -1.400343491548886600, -2.100000000000002800, 1.400343491548884400 ) ) ;
#4455 = ADVANCED_FACE ( 'NONE', ( #1400 ), #1194, .F. ) ;
#4456 = CARTESIAN_POINT ( 'NONE',  ( 1.767766952966368400, 1.199999999999996200, -1.767766952966369500 ) ) ;
#4457 = CARTESIAN_POINT ( 'NONE',  ( 1.767766952966368400, 1.999999999999996700, -1.767766952966369500 ) ) ;
#4458 = ORIENTED_EDGE ( 'NONE', *, *, #5194, .F. ) ;
#4459 = CARTESIAN_POINT ( 'NONE',  ( 1.917585435177809900, -0.3559826386305344800, 1.000272256575623200 ) ) ;
#4460 = CARTESIAN_POINT ( 'NONE',  ( -1.400343491548886400, -3.100000000000002800, -1.400343491548888400 ) ) ;
#4461 = CARTESIAN_POINT ( 'NONE',  ( -0.8203022253684441000, -1.450000000000003300, -1.980384757729330500 ) ) ;
#4462 = CARTESIAN_POINT ( 'NONE',  ( 0.8455200771766791000, -5.749420584119864200, -1.989262392678292200 ) ) ;
#4463 = B_SPLINE_CURVE_WITH_KNOTS ( 'NONE', 3,
 ( #4473, #3643, #2057, #1694, #2486, #2848, #27, #5283, #4920, #2452 ),
 .UNSPECIFIED., .F., .F.,
 ( 4, 2, 2, 2, 4 ),
 ( 1.520049899173145000E-017, 0.0004750070925081216100, 0.0009500141850162280300, 0.001425021277524334100, 0.001900028370032440500 ),
 .UNSPECIFIED. ) ;
#4464 = CARTESIAN_POINT ( 'NONE',  ( -2.499999999999998700, 0.5499999999999983800, -1.035533905932739300 ) ) ;
#4465 = VERTEX_POINT ( 'NONE', #2342 ) ;
#4466 = CARTESIAN_POINT ( 'NONE',  ( 2.499999999999998200, -1.350000000000001900, -1.035533905932739800 ) ) ;
#4467 = CARTESIAN_POINT ( 'NONE',  ( -1.980384757729329000, -3.650000000000003500, 0.8203022253684421100 ) ) ;
#4468 = CARTESIAN_POINT ( 'NONE',  ( 1.980384757729328500, -5.050000000000001600, 0.8203022253684436600 ) ) ;
#4469 = VERTEX_POINT ( 'NONE', #3974 ) ;
#4470 = CARTESIAN_POINT ( 'NONE',  ( -1.980384757729329000, -6.100000000000004100, -1.979895888421108300E-015 ) ) ;
#4471 = CARTESIAN_POINT ( 'NONE',  ( -1.980384757729329000, -5.250000000000002700, 0.8203022253684421100 ) ) ;
#4472 = CARTESIAN_POINT ( 'NONE',  ( 1.400343491548886800, -1.700000000000002600, -1.400343491548887900 ) ) ;
#4473 = CARTESIAN_POINT ( 'NONE',  ( -1.603230164106409100, -0.5196152422706671300, 1.162573365231625700 ) ) ;
#4474 = CARTESIAN_POINT ( 'NONE',  ( 0.8660254037844392600, 4.799999999999998900, 1.500000000000002400 ) ) ;
#4475 = VERTEX_POINT ( 'NONE', #4373 ) ;
#4476 = CARTESIAN_POINT ( 'NONE',  ( 3.061616997868381200E-016, 1.999999999999997300, 2.499999999999998200 ) ) ;
#4477 = DIRECTION ( 'NONE',  ( 0.0000000000000000000, 0.0000000000000000000, -1.000000000000000000 ) ) ;
#4478 = CARTESIAN_POINT ( 'NONE',  ( -3.061616997868381700E-016, -0.7000000000000044000, 2.499999999999996900 ) ) ;
#4479 = CARTESIAN_POINT ( 'NONE',  ( 2.349433091649721000E-011, -5.463397459620820100, 2.436602540379173100 ) ) ;
#4480 = ORIENTED_EDGE ( 'NONE', *, *, #1942, .F. ) ;
#4481 = CARTESIAN_POINT ( 'NONE',  ( 1.980384757729328500, -4.150000000000003000, -0.8203022253684464400 ) ) ;
#4482 = CARTESIAN_POINT ( 'NONE',  ( -2.425271854633429100E-016, 0.4999999999999970000, 1.980384757729327200 ) ) ;
#4483 = CARTESIAN_POINT ( 'NONE',  ( -1.703081579722532300, 1.713774638678434500, -1.079680540801188900 ) ) ;
#4484 = CARTESIAN_POINT ( 'NONE',  ( -0.8203022253684441000, -5.450000000000004600, -1.980384757729330500 ) ) ;
#4485 = EDGE_CURVE ( 'NONE', #2445, #4847, #3315, .T. ) ;
#4486 = ADVANCED_FACE ( 'NONE', ( #3435 ), #1334, .T. ) ;
#4487 = DIRECTION ( 'NONE',  ( 0.0000000000000000000, -1.000000000000000000, 0.0000000000000000000 ) ) ;
#4488 = CARTESIAN_POINT ( 'NONE',  ( 0.8203022253684436600, -2.650000000000003500, 1.980384757729327600 ) ) ;
#4489 = CARTESIAN_POINT ( 'NONE',  ( 0.8203022253684436600, -4.350000000000003200, 1.980384757729327600 ) ) ;
#4490 = CARTESIAN_POINT ( 'NONE',  ( 1.400343491548886400, -3.400000000000003500, 1.400343491548884800 ) ) ;
#4491 = CARTESIAN_POINT ( 'NONE',  ( 1.035533905932738900, 2.749999999999999100, -2.500000000000000400 ) ) ;
#4492 = EDGE_CURVE ( 'NONE', #2903, #463, #3250, .T. ) ;
#4493 = CARTESIAN_POINT ( 'NONE',  ( 1.400343491548886800, 0.6999999999999975100, -1.400343491548887900 ) ) ;
#4494 = CARTESIAN_POINT ( 'NONE',  ( 3.061616997868381200E-016, 1.999999999999997300, 2.499999999999998200 ) ) ;
#4495 = CARTESIAN_POINT ( 'NONE',  ( -3.061616997868381700E-016, 1.599999999999998100, 2.499999999999996900 ) ) ;
#4496 = CARTESIAN_POINT ( 'NONE',  ( 2.499999999999998200, 1.849999999999995900, 1.035533905932736600 ) ) ;
#4497 = CARTESIAN_POINT ( 'NONE',  ( 1.767766952966368400, -1.200000000000004000, -1.767766952966369500 ) ) ;
#4498 = CARTESIAN_POINT ( 'NONE',  ( 2.482861877917886200, -5.417138122082109300, 0.1500161956983425100 ) ) ;
#4499 = CARTESIAN_POINT ( 'NONE',  ( -0.8203022253684441000, -3.150000000000002600, -1.980384757729330500 ) ) ;
#4500 = CARTESIAN_POINT ( 'NONE',  ( -0.8203022253684441000, -0.6500000000000030200, -1.980384757729330500 ) ) ;
#4501 = DIRECTION ( 'NONE',  ( -0.0000000000000000000, -1.000000000000000000, -3.097720492815726700E-016 ) ) ;
#4502 = B_SPLINE_CURVE_WITH_KNOTS ( 'NONE', 3,
 ( #859, #9, #3299, #3700 ),
 .UNSPECIFIED., .F., .F.,
 ( 4, 4 ),
 ( 0.001251427454965256300, 0.001566936194781621900 ),
 .UNSPECIFIED. ) ;
#4503 = CARTESIAN_POINT ( 'NONE',  ( 0.0000000000000000000, -6.300000000000003400, -1.980384757729330500 ) ) ;
#4504 = FACE_OUTER_BOUND ( 'NONE', #3031, .T. ) ;
#4505 = CARTESIAN_POINT ( 'NONE',  ( -1.980384757729329000, -4.550000000000003400, -0.8203022253684462100 ) ) ;
#4506 = CARTESIAN_POINT ( 'NONE',  ( -1.400343491548886600, -2.900000000000003000, 1.400343491548884400 ) ) ;
#4507 = AXIS2_PLACEMENT_3D ( 'NONE', #1641, #2080, #4477 ) ;
#4508 = CARTESIAN_POINT ( 'NONE',  ( 0.8203022253684436600, -2.650000000000003900, 1.980384757729327600 ) ) ;
#4509 = CIRCLE ( 'NONE', #2988, 2.499999999999998700 ) ;
#4510 = ORIENTED_EDGE ( 'NONE', *, *, #2823, .T. ) ;
#4511 = CARTESIAN_POINT ( 'NONE',  ( -1.400343491548886400, -4.600000000000003200, -1.400343491548888400 ) ) ;
#4512 = CARTESIAN_POINT ( 'NONE',  ( -1.980384757729329000, -0.6000000000000024200, -1.979895888421108300E-015 ) ) ;
#4513 = CARTESIAN_POINT ( 'NONE',  ( 1.035533905932739800, 1.249999999999995800, -2.499999999999998200 ) ) ;
#4514 = CARTESIAN_POINT ( 'NONE',  ( 1.980384757729328500, -1.650000000000003000, -0.8203022253684465500 ) ) ;
#4515 = FACE_BOUND ( 'NONE', #70, .T. ) ;
#4516 = AXIS2_PLACEMENT_3D ( 'NONE', #63, #2956, #498 ) ;
#4517 = CARTESIAN_POINT ( 'NONE',  ( -3.061616997868381700E-016, 1.699999999999996600, 2.499999999999996900 ) ) ;
#4518 = EDGE_CURVE ( 'NONE', #2026, #5200, #1268, .T. ) ;
#4519 = CARTESIAN_POINT ( 'NONE',  ( 0.0000000000000000000, -1.900000000000004100, -2.500000000000000400 ) ) ;
#4520 = CARTESIAN_POINT ( 'NONE',  ( -1.547091580836828900, -0.2247746484467630400, 1.675995424005327400 ) ) ;
#4521 = CARTESIAN_POINT ( 'NONE',  ( -1.400343491548886600, 0.2999999999999973200, 1.400343491548884400 ) ) ;
#4522 = CARTESIAN_POINT ( 'NONE',  ( -1.980384757729329000, -1.250000000000003100, 0.8203022253684421100 ) ) ;
#4523 = LINE ( 'NONE', #3079, #1140 ) ;
#4524 = CARTESIAN_POINT ( 'NONE',  ( -1.732050807568879400, 4.799999999999998900, 5.421010862427522200E-016 ) ) ;
#4525 = CARTESIAN_POINT ( 'NONE',  ( 1.980384757729328500, -0.9500000000000029500, 0.8203022253684436600 ) ) ;
#4526 = CARTESIAN_POINT ( 'NONE',  ( -3.999999999999996400, -2.000000000000001800, 5.999999999999999100 ) ) ;
#4527 = CARTESIAN_POINT ( 'NONE',  ( 1.980384757729328500, -2.450000000000003300, -0.8203022253684465500 ) ) ;
#4528 = EDGE_CURVE ( 'NONE', #4239, #3148, #2807, .T. ) ;
#4529 = LINE ( 'NONE', #377, #1731 ) ;
#4530 = CARTESIAN_POINT ( 'NONE',  ( -1.980384757729329000, -1.450000000000002800, -0.8203022253684462100 ) ) ;
#4531 = CARTESIAN_POINT ( 'NONE',  ( -2.425271854633429100E-016, -1.900000000000003200, 1.980384757729327200 ) ) ;
#4532 = CARTESIAN_POINT ( 'NONE',  ( 1.980384757729329000, 1.399999999999997700, -1.494841517494422500E-015 ) ) ;
#4533 = ORIENTED_EDGE ( 'NONE', *, *, #5166, .F. ) ;
#4534 = CARTESIAN_POINT ( 'NONE',  ( -2.499999999999998700, -1.750000000000004200, -1.035533905932739300 ) ) ;
#4535 =( BOUNDED_CURVE ( )  B_SPLINE_CURVE ( 2, ( #3190, #3174, #3545, #1101, #4761, #2325, #5152 ),
 .UNSPECIFIED., .F., .F. ) 
 B_SPLINE_CURVE_WITH_KNOTS ( ( 3, 2, 2, 3 ),
 ( 0.8181818181818182300, 0.8295454545454547000, 0.8409090909090909400, 0.8522727272727272900 ),
 .UNSPECIFIED. ) 
 CURVE ( )  GEOMETRIC_REPRESENTATION_ITEM ( )  RATIONAL_B_SPLINE_CURVE ( ( 0.9999999999999992200, 0.9238795325112875200, 1.000000000000000000, 0.9238795325112867400, 1.000000000000000000, 0.9238795325112867400, 1.000000000000000000 ) ) 
 REPRESENTATION_ITEM ( '' )  );
#4536 = CARTESIAN_POINT ( 'NONE',  ( 1.035533905932738900, -1.950000000000004600, -2.500000000000000400 ) ) ;
#4537 = CARTESIAN_POINT ( 'NONE',  ( 0.8203022253684436600, 2.049999999999998000, 1.980384757729327600 ) ) ;
#4538 = CARTESIAN_POINT ( 'NONE',  ( 0.0000000000000000000, -2.700000000000004600, -2.500000000000000400 ) ) ;
#4539 = VERTEX_POINT ( 'NONE', #4901 ) ;
#4540 = CARTESIAN_POINT ( 'NONE',  ( -1.767766952966367800, -0.2000000000000040100, -1.767766952966370000 ) ) ;
#4541 = CARTESIAN_POINT ( 'NONE',  ( -0.7814971574605686900, -0.09893427888394988600, 2.276059838422157500 ) ) ;
#4542 = CARTESIAN_POINT ( 'NONE',  ( -1.980384757729329000, 0.1999999999999970700, -1.979895888421108300E-015 ) ) ;
#4543 = CARTESIAN_POINT ( 'NONE',  ( -1.980384757729329000, -6.250000000000003600, -0.8203022253684462100 ) ) ;
#4544 = CARTESIAN_POINT ( 'NONE',  ( -2.051038353574630700E-025, 4.567949192431122200, 1.500000000000002700 ) ) ;
#4545 = CARTESIAN_POINT ( 'NONE',  ( 1.980384757729328500, -0.8500000000000034200, -0.8203022253684464400 ) ) ;
#4546 = ADVANCED_FACE ( 'NONE', ( #1844 ), #3496, .T. ) ;
#4547 = ORIENTED_EDGE ( 'NONE', *, *, #3071, .T. ) ;
#4548 = CARTESIAN_POINT ( 'NONE',  ( 1.400343491548886800, -2.400000000000003500, -1.400343491548887900 ) ) ;
#4549 = CARTESIAN_POINT ( 'NONE',  ( 1.980384757729328500, 0.5499999999999976000, 0.8203022253684436600 ) ) ;
#4550 = CARTESIAN_POINT ( 'NONE',  ( 1.400343491548886800, -2.400000000000003500, -1.400343491548887900 ) ) ;
#4551 = ORIENTED_EDGE ( 'NONE', *, *, #1403, .T. ) ;
#4552 = CARTESIAN_POINT ( 'NONE',  ( -1.035533905932737100, -5.850000000000005000, -2.500000000000000400 ) ) ;
#4553 = AXIS2_PLACEMENT_3D ( 'NONE', #3579, #318, #4056 ) ;
#4554 = CARTESIAN_POINT ( 'NONE',  ( 1.521100642656539000, -5.410115253478871900, 1.977785465716584300 ) ) ;
#4555 = CARTESIAN_POINT ( 'NONE',  ( 1.980384757729329000, -0.9000000000000032400, -1.494841517494422500E-015 ) ) ;
#4556 = CARTESIAN_POINT ( 'NONE',  ( 1.035533905932738900, -5.250000000000001800, -2.500000000000000400 ) ) ;
#4557 = VERTEX_POINT ( 'NONE', #4474 ) ;
#4558 = CARTESIAN_POINT ( 'NONE',  ( 1.704300128813400600E-015, -2.000000000000001800, 1.416666666666672100 ) ) ;
#4559 = CARTESIAN_POINT ( 'NONE',  ( -3.061616997868381700E-016, -1.500000000000004000, 2.499999999999996900 ) ) ;
#4560 = CARTESIAN_POINT ( 'NONE',  ( 0.0000000000000000000, 4.799999999999998900, 1.732050807568879900 ) ) ;
#4561 = CARTESIAN_POINT ( 'NONE',  ( 1.980384757729329000, 0.5999999999999972000, -1.494841517494422500E-015 ) ) ;
#4562 = CARTESIAN_POINT ( 'NONE',  ( -2.425271854633429100E-016, -5.200000000000002800, 1.980384757729327200 ) ) ;
#4563 = CC_DESIGN_PERSON_AND_ORGANIZATION_ASSIGNMENT ( #2288, #4338, ( #3308 ) ) ;
#4564 = CARTESIAN_POINT ( 'NONE',  ( 1.400343491548886400, -1.800000000000002900, 1.400343491548884800 ) ) ;
#4565 = EDGE_CURVE ( 'NONE', #1092, #3080, #4509, .T. ) ;
#4566 = CARTESIAN_POINT ( 'NONE',  ( 0.8203022253684436600, -1.050000000000003200, 1.980384757729327600 ) ) ;
#4567 = CARTESIAN_POINT ( 'NONE',  ( -1.400343491548886400, -0.7000000000000027300, -1.400343491548888400 ) ) ;
#4568 = CARTESIAN_POINT ( 'NONE',  ( -0.8203022253684441000, -3.050000000000003400, -1.980384757729330500 ) ) ;
#4569 = CARTESIAN_POINT ( 'NONE',  ( -1.980384757729329000, 1.049999999999996900, 0.8203022253684421100 ) ) ;
#4570 = DIRECTION ( 'NONE',  ( -0.5000000000000001100, 2.682704640602070100E-016, -0.8660254037844387100 ) ) ;
#4571 = CARTESIAN_POINT ( 'NONE',  ( -1.035533905932737100, -5.950000000000002800, -2.500000000000000400 ) ) ;
#4572 = CARTESIAN_POINT ( 'NONE',  ( -3.061616997868381700E-016, 0.8999999999999954700, 2.499999999999996900 ) ) ;
#4573 = PLANE ( 'NONE',  #2003 ) ;
#4574 = LINE ( 'NONE', #2654, #5075 ) ;
#4575 = CARTESIAN_POINT ( 'NONE',  ( 1.400343491548886400, 0.4999999999999978400, 1.400343491548884800 ) ) ;
#4576 = CARTESIAN_POINT ( 'NONE',  ( -2.425271854633429100E-016, 2.099999999999997900, 1.980384757729327200 ) ) ;
#4577 = CARTESIAN_POINT ( 'NONE',  ( -1.400343491548886400, -3.000000000000003600, -1.400343491548888400 ) ) ;
#4578 = FACE_OUTER_BOUND ( 'NONE', #2785, .T. ) ;
#4579 = CARTESIAN_POINT ( 'NONE',  ( -1.400343491548886400, -0.6000000000000033100, -1.400343491548888400 ) ) ;
#4580 = CARTESIAN_POINT ( 'NONE',  ( -1.400343491548886600, -2.100000000000002800, 1.400343491548884400 ) ) ;
#4581 = CARTESIAN_POINT ( 'NONE',  ( -0.8203022253684441000, 1.749999999999996200, -1.980384757729330500 ) ) ;
#4582 = CYLINDRICAL_SURFACE ( 'NONE', #4553, 2.499999999999998200 ) ;
#4583 = CARTESIAN_POINT ( 'NONE',  ( -1.767766952966368000, -5.600000000000004100, 1.767766952966365800 ) ) ;
#4584 = CARTESIAN_POINT ( 'NONE',  ( 1.980384757729328500, -5.750000000000003600, -0.8203022253684465500 ) ) ;
#4585 = CARTESIAN_POINT ( 'NONE',  ( -2.425271854633429100E-016, -1.900000000000003200, 1.980384757729327200 ) ) ;
#4586 = CARTESIAN_POINT ( 'NONE',  ( -3.061616997868381700E-016, -4.000000000000001800, 2.499999999999996900 ) ) ;
#4587 = CARTESIAN_POINT ( 'NONE',  ( -1.767766952966367800, -2.600000000000004100, -1.767766952966370000 ) ) ;
#4588 = EDGE_CURVE ( 'NONE', #4987, #891, #4259, .T. ) ;
#4589 = CARTESIAN_POINT ( 'NONE',  ( -1.767766952966368000, -4.336808689942017700E-015, 1.767766952966365800 ) ) ;
#4590 = CARTESIAN_POINT ( 'NONE',  ( -1.828956694195670100, -5.534198035429415800, 1.508311634183343400 ) ) ;
#4591 = CARTESIAN_POINT ( 'NONE',  ( 0.0000000000000000000, -2.602085213965210600E-015, -1.980384757729330500 ) ) ;
#4592 = CARTESIAN_POINT ( 'NONE',  ( 2.202861260982100300, 1.925258934043717000, 0.9033365008012813600 ) ) ;
#4593 = CARTESIAN_POINT ( 'NONE',  ( -1.400343491548886600, -2.000000000000003600, 1.400343491548884400 ) ) ;
#4594 = ORIENTED_EDGE ( 'NONE', *, *, #3445, .F. ) ;
#4595 = CARTESIAN_POINT ( 'NONE',  ( -0.8203022253684441000, 0.1499999999999965000, -1.980384757729330500 ) ) ;
#4596 = EDGE_CURVE ( 'NONE', #1749, #2250, #1134, .T. ) ;
#4597 = CARTESIAN_POINT ( 'NONE',  ( 0.8203022253684454400, 2.349999999999997900, -1.980384757729330100 ) ) ;
#4598 = VERTEX_POINT ( 'NONE', #4457 ) ;
#4599 = CARTESIAN_POINT ( 'NONE',  ( -0.8203022253684444400, 2.049999999999996300, 1.980384757729327200 ) ) ;
#4600 = EDGE_LOOP ( 'NONE', ( #1294, #1358, #475, #2986 ) ) ;
#4601 =( BOUNDED_CURVE ( )  B_SPLINE_CURVE ( 2, ( #5003, #4311, #3101, #1114, #1041, #4743, #1488, #2287, #3936 ),
 .UNSPECIFIED., .F., .F. ) 
 B_SPLINE_CURVE_WITH_KNOTS ( ( 3, 2, 2, 2, 3 ),
 ( 0.3636363636363636500, 0.3750000000000000000, 0.3863636363636363500, 0.3977272727272727100, 0.4090909090909091200 ),
 .UNSPECIFIED. ) 
 CURVE ( )  GEOMETRIC_REPRESENTATION_ITEM ( )  RATIONAL_B_SPLINE_CURVE ( ( 1.000000000000000000, 0.9238795325112867400, 1.000000000000000000, 0.9238795325112867400, 1.000000000000000000, 0.9238795325112867400, 1.000000000000000000, 0.9238795325112867400, 1.000000000000000000 ) ) 
 REPRESENTATION_ITEM ( '' )  );
#4602 = CARTESIAN_POINT ( 'NONE',  ( -2.425271854633429100E-016, 1.999999999999998200, 1.980384757729327200 ) ) ;
#4603 = CARTESIAN_POINT ( 'NONE',  ( 1.767766952966367800, 2.499999999999998700, 1.767766952966366400 ) ) ;
#4604 = ORIENTED_EDGE ( 'NONE', *, *, #4895, .T. ) ;
#4605 = CARTESIAN_POINT ( 'NONE',  ( 2.499999999999998700, -5.400000000000002100, -1.399389746009179600E-015 ) ) ;
#4606 = CARTESIAN_POINT ( 'NONE',  ( -2.499999999999998700, 1.449999999999996400, -1.035533905932739300 ) ) ;
#4607 = CARTESIAN_POINT ( 'NONE',  ( -2.293381401201898900, -5.576521335550123300, 0.4022360223708762500 ) ) ;
#4608 = ORIENTED_EDGE ( 'NONE', *, *, #1738, .F. ) ;
#4609 = CARTESIAN_POINT ( 'NONE',  ( 2.499999999999998200, -6.050000000000004300, -1.035533905932739800 ) ) ;
#4610 = CARTESIAN_POINT ( 'NONE',  ( -1.035533905932741100, -1.950000000000002000, -2.499999999999996900 ) ) ;
#4611 = CARTESIAN_POINT ( 'NONE',  ( 1.400343491548886400, 0.5999999999999972000, 1.400343491548884800 ) ) ;
#4612 = ORIENTED_EDGE ( 'NONE', *, *, #1868, .T. ) ;
#4613 = CARTESIAN_POINT ( 'NONE',  ( -1.980384757729329000, -1.350000000000003200, -0.8203022253684462100 ) ) ;
#4614 = CARTESIAN_POINT ( 'NONE',  ( 1.980384757729328500, -0.1500000000000034400, 0.8203022253684436600 ) ) ;
#4615 = CARTESIAN_POINT ( 'NONE',  ( 2.499999999999998200, -2.050000000000004300, -1.035533905932739800 ) ) ;
#4616 = AXIS2_PLACEMENT_3D ( 'NONE', #2717, #1490, #612 ) ;
#4617 = CARTESIAN_POINT ( 'NONE',  ( -1.400343491548886600, -2.100000000000002800, 1.400343491548884400 ) ) ;
#4618 = CARTESIAN_POINT ( 'NONE',  ( -2.425271854633429100E-016, -1.900000000000003200, 1.980384757729327200 ) ) ;
#4619 = EDGE_CURVE ( 'NONE', #3151, #3843, #2928, .T. ) ;
#4620 = CARTESIAN_POINT ( 'NONE',  ( 1.341014026246981400, -2.562360515933515000, 1.573753277950148200 ) ) ;
#4621 = CARTESIAN_POINT ( 'NONE',  ( -2.499999999999998700, -4.950000000000001100, 1.035533905932735100 ) ) ;
#4622 = CARTESIAN_POINT ( 'NONE',  ( 0.8660254037844393700, 1.799999999999998700, 1.500000000000002400 ) ) ;
#4623 = CARTESIAN_POINT ( 'NONE',  ( 2.499999999999998200, 1.049999999999995400, 1.035533905932736600 ) ) ;
#4624 = CARTESIAN_POINT ( 'NONE',  ( 0.6346954596680862700, -2.894562735830679600, -2.314394137701175400 ) ) ;
#4625 = CARTESIAN_POINT ( 'NONE',  ( -3.061616997868381700E-016, -6.300000000000004300, 2.499999999999996900 ) ) ;
#4626 = CARTESIAN_POINT ( 'NONE',  ( 0.0000000000000000000, -3.000000000000001800, 3.000000000000000400 ) ) ;
#4627 = CARTESIAN_POINT ( 'NONE',  ( 1.980384757729328500, 2.349999999999996100, -0.8203022253684464400 ) ) ;
#4628 = EDGE_CURVE ( 'NONE', #2192, #2422, #1060, .T. ) ;
#4629 = ADVANCED_BREP_SHAPE_REPRESENTATION ( '5537T161_T-Slotted Framing', ( #136, #2500, #3741 ), #1563 ) ;
#4630 = CARTESIAN_POINT ( 'NONE',  ( -1.980384757729329000, -0.5500000000000036000, -0.8203022253684462100 ) ) ;
#4631 = CARTESIAN_POINT ( 'NONE',  ( 0.8660254037844393700, 1.999999999999998200, 1.500000000000002400 ) ) ;
#4632 = CARTESIAN_POINT ( 'NONE',  ( 0.0000000000000000000, 1.699999999999996600, -1.980384757729330500 ) ) ;
#4633 = PERSON_AND_ORGANIZATION ( #2839, #2792 ) ;
#4634 = CARTESIAN_POINT ( 'NONE',  ( 0.0000000000000000000, -4.300000000000004300, -2.500000000000000400 ) ) ;
#4635 = CARTESIAN_POINT ( 'NONE',  ( -1.980384757729329000, -2.150000000000002600, 0.8203022253684421100 ) ) ;
#4636 = CARTESIAN_POINT ( 'NONE',  ( -1.980384757729329000, -1.250000000000003100, 0.8203022253684421100 ) ) ;
#4637 = CARTESIAN_POINT ( 'NONE',  ( -2.499999999999998700, -0.1500000000000043000, -1.035533905932739300 ) ) ;
#4638 = CARTESIAN_POINT ( 'NONE',  ( -2.499999999999998700, -1.850000000000002100, -1.035533905932739300 ) ) ;
#4639 = CARTESIAN_POINT ( 'NONE',  ( -2.499999999999998700, -4.950000000000001100, 1.035533905932735100 ) ) ;
#4640 = CARTESIAN_POINT ( 'NONE',  ( 2.499999999999998200, 0.3499999999999962600, -1.035533905932739800 ) ) ;
#4641 = CARTESIAN_POINT ( 'NONE',  ( -0.3010940413867561100, -5.706432171579318300, -2.193567828420680800 ) ) ;
#4642 = CARTESIAN_POINT ( 'NONE',  ( -1.035533905932737100, -5.050000000000004300, -2.500000000000000400 ) ) ;
#4643 = FACE_OUTER_BOUND ( 'NONE', #1216, .T. ) ;
#4644 = CARTESIAN_POINT ( 'NONE',  ( -1.035533905932737100, -1.150000000000002100, -2.500000000000000400 ) ) ;
#4645 = CARTESIAN_POINT ( 'NONE',  ( 1.400343491548886800, -3.469446951953614200E-015, -1.400343491548887900 ) ) ;
#4646 = DIRECTION ( 'NONE',  ( 0.0000000000000000000, -0.0000000000000000000, -1.000000000000000000 ) ) ;
#4647 = FACE_OUTER_BOUND ( 'NONE', #2950, .T. ) ;
#4648 = CARTESIAN_POINT ( 'NONE',  ( -0.8203022253684441000, 0.1499999999999965000, -1.980384757729330500 ) ) ;
#4649 = CARTESIAN_POINT ( 'NONE',  ( -1.767766952966368000, -3.200000000000004600, 1.767766952966365800 ) ) ;
#4650 = CYLINDRICAL_SURFACE ( 'NONE', #384, 2.499999999999998200 ) ;
#4651 = CARTESIAN_POINT ( 'NONE',  ( -0.8203022253684443300, -2.850000000000002800, 1.980384757729327200 ) ) ;
#4652 = CARTESIAN_POINT ( 'NONE',  ( -1.400343491548886600, -1.200000000000003100, 1.400343491548884400 ) ) ;
#4653 = CARTESIAN_POINT ( 'NONE',  ( 1.448075147128097900, -2.556840252888134700, 1.468100323773791300 ) ) ;
#4654 = CARTESIAN_POINT ( 'NONE',  ( 2.499999999999998700, -1.400000000000001900, -1.399389746009179600E-015 ) ) ;
#4655 = DIRECTION ( 'NONE',  ( 0.0000000000000000000, 1.000000000000000000, -0.0000000000000000000 ) ) ;
#4656 = EDGE_CURVE ( 'NONE', #463, #2681, #3751, .T. ) ;
#4657 = VERTEX_POINT ( 'NONE', #2037 ) ;
#4658 = CARTESIAN_POINT ( 'NONE',  ( -1.534675543460799500, -5.656263390027538300, -1.643813557087421500 ) ) ;
#4659 = CARTESIAN_POINT ( 'NONE',  ( -1.035533905932737300, -5.550000000000004300, 2.499999999999996900 ) ) ;
#4660 = CARTESIAN_POINT ( 'NONE',  ( 1.732050807568879400, 4.799999999999998900, -5.421010862427522200E-016 ) ) ;
#4661 = CARTESIAN_POINT ( 'NONE',  ( 1.980384757729328500, -0.05000000000000317400, -0.8203022253684464400 ) ) ;
#4662 = CARTESIAN_POINT ( 'NONE',  ( -2.425271854633429100E-016, -6.000000000000002700, 1.980384757729327200 ) ) ;
#4663 = VERTEX_POINT ( 'NONE', #4092 ) ;
#4664 = ADVANCED_FACE ( 'NONE', ( #488 ), #4002, .T. ) ;
#4665 = CARTESIAN_POINT ( 'NONE',  ( 0.0000000000000000000, -2.700000000000004600, -2.500000000000000400 ) ) ;
#4666 = CARTESIAN_POINT ( 'NONE',  ( 1.980384757729328500, 2.249999999999996900, -0.8203022253684464400 ) ) ;
#4667 = CARTESIAN_POINT ( 'NONE',  ( 1.767766952966368400, 0.2999999999999981600, -1.767766952966369500 ) ) ;
#4668 = ORIENTED_EDGE ( 'NONE', *, *, #1529, .F. ) ;
#4669 = CARTESIAN_POINT ( 'NONE',  ( 2.499999999999998200, -2.850000000000004100, -1.035533905932739800 ) ) ;
#4670 = CARTESIAN_POINT ( 'NONE',  ( -0.8203022253684443300, -4.450000000000002800, 1.980384757729327200 ) ) ;
#4671 = CARTESIAN_POINT ( 'NONE',  ( 0.0000000000000000000, -3.900000000000003500, -1.980384757729330500 ) ) ;
#4672 = ORIENTED_EDGE ( 'NONE', *, *, #3981, .T. ) ;
#4673 = CARTESIAN_POINT ( 'NONE',  ( -3.061616997868381700E-016, -1.600000000000001600, 2.499999999999996900 ) ) ;
#4674 = CARTESIAN_POINT ( 'NONE',  ( 2.499999999999998700, -0.5000000000000038900, -1.399389746009179600E-015 ) ) ;
#4675 = CARTESIAN_POINT ( 'NONE',  ( 0.0000000000000000000, 1.999999999999998200, -3.838348900644196200E-032 ) ) ;
#4676 = CARTESIAN_POINT ( 'NONE',  ( -2.499999999999998700, -6.450000000000005500, 1.035533905932735100 ) ) ;
#4677 = CARTESIAN_POINT ( 'NONE',  ( 0.8203022253684436600, 2.149999999999997200, 1.980384757729327600 ) ) ;
#4678 = ORIENTED_EDGE ( 'NONE', *, *, #838, .F. ) ;
#4679 = CARTESIAN_POINT ( 'NONE',  ( 0.8203022253684436600, 1.349999999999997000, 1.980384757729327600 ) ) ;
#4680 = CARTESIAN_POINT ( 'NONE',  ( 2.499999999999998200, -1.350000000000004100, 1.035533905932736600 ) ) ;
#4681 = DIRECTION ( 'NONE',  ( 0.0000000000000000000, 3.469446951953616700E-016, -1.000000000000000000 ) ) ;
#4682 = CARTESIAN_POINT ( 'NONE',  ( 0.0000000000000000000, -3.000000000000001800, -1.734723475976807100E-015 ) ) ;
#4683 = CARTESIAN_POINT ( 'NONE',  ( -3.061616997868381700E-016, -4.700000000000004600, 2.499999999999996900 ) ) ;
#4684 = AXIS2_PLACEMENT_3D ( 'NONE', #265, #319, #4344 ) ;
#4685 = CARTESIAN_POINT ( 'NONE',  ( 0.8203022253684436600, -1.950000000000003100, 1.980384757729327600 ) ) ;
#4686 = CARTESIAN_POINT ( 'NONE',  ( -0.8203022253684444400, -1.950000000000003300, 1.980384757729327200 ) ) ;
#4687 = CARTESIAN_POINT ( 'NONE',  ( -2.499999999999998700, -2.600000000000001400, -2.011713145582856100E-015 ) ) ;
#4688 = CARTESIAN_POINT ( 'NONE',  ( 0.0000000000000000000, 4.799999999999998900, 1.732050807568879900 ) ) ;
#4689 = CARTESIAN_POINT ( 'NONE',  ( 2.499999999999998200, -3.850000000000001900, 1.035533905932736600 ) ) ;
#4690 = CARTESIAN_POINT ( 'NONE',  ( 1.767766952966368400, -2.100000000000001400, -1.767766952966369500 ) ) ;
#4691 = CIRCLE ( 'NONE', #4929, 1.732050807568879200 ) ;
#4692 = UNCERTAINTY_MEASURE_WITH_UNIT (LENGTH_MEASURE( 1.000000000000000100E-005 ), #4774, 'distance_accuracy_value', 'NONE');
#4693 = CARTESIAN_POINT ( 'NONE',  ( -2.171014074401322000, -2.770788226550053000, -0.6816717226528582500 ) ) ;
#4694 = CARTESIAN_POINT ( 'NONE',  ( 0.0000000000000000000, -1.600000000000002500, -1.980384757729330500 ) ) ;
#4695 = CARTESIAN_POINT ( 'NONE',  ( -1.980384757729329000, -5.400000000000003000, -1.979895888421108300E-015 ) ) ;
#4696 = CARTESIAN_POINT ( 'NONE',  ( -1.980384757729329000, -2.250000000000002700, -0.8203022253684462100 ) ) ;
#4697 = VECTOR ( 'NONE', #17, 1000.000000000000000 ) ;
#4698 = CARTESIAN_POINT ( 'NONE',  ( -2.499999999999998700, -1.700000000000004400, -2.011713145582856100E-015 ) ) ;
#4699 = FACE_OUTER_BOUND ( 'NONE', #1269, .T. ) ;
#4700 = ORIENTED_EDGE ( 'NONE', *, *, #1529, .T. ) ;
#4701 = CARTESIAN_POINT ( 'NONE',  ( 2.499999999999998200, -1.350000000000004100, 1.035533905932736600 ) ) ;
#4702 = CARTESIAN_POINT ( 'NONE',  ( 1.980384757729329000, -1.000000000000002700, -1.494841517494422500E-015 ) ) ;
#4703 = CARTESIAN_POINT ( 'NONE',  ( 1.400343491548886400, 0.5999999999999972000, 1.400343491548884800 ) ) ;
#4704 = CARTESIAN_POINT ( 'NONE',  ( 1.767766952966367800, -3.100000000000001400, 1.767766952966366400 ) ) ;
#4705 = FACE_OUTER_BOUND ( 'NONE', #2258, .T. ) ;
#4706 = DIRECTION ( 'NONE',  ( -0.0000000000000000000, -1.000000000000000000, -3.097720492815726700E-016 ) ) ;
#4707 = CARTESIAN_POINT ( 'NONE',  ( 2.499999999999998700, -3.000000000000001800, -1.399389746009179600E-015 ) ) ;
#4708 = CARTESIAN_POINT ( 'NONE',  ( -1.400343491548886600, -6.100000000000003200, 1.400343491548884400 ) ) ;
#4709 = CARTESIAN_POINT ( 'NONE',  ( 0.0000000000000000000, -2.000000000000001800, -2.500000000000000400 ) ) ;
#4710 = LINE ( 'NONE', #972, #234 ) ;
#4711 = CARTESIAN_POINT ( 'NONE',  ( -2.425271854633429100E-016, -2.800000000000002500, 1.980384757729327200 ) ) ;
#4712 = DIRECTION ( 'NONE',  ( 0.0000000000000000000, 1.000000000000000000, 3.097720492815721700E-016 ) ) ;
#4713 = CARTESIAN_POINT ( 'NONE',  ( 1.767766952966367800, -1.400000000000004600, 1.767766952966366400 ) ) ;
#4714 = ORIENTED_EDGE ( 'NONE', *, *, #1002, .F. ) ;
#4715 = CARTESIAN_POINT ( 'NONE',  ( 2.326828918379966900E-016, -6.000000000000000900, -1.899999999999998800 ) ) ;
#4716 = AXIS2_PLACEMENT_3D ( 'NONE', #1875, #243, #3075 ) ;
#4717 = CARTESIAN_POINT ( 'NONE',  ( 1.035533905932736900, 1.649999999999998600, 2.499999999999997300 ) ) ;
#4718 = CARTESIAN_POINT ( 'NONE',  ( -1.035533905932737100, -1.050000000000004000, -2.500000000000000400 ) ) ;
#4719 = CARTESIAN_POINT ( 'NONE',  ( 1.980384757729329000, 0.5999999999999972000, -1.494841517494422500E-015 ) ) ;
#4720 = CARTESIAN_POINT ( 'NONE',  ( 1.980384757729329000, -0.9000000000000032400, -1.494841517494422500E-015 ) ) ;
#4721 = ORIENTED_EDGE ( 'NONE', *, *, #3771, .F. ) ;
#4722 = CARTESIAN_POINT ( 'NONE',  ( 0.0000000000000000000, -0.4000000000000019100, -2.500000000000000400 ) ) ;
#4723 = CARTESIAN_POINT ( 'NONE',  ( 1.035533905932738900, -2.850000000000002800, -2.500000000000000400 ) ) ;
#4724 = CARTESIAN_POINT ( 'NONE',  ( 0.0000000000000000000, -3.600000000000001400, -2.500000000000000400 ) ) ;
#4725 = EDGE_CURVE ( 'NONE', #5104, #2745, #734, .T. ) ;
#4726 = DIRECTION ( 'NONE',  ( 0.0000000000000000000, 3.469446951953616700E-016, -1.000000000000000000 ) ) ;
#4727 = CARTESIAN_POINT ( 'NONE',  ( 1.767766952966367800, -2.300000000000001600, 1.767766952966366400 ) ) ;
#4728 = ORIENTED_EDGE ( 'NONE', *, *, #172, .F. ) ;
#4729 = CARTESIAN_POINT ( 'NONE',  ( -1.943295516451526200, -2.792124290082003100, -1.224375321340176900 ) ) ;
#4730 = CARTESIAN_POINT ( 'NONE',  ( 1.162573365231579500, -2.480384757729334800, -1.603230164106445900 ) ) ;
#4731 = CARTESIAN_POINT ( 'NONE',  ( -1.980384757729329000, -3.750000000000002700, 0.8203022253684421100 ) ) ;
#4732 = ORIENTED_EDGE ( 'NONE', *, *, #4565, .T. ) ;
#4733 = CARTESIAN_POINT ( 'NONE',  ( -3.061616997868381700E-016, -2.400000000000001700, 2.499999999999996900 ) ) ;
#4734 = CARTESIAN_POINT ( 'NONE',  ( -1.767766952966368000, -0.8000000000000047100, 1.767766952966365800 ) ) ;
#4735 = CARTESIAN_POINT ( 'NONE',  ( -3.061616997868381700E-016, -2.300000000000004300, 2.499999999999996900 ) ) ;
#4736 = EDGE_LOOP ( 'NONE', ( #1862, #2206 ) ) ;
#4737 = CARTESIAN_POINT ( 'NONE',  ( -1.767766952966368000, -4.336808689942017700E-015, 1.767766952966365800 ) ) ;
#4738 = CARTESIAN_POINT ( 'NONE',  ( -1.980384757729329000, 0.2499999999999976100, 0.8203022253684421100 ) ) ;
#4739 = CARTESIAN_POINT ( 'NONE',  ( -0.8203022253684444400, -0.3500000000000030900, 1.980384757729327200 ) ) ;
#4740 = CARTESIAN_POINT ( 'NONE',  ( 1.035533905932738900, 0.3499999999999987600, -2.500000000000000400 ) ) ;
#4741 = CARTESIAN_POINT ( 'NONE',  ( 1.035533905932736600, -3.150000000000001700, 2.499999999999997300 ) ) ;
#4742 = APPROVAL_ROLE ( '' ) ;
#4743 = CARTESIAN_POINT ( 'NONE',  ( -2.499999999999998700, -2.550000000000001600, 1.035533905932735100 ) ) ;
#4744 = CARTESIAN_POINT ( 'NONE',  ( 0.0000000000000000000, 1.999999999999998200, -2.500000000000000400 ) ) ;
#4745 = CARTESIAN_POINT ( 'NONE',  ( 1.400343491548886800, -2.500000000000002700, -1.400343491548887900 ) ) ;
#4746 = CARTESIAN_POINT ( 'NONE',  ( 0.0000000000000000000, -3.500000000000004400, -2.500000000000000400 ) ) ;
#4747 = CARTESIAN_POINT ( 'NONE',  ( -1.400343491548886600, -6.100000000000003200, 1.400343491548884400 ) ) ;
#4748 = CARTESIAN_POINT ( 'NONE',  ( 1.980384757729328500, -5.750000000000002700, 0.8203022253684436600 ) ) ;
#4749 = CARTESIAN_POINT ( 'NONE',  ( 1.035533905932738900, -1.250000000000002000, -2.500000000000000400 ) ) ;
#4750 = ADVANCED_FACE ( 'NONE', ( #1584 ), #481, .F. ) ;
#4751 = CARTESIAN_POINT ( 'NONE',  ( -2.499999999999998700, -0.1500000000000042700, -1.035533905932739300 ) ) ;
#4752 = CARTESIAN_POINT ( 'NONE',  ( 0.0000000000000000000, 0.7999999999999977100, -1.980384757729330500 ) ) ;
#4753 = CARTESIAN_POINT ( 'NONE',  ( -1.980384757729329000, 1.899999999999997200, -1.979895888421108300E-015 ) ) ;
#4754 = EDGE_CURVE ( 'NONE', #3160, #934, #1633, .T. ) ;
#4755 = CALENDAR_DATE ( 2023, 31, 5 ) ;
#4756 = CARTESIAN_POINT ( 'NONE',  ( 1.767766952966368400, 1.099999999999998500, -1.767766952966369500 ) ) ;
#4757 = CARTESIAN_POINT ( 'NONE',  ( 2.499999999999998200, -3.850000000000002300, 1.035533905932736600 ) ) ;
#4758 = CARTESIAN_POINT ( 'NONE',  ( 1.980384757729329000, -5.000000000000002700, -1.494841517494422500E-015 ) ) ;
#4759 = CARTESIAN_POINT ( 'NONE',  ( -1.958731062193818300, -2.707214102637673900, 1.027960262650890600 ) ) ;
#4760 = CIRCLE ( 'NONE', #1172, 2.499999999999998700 ) ;
#4761 = CARTESIAN_POINT ( 'NONE',  ( 2.499999999999998700, -5.300000000000004300, -1.399389746009179600E-015 ) ) ;
#4762 = EDGE_CURVE ( 'NONE', #463, #4989, #5205, .T. ) ;
#4763 = CARTESIAN_POINT ( 'NONE',  ( 0.8203022253684436600, -4.350000000000003200, 1.980384757729327600 ) ) ;
#4764 = VECTOR ( 'NONE', #3211, 1000.000000000000000 ) ;
#4765 = CARTESIAN_POINT ( 'NONE',  ( 1.595196451512796800, 4.674804642854934600, -0.2370386979262565900 ) ) ;
#4766 = CARTESIAN_POINT ( 'NONE',  ( 1.980384757729328500, -3.250000000000003600, -0.8203022253684464400 ) ) ;
#4767 = CARTESIAN_POINT ( 'NONE',  ( -2.499999999999998700, -0.9000000000000041300, -2.011713145582856100E-015 ) ) ;
#4768 = DIRECTION ( 'NONE',  ( -0.0000000000000000000, -1.000000000000000000, -3.097720492815726700E-016 ) ) ;
#4769 = CARTESIAN_POINT ( 'NONE',  ( -0.8203022253684441000, 0.8499999999999974200, -1.980384757729330500 ) ) ;
#4770 = CARTESIAN_POINT ( 'NONE',  ( 1.400343491548886400, 2.199999999999997100, 1.400343491548884800 ) ) ;
#4771 = CARTESIAN_POINT ( 'NONE',  ( 1.767766952966367800, -0.7000000000000018400, 1.767766952966366400 ) ) ;
#4772 = CARTESIAN_POINT ( 'NONE',  ( -3.061616997868381700E-016, 1.599999999999998100, 2.499999999999996900 ) ) ;
#4773 = FACE_OUTER_BOUND ( 'NONE', #4983, .T. ) ;
#4774 =( LENGTH_UNIT ( ) NAMED_UNIT ( * ) SI_UNIT ( .MILLI., .METRE. ) );
#4775 = CARTESIAN_POINT ( 'NONE',  ( -1.980384757729329000, -3.850000000000003600, -0.8203022253684462100 ) ) ;
#4776 = ADVANCED_FACE ( 'NONE', ( #2351 ), #1839, .T. ) ;
#4777 = CARTESIAN_POINT ( 'NONE',  ( 0.0000000000000000000, 1.999999999999999600, -4.599999999999999600 ) ) ;
#4778 = CARTESIAN_POINT ( 'NONE',  ( 1.980384757729328500, -0.9500000000000029500, -0.8203022253684464400 ) ) ;
#4779 = EDGE_LOOP ( 'NONE', ( #1562, #958 ) ) ;
#4780 = DIRECTION ( 'NONE',  ( -0.0000000000000000000, 1.000000000000000000, -0.0000000000000000000 ) ) ;
#4781 = CARTESIAN_POINT ( 'NONE',  ( -0.8203022253684444400, -5.250000000000002700, 1.980384757729327200 ) ) ;
#4782 = CARTESIAN_POINT ( 'NONE',  ( -1.980384757729329000, -2.950000000000003700, -0.8203022253684462100 ) ) ;
#4783 = CARTESIAN_POINT ( 'NONE',  ( 0.0000000000000000000, 1.999999999999998200, 0.0000000000000000000 ) ) ;
#4784 = EDGE_CURVE ( 'NONE', #3534, #2765, #1651, .T. ) ;
#4785 = ORIENTED_EDGE ( 'NONE', *, *, #3133, .F. ) ;
#4786 = DIRECTION ( 'NONE',  ( -0.4999999999999993300, 0.0000000000000000000, 0.8660254037844389300 ) ) ;
#4787 = ORIENTED_EDGE ( 'NONE', *, *, #1116, .T. ) ;
#4788 = CARTESIAN_POINT ( 'NONE',  ( -1.035533905932737300, -0.05000000000000143200, 2.499999999999996900 ) ) ;
#4789 = CARTESIAN_POINT ( 'NONE',  ( -3.061616997868381700E-016, -1.734723475976807100E-015, 2.499999999999996900 ) ) ;
#4790 = EDGE_CURVE ( 'NONE', #2700, #2378, #5080, .T. ) ;
#4791 = CARTESIAN_POINT ( 'NONE',  ( -1.980384757729329000, -5.350000000000002300, 0.8203022253684421100 ) ) ;
#4792 = CARTESIAN_POINT ( 'NONE',  ( 0.0000000000000000000, 1.199999999999998800, -2.500000000000000400 ) ) ;
#4793 = DIRECTION ( 'NONE',  ( -0.0000000000000000000, -1.000000000000000000, -3.097720492815726700E-016 ) ) ;
#4794 = ORIENTED_EDGE ( 'NONE', *, *, #4387, .T. ) ;
#4795 = CARTESIAN_POINT ( 'NONE',  ( 1.980384757729328500, -1.750000000000002400, -0.8203022253684464400 ) ) ;
#4796 = CARTESIAN_POINT ( 'NONE',  ( -2.279721286982848000, -0.03064098817303309200, 0.9776257400096537400 ) ) ;
#4797 = ORIENTED_EDGE ( 'NONE', *, *, #1836, .T. ) ;
#4798 = CARTESIAN_POINT ( 'NONE',  ( -2.425271854633429100E-016, -4.300000000000003400, 1.980384757729327200 ) ) ;
#4799 = CARTESIAN_POINT ( 'NONE',  ( 1.732050807568878700, 1.799999999999998700, -2.478176394252586100E-016 ) ) ;
#4800 = B_SPLINE_CURVE_WITH_KNOTS ( 'NONE', 3,
 ( #2347, #3980, #1143, #250, #666, #321, #5253, #4412, #2818, #2400, #2838, #1590, #372, #2416, #3249, #3599, #772, #1560 ),
 .UNSPECIFIED., .F., .F.,
 ( 4, 2, 2, 2, 2, 2, 2, 2, 4 ),
 ( 4.848699518061080300E-019, 0.0004902406110223729700, 0.0009804812220447455000, 0.001470721833067117800, 0.001960962444089490600, 0.002451203055111863700, 0.002941443666134235600, 0.003431684277156608400, 0.003921924888178982000 ),
 .UNSPECIFIED. ) ;
#4801 = ADVANCED_FACE ( 'NONE', ( #4504 ), #4210, .F. ) ;
#4802 = ORIENTED_EDGE ( 'NONE', *, *, #1323, .T. ) ;
#4803 = CARTESIAN_POINT ( 'NONE',  ( 0.8203022253684454400, -4.750000000000003600, -1.980384757729330100 ) ) ;
#4804 = CARTESIAN_POINT ( 'NONE',  ( 2.499999999999998700, -0.6000000000000015300, -1.399389746009179600E-015 ) ) ;
#4805 = CARTESIAN_POINT ( 'NONE',  ( 1.035533905932736900, -3.050000000000005600, 2.499999999999997300 ) ) ;
#4806 = CARTESIAN_POINT ( 'NONE',  ( -1.400343491548886600, -2.900000000000003000, 1.400343491548884400 ) ) ;
#4807 = DIRECTION ( 'NONE',  ( 0.0000000000000000000, 0.7071067811865490200, 0.7071067811865460200 ) ) ;
#4808 = CARTESIAN_POINT ( 'NONE',  ( 1.767766952966367800, -4.700000000000002000, 1.767766952966366400 ) ) ;
#4809 = CARTESIAN_POINT ( 'NONE',  ( -2.425271854633429100E-016, -1.200000000000002200, 1.980384757729327200 ) ) ;
#4810 = PERSON_AND_ORGANIZATION ( #2839, #2792 ) ;
#4811 = CARTESIAN_POINT ( 'NONE',  ( 0.0000000000000000000, -0.4000000000000019100, -2.500000000000000400 ) ) ;
#4812 = CARTESIAN_POINT ( 'NONE',  ( 0.8203022253684436600, -5.150000000000002100, 1.980384757729327600 ) ) ;
#4813 = CARTESIAN_POINT ( 'NONE',  ( -1.400343491548886600, -3.600000000000003200, 1.400343491548884400 ) ) ;
#4814 = DIRECTION ( 'NONE',  ( 0.8660254037844388200, 0.0000000000000000000, 0.4999999999999997200 ) ) ;
#4815 = VECTOR ( 'NONE', #1043, 1000.000000000000000 ) ;
#4816 =( BOUNDED_CURVE ( )  B_SPLINE_CURVE ( 2, ( #3047, #583, #4264, #1030, #1495, #1012, #3452, #990, #2261 ),
 .UNSPECIFIED., .F., .F. ) 
 B_SPLINE_CURVE_WITH_KNOTS ( ( 3, 2, 2, 2, 3 ),
 ( 0.6818181818181818800, 0.6931818181818181200, 0.7045454545454545900, 0.7159090909090908300, 0.7272727272727272900 ),
 .UNSPECIFIED. ) 
 CURVE ( )  GEOMETRIC_REPRESENTATION_ITEM ( )  RATIONAL_B_SPLINE_CURVE ( ( 1.000000000000000000, 0.9238795325112867400, 1.000000000000000000, 0.9238795325112867400, 1.000000000000000000, 0.9238795325112867400, 1.000000000000000000, 0.9238795325112867400, 1.000000000000000000 ) ) 
 REPRESENTATION_ITEM ( '' )  );
#4817 = CARTESIAN_POINT ( 'NONE',  ( 0.7320312570727411900, 4.733002926644150700, 1.500000000000002200 ) ) ;
#4818 = CARTESIAN_POINT ( 'NONE',  ( -1.400343491548886400, -5.400000000000003900, -1.400343491548888400 ) ) ;
#4819 = EDGE_CURVE ( 'NONE', #458, #4288, #4377, .T. ) ;
#4820 = CARTESIAN_POINT ( 'NONE',  ( 0.8203022253684454400, -4.050000000000003400, -1.980384757729330100 ) ) ;
#4821 = CARTESIAN_POINT ( 'NONE',  ( -0.8203022253684444400, -4.350000000000003200, 1.980384757729327200 ) ) ;
#4822 = CARTESIAN_POINT ( 'NONE',  ( 1.035533905932738900, 1.149999999999998400, -2.500000000000000400 ) ) ;
#4823 = CARTESIAN_POINT ( 'NONE',  ( -2.425271854633429100E-016, -4.400000000000003000, 1.980384757729327200 ) ) ;
#4824 = CARTESIAN_POINT ( 'NONE',  ( 1.767766952966368400, 0.3999999999999958600, -1.767766952966369500 ) ) ;
#4825 = CARTESIAN_POINT ( 'NONE',  ( 1.542049321871969100, -2.480384757729368100, -1.249282928965620900 ) ) ;
#4826 = CARTESIAN_POINT ( 'NONE',  ( -2.425271854633429100E-016, 0.3999999999999975800, 1.980384757729327200 ) ) ;
#4827 = CARTESIAN_POINT ( 'NONE',  ( 0.7001918375964317800, -0.2150917797838407000, -2.179671362814284300 ) ) ;
#4828 = CARTESIAN_POINT ( 'NONE',  ( -1.980384757729329000, -3.050000000000002900, -0.8203022253684462100 ) ) ;
#4829 = CARTESIAN_POINT ( 'NONE',  ( 0.8203022253684436600, -5.050000000000002500, 1.980384757729327600 ) ) ;
#4830 = FACE_OUTER_BOUND ( 'NONE', #4736, .T. ) ;
#4831 = CARTESIAN_POINT ( 'NONE',  ( -1.376235154422047500, 4.568274169600322000, 0.6162907893786175900 ) ) ;
#4832 = PRODUCT ( '5537T161_T-Slotted Framing', '5537T161_T-Slotted Framing', '', ( #677 ) ) ;
#4833 = CARTESIAN_POINT ( 'NONE',  ( -2.499999999999998700, 0.5999999999999980900, -2.011713145582856100E-015 ) ) ;
#4834 = PLANE ( 'NONE',  #3837 ) ;
#4835 = CARTESIAN_POINT ( 'NONE',  ( 1.400343491548886800, -5.600000000000003200, -1.400343491548887900 ) ) ;
#4836 = ORIENTED_EDGE ( 'NONE', *, *, #831, .T. ) ;
#4837 = CARTESIAN_POINT ( 'NONE',  ( 0.0000000000000000000, -2.400000000000003000, -1.980384757729330500 ) ) ;
#4838 = CARTESIAN_POINT ( 'NONE',  ( 2.499999999999998200, 2.549999999999998500, 1.035533905932736600 ) ) ;
#4839 = CARTESIAN_POINT ( 'NONE',  ( -2.499999999999998700, -0.1500000000000017400, 1.035533905932735100 ) ) ;
#4840 = CARTESIAN_POINT ( 'NONE',  ( -1.980384757729329000, 0.9999999999999974500, -1.979895888421108300E-015 ) ) ;
#4841 = ORIENTED_EDGE ( 'NONE', *, *, #310, .T. ) ;
#4842 = AXIS2_PLACEMENT_3D ( 'NONE', #3893, #5086, #1861 ) ;
#4843 = DIRECTION ( 'NONE',  ( 0.0000000000000000000, 1.000000000000000000, -0.0000000000000000000 ) ) ;
#4844 = CARTESIAN_POINT ( 'NONE',  ( -0.8203022253684443300, -1.950000000000003100, 1.980384757729327200 ) ) ;
#4845 = CARTESIAN_POINT ( 'NONE',  ( 1.980384757729328500, 0.6499999999999978000, -0.8203022253684464400 ) ) ;
#4846 = CARTESIAN_POINT ( 'NONE',  ( -1.767766952966367800, 1.399999999999995000, -1.767766952966370000 ) ) ;
#4847 = VERTEX_POINT ( 'NONE', #5002 ) ;
#4848 = CARTESIAN_POINT ( 'NONE',  ( 1.755392588258919900, -0.3671983513732038900, 1.244460798029413800 ) ) ;
#4849 = CARTESIAN_POINT ( 'NONE',  ( 1.400343491548886800, -3.300000000000002500, -1.400343491548887900 ) ) ;
#4850 = CARTESIAN_POINT ( 'NONE',  ( -1.400343491548886400, -1.400000000000003700, -1.400343491548888400 ) ) ;
#4851 = CARTESIAN_POINT ( 'NONE',  ( 2.027192155871620800, -5.824758732069201800, -0.4949820422190952500 ) ) ;
#4852 = CARTESIAN_POINT ( 'NONE',  ( 1.400343491548886800, -4.000000000000003600, -1.400343491548887900 ) ) ;
#4853 = EDGE_CURVE ( 'NONE', #2445, #2493, #4253, .T. ) ;
#4854 = ORIENTED_EDGE ( 'NONE', *, *, #4074, .F. ) ;
#4855 = CARTESIAN_POINT ( 'NONE',  ( -3.061616997868381700E-016, -1.600000000000001600, 2.499999999999996900 ) ) ;
#4856 = CARTESIAN_POINT ( 'NONE',  ( 0.8203022253684455500, -5.550000000000003400, -1.980384757729330100 ) ) ;
#4857 = CARTESIAN_POINT ( 'NONE',  ( -1.400343491548886400, -2.300000000000002500, -1.400343491548888400 ) ) ;
#4858 = CARTESIAN_POINT ( 'NONE',  ( 0.0000000000000000000, -4.700000000000003700, -1.980384757729330500 ) ) ;
#4859 = ORIENTED_EDGE ( 'NONE', *, *, #2317, .T. ) ;
#4860 = CARTESIAN_POINT ( 'NONE',  ( 1.400343491548886400, -5.800000000000003400, 1.400343491548884800 ) ) ;
#4861 = CARTESIAN_POINT ( 'NONE',  ( -0.8203022253684444400, -2.050000000000002000, 1.980384757729327200 ) ) ;
#4862 = CARTESIAN_POINT ( 'NONE',  ( -2.499999999999998700, -0.2000000000000014000, -2.011713145582856100E-015 ) ) ;
#4863 = VERTEX_POINT ( 'NONE', #5040 ) ;
#4864 = CARTESIAN_POINT ( 'NONE',  ( -3.061616997868381700E-016, -2.300000000000004300, 2.499999999999996900 ) ) ;
#4865 = CARTESIAN_POINT ( 'NONE',  ( -0.8203022253684441000, -3.950000000000003300, -1.980384757729330500 ) ) ;
#4866 = CARTESIAN_POINT ( 'NONE',  ( 0.8203022253684454400, -2.350000000000003200, -1.980384757729330100 ) ) ;
#4867 = DIRECTION ( 'NONE',  ( 0.0000000000000000000, -4.565061778886342900E-016, 1.000000000000000000 ) ) ;
#4868 = CARTESIAN_POINT ( 'NONE',  ( 0.0000000000000000000, -5.500000000000003600, -1.980384757729330500 ) ) ;
#4869 = DIRECTION ( 'NONE',  ( -0.0000000000000000000, 1.000000000000000000, -0.0000000000000000000 ) ) ;
#4870 = CARTESIAN_POINT ( 'NONE',  ( -1.767766952966368000, -1.700000000000002000, 1.767766952966365800 ) ) ;
#4871 = CARTESIAN_POINT ( 'NONE',  ( 1.980384757729329000, -1.700000000000003500, -1.494841517494422500E-015 ) ) ;
#4872 = CARTESIAN_POINT ( 'NONE',  ( -1.400343491548886600, -3.700000000000002800, 1.400343491548884400 ) ) ;
#4873 = CARTESIAN_POINT ( 'NONE',  ( -0.8203022253684441000, -6.250000000000003600, -1.980384757729330500 ) ) ;
#4874 = CARTESIAN_POINT ( 'NONE',  ( 2.499999999999998700, 2.599999999999998300, -1.399389746009179600E-015 ) ) ;
#4875 = CARTESIAN_POINT ( 'NONE',  ( -1.980384757729329000, 0.2499999999999976100, 0.8203022253684421100 ) ) ;
#4876 = ADVANCED_FACE ( 'NONE', ( #2985 ), #416, .T. ) ;
#4877 = DIRECTION ( 'NONE',  ( -0.0000000000000000000, -1.000000000000000000, -3.097720492815726700E-016 ) ) ;
#4878 = SHAPE_DEFINITION_REPRESENTATION ( #2940, #4629 ) ;
#4879 = CARTESIAN_POINT ( 'NONE',  ( -1.980384757729329000, -2.100000000000002800, -1.979895888421108300E-015 ) ) ;
#4880 = PLANE ( 'NONE',  #5123 ) ;
#4881 = CARTESIAN_POINT ( 'NONE',  ( -2.499999999999998700, 1.449999999999996400, -1.035533905932739300 ) ) ;
#4882 = EDGE_CURVE ( 'NONE', #4539, #2250, #1396, .T. ) ;
#4883 = CARTESIAN_POINT ( 'NONE',  ( 1.035533905932738900, -1.950000000000004600, -2.500000000000000400 ) ) ;
#4884 = DIRECTION ( 'NONE',  ( -0.4999999999999993300, -2.682704640602071100E-016, 0.8660254037844389300 ) ) ;
#4885 = CYLINDRICAL_SURFACE ( 'NONE', #263, 6.083333333333328600 ) ;
#4886 = ORIENTED_EDGE ( 'NONE', *, *, #4518, .T. ) ;
#4887 = CARTESIAN_POINT ( 'NONE',  ( 1.980384757729328500, -2.550000000000002900, -0.8203022253684464400 ) ) ;
#4888 = CARTESIAN_POINT ( 'NONE',  ( 0.8203022253684436600, 0.5499999999999966000, 1.980384757729327600 ) ) ;
#4889 = CARTESIAN_POINT ( 'NONE',  ( -1.400343491548886400, 1.699999999999996600, -1.400343491548888400 ) ) ;
#4890 = CARTESIAN_POINT ( 'NONE',  ( 0.8203022253684436600, -4.250000000000003600, 1.980384757729327600 ) ) ;
#4891 = VERTEX_POINT ( 'NONE', #4379 ) ;
#4892 = FACE_OUTER_BOUND ( 'NONE', #3637, .T. ) ;
#4893 = CARTESIAN_POINT ( 'NONE',  ( 0.0000000000000000000, -2.000000000000001800, -2.500000000000000400 ) ) ;
#4894 = CARTESIAN_POINT ( 'NONE',  ( 0.8203022253684455500, -3.150000000000003500, -1.980384757729330100 ) ) ;
#4895 = EDGE_CURVE ( 'NONE', #3148, #4238, #1969, .T. ) ;
#4896 = CARTESIAN_POINT ( 'NONE',  ( 1.980384757729328500, -4.150000000000003000, -0.8203022253684464400 ) ) ;
#4897 = CARTESIAN_POINT ( 'NONE',  ( 1.400343491548886800, -1.600000000000003400, -1.400343491548887900 ) ) ;
#4898 = CARTESIAN_POINT ( 'NONE',  ( -1.035533905932737300, 2.349999999999997900, 2.499999999999996900 ) ) ;
#4899 = LINE ( 'NONE', #4142, #1413 ) ;
#4900 = CARTESIAN_POINT ( 'NONE',  ( -2.425271854633429100E-016, -0.4000000000000028000, 1.980384757729327200 ) ) ;
#4901 = CARTESIAN_POINT ( 'NONE',  ( 0.0000000000000000000, -2.000000000000001800, 3.000000000000000400 ) ) ;
#4902 = CARTESIAN_POINT ( 'NONE',  ( -1.767766952966367800, -0.3000000000000016500, -1.767766952966370000 ) ) ;
#4903 = ORIENTED_EDGE ( 'NONE', *, *, #3743, .F. ) ;
#4904 = DIRECTION ( 'NONE',  ( 0.0000000000000000000, 0.0000000000000000000, -1.000000000000000000 ) ) ;
#4905 = CARTESIAN_POINT ( 'NONE',  ( -1.035533905932737100, -1.050000000000004000, -2.500000000000000400 ) ) ;
#4906 = CARTESIAN_POINT ( 'NONE',  ( -0.3224041853933832800, -0.03800181621032659000, 2.446105062268210800 ) ) ;
#4907 = CARTESIAN_POINT ( 'NONE',  ( 1.980384757729328500, -3.450000000000003300, 0.8203022253684436600 ) ) ;
#4908 = CARTESIAN_POINT ( 'NONE',  ( -1.980384757729329000, -2.150000000000003500, -0.8203022253684462100 ) ) ;
#4909 = B_SPLINE_CURVE_WITH_KNOTS ( 'NONE', 3,
 ( #1609, #3269, #355, #4462, #3994, #738, #5204, #1210, #1973, #3231, #3631, #4851, #3650, #335, #3196, #4059, #3214, #2045, #753, #2462 ),
 .UNSPECIFIED., .F., .F.,
 ( 4, 2, 2, 2, 2, 2, 2, 2, 2, 4 ),
 ( 0.009159049251926756200, 0.009809940979023254500, 0.01046083270611975100, 0.01078627856966800000, 0.01111172443321624900, 0.01176261616031274600, 0.01241350788740924600, 0.01306439961450574400, 0.01371529134160224200, 0.01436618306869874100 ),
 .UNSPECIFIED. ) ;
#4910 = CARTESIAN_POINT ( 'NONE',  ( 1.980384757729329000, -4.100000000000003200, -1.494841517494422500E-015 ) ) ;
#4911 = VERTEX_POINT ( 'NONE', #283 ) ;
#4912 = ADVANCED_FACE ( 'NONE', ( #3878 ), #5188, .T. ) ;
#4913 = CARTESIAN_POINT ( 'NONE',  ( -0.5905633032856539800, 4.674035941465107600, -1.499999999999999600 ) ) ;
#4914 = CARTESIAN_POINT ( 'NONE',  ( -0.8203022253684443300, -1.950000000000003100, 1.980384757729327200 ) ) ;
#4915 = CARTESIAN_POINT ( 'NONE',  ( -0.8203022253684441000, -0.7500000000000023300, -1.980384757729330500 ) ) ;
#4916 = ORIENTED_EDGE ( 'NONE', *, *, #5129, .T. ) ;
#4917 = CARTESIAN_POINT ( 'NONE',  ( 0.0000000000000000000, -3.100000000000003200, -1.980384757729330500 ) ) ;
#4918 = CARTESIAN_POINT ( 'NONE',  ( 0.0000000000000000000, 1.999999999999998200, -2.500000000000000400 ) ) ;
#4919 = CARTESIAN_POINT ( 'NONE',  ( -0.8203022253684441000, -1.550000000000002700, -1.980384757729330500 ) ) ;
#4920 = CARTESIAN_POINT ( 'NONE',  ( -0.1590772557848814900, -0.4497026919906534900, 2.050297308009342500 ) ) ;
#4921 = ORIENTED_EDGE ( 'NONE', *, *, #2191, .F. ) ;
#4922 = CARTESIAN_POINT ( 'NONE',  ( -3.061616997868381700E-016, 0.8999999999999954700, 2.499999999999996900 ) ) ;
#4923 = CARTESIAN_POINT ( 'NONE',  ( -2.499999999999998700, -0.8500000000000045300, 1.035533905932735100 ) ) ;
#4924 = CARTESIAN_POINT ( 'NONE',  ( -2.499999999999998700, 1.449999999999998200, 1.035533905932735100 ) ) ;
#4925 = ORIENTED_EDGE ( 'NONE', *, *, #3540, .T. ) ;
#4926 = CARTESIAN_POINT ( 'NONE',  ( -1.980384757729329000, -0.5500000000000028200, 0.8203022253684421100 ) ) ;
#4927 = CARTESIAN_POINT ( 'NONE',  ( 0.8203022253684454400, -0.7500000000000032200, -1.980384757729330100 ) ) ;
#4928 = DIRECTION ( 'NONE',  ( 0.0000000000000000000, 1.000000000000000000, 0.0000000000000000000 ) ) ;
#4929 = AXIS2_PLACEMENT_3D ( 'NONE', #5132, #981, #593 ) ;
#4930 = CARTESIAN_POINT ( 'NONE',  ( 1.980384757729328500, -3.250000000000003600, -0.8203022253684464400 ) ) ;
#4931 = EDGE_CURVE ( 'NONE', #4353, #5163, #3690, .T. ) ;
#4932 = CARTESIAN_POINT ( 'NONE',  ( 0.8203022253684455500, -3.950000000000003700, -1.980384757729330100 ) ) ;
#4933 = CARTESIAN_POINT ( 'NONE',  ( 1.400343491548886800, -1.700000000000002600, -1.400343491548887900 ) ) ;
#4934 = CARTESIAN_POINT ( 'NONE',  ( -0.8203022253684444400, -2.750000000000003100, 1.980384757729327200 ) ) ;
#4935 = CARTESIAN_POINT ( 'NONE',  ( 2.499999999999998200, -5.350000000000004100, 1.035533905932736600 ) ) ;
#4936 = ADVANCED_FACE ( 'NONE', ( #2614 ), #4240, .F. ) ;
#4937 = CARTESIAN_POINT ( 'NONE',  ( -1.400343491548886400, -4.700000000000002800, -1.400343491548888400 ) ) ;
#4938 = CARTESIAN_POINT ( 'NONE',  ( 2.499999999999998700, -1.300000000000004300, -1.399389746009179600E-015 ) ) ;
#4939 = CARTESIAN_POINT ( 'NONE',  ( -0.8203022253684441000, 1.649999999999997000, -1.980384757729330500 ) ) ;
#4940 = CARTESIAN_POINT ( 'NONE',  ( 0.0000000000000000000, -2.700000000000004600, -2.500000000000000400 ) ) ;
#4941 = CARTESIAN_POINT ( 'NONE',  ( -1.035533905932737300, -2.350000000000004100, 2.499999999999996900 ) ) ;
#4942 = CARTESIAN_POINT ( 'NONE',  ( -1.955718431022342300, -0.5196152422715926100, -0.3115914106745608100 ) ) ;
#4943 = CARTESIAN_POINT ( 'NONE',  ( -1.400343491548886600, 1.899999999999997200, 1.400343491548884400 ) ) ;
#4944 = CARTESIAN_POINT ( 'NONE',  ( -0.8203022253684444400, 2.049999999999996300, 1.980384757729327200 ) ) ;
#4945 = CARTESIAN_POINT ( 'NONE',  ( 0.0000000000000000000, 0.1999999999999940200, 0.0000000000000000000 ) ) ;
#4946 = CARTESIAN_POINT ( 'NONE',  ( -0.8203022253684441000, -0.6500000000000030200, -1.980384757729330500 ) ) ;
#4947 = FACE_OUTER_BOUND ( 'NONE', #1037, .T. ) ;
#4948 = CARTESIAN_POINT ( 'NONE',  ( 0.0000000000000000000, -2.300000000000003400, -1.980384757729330500 ) ) ;
#4949 = CARTESIAN_POINT ( 'NONE',  ( -1.400343491548886400, 0.8999999999999971400, -1.400343491548888400 ) ) ;
#4950 = CARTESIAN_POINT ( 'NONE',  ( -1.980384757729329000, -1.300000000000003400, -1.979895888421108300E-015 ) ) ;
#4951 = VECTOR ( 'NONE', #1639, 1000.000000000000000 ) ;
#4952 = CARTESIAN_POINT ( 'NONE',  ( -2.499999999999998700, -6.450000000000005500, 1.035533905932735100 ) ) ;
#4953 = CARTESIAN_POINT ( 'NONE',  ( -1.980384757729329000, -5.350000000000002300, 0.8203022253684421100 ) ) ;
#4954 = CARTESIAN_POINT ( 'NONE',  ( 1.400343491548886400, -1.000000000000003600, 1.400343491548884800 ) ) ;
#4955 = LINE ( 'NONE', #3006, #4440 ) ;
#4956 = CARTESIAN_POINT ( 'NONE',  ( -2.499999999999998700, -0.8500000000000046400, 1.035533905932735100 ) ) ;
#4957 = CARTESIAN_POINT ( 'NONE',  ( -3.061616997868381700E-016, -2.300000000000004300, 2.499999999999996900 ) ) ;
#4958 = CARTESIAN_POINT ( 'NONE',  ( -1.817491338048054200, -0.2876708260820665700, 1.271820500931541500 ) ) ;
#4959 = CARTESIAN_POINT ( 'NONE',  ( 1.980384757729329000, -0.2000000000000022600, -1.494841517494422500E-015 ) ) ;
#4960 = CARTESIAN_POINT ( 'NONE',  ( -0.8203022253684441000, 1.749999999999996200, -1.980384757729330500 ) ) ;
#4961 = CYLINDRICAL_SURFACE ( 'NONE', #364, 2.499999999999998200 ) ;
#4962 = CARTESIAN_POINT ( 'NONE',  ( -0.8203022253684441000, -2.250000000000003600, -1.980384757729330500 ) ) ;
#4963 = CARTESIAN_POINT ( 'NONE',  ( -2.425271854633429100E-016, -0.3000000000000033800, 1.980384757729327200 ) ) ;
#4964 = FACE_OUTER_BOUND ( 'NONE', #115, .T. ) ;
#4965 = CARTESIAN_POINT ( 'NONE',  ( -1.400343491548886400, -1.500000000000003100, -1.400343491548888400 ) ) ;
#4966 = CARTESIAN_POINT ( 'NONE',  ( 0.8203022253684436600, -3.450000000000004200, 1.980384757729327600 ) ) ;
#4967 = CARTESIAN_POINT ( 'NONE',  ( -1.980384757729329000, 1.749999999999998200, -0.8203022253684462100 ) ) ;
#4968 = ORIENTED_EDGE ( 'NONE', *, *, #1077, .F. ) ;
#4969 = CARTESIAN_POINT ( 'NONE',  ( 0.0000000000000000000, -3.000000000000001800, 0.0000000000000000000 ) ) ;
#4970 = CARTESIAN_POINT ( 'NONE',  ( 1.400343491548886400, -1.800000000000002900, 1.400343491548884800 ) ) ;
#4971 = CARTESIAN_POINT ( 'NONE',  ( 2.499999999999998200, -4.550000000000001600, -1.035533905932739800 ) ) ;
#4972 = ORIENTED_EDGE ( 'NONE', *, *, #794, .F. ) ;
#4973 = CARTESIAN_POINT ( 'NONE',  ( -1.035533905932737300, 1.649999999999995000, 2.499999999999996900 ) ) ;
#4974 = CARTESIAN_POINT ( 'NONE',  ( -3.061616997868381700E-016, 0.8999999999999954700, 2.499999999999996900 ) ) ;
#4975 = CARTESIAN_POINT ( 'NONE',  ( -1.400343491548886400, -0.7000000000000027300, -1.400343491548888400 ) ) ;
#4976 = CARTESIAN_POINT ( 'NONE',  ( -1.980384757729329000, 1.049999999999996900, -0.8203022253684462100 ) ) ;
#4977 = CARTESIAN_POINT ( 'NONE',  ( -2.499999999999998700, -1.800000000000001200, -2.011713145582856100E-015 ) ) ;
#4978 = CARTESIAN_POINT ( 'NONE',  ( 0.8203022253684454400, -1.550000000000004000, -1.980384757729330100 ) ) ;
#4979 = ORIENTED_EDGE ( 'NONE', *, *, #3571, .T. ) ;
#4980 = CARTESIAN_POINT ( 'NONE',  ( 1.400343491548886400, -1.000000000000003600, 1.400343491548884800 ) ) ;
#4981 = CARTESIAN_POINT ( 'NONE',  ( -1.400343491548886600, -0.5000000000000030000, 1.400343491548884400 ) ) ;
#4982 = CARTESIAN_POINT ( 'NONE',  ( 1.400343491548886800, 2.399999999999997700, -1.400343491548887900 ) ) ;
#4983 = EDGE_LOOP ( 'NONE', ( #142, #913, #762, #896 ) ) ;
#4984 = CARTESIAN_POINT ( 'NONE',  ( 1.980384757729328500, 2.249999999999996900, -0.8203022253684464400 ) ) ;
#4985 = CARTESIAN_POINT ( 'NONE',  ( 1.980384757729328500, -5.050000000000002500, 0.8203022253684436600 ) ) ;
#4986 = CARTESIAN_POINT ( 'NONE',  ( -1.400343491548886400, -1.400000000000003700, -1.400343491548888400 ) ) ;
#4987 = VERTEX_POINT ( 'NONE', #3369 ) ;
#4988 = DIRECTION ( 'NONE',  ( 0.0000000000000000000, 0.0000000000000000000, -1.000000000000000000 ) ) ;
#4989 = VERTEX_POINT ( 'NONE', #3015 ) ;
#4990 = CARTESIAN_POINT ( 'NONE',  ( -2.499999999999998700, 0.6999999999999957400, -2.011713145582856100E-015 ) ) ;
#4991 = CARTESIAN_POINT ( 'NONE',  ( -1.035533905932737300, -4.750000000000004400, 2.499999999999996900 ) ) ;
#4992 = CARTESIAN_POINT ( 'NONE',  ( 0.8203022253684436600, -1.150000000000002400, 1.980384757729327600 ) ) ;
#4993 = PLANE ( 'NONE',  #862 ) ;
#4994 = CARTESIAN_POINT ( 'NONE',  ( -1.400343491548886600, -2.800000000000003400, 1.400343491548884400 ) ) ;
#4995 = EDGE_CURVE ( 'NONE', #4598, #1900, #1864, .T. ) ;
#4996 = CARTESIAN_POINT ( 'NONE',  ( -1.400343491548886600, 0.3999999999999966900, 1.400343491548884400 ) ) ;
#4997 = CARTESIAN_POINT ( 'NONE',  ( 0.0000000000000000000, -2.800000000000001600, -2.500000000000000400 ) ) ;
#4998 = CARTESIAN_POINT ( 'NONE',  ( -1.400343491548886600, 0.3999999999999966900, 1.400343491548884400 ) ) ;
#4999 = CARTESIAN_POINT ( 'NONE',  ( 0.0000000000000000000, 2.399999999999997700, -1.980384757729330500 ) ) ;
#5000 = CARTESIAN_POINT ( 'NONE',  ( 0.6433650818326590600, -5.442317933999568400, 2.377455737013749500 ) ) ;
#5001 = CARTESIAN_POINT ( 'NONE',  ( -1.980384757729329000, -6.150000000000003900, -0.8203022253684462100 ) ) ;
#5002 = CARTESIAN_POINT ( 'NONE',  ( 2.657374655875286300E-016, -6.000000000000001800, -1.899999999999998100 ) ) ;
#5003 = CARTESIAN_POINT ( 'NONE',  ( 0.0000000000000000000, -2.800000000000001600, -2.500000000000000400 ) ) ;
#5004 = CARTESIAN_POINT ( 'NONE',  ( -1.767766952966367800, -5.100000000000002300, -1.767766952966370000 ) ) ;
#5005 = CARTESIAN_POINT ( 'NONE',  ( 1.767766952966367800, 1.799999999999996000, 1.767766952966366400 ) ) ;
#5006 = CARTESIAN_POINT ( 'NONE',  ( -1.412600702739095200, -5.514518264902064500, 1.945674612905069700 ) ) ;
#5007 = CARTESIAN_POINT ( 'NONE',  ( 2.499999999999998200, -5.250000000000004400, -1.035533905932739800 ) ) ;
#5008 = CARTESIAN_POINT ( 'NONE',  ( -1.767766952966367800, -1.900000000000001500, -1.767766952966370000 ) ) ;
#5009 = CARTESIAN_POINT ( 'NONE',  ( -1.980384757729329000, 0.2499999999999967500, -0.8203022253684462100 ) ) ;
#5010 =( BOUNDED_CURVE ( )  B_SPLINE_CURVE ( 2, ( #4163, #1288, #3756, #1267, #2136, #4924, #2515, #4128, #1734 ),
 .UNSPECIFIED., .F., .F. ) 
 B_SPLINE_CURVE_WITH_KNOTS ( ( 3, 2, 2, 2, 3 ),
 ( 0.8181818181818182300, 0.8295454545454545900, 0.8409090909090909400, 0.8522727272727272900, 0.8636363636363636500 ),
 .UNSPECIFIED. ) 
 CURVE ( )  GEOMETRIC_REPRESENTATION_ITEM ( )  RATIONAL_B_SPLINE_CURVE ( ( 1.000000000000000000, 0.9238795325112867400, 1.000000000000000000, 0.9238795325112867400, 1.000000000000000000, 0.9238795325112867400, 1.000000000000000000, 0.9238795325112867400, 1.000000000000000000 ) ) 
 REPRESENTATION_ITEM ( '' )  );
#5011 = CONICAL_SURFACE ( 'NONE', #2278, 2.499999999999998700, 0.7853981633974500600 ) ;
#5012 = EDGE_LOOP ( 'NONE', ( #796, #261 ) ) ;
#5013 = CARTESIAN_POINT ( 'NONE',  ( 1.980384757729328500, 0.6499999999999969100, 0.8203022253684436600 ) ) ;
#5014 = CARTESIAN_POINT ( 'NONE',  ( -1.035533905932743100, 0.8499999999999953100, 2.499999999999991600 ) ) ;
#5015 = DIRECTION ( 'NONE',  ( 0.0000000000000000000, 0.0000000000000000000, 1.000000000000000000 ) ) ;
#5016 = CARTESIAN_POINT ( 'NONE',  ( -1.400343491548886400, 0.1999999999999970700, -1.400343491548888400 ) ) ;
#5017 = CIRCLE ( 'NONE', #1282, 4.599999999999999600 ) ;
#5018 = CARTESIAN_POINT ( 'NONE',  ( 2.499999999999998700, -2.100000000000004500, -1.399389746009179600E-015 ) ) ;
#5019 = CARTESIAN_POINT ( 'NONE',  ( 1.400343491548886400, -1.900000000000002400, 1.400343491548884800 ) ) ;
#5020 = CARTESIAN_POINT ( 'NONE',  ( -1.980384757729329000, -1.300000000000003400, -1.979895888421108300E-015 ) ) ;
#5021 = CARTESIAN_POINT ( 'NONE',  ( 0.0000000000000000000, -6.000000000000002700, 1.899999999999993900 ) ) ;
#5022 = LINE ( 'NONE', #97, #1726 ) ;
#5023 = CC_DESIGN_SECURITY_CLASSIFICATION ( #829, ( #3308 ) ) ;
#5024 = CARTESIAN_POINT ( 'NONE',  ( -1.035533905932737300, -4.850000000000002300, 2.499999999999996900 ) ) ;
#5025 = EDGE_CURVE ( 'NONE', #5217, #5163, #3176, .T. ) ;
#5026 = CARTESIAN_POINT ( 'NONE',  ( -1.998402174563766100, -5.544569300732542900, 1.255989716216005400 ) ) ;
#5027 = CARTESIAN_POINT ( 'NONE',  ( -1.767766952966368000, -6.400000000000004800, 1.767766952966365800 ) ) ;
#5028 = CARTESIAN_POINT ( 'NONE',  ( 0.5257342968656234500, 1.864597735255791900, 2.214489512334126600 ) ) ;
#5029 = CARTESIAN_POINT ( 'NONE',  ( 1.400343491548886800, 2.399999999999997700, -1.400343491548887900 ) ) ;
#5030 = ORIENTED_EDGE ( 'NONE', *, *, #1213, .F. ) ;
#5031 = ADVANCED_FACE ( 'NONE', ( #4947 ), #154, .T. ) ;
#5032 = CARTESIAN_POINT ( 'NONE',  ( 1.980384757729328500, 1.449999999999996400, 0.8203022253684436600 ) ) ;
#5033 = CARTESIAN_POINT ( 'NONE',  ( 0.8203022253684436600, 1.249999999999997300, 1.980384757729327600 ) ) ;
#5034 = ORIENTED_EDGE ( 'NONE', *, *, #1908, .F. ) ;
#5035 = CARTESIAN_POINT ( 'NONE',  ( -3.999999999999996400, 0.0000000000000000000, -6.000000000000000000 ) ) ;
#5036 = CARTESIAN_POINT ( 'NONE',  ( -1.980384757729329000, 1.149999999999996400, 0.8203022253684421100 ) ) ;
#5037 = CARTESIAN_POINT ( 'NONE',  ( -1.035533905932737100, -3.450000000000004600, -2.500000000000000400 ) ) ;
#5038 = CARTESIAN_POINT ( 'NONE',  ( -2.425271854633429100E-016, -3.600000000000002800, 1.980384757729327200 ) ) ;
#5039 = CARTESIAN_POINT ( 'NONE',  ( -1.400343491548886400, -3.000000000000003600, -1.400343491548888400 ) ) ;
#5040 = CARTESIAN_POINT ( 'NONE',  ( 4.000000000000002700, 0.0000000000000000000, 5.999999999999997300 ) ) ;
#5041 = ORIENTED_EDGE ( 'NONE', *, *, #3505, .F. ) ;
#5042 = CARTESIAN_POINT ( 'NONE',  ( -2.499999999999998700, -1.750000000000001300, 1.035533905932735100 ) ) ;
#5043 = CARTESIAN_POINT ( 'NONE',  ( -2.425271854633429100E-016, -5.919615242270668700, 1.980384757729327200 ) ) ;
#5044 = CARTESIAN_POINT ( 'NONE',  ( 1.767766952966367800, 0.1999999999999961800, 1.767766952966366400 ) ) ;
#5045 = CARTESIAN_POINT ( 'NONE',  ( -2.499999999999998700, -4.900000000000003900, -2.011713145582856100E-015 ) ) ;
#5046 = ORIENTED_EDGE ( 'NONE', *, *, #1699, .F. ) ;
#5047 = CARTESIAN_POINT ( 'NONE',  ( 2.499999999999998200, -5.350000000000004100, 1.035533905932736600 ) ) ;
#5048 = CARTESIAN_POINT ( 'NONE',  ( -0.7688590039955820500, 1.827383306150277600, 2.065289771598900300 ) ) ;
#5049 = CARTESIAN_POINT ( 'NONE',  ( -1.980384757729329000, 1.149999999999996400, 0.8203022253684421100 ) ) ;
#5050 = VERTEX_POINT ( 'NONE', #2304 ) ;
#5051 = CARTESIAN_POINT ( 'NONE',  ( 3.061616997868381200E-016, 1.999999999999997300, 2.499999999999998200 ) ) ;
#5052 = CARTESIAN_POINT ( 'NONE',  ( -0.8203022253684444400, 1.949999999999996800, 1.980384757729327200 ) ) ;
#5053 = CARTESIAN_POINT ( 'NONE',  ( -0.2615471183333589200, 1.699999999999996800, -1.967286723531222800 ) ) ;
#5054 = CARTESIAN_POINT ( 'NONE',  ( 0.8203022253684454400, 1.649999999999997000, -1.980384757729330100 ) ) ;
#5055 = CARTESIAN_POINT ( 'NONE',  ( 0.0000000000000000000, -2.700000000000004600, -2.500000000000000400 ) ) ;
#5056 = CARTESIAN_POINT ( 'NONE',  ( 1.980384757729329000, -3.400000000000003000, -1.494841517494422500E-015 ) ) ;
#5057 = CARTESIAN_POINT ( 'NONE',  ( 1.400343491548886400, -1.000000000000003600, 1.400343491548884800 ) ) ;
#5058 = EDGE_CURVE ( 'NONE', #3160, #3040, #3311, .T. ) ;
#5059 = CARTESIAN_POINT ( 'NONE',  ( 1.969636080341442100, -2.509667757183184900, 0.4253720190160378800 ) ) ;
#5060 = ADVANCED_FACE ( 'NONE', ( #2676 ), #3678, .T. ) ;
#5061 = CARTESIAN_POINT ( 'NONE',  ( 2.499999999999998200, -1.350000000000001900, -1.035533905932739800 ) ) ;
#5062 = DIRECTION ( 'NONE',  ( 0.5000000000000004400, -2.682704640602069600E-016, 0.8660254037844383700 ) ) ;
#5063 = CARTESIAN_POINT ( 'NONE',  ( -2.084670799217685800, -5.623981387797973900, -0.9260649954552052600 ) ) ;
#5064 = CARTESIAN_POINT ( 'NONE',  ( 2.499999999999998200, -4.550000000000004300, 1.035533905932736600 ) ) ;
#5065 = CARTESIAN_POINT ( 'NONE',  ( 0.8203022253684436600, -1.150000000000002600, 1.980384757729327600 ) ) ;
#5066 = CARTESIAN_POINT ( 'NONE',  ( -0.8203022253684444400, -0.3500000000000030900, 1.980384757729327200 ) ) ;
#5067 = EDGE_CURVE ( 'NONE', #109, #327, #2231, .T. ) ;
#5068 = CARTESIAN_POINT ( 'NONE',  ( -1.980384757729329000, 1.899999999999997200, -1.979895888421108300E-015 ) ) ;
#5069 = COORDINATED_UNIVERSAL_TIME_OFFSET ( 6, 0, .BEHIND. ) ;
#5070 = CARTESIAN_POINT ( 'NONE',  ( 3.061616997868381200E-016, 1.999999999999997300, 2.499999999999998200 ) ) ;
#5071 = CARTESIAN_POINT ( 'NONE',  ( -1.980384757729329000, 1.849999999999997400, 0.8203022253684421100 ) ) ;
#5072 = CARTESIAN_POINT ( 'NONE',  ( 1.035533905932736600, -3.050000000000005200, 2.499999999999997300 ) ) ;
#5073 = CARTESIAN_POINT ( 'NONE',  ( -0.8203022253684441000, -2.350000000000003200, -1.980384757729330500 ) ) ;
#5074 = CARTESIAN_POINT ( 'NONE',  ( -1.980384757729329000, -2.900000000000003500, -1.979895888421108300E-015 ) ) ;
#5075 = VECTOR ( 'NONE', #2671, 1000.000000000000000 ) ;
#5076 = CARTESIAN_POINT ( 'NONE',  ( 2.499999999999998200, -3.850000000000002300, 1.035533905932736600 ) ) ;
#5077 = CARTESIAN_POINT ( 'NONE',  ( 0.0000000000000000000, 0.0000000000000000000, -1.734723475976807100E-015 ) ) ;
#5078 = DIRECTION ( 'NONE',  ( -0.0000000000000000000, -1.000000000000000000, -3.097720492815726700E-016 ) ) ;
#5079 = CARTESIAN_POINT ( 'NONE',  ( 0.0000000000000000000, -5.600000000000002300, -1.980384757729330500 ) ) ;
#5080 =( BOUNDED_CURVE ( )  B_SPLINE_CURVE ( 2, ( #2182, #130, #3395, #3803, #168, #4637, #3416, #589, #1373 ),
 .UNSPECIFIED., .F., .F. ) 
 B_SPLINE_CURVE_WITH_KNOTS ( ( 3, 2, 2, 2, 3 ),
 ( 0.2272727272727272900, 0.2386363636363636500, 0.2500000000000000000, 0.2613636363636363500, 0.2727272727272727100 ),
 .UNSPECIFIED. ) 
 CURVE ( )  GEOMETRIC_REPRESENTATION_ITEM ( )  RATIONAL_B_SPLINE_CURVE ( ( 1.000000000000000000, 0.9238795325112867400, 1.000000000000000000, 0.9238795325112867400, 1.000000000000000000, 0.9238795325112867400, 1.000000000000000000, 0.9238795325112867400, 1.000000000000000000 ) ) 
 REPRESENTATION_ITEM ( '' )  );
#5081 = CARTESIAN_POINT ( 'NONE',  ( -1.136838005295021800, -2.664258625690010300, 1.864763634206743700 ) ) ;
#5082 = FACE_OUTER_BOUND ( 'NONE', #3642, .T. ) ;
#5083 = CARTESIAN_POINT ( 'NONE',  ( 1.400343491548886800, -0.9000000000000023500, -1.400343491548887900 ) ) ;
#5084 = CARTESIAN_POINT ( 'NONE',  ( 0.8203022253684454400, -5.650000000000003000, -1.980384757729330100 ) ) ;
#5085 = CARTESIAN_POINT ( 'NONE',  ( -1.400343491548886400, 1.799999999999996000, -1.400343491548888400 ) ) ;
#5086 = DIRECTION ( 'NONE',  ( 1.000000000000000000, 0.0000000000000000000, -2.891205793294678300E-016 ) ) ;
#5087 = LINE ( 'NONE', #1450, #5272 ) ;
#5088 = CARTESIAN_POINT ( 'NONE',  ( -1.603230164106409100, -0.5196152422706671300, 1.162573365231625700 ) ) ;
#5089 = CARTESIAN_POINT ( 'NONE',  ( -1.207964653481248000, 1.699999999999990400, -1.574591653059851200 ) ) ;
#5090 = AXIS2_PLACEMENT_3D ( 'NONE', #764, #314, #2811 ) ;
#5091 = DIRECTION ( 'NONE',  ( 0.0000000000000000000, 0.0000000000000000000, -1.000000000000000000 ) ) ;
#5092 = CARTESIAN_POINT ( 'NONE',  ( -2.499999999999998700, -3.250000000000004000, 1.035533905932735100 ) ) ;
#5093 = CARTESIAN_POINT ( 'NONE',  ( 1.400343491548886400, -4.300000000000002500, 1.400343491548884800 ) ) ;
#5094 = CARTESIAN_POINT ( 'NONE',  ( -1.980384757729329000, -3.750000000000003100, -0.8203022253684462100 ) ) ;
#5095 = CARTESIAN_POINT ( 'NONE',  ( -1.767766952966368000, -1.700000000000002000, 1.767766952966365800 ) ) ;
#5096 = CARTESIAN_POINT ( 'NONE',  ( -2.499999999999998700, -1.850000000000002100, -1.035533905932739300 ) ) ;
#5097 = EDGE_CURVE ( 'NONE', #5110, #2026, #670, .T. ) ;
#5098 = ORIENTED_EDGE ( 'NONE', *, *, #4853, .F. ) ;
#5099 = CARTESIAN_POINT ( 'NONE',  ( 2.499999999999998700, -3.800000000000001600, -1.399389746009179600E-015 ) ) ;
#5100 = CARTESIAN_POINT ( 'NONE',  ( -3.061616997868381700E-016, -2.400000000000001700, 2.499999999999996900 ) ) ;
#5101 = CARTESIAN_POINT ( 'NONE',  ( 0.0000000000000000000, -0.8000000000000029300, -1.980384757729330500 ) ) ;
#5102 = CARTESIAN_POINT ( 'NONE',  ( 1.980384757729329000, -5.800000000000003400, -1.494841517494422500E-015 ) ) ;
#5103 = CARTESIAN_POINT ( 'NONE',  ( -0.8203022253684444400, -3.650000000000002600, 1.980384757729327200 ) ) ;
#5104 = VERTEX_POINT ( 'NONE', #3074 ) ;
#5105 = ORIENTED_EDGE ( 'NONE', *, *, #5129, .F. ) ;
#5106 = DIRECTION ( 'NONE',  ( 1.000000000000000000, -0.0000000000000000000, 0.0000000000000000000 ) ) ;
#5107 = DIRECTION ( 'NONE',  ( 0.0000000000000000000, 0.0000000000000000000, -1.000000000000000000 ) ) ;
#5108 = CARTESIAN_POINT ( 'NONE',  ( 2.499999999999998700, 0.1999999999999987900, -1.399389746009179600E-015 ) ) ;
#5109 = B_SPLINE_CURVE_WITH_KNOTS ( 'NONE', 3,
 ( #2310, #5155, #1119, #2363, #3530, #3977, #4326, #264, #3563, #1558, #2739, #1970, #684, #1952, #1524, #3124, #663, #4362, #4796, #1139, #1934, #3941 ),
 .UNSPECIFIED., .F., .F.,
 ( 4, 2, 2, 2, 2, 2, 2, 2, 2, 2, 4 ),
 ( 0.008745078266593804200, 0.009098731517823434000, 0.009452384769053063700, 0.01015969127151232200, 0.01086699777397158300, 0.01157430427643084200, 0.01228161077889010200, 0.01263526403011973200, 0.01298891728134936100, 0.01369622378380862100, 0.01440353028626788000 ),
 .UNSPECIFIED. ) ;
#5110 = VERTEX_POINT ( 'NONE', #3117 ) ;
#5111 = CARTESIAN_POINT ( 'NONE',  ( -1.767766952966368000, -0.8000000000000047100, 1.767766952966365800 ) ) ;
#5112 = CARTESIAN_POINT ( 'NONE',  ( 1.400343491548886800, 0.6999999999999975100, -1.400343491548887900 ) ) ;
#5113 = CARTESIAN_POINT ( 'NONE',  ( -1.980384757729329000, 1.099999999999996800, -1.979895888421108300E-015 ) ) ;
#5114 = ORIENTED_EDGE ( 'NONE', *, *, #3201, .F. ) ;
#5115 = CARTESIAN_POINT ( 'NONE',  ( -1.035533905932737300, -3.250000000000001800, 2.499999999999996900 ) ) ;
#5116 = CARTESIAN_POINT ( 'NONE',  ( 1.035533905932736900, -2.250000000000004400, 2.499999999999997300 ) ) ;
#5117 = CARTESIAN_POINT ( 'NONE',  ( 2.499999999999998200, -3.750000000000002200, -1.035533905932739800 ) ) ;
#5118 = CARTESIAN_POINT ( 'NONE',  ( 0.0000000000000000000, 1.999999999999998200, -2.500000000000000400 ) ) ;
#5119 = CARTESIAN_POINT ( 'NONE',  ( -1.980384757729329000, -2.250000000000002700, -0.8203022253684462100 ) ) ;
#5120 = ORIENTED_EDGE ( 'NONE', *, *, #4315, .F. ) ;
#5121 = ORIENTED_EDGE ( 'NONE', *, *, #655, .T. ) ;
#5122 = CARTESIAN_POINT ( 'NONE',  ( -1.400343491548886400, -3.900000000000003000, -1.400343491548888400 ) ) ;
#5123 = AXIS2_PLACEMENT_3D ( 'NONE', #448, #2849, #3322 ) ;
#5124 = CARTESIAN_POINT ( 'NONE',  ( -1.852776993154162200, -0.5196152422706674700, 0.7111504001153176000 ) ) ;
#5125 = CARTESIAN_POINT ( 'NONE',  ( 0.0000000000000000000, 0.4999999999999961100, -2.500000000000000400 ) ) ;
#5126 = AXIS2_PLACEMENT_3D ( 'NONE', #961, #2236, #4726 ) ;
#5127 = CARTESIAN_POINT ( 'NONE',  ( 0.8203022253684436600, 0.4499999999999972900, 1.980384757729327600 ) ) ;
#5128 = CARTESIAN_POINT ( 'NONE',  ( -0.8203022253684441000, 0.1499999999999965000, -1.980384757729330500 ) ) ;
#5129 = EDGE_CURVE ( 'NONE', #3157, #4260, #4691, .T. ) ;
#5130 = CARTESIAN_POINT ( 'NONE',  ( -2.499999999999998700, 1.399999999999998600, -2.011713145582856100E-015 ) ) ;
#5131 = CARTESIAN_POINT ( 'NONE',  ( -3.061616997868381700E-016, -4.000000000000001800, 2.499999999999996900 ) ) ;
#5132 = CARTESIAN_POINT ( 'NONE',  ( 0.0000000000000000000, 4.799999999999998900, 6.195440985631449400E-016 ) ) ;
#5133 = CARTESIAN_POINT ( 'NONE',  ( -1.980384757729329000, -2.150000000000002600, 0.8203022253684421100 ) ) ;
#5134 = CARTESIAN_POINT ( 'NONE',  ( -0.8203022253684441000, -3.150000000000002600, -1.980384757729330500 ) ) ;
#5135 = FACE_OUTER_BOUND ( 'NONE', #2619, .T. ) ;
#5136 = CARTESIAN_POINT ( 'NONE',  ( -1.980384757729329000, -6.150000000000003900, -0.8203022253684462100 ) ) ;
#5137 = CARTESIAN_POINT ( 'NONE',  ( -3.061616997868381700E-016, -0.7000000000000044000, 2.499999999999996900 ) ) ;
#5138 =( BOUNDED_CURVE ( )  B_SPLINE_CURVE ( 2, ( #2886, #4110, #4902, #5267, #4862, #426, #843, #466, #3702 ),
 .UNSPECIFIED., .F., .F. ) 
 B_SPLINE_CURVE_WITH_KNOTS ( ( 3, 2, 2, 2, 3 ),
 ( 0.6363636363636363500, 0.6477272727272727100, 0.6590909090909091700, 0.6704545454545455300, 0.6818181818181818800 ),
 .UNSPECIFIED. ) 
 CURVE ( )  GEOMETRIC_REPRESENTATION_ITEM ( )  RATIONAL_B_SPLINE_CURVE ( ( 1.000000000000000000, 0.9238795325112867400, 1.000000000000000000, 0.9238795325112867400, 1.000000000000000000, 0.9238795325112867400, 1.000000000000000000, 0.9238795325112859600, 1.000000000000000700 ) ) 
 REPRESENTATION_ITEM ( '' )  );
#5139 = DIRECTION ( 'NONE',  ( -0.0000000000000000000, -1.000000000000000000, 0.0000000000000000000 ) ) ;
#5140 = FACE_OUTER_BOUND ( 'NONE', #60, .T. ) ;
#5141 = ORIENTED_EDGE ( 'NONE', *, *, #1468, .T. ) ;
#5142 = CARTESIAN_POINT ( 'NONE',  ( -1.035533905932737100, 0.5499999999999958300, -2.500000000000000400 ) ) ;
#5143 = CARTESIAN_POINT ( 'NONE',  ( -1.980384757729329000, 0.9499999999999977400, -0.8203022253684462100 ) ) ;
#5144 = CARTESIAN_POINT ( 'NONE',  ( 1.980384757729329000, 0.6999999999999966200, -1.494841517494422500E-015 ) ) ;
#5145 = CARTESIAN_POINT ( 'NONE',  ( -1.767766952966368000, -0.1000000000000020000, 1.767766952966365800 ) ) ;
#5146 = VECTOR ( 'NONE', #1083, 1000.000000000000000 ) ;
#5147 = CARTESIAN_POINT ( 'NONE',  ( -1.035533905932737100, -4.350000000000001400, -2.500000000000000400 ) ) ;
#5148 = APPLICATION_PROTOCOL_DEFINITION ( 'international standard', 'config_control_design', 1994, #311 ) ;
#5149 = CARTESIAN_POINT ( 'NONE',  ( -0.8203022253684444400, -6.050000000000003400, 1.980384757729327200 ) ) ;
#5150 = CARTESIAN_POINT ( 'NONE',  ( 0.0000000000000000000, -2.800000000000001600, -2.500000000000000400 ) ) ;
#5151 = CARTESIAN_POINT ( 'NONE',  ( -2.425271854633429100E-016, -5.919615242270668700, 1.980384757729327200 ) ) ;
#5152 = CARTESIAN_POINT ( 'NONE',  ( 1.767766952966367800, -5.400000000000004800, 1.767766952966366400 ) ) ;
#5153 = FACE_OUTER_BOUND ( 'NONE', #1891, .T. ) ;
#5154 = CARTESIAN_POINT ( 'NONE',  ( -0.8203022253684441000, -2.350000000000003200, -1.980384757729330500 ) ) ;
#5155 = CARTESIAN_POINT ( 'NONE',  ( -0.1178041123932651200, -0.1862893461915336400, -2.313710653808488200 ) ) ;
#5156 = DIRECTION ( 'NONE',  ( -0.0000000000000000000, -1.000000000000000000, -3.097720492815726700E-016 ) ) ;
#5157 = ORIENTED_EDGE ( 'NONE', *, *, #2457, .F. ) ;
#5158 = CARTESIAN_POINT ( 'NONE',  ( -2.499999999999998700, -0.8500000000000046400, 1.035533905932735100 ) ) ;
#5159 = AXIS2_PLACEMENT_3D ( 'NONE', #1135, #3990, #2783 ) ;
#5160 = DIRECTION ( 'NONE',  ( 0.0000000000000000000, 0.0000000000000000000, -1.000000000000000000 ) ) ;
#5161 = CARTESIAN_POINT ( 'NONE',  ( -1.400343491548886400, -0.7000000000000027300, -1.400343491548888400 ) ) ;
#5162 = CARTESIAN_POINT ( 'NONE',  ( 0.8203022253684436600, -0.2500000000000028300, 1.980384757729327600 ) ) ;
#5163 = VERTEX_POINT ( 'NONE', #3868 ) ;
#5164 = CARTESIAN_POINT ( 'NONE',  ( 2.499999999999998200, 0.2499999999999984700, -1.035533905932739800 ) ) ;
#5165 = CARTESIAN_POINT ( 'NONE',  ( -3.061616997868381700E-016, -3.200000000000002000, 2.499999999999996900 ) ) ;
#5166 = EDGE_CURVE ( 'NONE', #4155, #400, #1461, .T. ) ;
#5167 = CARTESIAN_POINT ( 'NONE',  ( 1.400343491548886800, -2.500000000000002700, -1.400343491548887900 ) ) ;
#5168 = ORIENTED_EDGE ( 'NONE', *, *, #98, .T. ) ;
#5169 = CARTESIAN_POINT ( 'NONE',  ( 1.035533905932736900, 0.8499999999999983100, 2.499999999999997300 ) ) ;
#5170 = CARTESIAN_POINT ( 'NONE',  ( -0.8203022253684441000, -4.750000000000002700, -1.980384757729330500 ) ) ;
#5171 = ORIENTED_EDGE ( 'NONE', *, *, #375, .T. ) ;
#5172 = DIRECTION ( 'NONE',  ( 0.0000000000000000000, 3.469446951953616700E-016, -1.000000000000000000 ) ) ;
#5173 = CARTESIAN_POINT ( 'NONE',  ( -0.8203022253684444400, -4.350000000000003200, 1.980384757729327200 ) ) ;
#5174 = CARTESIAN_POINT ( 'NONE',  ( -2.499999999999998700, -1.050000000000001400, -1.035533905932739300 ) ) ;
#5175 = CARTESIAN_POINT ( 'NONE',  ( 0.0000000000000000000, -5.200000000000001100, -2.500000000000000400 ) ) ;
#5176 = ORIENTED_EDGE ( 'NONE', *, *, #831, .F. ) ;
#5177 = CARTESIAN_POINT ( 'NONE',  ( 1.400343491548886800, 1.499999999999997800, -1.400343491548887900 ) ) ;
#5178 = CARTESIAN_POINT ( 'NONE',  ( -2.425271854633429100E-016, 1.299999999999996500, 1.980384757729327200 ) ) ;
#5179 = CARTESIAN_POINT ( 'NONE',  ( 0.0000000000000000000, 1.199999999999998800, -2.500000000000000400 ) ) ;
#5180 = CARTESIAN_POINT ( 'NONE',  ( 1.035533905932738900, -0.4500000000000016200, -2.500000000000000400 ) ) ;
#5181 = DATE_TIME_ROLE ( 'creation_date' ) ;
#5182 = CARTESIAN_POINT ( 'NONE',  ( -1.980384757729329000, -2.250000000000002700, -0.8203022253684462100 ) ) ;
#5183 = CARTESIAN_POINT ( 'NONE',  ( 2.499999999999998200, 1.049999999999998900, -1.035533905932739800 ) ) ;
#5184 = CARTESIAN_POINT ( 'NONE',  ( 2.499999999999998700, -4.600000000000001400, -1.399389746009179600E-015 ) ) ;
#5185 = CARTESIAN_POINT ( 'NONE',  ( 0.8203022253684454400, 0.7499999999999973400, -1.980384757729330100 ) ) ;
#5186 = AXIS2_PLACEMENT_3D ( 'NONE', #1319, #3749, #2922 ) ;
#5187 = CARTESIAN_POINT ( 'NONE',  ( -2.499999999999998700, 1.499999999999996200, -2.011713145582856100E-015 ) ) ;
#5188 = PLANE ( 'NONE',  #2046 ) ;
#5189 = CARTESIAN_POINT ( 'NONE',  ( -0.8203022253684441000, -4.650000000000003900, -1.980384757729330500 ) ) ;
#5190 = DIRECTION ( 'NONE',  ( 0.0000000000000000000, 0.0000000000000000000, 1.000000000000000000 ) ) ;
#5191 = CARTESIAN_POINT ( 'NONE',  ( 2.499999999999999600, -5.350000000000001400, -1.035533905932738900 ) ) ;
#5192 = APPROVAL_DATE_TIME ( #1963, #3232 ) ;
#5193 = APPROVAL ( #2391, 'UNSPECIFIED' ) ;
#5194 = EDGE_CURVE ( 'NONE', #4288, #3982, #3614, .T. ) ;
#5195 = CARTESIAN_POINT ( 'NONE',  ( 1.035533905932738900, -0.4500000000000016200, -2.500000000000000400 ) ) ;
#5196 = CARTESIAN_POINT ( 'NONE',  ( 1.035533905932736600, 0.8499999999999984200, 2.499999999999997300 ) ) ;
#5197 = PERSON_AND_ORGANIZATION_ROLE ( 'classification_officer' ) ;
#5198 = CARTESIAN_POINT ( 'NONE',  ( -1.980384757729329000, -4.650000000000003900, -0.8203022253684462100 ) ) ;
#5199 = CIRCLE ( 'NONE', #1033, 6.083333333333328600 ) ;
#5200 = VERTEX_POINT ( 'NONE', #3104 ) ;
#5201 = CARTESIAN_POINT ( 'NONE',  ( 0.0000000000000000000, -0.8000000000000029300, -1.980384757729330500 ) ) ;
#5202 = CARTESIAN_POINT ( 'NONE',  ( 0.0000000000000000000, -5.600000000000002300, -1.980384757729330500 ) ) ;
#5203 = CARTESIAN_POINT ( 'NONE',  ( -1.980384757729329000, -5.350000000000003200, -0.8203022253684462100 ) ) ;
#5204 = CARTESIAN_POINT ( 'NONE',  ( 1.384261493116193400, -5.774405841507857000, -1.616734643800277600 ) ) ;
#5205 = B_SPLINE_CURVE_WITH_KNOTS ( 'NONE', 3,
 ( #1302, #2974, #4269, #1762, #5059, #3012, #112, #4653, #4620, #1817, #548, #2592, #3864, #2631, #978, #3434 ),
 .UNSPECIFIED., .F., .F.,
 ( 4, 2, 2, 2, 2, 2, 2, 4 ),
 ( 0.0000000000000000000, 0.0004419135715289472700, 0.0008838271430578945300, 0.001767654286115788600, 0.002209567857644735600, 0.002651481429173682500, 0.003093395000702628600, 0.003535308572231575100 ),
 .UNSPECIFIED. ) ;
#5206 = CARTESIAN_POINT ( 'NONE',  ( 0.8660254037844393700, 1.799999999999998700, 1.500000000000002400 ) ) ;
#5207 = FACE_OUTER_BOUND ( 'NONE', #2336, .T. ) ;
#5208 = CARTESIAN_POINT ( 'NONE',  ( 0.0000000000000000000, 0.0000000000000000000, 2.499999999999996900 ) ) ;
#5209 = CARTESIAN_POINT ( 'NONE',  ( -1.035533905932737100, -3.450000000000004600, -2.500000000000000400 ) ) ;
#5210 = CARTESIAN_POINT ( 'NONE',  ( 0.8203022253684436600, -4.250000000000003600, 1.980384757729327600 ) ) ;
#5211 = CARTESIAN_POINT ( 'NONE',  ( 2.499999999999998700, 0.1999999999999987900, -1.399389746009179600E-015 ) ) ;
#5212 = CYLINDRICAL_SURFACE ( 'NONE', #1950, 2.499999999999998200 ) ;
#5213 = CARTESIAN_POINT ( 'NONE',  ( 1.980384757729328500, -4.150000000000003000, -0.8203022253684464400 ) ) ;
#5214 = CARTESIAN_POINT ( 'NONE',  ( 0.0000000000000000000, 4.799999999999998900, 6.195440985631449400E-016 ) ) ;
#5215 = CARTESIAN_POINT ( 'NONE',  ( 1.767766952966368400, -4.500000000000002700, -1.767766952966369500 ) ) ;
#5216 = CARTESIAN_POINT ( 'NONE',  ( -2.425271854633429100E-016, -0.4000000000000028000, 1.980384757729327200 ) ) ;
#5217 = VERTEX_POINT ( 'NONE', #3475 ) ;
#5218 = CARTESIAN_POINT ( 'NONE',  ( 2.499999999999998700, -0.6000000000000015300, -1.399389746009179600E-015 ) ) ;
#5219 = CARTESIAN_POINT ( 'NONE',  ( 0.0000000000000000000, -4.800000000000003400, -1.980384757729330500 ) ) ;
#5220 = CARTESIAN_POINT ( 'NONE',  ( -1.980384757729329000, -4.500000000000003600, -1.979895888421108300E-015 ) ) ;
#5221 = DIRECTION ( 'NONE',  ( 0.0000000000000000000, 0.0000000000000000000, 1.000000000000000000 ) ) ;
#5222 = EDGE_LOOP ( 'NONE', ( #643, #3390, #1782, #1441 ) ) ;
#5223 = DIRECTION ( 'NONE',  ( 0.0000000000000000000, -3.097720492815726700E-016, 1.000000000000000000 ) ) ;
#5224 = CARTESIAN_POINT ( 'NONE',  ( -1.980384757729329000, -5.250000000000002700, 0.8203022253684421100 ) ) ;
#5225 = CARTESIAN_POINT ( 'NONE',  ( 0.8203022253684436600, -2.750000000000002700, 1.980384757729327600 ) ) ;
#5226 = VERTEX_POINT ( 'NONE', #5118 ) ;
#5227 = CARTESIAN_POINT ( 'NONE',  ( -1.400343491548886600, -6.000000000000003600, 1.400343491548884400 ) ) ;
#5228 = CARTESIAN_POINT ( 'NONE',  ( 1.035533905932736600, -0.7500000000000017800, 2.499999999999997300 ) ) ;
#5229 = CARTESIAN_POINT ( 'NONE',  ( 0.0000000000000000000, -4.000000000000002700, -1.980384757729330500 ) ) ;
#5230 = CARTESIAN_POINT ( 'NONE',  ( 1.035533905932738900, -0.3500000000000039700, -2.500000000000000400 ) ) ;
#5231 = ORIENTED_EDGE ( 'NONE', *, *, #927, .F. ) ;
#5232 = CARTESIAN_POINT ( 'NONE',  ( 0.0000000000000000000, -1.600000000000002500, -1.980384757729330500 ) ) ;
#5233 = DIRECTION ( 'NONE',  ( -0.0000000000000000000, -1.000000000000000000, -3.097720492815726700E-016 ) ) ;
#5234 =( BOUNDED_CURVE ( )  B_SPLINE_CURVE ( 2, ( #4395, #3959, #247, #3547, #2721, #1104, #735, #1543, #4746 ),
 .UNSPECIFIED., .F., .F. ) 
 B_SPLINE_CURVE_WITH_KNOTS ( ( 3, 2, 2, 2, 3 ),
 ( 0.5909090909090908300, 0.6022727272727272900, 0.6136363636363637600, 0.6250000000000001100, 0.6363636363636364600 ),
 .UNSPECIFIED. ) 
 CURVE ( )  GEOMETRIC_REPRESENTATION_ITEM ( )  RATIONAL_B_SPLINE_CURVE ( ( 1.000000000000000000, 0.9238795325112867400, 1.000000000000000000, 0.9238795325112867400, 1.000000000000000000, 0.9238795325112867400, 1.000000000000000000, 0.9238795325112859600, 1.000000000000000700 ) ) 
 REPRESENTATION_ITEM ( '' )  );
#5235 = CARTESIAN_POINT ( 'NONE',  ( -1.980384757729329000, -2.250000000000002700, -0.8203022253684462100 ) ) ;
#5236 = VERTEX_POINT ( 'NONE', #1055 ) ;
#5237 = CARTESIAN_POINT ( 'NONE',  ( -1.400343491548886400, -4.600000000000003200, -1.400343491548888400 ) ) ;
#5238 = CARTESIAN_POINT ( 'NONE',  ( -1.980384757729329000, -6.150000000000003900, -0.8203022253684462100 ) ) ;
#5239 = CARTESIAN_POINT ( 'NONE',  ( 1.035533905932736900, -1.550000000000001800, 2.499999999999997300 ) ) ;
#5240 = CARTESIAN_POINT ( 'NONE',  ( -1.400343491548886600, -5.200000000000002800, 1.400343491548884400 ) ) ;
#5241 = CARTESIAN_POINT ( 'NONE',  ( -1.980384757729329000, -3.800000000000002500, -1.979895888421108300E-015 ) ) ;
#5242 = CARTESIAN_POINT ( 'NONE',  ( -2.425271854633429100E-016, -4.300000000000003400, 1.980384757729327200 ) ) ;
#5243 = CARTESIAN_POINT ( 'NONE',  ( 2.499999999999998200, 1.749999999999998200, 1.035533905932736600 ) ) ;
#5244 = CARTESIAN_POINT ( 'NONE',  ( -1.980384757729329000, 0.1499999999999973600, -0.8203022253684462100 ) ) ;
#5245 = CARTESIAN_POINT ( 'NONE',  ( 2.499999999999998700, 1.099999999999995900, -1.399389746009179600E-015 ) ) ;
#5246 = CARTESIAN_POINT ( 'NONE',  ( 1.400343491548886800, 0.6999999999999975100, -1.400343491548887900 ) ) ;
#5247 = AXIS2_PLACEMENT_3D ( 'NONE', #2510, #840, #1222 ) ;
#5248 = PLANE ( 'NONE',  #1757 ) ;
#5249 = LOCAL_TIME ( 9, 51, 47.00000000000000000, #5069 ) ;
#5250 = CARTESIAN_POINT ( 'NONE',  ( 1.434657473990899500, -0.2460589455930684800, -1.744336882029274600 ) ) ;
#5251 = CARTESIAN_POINT ( 'NONE',  ( 1.980384757729329000, -3.400000000000003000, -1.494841517494422500E-015 ) ) ;
#5252 = CARTESIAN_POINT ( 'NONE',  ( -0.8203022253684441000, 0.1499999999999965000, -1.980384757729330500 ) ) ;
#5253 = CARTESIAN_POINT ( 'NONE',  ( 2.270295740948514900, -2.838096719180557900, 0.5818826287552305600 ) ) ;
#5254 = CARTESIAN_POINT ( 'NONE',  ( 0.8203022253684454400, -3.950000000000004200, -1.980384757729330100 ) ) ;
#5255 = LINE ( 'NONE', #4799, #4187 ) ;
#5256 = CARTESIAN_POINT ( 'NONE',  ( 0.7320450824456360400, 4.733009839330596200, -1.499999999999999300 ) ) ;
#5257 = EDGE_CURVE ( 'NONE', #2334, #3843, #3588, .T. ) ;
#5258 = CARTESIAN_POINT ( 'NONE',  ( 0.8203022253684436600, -5.150000000000002100, 1.980384757729327600 ) ) ;
#5259 = CARTESIAN_POINT ( 'NONE',  ( -1.980384757729329000, -5.250000000000002700, 0.8203022253684421100 ) ) ;
#5260 = LINE ( 'NONE', #161, #681 ) ;
#5261 = CARTESIAN_POINT ( 'NONE',  ( -1.767766952966368000, 2.299999999999998000, 1.767766952966365800 ) ) ;
#5262 = CARTESIAN_POINT ( 'NONE',  ( 1.980384757729328500, -0.9500000000000029500, -0.8203022253684464400 ) ) ;
#5263 = CARTESIAN_POINT ( 'NONE',  ( 3.061616997868381200E-016, 1.999999999999997300, 2.499999999999998200 ) ) ;
#5264 = DIRECTION ( 'NONE',  ( 0.0000000000000000000, -1.000000000000000000, 0.0000000000000000000 ) ) ;
#5265 = VERTEX_POINT ( 'NONE', #189 ) ;
#5266 = FACE_BOUND ( 'NONE', #847, .T. ) ;
#5267 = CARTESIAN_POINT ( 'NONE',  ( -2.499999999999998700, -0.2500000000000019400, -1.035533905932739300 ) ) ;
#5268 = DIRECTION ( 'NONE',  ( 0.0000000000000000000, 1.000000000000000000, 0.0000000000000000000 ) ) ;
#5269 = CARTESIAN_POINT ( 'NONE',  ( 2.078819041979701700, -0.3396019868032102400, 0.6050189887797244900 ) ) ;
#5270 = CARTESIAN_POINT ( 'NONE',  ( -0.8203022253684441000, -2.350000000000003200, -1.980384757729330500 ) ) ;
#5271 = CARTESIAN_POINT ( 'NONE',  ( 1.400343491548886800, -2.400000000000003500, -1.400343491548887900 ) ) ;
#5272 = VECTOR ( 'NONE', #5062, 1000.000000000000100 ) ;
#5273 = CARTESIAN_POINT ( 'NONE',  ( -3.999999999999996400, -2.000000000000001800, -6.000000000000000000 ) ) ;
#5274 = CARTESIAN_POINT ( 'NONE',  ( 1.400343491548886800, -4.800000000000004300, -1.400343491548887900 ) ) ;
#5275 = CARTESIAN_POINT ( 'NONE',  ( 0.0000000000000000000, -2.000000000000001800, 0.0000000000000000000 ) ) ;
#5276 = CARTESIAN_POINT ( 'NONE',  ( -1.980384757729329000, -2.850000000000003200, 0.8203022253684421100 ) ) ;
#5277 = LINE ( 'NONE', #3866, #3832 ) ;
#5278 = CARTESIAN_POINT ( 'NONE',  ( -0.8203022253684444400, -4.450000000000002800, 1.980384757729327200 ) ) ;
#5279 = CARTESIAN_POINT ( 'NONE',  ( 1.980384757729329000, -4.900000000000003000, -1.494841517494422500E-015 ) ) ;
#5280 = CARTESIAN_POINT ( 'NONE',  ( -0.8203022253684441000, -6.250000000000003600, -1.980384757729330500 ) ) ;
#5281 = CARTESIAN_POINT ( 'NONE',  ( 1.980384757729329000, -1.000000000000002700, -1.494841517494422500E-015 ) ) ;
#5282 = ORIENTED_EDGE ( 'NONE', *, *, #655, .F. ) ;
#5283 = CARTESIAN_POINT ( 'NONE',  ( -0.3152164224111955700, -0.4558454881829088800, 2.025947823641949700 ) ) ;
#5284 = CARTESIAN_POINT ( 'NONE',  ( -1.767766952966368000, 0.0000000000000000000, 1.767766952966365800 ) ) ;
#5285 = CARTESIAN_POINT ( 'NONE',  ( 0.8203022253684454400, 1.549999999999997400, -1.980384757729330100 ) ) ;
#5286 = CARTESIAN_POINT ( 'NONE',  ( 1.035533905932736600, 0.9499999999999958500, 2.499999999999997300 ) ) ;
#5287 = ORIENTED_EDGE ( 'NONE', *, *, #4628, .T. ) ;
#5288 = CARTESIAN_POINT ( 'NONE',  ( 1.035533905932738900, -1.150000000000004600, -2.500000000000000400 ) ) ;
#5289 = CARTESIAN_POINT ( 'NONE',  ( 0.2865461827912028600, -0.4331176544002463000, 2.066882345599749400 ) ) ;
#5290 = CARTESIAN_POINT ( 'NONE',  ( -1.980384757729329000, -3.850000000000003600, -0.8203022253684462100 ) ) ;
#5291 = CARTESIAN_POINT ( 'NONE',  ( 1.980384757729328500, 0.6499999999999969100, 0.8203022253684436600 ) ) ;
#5292 = CARTESIAN_POINT ( 'NONE',  ( -1.767766952966368000, 0.6999999999999984000, 1.767766952966365800 ) ) ;
#5293 = EDGE_CURVE ( 'NONE', #3088, #579, #3367, .T. ) ;
ENDSEC;
END-ISO-10303-21;
