ISO-10303-21;
HEADER;
FILE_DESCRIPTION (( 'STEP AP203' ),
    '1' );
FILE_NAME ('5537T651_T-Slotted Framing.STEP',
    '2023-08-25T12:59:00',
    ( 'Administrator' ),
    ( 'Managed by Terraform' ),
    'SwSTEP 2.0',
    'SolidWorks 2017',
    '' );
FILE_SCHEMA (( 'CONFIG_CONTROL_DESIGN' ));
ENDSEC;

DATA;
#1 =( BOUNDED_CURVE ( )  B_SPLINE_CURVE ( 2, ( #1271, #1111, #331, #1252, #466, #605, #1514, #739, #1393 ),
 .UNSPECIFIED., .F., .F. ) 
 B_SPLINE_CURVE_WITH_KNOTS ( ( 3, 2, 2, 2, 3 ),
 ( 0.1999999999999999600, 0.2249999999999999800, 0.2500000000000000000, 0.2749999999999999100, 0.2999999999999999300 ),
 .UNSPECIFIED. ) 
 CURVE ( )  GEOMETRIC_REPRESENTATION_ITEM ( )  RATIONAL_B_SPLINE_CURVE ( ( 1.000000000000000000, 0.9238795325112867400, 1.000000000000000000, 0.9238795325112867400, 1.000000000000000000, 0.9238795325112867400, 1.000000000000000000, 0.9238795325112867400, 1.000000000000000000 ) ) 
 REPRESENTATION_ITEM ( '' )  );
#2 = CARTESIAN_POINT ( 'NONE',  ( 2.897460366372971200, -2.068182444818980100, 1.484980016864375900 ) ) ;
#3 = CARTESIAN_POINT ( 'NONE',  ( 3.298385574751158800, 1.798385574751158100, 0.02499999999999941500 ) ) ;
#4 = AXIS2_PLACEMENT_3D ( 'NONE', #875, #1119, #750 ) ;
#5 = CARTESIAN_POINT ( 'NONE',  ( 3.480384757729336100, -0.8203022253684483200, 1.849999999999999000 ) ) ;
#6 = CARTESIAN_POINT ( 'NONE',  ( 0.09965650845110787800, -1.400343491548891500, 1.599999999999998500 ) ) ;
#7 = CARTESIAN_POINT ( 'NONE',  ( -0.2677669529663694300, 1.767766952966369300, 0.1999999999999996200 ) ) ;
#8 = ORIENTED_EDGE ( 'NONE', *, *, #1497, .T. ) ;
#9 = CARTESIAN_POINT ( 'NONE',  ( 0.6796977746315521200, -1.980384757729336300, 0.1499999999999988800 ) ) ;
#10 = CARTESIAN_POINT ( 'NONE',  ( 4.043301270189221700, -4.671968639706942400E-016, 1.524999999999999500 ) ) ;
#11 = ORIENTED_EDGE ( 'NONE', *, *, #1121, .T. ) ;
#12 = CARTESIAN_POINT ( 'NONE',  ( 4.043301270189220800, 1.053469879313095900, 0.02499999999999854800 ) ) ;
#13 = CARTESIAN_POINT ( 'NONE',  ( 1.499999999999999600, 0.0000000000000000000, 1.246000000000000200 ) ) ;
#14 = CARTESIAN_POINT ( 'NONE',  ( 2.900343491548891300, -1.400343491548891900, 0.2999999999999990500 ) ) ;
#15 = ORIENTED_EDGE ( 'NONE', *, *, #679, .F. ) ;
#16 = CARTESIAN_POINT ( 'NONE',  ( 2.553469879313094500, -2.543301270189222100, 2.174999999999999400 ) ) ;
#17 = EDGE_CURVE ( 'NONE', #1413, #573, #1388, .T. ) ;
#18 = CARTESIAN_POINT ( 'NONE',  ( 0.4465301206869043400, 2.543301270189221700, -2.175000000000001600 ) ) ;
#19 = CIRCLE ( 'NONE', #1667, 8.000000000000007100 ) ;
#20 = CARTESIAN_POINT ( 'NONE',  ( 0.0000000000000000000, 0.0000000000000000000, 0.0000000000000000000 ) ) ;
#21 = CARTESIAN_POINT ( 'NONE',  ( 3.480384757729336100, -0.8203022253684483200, -1.250000000000001100 ) ) ;
#22 = CARTESIAN_POINT ( 'NONE',  ( 1.499999999999999300, -2.543301270189222100, 2.124999999999999600 ) ) ;
#23 = CARTESIAN_POINT ( 'NONE',  ( 2.553469879313094500, -2.543301270189222100, -1.775000000000001700 ) ) ;
#24 = DIRECTION ( 'NONE',  ( 1.000000000000000000, 0.0000000000000000000, 0.0000000000000000000 ) ) ;
#25 = DIRECTION ( 'NONE',  ( 1.000000000000000000, 0.0000000000000000000, 0.0000000000000000000 ) ) ;
#26 = CARTESIAN_POINT ( 'NONE',  ( -0.4803847577293366400, -0.8203022253684472100, 0.8499999999999987600 ) ) ;
#27 = CARTESIAN_POINT ( 'NONE',  ( 2.900343491548891300, -1.400343491548891900, -1.300000000000001200 ) ) ;
#28 = PRODUCT_DEFINITION ( 'UNKNOWN', '', #120, #50 ) ;
#29 = CARTESIAN_POINT ( 'NONE',  ( 4.000000000000000000, -4.592425496802575000E-016, -1.765216662077961900E-015 ) ) ;
#30 = CARTESIAN_POINT ( 'NONE',  ( 0.2755594446711096500, -1.943248635839226500, -1.292127080512016400 ) ) ;
#31 = PERSON_AND_ORGANIZATION_ROLE ( 'classification_officer' ) ;
#32 = ORIENTED_EDGE ( 'NONE', *, *, #1156, .F. ) ;
#33 = CARTESIAN_POINT ( 'NONE',  ( 2.900343491548891700, 1.400343491548891300, 1.299999999999999200 ) ) ;
#34 = ORIENTED_EDGE ( 'NONE', *, *, #633, .F. ) ;
#35 = CARTESIAN_POINT ( 'NONE',  ( -1.043301270189222600, 1.557322879902314500E-016, 1.924999999999999600 ) ) ;
#36 = CALENDAR_DATE ( 2023, 25, 8 ) ;
#37 = CARTESIAN_POINT ( 'NONE',  ( 1.499999999999999300, -2.543301270189222100, 0.5749999999999982900 ) ) ;
#38 = CARTESIAN_POINT ( 'NONE',  ( 2.772552295711524700, -1.796088426121349000, -1.196307009605721100 ) ) ;
#39 = CARTESIAN_POINT ( 'NONE',  ( 3.480384757729336100, -3.637907781950156900E-016, 1.199999999999998800 ) ) ;
#40 = CARTESIAN_POINT ( 'NONE',  ( 3.480384757729336100, 0.8203022253684478800, 0.4499999999999990100 ) ) ;
#41 = AXIS2_PLACEMENT_3D ( 'NONE', #1238, #334, #464 ) ;
#42 = FACE_OUTER_BOUND ( 'NONE', #776, .T. ) ;
#43 = CARTESIAN_POINT ( 'NONE',  ( 3.267766952966368400, -1.767766952966369500, -0.1000000000000015900 ) ) ;
#44 = CARTESIAN_POINT ( 'NONE',  ( 1.925173681428813800, 1.969675658276197200, -1.009659536168395100 ) ) ;
#45 = VERTEX_POINT ( 'NONE', #321 ) ;
#46 = ADVANCED_FACE ( 'NONE', ( #1353 ), #1631, .T. ) ;
#47 = CARTESIAN_POINT ( 'NONE',  ( 2.710446681631312900, 2.103871354581876600, -1.421842290781237800 ) ) ;
#48 = CARTESIAN_POINT ( 'NONE',  ( 1.499999999999999600, 1.980384757729336300, 0.5999999999999989800 ) ) ;
#49 = CARTESIAN_POINT ( 'NONE',  ( 2.535533905932737800, -2.500000000000000400, -0.1500000000000017700 ) ) ;
#50 = DESIGN_CONTEXT ( 'detailed design', #1457, 'design' ) ;
#51 = DIRECTION ( 'NONE',  ( -0.0000000000000000000, -0.0000000000000000000, -1.000000000000000000 ) ) ;
#52 = EDGE_CURVE ( 'NONE', #1377, #868, #347, .T. ) ;
#53 = ADVANCED_FACE ( 'NONE', ( #149 ), #224, .F. ) ;
#54 = CARTESIAN_POINT ( 'NONE',  ( 3.480384757729336100, 0.8203022253684478800, 1.249999999999998900 ) ) ;
#55 = EDGE_LOOP ( 'NONE', ( #95, #865, #697, #653 ) ) ;
#56 = CARTESIAN_POINT ( 'NONE',  ( 3.073677595648631300, 1.341104399433070200, -1.062355959484399200 ) ) ;
#57 = ORIENTED_EDGE ( 'NONE', *, *, #1573, .F. ) ;
#58 = CIRCLE ( 'NONE', #1146, 3.000000000000000900 ) ;
#59 = CARTESIAN_POINT ( 'NONE',  ( 3.480384757729336100, -0.8203022253684483200, 0.3499999999999987600 ) ) ;
#60 = B_SPLINE_CURVE_WITH_KNOTS ( 'NONE', 3,
 ( #625, #640, #385, #513, #1034, #248, #1317, #527, #1168, #907, #122, #1552, #266, #255, #646, #1297, #1293, #1558 ),
 .UNSPECIFIED., .F., .F.,
 ( 4, 2, 2, 2, 2, 2, 2, 2, 4 ),
 ( 0.01057685425580612300, 0.01105418599753778400, 0.01153151773926944600, 0.01200884948100110600, 0.01248618122273276700, 0.01296351296446442800, 0.01344084470619608800, 0.01391817644792775000, 0.01439550818965941100 ),
 .UNSPECIFIED. ) ;
#61 = EDGE_LOOP ( 'NONE', ( #1026, #1169, #212, #1453, #482 ) ) ;
#62 = CARTESIAN_POINT ( 'NONE',  ( 3.267766952966368900, 1.767766952966368700, 0.09999999999999806300 ) ) ;
#63 = VECTOR ( 'NONE', #1384, 1000.000000000000000 ) ;
#64 = VERTEX_POINT ( 'NONE', #338 ) ;
#65 = CARTESIAN_POINT ( 'NONE',  ( 1.499999999999999600, 1.980384757729336300, -0.2000000000000011800 ) ) ;
#66 = AXIS2_PLACEMENT_3D ( 'NONE', #1040, #1312, #112 ) ;
#67 = CARTESIAN_POINT ( 'NONE',  ( 3.267766952966368400, -1.767766952966369500, -0.9000000000000018000 ) ) ;
#68 = CARTESIAN_POINT ( 'NONE',  ( 2.900343491548891700, 1.400343491548891300, -0.4000000000000014700 ) ) ;
#69 = CARTESIAN_POINT ( 'NONE',  ( 3.267766952966368400, -1.767766952966369500, 1.399999999999999700 ) ) ;
#70 = CARTESIAN_POINT ( 'NONE',  ( 3.556217782649103900, -2.833333148339528900E-014, 1.056217782649105300 ) ) ;
#71 = CARTESIAN_POINT ( 'NONE',  ( 2.320302225368446000, -1.980384757729336800, 0.1499999999999986600 ) ) ;
#72 = AXIS2_PLACEMENT_3D ( 'NONE', #329, #1512, #81 ) ;
#73 = ORIENTED_EDGE ( 'NONE', *, *, #256, .F. ) ;
#74 = DIRECTION ( 'NONE',  ( 0.0000000000000000000, 0.0000000000000000000, -1.000000000000000000 ) ) ;
#75 = DIRECTION ( 'NONE',  ( -1.000000000000000000, 0.0000000000000000000, 0.0000000000000000000 ) ) ;
#76 = CC_DESIGN_DATE_AND_TIME_ASSIGNMENT ( #1029, #403, ( #604 ) ) ;
#77 = LOCAL_TIME ( 7, 59, 0.0000000000000000000, #419 ) ;
#78 = CARTESIAN_POINT ( 'NONE',  ( 4.000000000000000000, 3.061616997868383600E-016, 1.500000000000000000 ) ) ;
#79 = CARTESIAN_POINT ( 'NONE',  ( 3.267766952966368400, -1.767766952966369500, -0.2000000000000003200 ) ) ;
#80 = CARTESIAN_POINT ( 'NONE',  ( 1.499999999999999600, 0.0000000000000000000, -1.500000000000000000 ) ) ;
#81 = DIRECTION ( 'NONE',  ( -1.000000000000000000, 1.224646799147353000E-016, 0.0000000000000000000 ) ) ;
#82 = FACE_OUTER_BOUND ( 'NONE', #733, .T. ) ;
#83 = CARTESIAN_POINT ( 'NONE',  ( 1.751596006958842500, 2.304527254202708000, -1.295879204770611100 ) ) ;
#84 = CARTESIAN_POINT ( 'NONE',  ( -0.4803847577293367000, 1.212635927316719200E-016, 0.6999999999999988500 ) ) ;
#85 = EDGE_CURVE ( 'NONE', #670, #762, #620, .T. ) ;
#86 = CARTESIAN_POINT ( 'NONE',  ( 6.428203230275509700, 4.000000000000000000, 0.2999999999999999300 ) ) ;
#87 = VERTEX_POINT ( 'NONE', #1009 ) ;
#88 = CARTESIAN_POINT ( 'NONE',  ( 1.344921854184718800, -2.005623486719412700, 1.005042616790774200 ) ) ;
#89 = CARTESIAN_POINT ( 'NONE',  ( 2.662573365231666300, -1.603230164106389100, 0.9803847577293377500 ) ) ;
#90 = CARTESIAN_POINT ( 'NONE',  ( 2.320302225368447800, 1.980384757729335900, 0.4499999999999985700 ) ) ;
#91 = CARTESIAN_POINT ( 'NONE',  ( -0.1032301641064167600, 1.162573365231629000, -0.9803847577293375300 ) ) ;
#92 = CARTESIAN_POINT ( 'NONE',  ( 2.535533905932739100, 2.500000000000000000, -0.6500000000000018000 ) ) ;
#93 = CARTESIAN_POINT ( 'NONE',  ( 0.4334177245448205300, 1.956287831126370100, 1.223543994267740200 ) ) ;
#94 = CARTESIAN_POINT ( 'NONE',  ( 4.000000000000000000, -4.592425496802575000E-016, 0.6999999999999996200 ) ) ;
#95 = ORIENTED_EDGE ( 'NONE', *, *, #307, .F. ) ;
#96 = CARTESIAN_POINT ( 'NONE',  ( 4.246000000000001300, 0.0000000000000000000, 1.246000000000000200 ) ) ;
#97 = ORIENTED_EDGE ( 'NONE', *, *, #1664, .T. ) ;
#98 = AXIS2_PLACEMENT_3D ( 'NONE', #1679, #1415, #140 ) ;
#99 = CARTESIAN_POINT ( 'NONE',  ( 1.499999999999999300, -1.980384757729336300, 0.1999999999999987900 ) ) ;
#100 = CARTESIAN_POINT ( 'NONE',  ( 1.499999999999999600, 2.500000000000000400, -0.7000000000000004000 ) ) ;
#101 = DIRECTION ( 'NONE',  ( 1.000000000000000000, 0.0000000000000000000, 0.0000000000000000000 ) ) ;
#102 = LINE ( 'NONE', #1098, #1449 ) ;
#103 = DIRECTION ( 'NONE',  ( -1.000000000000000000, 0.0000000000000000000, 0.0000000000000000000 ) ) ;
#104 = ORIENTED_EDGE ( 'NONE', *, *, #1314, .F. ) ;
#105 = CARTESIAN_POINT ( 'NONE',  ( 1.188408589339689200, 1.955718431024619600, -0.9803847577293377500 ) ) ;
#106 = CARTESIAN_POINT ( 'NONE',  ( -1.000000000000000900, 1.035533905932738000, 1.050000000000000000 ) ) ;
#107 = EDGE_CURVE ( 'NONE', #1590, #1566, #1268, .T. ) ;
#108 = CARTESIAN_POINT ( 'NONE',  ( 2.900343491548891300, -1.400343491548891900, 0.1999999999999987900 ) ) ;
#109 = ADVANCED_BREP_SHAPE_REPRESENTATION ( '5537T651_T-Slotted Framing', ( #1337, #1065 ), #736 ) ;
#110 = CARTESIAN_POINT ( 'NONE',  ( 1.499999999999999300, -1.980384757729336300, -0.6000000000000010900 ) ) ;
#111 = CC_DESIGN_PERSON_AND_ORGANIZATION_ASSIGNMENT ( #956, #705, ( #120 ) ) ;
#112 = DIRECTION ( 'NONE',  ( -1.000000000000000000, 0.0000000000000000000, 0.0000000000000000000 ) ) ;
#113 = CARTESIAN_POINT ( 'NONE',  ( 2.900343491548891300, -1.400343491548891900, -0.6000000000000013100 ) ) ;
#114 = CARTESIAN_POINT ( 'NONE',  ( -0.4803847577293367000, -0.8203022253684472100, 0.8499999999999987600 ) ) ;
#115 = ORIENTED_EDGE ( 'NONE', *, *, #432, .T. ) ;
#116 = CARTESIAN_POINT ( 'NONE',  ( 3.267766952966368900, 1.767766952966368700, -1.500000000000000000 ) ) ;
#117 = CARTESIAN_POINT ( 'NONE',  ( 4.043301270189220800, -1.053469879313096800, -0.1250000000000005300 ) ) ;
#118 = CARTESIAN_POINT ( 'NONE',  ( -0.4803847577293366400, 0.8203022253684474400, -0.1500000000000014700 ) ) ;
#119 = CARTESIAN_POINT ( 'NONE',  ( 3.480384757729336100, 0.8203022253684478800, -1.250000000000001600 ) ) ;
#120 = PRODUCT_DEFINITION_FORMATION_WITH_SPECIFIED_SOURCE ( 'ANY', '', #1534, .NOT_KNOWN. ) ;
#121 = CARTESIAN_POINT ( 'NONE',  ( 0.09965650845110787800, -1.400343491548891500, 0.09999999999999874300 ) ) ;
#122 = CARTESIAN_POINT ( 'NONE',  ( 0.02552660547501024400, 1.960067895497328500, -1.447595911314421400 ) ) ;
#123 = CARTESIAN_POINT ( 'NONE',  ( 3.480384757729336100, -0.8203022253684483200, -0.5500000000000014900 ) ) ;
#124 = CYLINDRICAL_SURFACE ( 'NONE', #1356, 3.000000000000001300 ) ;
#125 = CARTESIAN_POINT ( 'NONE',  ( 3.480384757729336100, -3.637907781950156900E-016, 1.999999999999998700 ) ) ;
#126 = ORIENTED_EDGE ( 'NONE', *, *, #633, .T. ) ;
#127 = CARTESIAN_POINT ( 'NONE',  ( 1.548829646692025300, -2.440481137836029400, 1.438110298688509700 ) ) ;
#128 = CARTESIAN_POINT ( 'NONE',  ( -0.2677669529663694300, 1.767766952966369300, -1.300000000000001600 ) ) ;
#129 = CARTESIAN_POINT ( 'NONE',  ( 3.298385574751158800, 1.798385574751158100, -0.7750000000000005800 ) ) ;
#130 = CARTESIAN_POINT ( 'NONE',  ( 2.320302225368446900, -1.980384757729336800, -0.6500000000000014700 ) ) ;
#131 = CARTESIAN_POINT ( 'NONE',  ( 2.900343491548891300, -1.400343491548891900, 0.1999999999999987900 ) ) ;
#132 = CARTESIAN_POINT ( 'NONE',  ( -1.000000000000000900, 1.530808498934192100E-016, 0.2999999999999996600 ) ) ;
#133 = CARTESIAN_POINT ( 'NONE',  ( 0.4465301206869043400, 2.543301270189221700, 0.1749999999999993800 ) ) ;
#134 = CARTESIAN_POINT ( 'NONE',  ( 0.6796977746315523400, 1.980384757729336300, 1.349999999999999000 ) ) ;
#135 = CARTESIAN_POINT ( 'NONE',  ( -0.4803847577293367000, 1.212635927316719200E-016, 1.499999999999998700 ) ) ;
#136 = VERTEX_POINT ( 'NONE', #218 ) ;
#137 = CARTESIAN_POINT ( 'NONE',  ( 0.4644660940672617500, 2.500000000000000400, 0.1499999999999995200 ) ) ;
#138 = ORIENTED_EDGE ( 'NONE', *, *, #1251, .F. ) ;
#139 = CARTESIAN_POINT ( 'NONE',  ( 0.6796977746315521200, -1.980384757729336300, -0.6500000000000012400 ) ) ;
#140 = DIRECTION ( 'NONE',  ( -1.000000000000000000, 0.0000000000000000000, 0.0000000000000000000 ) ) ;
#141 = EDGE_CURVE ( 'NONE', #1589, #510, #1618, .T. ) ;
#142 = CONICAL_SURFACE ( 'NONE', #860, 2.500000000000000400, 0.7853981633974500600 ) ;
#143 = CARTESIAN_POINT ( 'NONE',  ( 3.298385574751158800, 1.798385574751158100, -0.7250000000000016400 ) ) ;
#144 = CARTESIAN_POINT ( 'NONE',  ( 2.796130858774284800, -1.514434168931703800, 0.9869036762139712400 ) ) ;
#145 = DIRECTION ( 'NONE',  ( 1.000000000000000000, 0.0000000000000000000, 0.0000000000000000000 ) ) ;
#146 = FACE_OUTER_BOUND ( 'NONE', #415, .T. ) ;
#147 = CARTESIAN_POINT ( 'NONE',  ( 3.480384757729336100, 0.8203022253684478800, 0.4499999999999990100 ) ) ;
#148 = CARTESIAN_POINT ( 'NONE',  ( 1.499999999999999300, -2.543301270189222100, 0.5249999999999994700 ) ) ;
#149 = FACE_OUTER_BOUND ( 'NONE', #843, .T. ) ;
#150 = CARTESIAN_POINT ( 'NONE',  ( 2.553469879313096300, 2.543301270189221300, -1.475000000000001900 ) ) ;
#151 = CARTESIAN_POINT ( 'NONE',  ( -0.1536294790512726400, -1.720747484467829000, 1.374608681643915100 ) ) ;
#152 = CARTESIAN_POINT ( 'NONE',  ( 2.900343491548891300, -1.400343491548891900, -1.300000000000001200 ) ) ;
#153 = CARTESIAN_POINT ( 'NONE',  ( 1.499999999999999600, 1.980384757729336300, -1.800000000000001200 ) ) ;
#154 = CARTESIAN_POINT ( 'NONE',  ( -1.043301270189222400, 1.053469879313095400, -2.075000000000001500 ) ) ;
#155 = CARTESIAN_POINT ( 'NONE',  ( 1.188408589326019200, -1.955718431022441600, 0.9803847577284472400 ) ) ;
#156 = CARTESIAN_POINT ( 'NONE',  ( 1.499999999999999600, 0.0000000000000000000, 1.500000000000000000 ) ) ;
#157 = CARTESIAN_POINT ( 'NONE',  ( 0.09965650845110787800, -1.400343491548891500, 0.8999999999999989100 ) ) ;
#158 = CARTESIAN_POINT ( 'NONE',  ( 4.043301270189221700, -4.671968639706942400E-016, 2.324999999999999300 ) ) ;
#159 = ORIENTED_EDGE ( 'NONE', *, *, #706, .F. ) ;
#160 = CARTESIAN_POINT ( 'NONE',  ( 0.4465301206869043400, 2.543301270189221700, -1.375000000000001600 ) ) ;
#161 = CARTESIAN_POINT ( 'NONE',  ( 2.320302225368446900, -1.980384757729336800, 1.749999999999998400 ) ) ;
#162 = LOCAL_TIME ( 7, 59, 0.0000000000000000000, #503 ) ;
#163 = CARTESIAN_POINT ( 'NONE',  ( 3.999999999999999100, 1.035533905932738400, 0.8499999999999985300 ) ) ;
#164 = CARTESIAN_POINT ( 'NONE',  ( 3.480384757729336100, 0.8203022253684478800, -1.150000000000001200 ) ) ;
#165 = CARTESIAN_POINT ( 'NONE',  ( 3.480384757729336100, -3.637907781950156900E-016, -1.200000000000001300 ) ) ;
#166 = ORIENTED_EDGE ( 'NONE', *, *, #1401, .F. ) ;
#167 = CARTESIAN_POINT ( 'NONE',  ( 3.619615242270665300, -8.504089035354240400E-014, -1.119615242270666900 ) ) ;
#168 = LINE ( 'NONE', #517, #320 ) ;
#169 = APPROVAL_ROLE ( '' ) ;
#170 = ORIENTED_EDGE ( 'NONE', *, *, #1008, .T. ) ;
#171 = CARTESIAN_POINT ( 'NONE',  ( 0.09965650845110808600, 1.400343491548891700, 1.499999999999998700 ) ) ;
#172 = CARTESIAN_POINT ( 'NONE',  ( 0.09965650845110787800, -1.400343491548891500, -0.7000000000000011800 ) ) ;
#173 = CARTESIAN_POINT ( 'NONE',  ( 0.5000000000000065500, 0.0000000000000000000, 0.2999999999999999300 ) ) ;
#174 = CARTESIAN_POINT ( 'NONE',  ( 1.334672962328469200, 1.985162594597644100, -0.9864491202377205800 ) ) ;
#175 = EDGE_CURVE ( 'NONE', #1255, #1650, #887, .T. ) ;
#176 = ADVANCED_FACE ( 'NONE', ( #1038 ), #1509, .F. ) ;
#177 = CARTESIAN_POINT ( 'NONE',  ( 0.6796977746315521200, -1.980384757729336300, 0.9499999999999990700 ) ) ;
#178 = DIRECTION ( 'NONE',  ( 1.000000000000000000, 0.0000000000000000000, 0.0000000000000000000 ) ) ;
#179 = ORIENTED_EDGE ( 'NONE', *, *, #279, .T. ) ;
#180 = ORIENTED_EDGE ( 'NONE', *, *, #960, .F. ) ;
#181 = CARTESIAN_POINT ( 'NONE',  ( 1.499999999999999300, -1.980384757729336300, 1.799999999999999200 ) ) ;
#182 = PERSON_AND_ORGANIZATION ( #189, #1630 ) ;
#183 = CARTESIAN_POINT ( 'NONE',  ( 1.188408589339689200, 1.955718431024619600, -0.9803847577293377500 ) ) ;
#184 = ADVANCED_FACE ( 'NONE', ( #1153 ), #1223, .F. ) ;
#185 = CARTESIAN_POINT ( 'NONE',  ( 3.480384757729336100, -3.637907781950156900E-016, -0.4000000000000012400 ) ) ;
#186 = CYLINDRICAL_SURFACE ( 'NONE', #575, 2.500000000000000400 ) ;
#187 = CARTESIAN_POINT ( 'NONE',  ( 2.625386490515698100, 1.726707054300766100, -1.039967859564679300 ) ) ;
#188 = CARTESIAN_POINT ( 'NONE',  ( -0.4803847577293366400, -0.8203022253684472100, 0.8499999999999987600 ) ) ;
#189 = PERSON ( 'UNSPECIFIED', 'UNSPECIFIED', 'UNSPECIFIED', ('UNSPECIFIED'), ('UNSPECIFIED'), ('UNSPECIFIED') ) ;
#190 = DIRECTION ( 'NONE',  ( -1.000000000000000000, 0.0000000000000000000, 0.0000000000000000000 ) ) ;
#191 = CARTESIAN_POINT ( 'NONE',  ( 2.320302225368446000, -1.980384757729336800, -0.6500000000000014700 ) ) ;
#192 = EDGE_CURVE ( 'NONE', #1563, #214, #1226, .T. ) ;
#193 = CARTESIAN_POINT ( 'NONE',  ( 3.480384757729336100, -3.637907781950156900E-016, 1.999999999999998700 ) ) ;
#194 = CARTESIAN_POINT ( 'NONE',  ( 0.6796977746315521200, -1.980384757729336300, 1.749999999999998900 ) ) ;
#195 = CARTESIAN_POINT ( 'NONE',  ( -6.428203230275508800, -3.999999999999998200, 0.2999999999999999300 ) ) ;
#196 = CARTESIAN_POINT ( 'NONE',  ( 0.09965650845110808600, 1.400343491548891700, -0.2000000000000014000 ) ) ;
#197 = VERTEX_POINT ( 'NONE', #613 ) ;
#198 = CARTESIAN_POINT ( 'NONE',  ( -6.428203230275509700, 4.000000000000000000, 0.2999999999999999300 ) ) ;
#199 = CARTESIAN_POINT ( 'NONE',  ( 3.465559691505577100, 0.7073042323054561400, 1.084008109355330000 ) ) ;
#200 = CARTESIAN_POINT ( 'NONE',  ( 3.480384757729336100, -0.8203022253684483200, 0.2499999999999985000 ) ) ;
#201 = VECTOR ( 'NONE', #1387, 1000.000000000000000 ) ;
#202 = CARTESIAN_POINT ( 'NONE',  ( 3.999999999999999100, 1.035533905932738400, -0.7500000000000017800 ) ) ;
#203 = AXIS2_PLACEMENT_3D ( 'NONE', #808, #1561, #1438 ) ;
#204 = ORIENTED_EDGE ( 'NONE', *, *, #223, .F. ) ;
#205 = CARTESIAN_POINT ( 'NONE',  ( 2.320302225368447800, 1.980384757729335900, 0.4499999999999985700 ) ) ;
#206 = CARTESIAN_POINT ( 'NONE',  ( 0.4644660940672613600, -2.500000000000000400, 1.349999999999998500 ) ) ;
#207 = CARTESIAN_POINT ( 'NONE',  ( -0.1032301641064167600, 1.162573365231629000, -0.9803847577293375300 ) ) ;
#208 = CARTESIAN_POINT ( 'NONE',  ( 3.480384757729336100, 0.8203022253684478800, -0.4500000000000013400 ) ) ;
#209 = CARTESIAN_POINT ( 'NONE',  ( -0.4803847577293366400, -0.8203022253684472100, 0.7499999999999984500 ) ) ;
#210 = EDGE_LOOP ( 'NONE', ( #1072, #925, #1662, #1122 ) ) ;
#211 = AXIS2_PLACEMENT_3D ( 'NONE', #253, #772, #1287 ) ;
#212 = ORIENTED_EDGE ( 'NONE', *, *, #495, .F. ) ;
#213 = CARTESIAN_POINT ( 'NONE',  ( 3.999999999999999100, -1.035533905932739300, 1.449999999999999300 ) ) ;
#214 = VERTEX_POINT ( 'NONE', #86 ) ;
#215 = CARTESIAN_POINT ( 'NONE',  ( 4.000000000000000000, -4.592425496802575000E-016, -0.9000000000000003600 ) ) ;
#216 = COORDINATED_UNIVERSAL_TIME_OFFSET ( 6, 0, .BEHIND. ) ;
#217 = CARTESIAN_POINT ( 'NONE',  ( 1.499999999999999300, -1.980384757729336300, -1.500000000000001600 ) ) ;
#218 = CARTESIAN_POINT ( 'NONE',  ( -1.000000000000000900, 1.530808498934192100E-016, -1.200000000000002000 ) ) ;
#219 = VECTOR ( 'NONE', #767, 1000.000000000000000 ) ;
#220 = CARTESIAN_POINT ( 'NONE',  ( -0.8050836685628098800, 0.1425817015633171200, 1.305083668562801800 ) ) ;
#221 = CARTESIAN_POINT ( 'NONE',  ( 3.267766952966368900, 1.767766952966368700, 0.7999999999999994900 ) ) ;
#222 = CIRCLE ( 'NONE', #211, 3.000000000000000900 ) ;
#223 = EDGE_CURVE ( 'NONE', #628, #476, #1, .T. ) ;
#224 = CONICAL_SURFACE ( 'NONE', #1181, 2.500000000000000400, 0.7853981633974500600 ) ;
#225 = CARTESIAN_POINT ( 'NONE',  ( -0.4803847577293367000, -0.8203022253684472100, -0.7500000000000011100 ) ) ;
#226 = CARTESIAN_POINT ( 'NONE',  ( 0.06033181474181954100, 1.365968381229011300, -0.9803847577293696200 ) ) ;
#227 = CARTESIAN_POINT ( 'NONE',  ( 2.535533905932739100, 2.500000000000000000, 0.8499999999999996400 ) ) ;
#228 = VERTEX_POINT ( 'NONE', #872 ) ;
#229 = CARTESIAN_POINT ( 'NONE',  ( 1.499999999999999600, 0.0000000000000000000, 1.500000000000000000 ) ) ;
#230 = CARTESIAN_POINT ( 'NONE',  ( 0.09965650845110808600, 1.400343491548891700, -0.9000000000000011300 ) ) ;
#231 = CARTESIAN_POINT ( 'NONE',  ( 3.775475719712285000, -0.7825723483193441900, 1.400908746261949600 ) ) ;
#232 = CARTESIAN_POINT ( 'NONE',  ( 3.999999999999999100, 1.035533905932738400, 0.7499999999999997800 ) ) ;
#233 = EDGE_CURVE ( 'NONE', #1690, #1589, #508, .T. ) ;
#234 = ORIENTED_EDGE ( 'NONE', *, *, #585, .T. ) ;
#235 = CARTESIAN_POINT ( 'NONE',  ( -0.4803847577293366400, 0.8203022253684474400, -1.750000000000001300 ) ) ;
#236 = EDGE_LOOP ( 'NONE', ( #1466, #644, #1301, #1532 ) ) ;
#237 = AXIS2_PLACEMENT_3D ( 'NONE', #1082, #570, #421 ) ;
#238 = CARTESIAN_POINT ( 'NONE',  ( 2.320302225368446000, -1.980384757729336800, 0.2499999999999989200 ) ) ;
#239 = FACE_OUTER_BOUND ( 'NONE', #61, .T. ) ;
#240 = PLANE ( 'NONE',  #66 ) ;
#241 = CARTESIAN_POINT ( 'NONE',  ( 0.4644660940672617500, 2.500000000000000400, 0.9499999999999995100 ) ) ;
#242 = CARTESIAN_POINT ( 'NONE',  ( 0.6796977746315523400, 1.980384757729336300, -1.850000000000001900 ) ) ;
#243 = CARTESIAN_POINT ( 'NONE',  ( 2.900343491548891700, 1.400343491548891300, -0.3000000000000012100 ) ) ;
#244 = CARTESIAN_POINT ( 'NONE',  ( 2.553469879313094500, -2.543301270189222100, -0.2250000000000005600 ) ) ;
#245 = CARTESIAN_POINT ( 'NONE',  ( 2.900343491548891300, -1.400343491548891900, 0.9999999999999986700 ) ) ;
#246 = CARTESIAN_POINT ( 'NONE',  ( -0.4803847577293366400, 0.8203022253684474400, -0.1500000000000014700 ) ) ;
#247 = EDGE_LOOP ( 'NONE', ( #57, #429, #1324 ) ) ;
#248 = CARTESIAN_POINT ( 'NONE',  ( -0.6583785393405293700, 1.086223035252869200, -1.411016703069893200 ) ) ;
#249 = CARTESIAN_POINT ( 'NONE',  ( -0.4803847577293367000, 1.212635927316719200E-016, -0.1000000000000013500 ) ) ;
#250 = CARTESIAN_POINT ( 'NONE',  ( 0.6796977746315523400, 1.980384757729336300, -1.850000000000001900 ) ) ;
#251 =( BOUNDED_CURVE ( )  B_SPLINE_CURVE ( 2, ( #328, #725, #67, #979, #1638, #602, #587, #445, #1101 ),
 .UNSPECIFIED., .F., .F. ) 
 B_SPLINE_CURVE_WITH_KNOTS ( ( 3, 2, 2, 2, 3 ),
 ( 0.5999999999999999800, 0.6250000000000000000, 0.6499999999999999100, 0.6749999999999999300, 0.6999999999999999600 ),
 .UNSPECIFIED. ) 
 CURVE ( )  GEOMETRIC_REPRESENTATION_ITEM ( )  RATIONAL_B_SPLINE_CURVE ( ( 1.000000000000000000, 0.9238795325112867400, 1.000000000000000000, 0.9238795325112867400, 1.000000000000000000, 0.9238795325112867400, 1.000000000000000000, 0.9238795325112867400, 1.000000000000000000 ) ) 
 REPRESENTATION_ITEM ( '' )  );
#252 = VERTEX_POINT ( 'NONE', #484 ) ;
#253 = CARTESIAN_POINT ( 'NONE',  ( 1.499999999999999600, 0.0000000000000000000, 0.2999999999999999300 ) ) ;
#254 = ORIENTED_EDGE ( 'NONE', *, *, #1142, .F. ) ;
#255 = CARTESIAN_POINT ( 'NONE',  ( 0.7175487583291189100, 2.352682295670137000, -1.474253210209265600 ) ) ;
#256 = EDGE_CURVE ( 'NONE', #1571, #197, #465, .T. ) ;
#257 = CARTESIAN_POINT ( 'NONE',  ( 2.553469879313096300, 2.543301270189221300, -0.6750000000000016000 ) ) ;
#258 = DATE_AND_TIME ( #36, #77 ) ;
#259 = CARTESIAN_POINT ( 'NONE',  ( 0.09965650845110787800, -1.400343491548891500, -0.8000000000000014900 ) ) ;
#260 = DIRECTION ( 'NONE',  ( -0.0000000000000000000, -0.0000000000000000000, -1.000000000000000000 ) ) ;
#261 = CARTESIAN_POINT ( 'NONE',  ( -1.043301270189222400, 1.053469879313095400, -0.5250000000000006900 ) ) ;
#262 = CARTESIAN_POINT ( 'NONE',  ( 4.043301270189221700, -4.671968639706942400E-016, -1.625000000000001600 ) ) ;
#263 = FACE_OUTER_BOUND ( 'NONE', #1007, .T. ) ;
#264 = ORIENTED_EDGE ( 'NONE', *, *, #898, .F. ) ;
#265 = CARTESIAN_POINT ( 'NONE',  ( 1.499999999999999300, -1.980384757729336300, -0.6000000000000010900 ) ) ;
#266 = CARTESIAN_POINT ( 'NONE',  ( 0.4261179548337755100, 2.222903872694812900, -1.463556228798287500 ) ) ;
#267 = AXIS2_PLACEMENT_3D ( 'NONE', #1282, #622, #1539 ) ;
#268 = CARTESIAN_POINT ( 'NONE',  ( 2.320302225368447800, 1.980384757729335900, 1.249999999999998400 ) ) ;
#269 = DIRECTION ( 'NONE',  ( 0.0000000000000000000, 0.0000000000000000000, 1.000000000000000000 ) ) ;
#270 = CARTESIAN_POINT ( 'NONE',  ( 3.480384757729336100, 0.8203022253684478800, -0.3500000000000012000 ) ) ;
#271 = CARTESIAN_POINT ( 'NONE',  ( -1.043301270189222400, -1.053469879313095200, 0.3749999999999995000 ) ) ;
#272 = CARTESIAN_POINT ( 'NONE',  ( 2.553469879313096300, 2.543301270189221300, 0.1249999999999983800 ) ) ;
#273 = ORIENTED_EDGE ( 'NONE', *, *, #1334, .F. ) ;
#274 = CARTESIAN_POINT ( 'NONE',  ( 1.499999999999999600, 0.0000000000000000000, 1.246000000000000200 ) ) ;
#275 = EDGE_LOOP ( 'NONE', ( #1578, #893 ) ) ;
#276 = CARTESIAN_POINT ( 'NONE',  ( 2.320302225368447800, 1.980384757729335900, -1.050000000000001400 ) ) ;
#277 = CIRCLE ( 'NONE', #4, 3.000000000000000900 ) ;
#278 = CARTESIAN_POINT ( 'NONE',  ( 0.09965650845110787800, -1.400343491548891500, -1.500000000000001300 ) ) ;
#279 = EDGE_CURVE ( 'NONE', #1563, #1503, #1671, .T. ) ;
#280 = PERSON_AND_ORGANIZATION ( #189, #1630 ) ;
#281 = CARTESIAN_POINT ( 'NONE',  ( -1.043301270189222600, 1.557322879902314500E-016, -0.4250000000000015400 ) ) ;
#282 = CARTESIAN_POINT ( 'NONE',  ( -0.1032301641064167600, 1.162573365231629000, -0.9803847577293375300 ) ) ;
#283 = APPROVAL_ROLE ( '' ) ;
#284 = CARTESIAN_POINT ( 'NONE',  ( 0.09965650845110808600, 1.400343491548891700, -0.9000000000000011300 ) ) ;
#285 = CARTESIAN_POINT ( 'NONE',  ( 2.553469879313096300, 2.543301270189221300, 0.8749999999999994400 ) ) ;
#286 = CONICAL_SURFACE ( 'NONE', #41, 2.500000000000000400, 0.7853981633974500600 ) ;
#287 = CARTESIAN_POINT ( 'NONE',  ( -0.2983855747511589600, 1.798385574751158800, 0.2749999999999983600 ) ) ;
#288 = DIRECTION ( 'NONE',  ( 0.0000000000000000000, 0.0000000000000000000, 1.000000000000000000 ) ) ;
#289 = CARTESIAN_POINT ( 'NONE',  ( 0.6796977746315521200, -1.980384757729336300, 0.9499999999999990700 ) ) ;
#290 = CARTESIAN_POINT ( 'NONE',  ( 2.900343491548891700, 1.400343491548891300, -1.100000000000001200 ) ) ;
#291 = APPROVAL ( #836, 'UNSPECIFIED' ) ;
#292 = DIRECTION ( 'NONE',  ( -0.0000000000000000000, -0.0000000000000000000, -1.000000000000000000 ) ) ;
#293 = DIRECTION ( 'NONE',  ( -1.000000000000000000, 0.0000000000000000000, 0.0000000000000000000 ) ) ;
#294 = DIRECTION ( 'NONE',  ( 0.0000000000000000000, 0.0000000000000000000, 1.000000000000000000 ) ) ;
#295 = CARTESIAN_POINT ( 'NONE',  ( 3.480384757729336100, -0.8203022253684483200, 1.149999999999999000 ) ) ;
#296 = CARTESIAN_POINT ( 'NONE',  ( -1.043301270189222400, -1.053469879313095200, 1.974999999999999600 ) ) ;
#297 = ORIENTED_EDGE ( 'NONE', *, *, #17, .T. ) ;
#298 = DIRECTION ( 'NONE',  ( -0.0000000000000000000, -0.0000000000000000000, -1.000000000000000000 ) ) ;
#299 = CARTESIAN_POINT ( 'NONE',  ( 3.619615242270665300, -8.504089035354240400E-014, -1.119615242270666900 ) ) ;
#300 = ADVANCED_FACE ( 'NONE', ( #42 ), #1154, .F. ) ;
#301 = CARTESIAN_POINT ( 'NONE',  ( 2.900343491548891300, -1.400343491548891900, 0.2999999999999990500 ) ) ;
#302 = DIRECTION ( 'NONE',  ( 0.0000000000000000000, 0.0000000000000000000, -1.000000000000000000 ) ) ;
#303 = CARTESIAN_POINT ( 'NONE',  ( 4.000000000000000000, -4.592425496802575000E-016, 0.6999999999999996200 ) ) ;
#304 = ORIENTED_EDGE ( 'NONE', *, *, #85, .F. ) ;
#305 = CARTESIAN_POINT ( 'NONE',  ( 0.6796977746315521200, -1.980384757729336300, 0.1499999999999988800 ) ) ;
#306 = CARTESIAN_POINT ( 'NONE',  ( -1.043301270189222400, 1.053469879313095400, 0.3249999999999984600 ) ) ;
#307 = EDGE_CURVE ( 'NONE', #1571, #335, #566, .T. ) ;
#308 = CARTESIAN_POINT ( 'NONE',  ( 1.499999999999999600, 0.0000000000000000000, -1.500000000000000000 ) ) ;
#309 = PLANE ( 'NONE',  #535 ) ;
#310 = CARTESIAN_POINT ( 'NONE',  ( 1.105603444883219900, -2.230339614469846000, -1.260195084586055000 ) ) ;
#311 = ADVANCED_FACE ( 'NONE', ( #580 ), #636, .T. ) ;
#312 = EDGE_LOOP ( 'NONE', ( #126, #1489, #388, #104, #1309 ) ) ;
#313 = ORIENTED_EDGE ( 'NONE', *, *, #960, .T. ) ;
#314 = CARTESIAN_POINT ( 'NONE',  ( 0.6796977746315523400, 1.980384757729336300, 1.449999999999999100 ) ) ;
#315 = CARTESIAN_POINT ( 'NONE',  ( 2.900343491548891300, -1.400343491548891900, -0.6000000000000013100 ) ) ;
#316 = EDGE_CURVE ( 'NONE', #228, #45, #1200, .T. ) ;
#317 = CARTESIAN_POINT ( 'NONE',  ( 1.499999999999999300, -1.980384757729336300, 0.9999999999999986700 ) ) ;
#318 = CARTESIAN_POINT ( 'NONE',  ( 3.480384757729336100, 0.8203022253684478800, 1.249999999999998900 ) ) ;
#319 = CARTESIAN_POINT ( 'NONE',  ( -0.8637593074181455500, -0.2929241942768874300, -1.363759307418204600 ) ) ;
#320 = VECTOR ( 'NONE', #1428, 1000.000000000000000 ) ;
#321 = CARTESIAN_POINT ( 'NONE',  ( -1.000000000000000900, 1.530808498934192100E-016, 1.099999999999999900 ) ) ;
#322 =( BOUNDED_SURFACE ( )  B_SPLINE_SURFACE ( 1, 2, ( 
 ( #784, #814, #540, #560, #686, #1061, #1580, #673, #533, #1185, #152, #21, #397, #164, #410, #276, #1586, #1470, #284, #923, #405, #809, #1597, #139, #265, #1604, #1045, #389, #1172, #270, #1191, #1441, #1332, #546, #1458, #665, #801, #1067, #416, #9, #821, #680, #14, #928, #933, #147, #1179, #1056, #1322, #554, #1592, #1450, #938, #26, #157, #289, #1198, #1340, #1477, #295, #39, #318, #33, #1609, #947, #1100, #171, #832, #1205, #699, #977, #194, #424, #1346, #1074, #567, #125 ),
 ( #336, #250, #997, #1120, #376, #1687, #515, #642, #217, #905, #649, #1560, #471, #119, #746, #1257, #1037, #1030, #1653, #1386, #1517, #657, #259, #382, #1424, #1555, #611, #1647, #1681, #1159, #1391, #788, #877, #1300, #1000, #246, #1024, #1431, #914, #1569, #1151, #618, #131, #521, #1526, #1641, #368, #90, #1295, #344, #509, #871, #84, #209, #1418, #1163, #1308, #1116, #1264, #477, #751, #781, #909, #401, #1455, #394, #941, #1330, #135, #387, #6, #1196, #799, #161, #409, #413, #551 ) ),
 .UNSPECIFIED., .F., .F., .F. ) 
 B_SPLINE_SURFACE_WITH_KNOTS ( ( 2, 2 ),
 ( 3, 2, 2, 2, 2, 2, 2, 2, 2, 2, 2, 2, 2, 2, 2, 2, 2, 2, 2, 2, 2, 2, 2, 2, 2, 2, 2, 2, 2, 2, 2, 2, 2, 2, 2, 2, 2, 2, 3 ),
 ( 0.0000000000000000000, 1.000000000000000000 ),
 ( 0.0000000000000000000, 0.02500000000000000100, 0.05000000000000000300, 0.07499999999999999700, 0.1000000000000000100, 0.1250000000000000000, 0.1499999999999999900, 0.1749999999999999900, 0.2000000000000000100, 0.2250000000000000100, 0.2500000000000000000, 0.2750000000000000200, 0.2999999999999999900, 0.3250000000000000100, 0.3499999999999999800, 0.3750000000000000000, 0.4000000000000000200, 0.4249999999999999900, 0.4500000000000000100, 0.4749999999999999800, 0.5000000000000000000, 0.5250000000000000200, 0.5500000000000000400, 0.5749999999999999600, 0.5999999999999999800, 0.6250000000000000000, 0.6500000000000000200, 0.6750000000000000400, 0.6999999999999999600, 0.7249999999999999800, 0.7500000000000000000, 0.7750000000000000200, 0.8000000000000000400, 0.8249999999999999600, 0.8499999999999999800, 0.8750000000000000000, 0.9000000000000000200, 0.9250000000000000400, 0.9499999999999999600 ),
 .UNSPECIFIED. ) 
 GEOMETRIC_REPRESENTATION_ITEM ( )  RATIONAL_B_SPLINE_SURFACE ( (
 ( 1.000000000000000000, 0.9238795325112867400, 1.000000000000000000, 0.9238795325112867400, 1.000000000000000000, 0.9238795325112867400, 1.000000000000000000, 0.9238795325112867400, 1.000000000000000000, 0.9238795325112867400, 1.000000000000000000, 0.9238795325112867400, 1.000000000000000000, 0.9238795325112867400, 1.000000000000000000, 0.9238795325112867400, 1.000000000000000000, 0.9238795325112867400, 1.000000000000000000, 0.9238795325112867400, 1.000000000000000000, 0.9238795325112867400, 1.000000000000000000, 0.9238795325112867400, 1.000000000000000000, 0.9238795325112867400, 1.000000000000000000, 0.9238795325112867400, 1.000000000000000000, 0.9238795325112867400, 1.000000000000000000, 0.9238795325112867400, 1.000000000000000000, 0.9238795325112867400, 1.000000000000000000, 0.9238795325112867400, 1.000000000000000000, 0.9238795325112867400, 1.000000000000000000, 0.9238795325112867400, 1.000000000000000000, 0.9238795325112867400, 1.000000000000000000, 0.9238795325112867400, 1.000000000000000000, 0.9238795325112867400, 1.000000000000000000, 0.9238795325112867400, 1.000000000000000000, 0.9238795325112867400, 1.000000000000000000, 0.9238795325112867400, 1.000000000000000000, 0.9238795325112867400, 1.000000000000000000, 0.9238795325112867400, 1.000000000000000000, 0.9238795325112867400, 1.000000000000000000, 0.9238795325112867400, 1.000000000000000000, 0.9238795325112867400, 1.000000000000000000, 0.9238795325112867400, 1.000000000000000000, 0.9238795325112867400, 1.000000000000000000, 0.9238795325112867400, 1.000000000000000000, 0.9238795325112867400, 1.000000000000000000, 0.9238795325112867400, 1.000000000000000000, 0.9238795325112867400, 1.000000000000000000, 0.9238795325112867400, 1.000000000000000000),
 ( 1.000000000000000000, 0.9238795325112867400, 1.000000000000000000, 0.9238795325112867400, 1.000000000000000000, 0.9238795325112867400, 1.000000000000000000, 0.9238795325112867400, 1.000000000000000000, 0.9238795325112867400, 1.000000000000000000, 0.9238795325112867400, 1.000000000000000000, 0.9238795325112867400, 1.000000000000000000, 0.9238795325112867400, 1.000000000000000000, 0.9238795325112867400, 1.000000000000000000, 0.9238795325112867400, 1.000000000000000000, 0.9238795325112867400, 1.000000000000000000, 0.9238795325112867400, 1.000000000000000000, 0.9238795325112867400, 1.000000000000000000, 0.9238795325112867400, 1.000000000000000000, 0.9238795325112867400, 1.000000000000000000, 0.9238795325112867400, 1.000000000000000000, 0.9238795325112867400, 1.000000000000000000, 0.9238795325112867400, 1.000000000000000000, 0.9238795325112867400, 1.000000000000000000, 0.9238795325112867400, 1.000000000000000000, 0.9238795325112867400, 1.000000000000000000, 0.9238795325112867400, 1.000000000000000000, 0.9238795325112867400, 1.000000000000000000, 0.9238795325112867400, 1.000000000000000000, 0.9238795325112867400, 1.000000000000000000, 0.9238795325112867400, 1.000000000000000000, 0.9238795325112867400, 1.000000000000000000, 0.9238795325112867400, 1.000000000000000000, 0.9238795325112867400, 1.000000000000000000, 0.9238795325112867400, 1.000000000000000000, 0.9238795325112867400, 1.000000000000000000, 0.9238795325112867400, 1.000000000000000000, 0.9238795325112867400, 1.000000000000000000, 0.9238795325112867400, 1.000000000000000000, 0.9238795325112867400, 1.000000000000000000, 0.9238795325112867400, 1.000000000000000000, 0.9238795325112867400, 1.000000000000000000, 0.9238795325112867400, 1.000000000000000000) ) ) 
 REPRESENTATION_ITEM ( '' )  SURFACE ( )  );
#323 = CARTESIAN_POINT ( 'NONE',  ( -1.000000000000000900, 1.530808498934192100E-016, 0.3999999999999984700 ) ) ;
#324 = CARTESIAN_POINT ( 'NONE',  ( -0.5648050952531925600, -1.124200223076844200, -1.332729692493752200 ) ) ;
#325 = DIRECTION ( 'NONE',  ( 1.000000000000000000, 0.0000000000000000000, 0.0000000000000000000 ) ) ;
#326 = AXIS2_PLACEMENT_3D ( 'NONE', #1117, #1637, #619 ) ;
#327 = CARTESIAN_POINT ( 'NONE',  ( 4.000000000000000000, -4.592425496802575000E-016, -0.8000000000000020400 ) ) ;
#328 = CARTESIAN_POINT ( 'NONE',  ( 4.000000000000000000, -4.592425496802575000E-016, -0.8000000000000020400 ) ) ;
#329 = CARTESIAN_POINT ( 'NONE',  ( -1.246000000000001800, 3.362880110458633600E-016, 1.246000000000000200 ) ) ;
#330 = ORIENTED_EDGE ( 'NONE', *, *, #107, .T. ) ;
#331 = CARTESIAN_POINT ( 'NONE',  ( 3.267766952966368400, -1.767766952966369500, 0.6999999999999984000 ) ) ;
#332 = CARTESIAN_POINT ( 'NONE',  ( 0.4644660940672613600, -2.500000000000000400, 1.249999999999999600 ) ) ;
#333 = CARTESIAN_POINT ( 'NONE',  ( 3.946125971021874800, -0.3224917367556077200, 1.461990540618963300 ) ) ;
#334 = DIRECTION ( 'NONE',  ( -0.0000000000000000000, -0.0000000000000000000, 1.000000000000000000 ) ) ;
#335 = VERTEX_POINT ( 'NONE', #701 ) ;
#336 = CARTESIAN_POINT ( 'NONE',  ( 1.499999999999999600, 1.980384757729336300, -1.900000000000001500 ) ) ;
#337 = EDGE_CURVE ( 'NONE', #64, #1682, #1327, .T. ) ;
#338 = CARTESIAN_POINT ( 'NONE',  ( -1.000000000000000900, 1.530808498934192100E-016, 0.2999999999999996600 ) ) ;
#339 = FACE_OUTER_BOUND ( 'NONE', #275, .T. ) ;
#340 = CARTESIAN_POINT ( 'NONE',  ( 1.499999999999999300, -2.500000000000000400, 1.299999999999999600 ) ) ;
#341 = ORIENTED_EDGE ( 'NONE', *, *, #758, .T. ) ;
#342 = CARTESIAN_POINT ( 'NONE',  ( -0.8098076211353320000, -3.126189331663828300E-014, 1.309807621135331600 ) ) ;
#343 = CARTESIAN_POINT ( 'NONE',  ( 0.5000000000000065500, 0.0000000000000000000, -1.500000000000000000 ) ) ;
#344 = CARTESIAN_POINT ( 'NONE',  ( 0.6796977746315523400, 1.980384757729336300, 0.5499999999999984900 ) ) ;
#345 = DIRECTION ( 'NONE',  ( -0.0000000000000000000, -0.0000000000000000000, -1.000000000000000000 ) ) ;
#346 = CARTESIAN_POINT ( 'NONE',  ( -1.000000000000000900, -1.035533905932737800, 1.249999999999998400 ) ) ;
#347 = B_SPLINE_CURVE_WITH_KNOTS ( 'NONE', 3,
 ( #1591, #1519, #489, #47, #722, #948, #83, #1250, #1427, #1562, #1225, #1487, #452, #1448, #1547, #91 ),
 .UNSPECIFIED., .F., .F.,
 ( 4, 2, 2, 2, 2, 2, 2, 4 ),
 ( 5.579165744963504200E-018, 0.0004915494224150076800, 0.0009830988448300099400, 0.001966197689660014300, 0.002457747112075016500, 0.002949296534490018300, 0.003440845956905021000, 0.003932395379320023300 ),
 .UNSPECIFIED. ) ;
#348 = DIRECTION ( 'NONE',  ( -0.0000000000000000000, -0.0000000000000000000, 1.000000000000000000 ) ) ;
#349 = ORIENTED_EDGE ( 'NONE', *, *, #1421, .T. ) ;
#350 = ORIENTED_EDGE ( 'NONE', *, *, #791, .F. ) ;
#351 = CARTESIAN_POINT ( 'NONE',  ( -0.2677669529663694300, 1.767766952966369300, -0.6000000000000004200 ) ) ;
#352 = CARTESIAN_POINT ( 'NONE',  ( 1.499999999999999600, 0.0000000000000000000, 1.500000000000000000 ) ) ;
#353 = CARTESIAN_POINT ( 'NONE',  ( 3.480384757729336100, 0.8203022253684478800, 1.149999999999999000 ) ) ;
#354 = FACE_OUTER_BOUND ( 'NONE', #876, .T. ) ;
#355 = CARTESIAN_POINT ( 'NONE',  ( -0.4803847577293367000, -0.8203022253684472100, 0.04999999999999883000 ) ) ;
#356 = EDGE_LOOP ( 'NONE', ( #972, #330, #159, #1475 ) ) ;
#357 = CARTESIAN_POINT ( 'NONE',  ( 0.8336404794765744900, 2.109382911467545100, 1.207535177518954500 ) ) ;
#358 = CARTESIAN_POINT ( 'NONE',  ( 2.142463719578149300, -1.980384757729336800, 0.9391601838754953800 ) ) ;
#359 = EDGE_CURVE ( 'NONE', #1377, #991, #557, .T. ) ;
#360 = CARTESIAN_POINT ( 'NONE',  ( -0.4803847577293366400, -0.8203022253684472100, -0.05000000000000143200 ) ) ;
#361 = LINE ( 'NONE', #812, #1311 ) ;
#362 = CARTESIAN_POINT ( 'NONE',  ( 0.09965650845110787800, -1.400343491548891500, 0.8999999999999989100 ) ) ;
#363 = CARTESIAN_POINT ( 'NONE',  ( 1.499999999999999600, 2.500000000000000400, -1.500000000000000400 ) ) ;
#364 = CARTESIAN_POINT ( 'NONE',  ( -0.4803847577293366400, -0.8203022253684472100, -0.8500000000000015300 ) ) ;
#365 = CARTESIAN_POINT ( 'NONE',  ( -0.4803847577293367000, 0.8203022253684474400, -0.05000000000000121700 ) ) ;
#366 = CARTESIAN_POINT ( 'NONE',  ( 2.553469879313094500, -2.543301270189222100, -1.025000000000000600 ) ) ;
#367 = CARTESIAN_POINT ( 'NONE',  ( 3.480384757729336100, -0.8203022253684483200, -1.350000000000001900 ) ) ;
#368 = CARTESIAN_POINT ( 'NONE',  ( 2.900343491548891700, 1.400343491548891300, 0.3999999999999984700 ) ) ;
#369 = ORIENTED_EDGE ( 'NONE', *, *, #1685, .F. ) ;
#370 =( BOUNDED_CURVE ( )  B_SPLINE_CURVE ( 2, ( #639, #1025, #230, #479, #492, #225, #894, #886, #110, #372, #621, #1527, #1017, #1543, #243, #1550, #1411, #1291, #1656, #365, #498, #355, #121, #635, #99, #238, #1278, #1145, #1005, #1272, #1537, #486, #1397, #771, #1533, #1672, #761, #114, #362, #1286, #1661 ),
 .UNSPECIFIED., .F., .F. ) 
 B_SPLINE_CURVE_WITH_KNOTS ( ( 3, 2, 2, 2, 2, 2, 2, 2, 2, 2, 2, 2, 2, 2, 2, 2, 2, 2, 2, 2, 3 ),
 ( 0.2050913630448715800, 0.2250000000000000100, 0.2500000000000000000, 0.2750000000000000200, 0.2999999999999999900, 0.3250000000000000100, 0.3499999999999999800, 0.3750000000000000000, 0.4000000000000000200, 0.4249999999999999900, 0.4500000000000000100, 0.4749999999999999800, 0.5000000000000000000, 0.5250000000000000200, 0.5500000000000000400, 0.5749999999999999600, 0.5999999999999999800, 0.6250000000000000000, 0.6500000000000000200, 0.6750000000000000400, 0.6949086369546738600 ),
 .UNSPECIFIED. ) 
 CURVE ( )  GEOMETRIC_REPRESENTATION_ITEM ( )  RATIONAL_B_SPLINE_CURVE ( ( 0.9753096629729503000, 0.9393818099165021100, 1.000000000000000000, 0.9238795325112867400, 1.000000000000000000, 0.9238795325112867400, 1.000000000000000000, 0.9238795325112867400, 1.000000000000000000, 0.9238795325112867400, 1.000000000000000000, 0.9238795325112867400, 1.000000000000000000, 0.9238795325112867400, 1.000000000000000000, 0.9238795325112867400, 1.000000000000000000, 0.9238795325112867400, 1.000000000000000000, 0.9238795325112867400, 1.000000000000000000, 0.9238795325112867400, 1.000000000000000000, 0.9238795325112867400, 1.000000000000000000, 0.9238795325112867400, 1.000000000000000000, 0.9238795325112867400, 1.000000000000000000, 0.9238795325112867400, 1.000000000000000000, 0.9238795325112867400, 1.000000000000000000, 0.9238795325112867400, 1.000000000000000000, 0.9238795325112867400, 1.000000000000000000, 0.9238795325112867400, 1.000000000000000000, 0.9393818099178860000, 0.9753096629713097200 ) ) 
 REPRESENTATION_ITEM ( '' )  );
#371 = APPROVAL ( #946, 'UNSPECIFIED' ) ;
#372 = CARTESIAN_POINT ( 'NONE',  ( 2.320302225368446000, -1.980384757729336800, -0.5500000000000012700 ) ) ;
#373 = CARTESIAN_POINT ( 'NONE',  ( 1.499999999999999600, 2.500000000000000400, -1.400000000000002100 ) ) ;
#374 = CARTESIAN_POINT ( 'NONE',  ( 4.043301270189220800, -1.053469879313096800, -0.9250000000000006000 ) ) ;
#375 = CARTESIAN_POINT ( 'NONE',  ( 2.320302225368446900, -1.980384757729336800, 0.1499999999999986600 ) ) ;
#376 = CARTESIAN_POINT ( 'NONE',  ( -0.4803847577293367000, 1.212635927316719200E-016, -1.700000000000001500 ) ) ;
#377 = CARTESIAN_POINT ( 'NONE',  ( 2.249316732277894600, -2.356214399023289600, 1.461278651566340700 ) ) ;
#378 = FACE_BOUND ( 'NONE', #943, .T. ) ;
#379 = CARTESIAN_POINT ( 'NONE',  ( 0.4465301206869043400, 2.543301270189221700, -0.6250000000000005600 ) ) ;
#380 = ORIENTED_EDGE ( 'NONE', *, *, #1241, .F. ) ;
#381 = CARTESIAN_POINT ( 'NONE',  ( -1.043301270189222400, -1.053469879313095200, -0.3750000000000016100 ) ) ;
#382 = CARTESIAN_POINT ( 'NONE',  ( 0.6796977746315521200, -1.980384757729336300, -0.7500000000000017800 ) ) ;
#383 = CARTESIAN_POINT ( 'NONE',  ( 4.000000000000000000, -4.592425496802575000E-016, -0.8000000000000020400 ) ) ;
#384 = CARTESIAN_POINT ( 'NONE',  ( 2.535533905932737800, -2.500000000000000400, -1.050000000000000500 ) ) ;
#385 = CARTESIAN_POINT ( 'NONE',  ( -0.8674370291605332200, 0.3205410598424432400, -1.383724704711408300 ) ) ;
#386 = CARTESIAN_POINT ( 'NONE',  ( -1.043301270189222600, 1.557322879902314500E-016, -1.225000000000001600 ) ) ;
#387 = CARTESIAN_POINT ( 'NONE',  ( -0.4803847577293366400, -0.8203022253684472100, 1.549999999999998700 ) ) ;
#388 = ORIENTED_EDGE ( 'NONE', *, *, #192, .F. ) ;
#389 = CARTESIAN_POINT ( 'NONE',  ( 3.480384757729336100, -0.8203022253684483200, -0.4500000000000011200 ) ) ;
#390 = CARTESIAN_POINT ( 'NONE',  ( -0.2983855747511589600, 1.798385574751158800, 0.2249999999999995100 ) ) ;
#391 = EDGE_CURVE ( 'NONE', #476, #1571, #986, .T. ) ;
#392 = ORIENTED_EDGE ( 'NONE', *, *, #1251, .T. ) ;
#393 = CARTESIAN_POINT ( 'NONE',  ( 3.298385574751158300, -1.798385574751159000, -0.1250000000000014200 ) ) ;
#394 = CARTESIAN_POINT ( 'NONE',  ( 0.6796977746315523400, 1.980384757729336300, 1.349999999999999000 ) ) ;
#395 = CIRCLE ( 'NONE', #1602, 2.500000000000000400 ) ;
#396 = CARTESIAN_POINT ( 'NONE',  ( 4.000000000000000000, -4.592425496802575000E-016, -1.765216662077961900E-015 ) ) ;
#397 = CARTESIAN_POINT ( 'NONE',  ( 3.480384757729336100, -3.637907781950156900E-016, -1.200000000000001300 ) ) ;
#398 = CARTESIAN_POINT ( 'NONE',  ( 2.553469879313094500, -2.543301270189222100, 1.374999999999999600 ) ) ;
#399 = CARTESIAN_POINT ( 'NONE',  ( 2.900343491548891700, 1.400343491548891300, 1.199999999999998800 ) ) ;
#400 = FACE_OUTER_BOUND ( 'NONE', #743, .T. ) ;
#401 = CARTESIAN_POINT ( 'NONE',  ( 2.320302225368447800, 1.980384757729335900, 1.249999999999998400 ) ) ;
#402 = ORIENTED_EDGE ( 'NONE', *, *, #1008, .F. ) ;
#403 = DATE_TIME_ROLE ( 'classification_date' ) ;
#404 =( BOUNDED_CURVE ( )  B_SPLINE_CURVE ( 2, ( #881, #1521, #1649, #864, #1504, #92, #468, #202, #327 ),
 .UNSPECIFIED., .F., .F. ) 
 B_SPLINE_CURVE_WITH_KNOTS ( ( 3, 2, 2, 2, 3 ),
 ( 0.4999999999999999400, 0.5249999999999999100, 0.5499999999999999300, 0.5749999999999999600, 0.5999999999999999800 ),
 .UNSPECIFIED. ) 
 CURVE ( )  GEOMETRIC_REPRESENTATION_ITEM ( )  RATIONAL_B_SPLINE_CURVE ( ( 1.000000000000000000, 0.9238795325112867400, 1.000000000000000000, 0.9238795325112867400, 1.000000000000000000, 0.9238795325112867400, 1.000000000000000000, 0.9238795325112867400, 1.000000000000000000 ) ) 
 REPRESENTATION_ITEM ( '' )  );
#405 = CARTESIAN_POINT ( 'NONE',  ( -0.4803847577293367000, 1.212635927316719200E-016, -0.8000000000000012700 ) ) ;
#406 = CARTESIAN_POINT ( 'NONE',  ( 0.4465301206869039500, -2.543301270189221700, 1.274999999999999500 ) ) ;
#407 = CC_DESIGN_DATE_AND_TIME_ASSIGNMENT ( #610, #1482, ( #28 ) ) ;
#408 = CARTESIAN_POINT ( 'NONE',  ( 4.043301270189220800, -1.053469879313096800, -0.8750000000000017800 ) ) ;
#409 = CARTESIAN_POINT ( 'NONE',  ( 2.900343491548891300, -1.400343491548891900, 1.799999999999998700 ) ) ;
#410 = CARTESIAN_POINT ( 'NONE',  ( 2.900343491548891700, 1.400343491548891300, -1.100000000000001200 ) ) ;
#411 = CARTESIAN_POINT ( 'NONE',  ( -0.2983855747511589600, 1.798385574751158800, 1.024999999999999500 ) ) ;
#412 = CARTESIAN_POINT ( 'NONE',  ( 4.043301270189220800, -1.053469879313096800, 1.524999999999998600 ) ) ;
#413 = CARTESIAN_POINT ( 'NONE',  ( 3.480384757729336100, -0.8203022253684483200, 1.849999999999999000 ) ) ;
#414 = APPROVAL_STATUS ( 'not_yet_approved' ) ;
#415 = EDGE_LOOP ( 'NONE', ( #850, #458, #1660, #1395 ) ) ;
#416 = CARTESIAN_POINT ( 'NONE',  ( 0.09965650845110787800, -1.400343491548891500, 0.09999999999999874300 ) ) ;
#417 = VECTOR ( 'NONE', #853, 1000.000000000000000 ) ;
#418 = CARTESIAN_POINT ( 'NONE',  ( -1.043301270189222600, 1.557322879902314500E-016, 0.3249999999999995700 ) ) ;
#419 = COORDINATED_UNIVERSAL_TIME_OFFSET ( 6, 0, .BEHIND. ) ;
#420 = CARTESIAN_POINT ( 'NONE',  ( -0.2983855747511589600, 1.798385574751158800, 1.074999999999998200 ) ) ;
#421 = DIRECTION ( 'NONE',  ( 1.000000000000000000, 0.0000000000000000000, 0.0000000000000000000 ) ) ;
#422 = AXIS2_PLACEMENT_3D ( 'NONE', #735, #1382, #1123 ) ;
#423 = ADVANCED_FACE ( 'NONE', ( #704, #1113 ), #309, .T. ) ;
#424 = CARTESIAN_POINT ( 'NONE',  ( 1.499999999999999300, -1.980384757729336300, 1.799999999999999200 ) ) ;
#425 = CARTESIAN_POINT ( 'NONE',  ( 1.499999999999999600, 2.543301270189222100, 1.724999999999999600 ) ) ;
#426 = FACE_OUTER_BOUND ( 'NONE', #356, .T. ) ;
#427 = CARTESIAN_POINT ( 'NONE',  ( 1.499999999999999600, 2.543301270189222100, 0.9749999999999984200 ) ) ;
#428 = CARTESIAN_POINT ( 'NONE',  ( 3.592910755722372100, 0.2961401433800801600, -1.108646460053467600 ) ) ;
#429 = ORIENTED_EDGE ( 'NONE', *, *, #791, .T. ) ;
#430 = CARTESIAN_POINT ( 'NONE',  ( 0.4644660940672616900, 2.500000000000000400, 1.049999999999998500 ) ) ;
#431 =( BOUNDED_CURVE ( )  B_SPLINE_CURVE ( 2, ( #94, #232, #221, #227, #1408, #241, #1400, #106, #1126 ),
 .UNSPECIFIED., .F., .F. ) 
 B_SPLINE_CURVE_WITH_KNOTS ( ( 3, 2, 2, 2, 3 ),
 ( 0.5500000000000000400, 0.5749999999999999600, 0.5999999999999999800, 0.6250000000000000000, 0.6500000000000000200 ),
 .UNSPECIFIED. ) 
 CURVE ( )  GEOMETRIC_REPRESENTATION_ITEM ( )  RATIONAL_B_SPLINE_CURVE ( ( 1.000000000000000000, 0.9238795325112867400, 1.000000000000000000, 0.9238795325112867400, 1.000000000000000000, 0.9238795325112867400, 1.000000000000000000, 0.9238795325112867400, 1.000000000000000000 ) ) 
 REPRESENTATION_ITEM ( '' )  );
#432 = EDGE_CURVE ( 'NONE', #440, #1425, #617, .T. ) ;
#433 = CARTESIAN_POINT ( 'NONE',  ( 0.09965650845110808600, 1.400343491548891700, 1.499999999999998700 ) ) ;
#434 = CARTESIAN_POINT ( 'NONE',  ( 3.520491395018230400, 0.5811367424756244100, -1.097265092532259800 ) ) ;
#435 = ADVANCED_FACE ( 'NONE', ( #426 ), #1551, .F. ) ;
#436 = CARTESIAN_POINT ( 'NONE',  ( 1.499999999999999600, 1.980384757729336300, 1.399999999999998800 ) ) ;
#437 = ORIENTED_EDGE ( 'NONE', *, *, #595, .F. ) ;
#438 = CARTESIAN_POINT ( 'NONE',  ( 1.499999999999999300, -2.500000000000000400, 0.4999999999999995600 ) ) ;
#439 = CARTESIAN_POINT ( 'NONE',  ( 4.000000000000000000, 3.061616997868383600E-016, -1.500000000000000000 ) ) ;
#440 = VERTEX_POINT ( 'NONE', #1228 ) ;
#441 = FACE_OUTER_BOUND ( 'NONE', #1166, .T. ) ;
#442 = ADVANCED_FACE ( 'NONE', ( #1246 ), #1633, .F. ) ;
#443 = AXIS2_PLACEMENT_3D ( 'NONE', #352, #1658, #897 ) ;
#444 = ORIENTED_EDGE ( 'NONE', *, *, #1654, .F. ) ;
#445 = CARTESIAN_POINT ( 'NONE',  ( -1.000000000000000900, -1.035533905932737800, -1.150000000000002100 ) ) ;
#446 = CARTESIAN_POINT ( 'NONE',  ( 0.8183420161693159000, -2.171013827955221600, -1.270787755365609100 ) ) ;
#447 = VECTOR ( 'NONE', #451, 1000.000000000000000 ) ;
#448 = EDGE_LOOP ( 'NONE', ( #623, #786, #1403, #717 ) ) ;
#449 = CARTESIAN_POINT ( 'NONE',  ( -0.4803847577293366400, 0.8203022253684474400, 0.7499999999999990000 ) ) ;
#450 = DIRECTION ( 'NONE',  ( 1.000000000000000000, 0.0000000000000000000, -0.0000000000000000000 ) ) ;
#451 = DIRECTION ( 'NONE',  ( 0.7071067811865487900, 8.659560562354948900E-017, -0.7071067811865463500 ) ) ;
#452 = CARTESIAN_POINT ( 'NONE',  ( 0.2811707582173706400, 1.685241263119579000, -1.073623185808273900 ) ) ;
#453 = EDGE_CURVE ( 'NONE', #1590, #136, #251, .T. ) ;
#454 = ORIENTED_EDGE ( 'NONE', *, *, #483, .T. ) ;
#455 = CARTESIAN_POINT ( 'NONE',  ( -0.4803847577293367000, 1.212635927316719200E-016, -1.084202172485504400E-015 ) ) ;
#456 = CARTESIAN_POINT ( 'NONE',  ( -7.500000000000000900, 0.0000000000000000000, 0.2999999999999999300 ) ) ;
#457 = CC_DESIGN_PERSON_AND_ORGANIZATION_ASSIGNMENT ( #576, #1607, ( #28 ) ) ;
#458 = ORIENTED_EDGE ( 'NONE', *, *, #1073, .T. ) ;
#459 = CARTESIAN_POINT ( 'NONE',  ( 3.267766952966368400, -1.767766952966369500, 1.500000000000000000 ) ) ;
#460 = CARTESIAN_POINT ( 'NONE',  ( 3.360407707479535800, 0.9747552960991303600, 1.095387875137353100 ) ) ;
#461 = CARTESIAN_POINT ( 'NONE',  ( 3.480384757729336100, -3.637907781950156900E-016, 0.2999999999999986000 ) ) ;
#462 = DATE_AND_TIME ( #1147, #162 ) ;
#463 = CARTESIAN_POINT ( 'NONE',  ( -0.5000000000000073300, 0.0000000000000000000, -1.500000000000000000 ) ) ;
#464 = DIRECTION ( 'NONE',  ( 1.000000000000000000, 0.0000000000000000000, 0.0000000000000000000 ) ) ;
#465 = LINE ( 'NONE', #472, #1385 ) ;
#466 = CARTESIAN_POINT ( 'NONE',  ( 1.499999999999999300, -2.500000000000000400, 0.5999999999999980900 ) ) ;
#467 = ORIENTED_EDGE ( 'NONE', *, *, #1409, .T. ) ;
#468 = CARTESIAN_POINT ( 'NONE',  ( 3.267766952966368900, 1.767766952966368700, -0.7000000000000018400 ) ) ;
#469 = CARTESIAN_POINT ( 'NONE',  ( -0.7238238905854284000, 0.5649065783784138500, 1.290024414489409300 ) ) ;
#470 = CARTESIAN_POINT ( 'NONE',  ( -1.000000000000000900, 0.0000000000000000000, 1.500000000000000000 ) ) ;
#471 = CARTESIAN_POINT ( 'NONE',  ( 3.480384757729336100, -3.637907781950156900E-016, -1.300000000000001400 ) ) ;
#472 = CARTESIAN_POINT ( 'NONE',  ( 4.000000000000000000, 3.061616997868383600E-016, 1.500000000000000000 ) ) ;
#473 = ORIENTED_EDGE ( 'NONE', *, *, #1585, .F. ) ;
#474 = CARTESIAN_POINT ( 'NONE',  ( 3.843576758414403400, -0.6317466447248143400, 1.421842290780950300 ) ) ;
#475 = CARTESIAN_POINT ( 'NONE',  ( 0.09965650845110787800, -1.400343491548891500, 0.7999999999999986000 ) ) ;
#476 = VERTEX_POINT ( 'NONE', #1499 ) ;
#477 = CARTESIAN_POINT ( 'NONE',  ( 3.480384757729336100, -0.8203022253684483200, 1.049999999999998500 ) ) ;
#478 = ORIENTED_EDGE ( 'NONE', *, *, #849, .T. ) ;
#479 = CARTESIAN_POINT ( 'NONE',  ( -0.4803847577293367000, 0.8203022253684474400, -0.8500000000000012000 ) ) ;
#480 = CARTESIAN_POINT ( 'NONE',  ( -0.3352882356103073500, 1.324769604515943600, 1.258994776167218700 ) ) ;
#481 = CARTESIAN_POINT ( 'NONE',  ( -0.4803847577293367000, -0.8203022253684472100, 0.7499999999999984500 ) ) ;
#482 = ORIENTED_EDGE ( 'NONE', *, *, #359, .T. ) ;
#483 = EDGE_CURVE ( 'NONE', #1089, #559, #978, .T. ) ;
#484 = CARTESIAN_POINT ( 'NONE',  ( -6.428203230275509700, -4.000000000000000900, 0.2999999999999999300 ) ) ;
#485 = CIRCLE ( 'NONE', #72, 0.2539999999999998900 ) ;
#486 = CARTESIAN_POINT ( 'NONE',  ( 2.320302225368447800, 1.980384757729335900, 0.5499999999999988200 ) ) ;
#487 = ORIENTED_EDGE ( 'NONE', *, *, #1513, .T. ) ;
#488 = CARTESIAN_POINT ( 'NONE',  ( -1.000000000000000900, 1.035533905932738000, -0.5500000000000006000 ) ) ;
#489 = CARTESIAN_POINT ( 'NONE',  ( 3.001636167810528600, 1.957708355682013200, -1.461990540619102100 ) ) ;
#490 = CARTESIAN_POINT ( 'NONE',  ( 1.499999999999999300, -1.980384757729336300, 0.8999999999999984700 ) ) ;
#491 = CARTESIAN_POINT ( 'NONE',  ( 1.499999999999999300, -1.980384757729336300, 0.09999999999999853500 ) ) ;
#492 = CARTESIAN_POINT ( 'NONE',  ( -0.4803847577293367000, 1.212635927316719200E-016, -0.8000000000000012700 ) ) ;
#493 = CARTESIAN_POINT ( 'NONE',  ( 0.07007759826484594200, 1.728924204717472700, 1.239118343733876200 ) ) ;
#494 = CARTESIAN_POINT ( 'NONE',  ( 2.451501872665479800, -1.756287473600011600, 0.9803847577293375300 ) ) ;
#495 = EDGE_CURVE ( 'NONE', #868, #1510, #1522, .T. ) ;
#496 = CARTESIAN_POINT ( 'NONE',  ( 1.499999999999999600, 1.980384757729336300, -1.100000000000001600 ) ) ;
#497 = CC_DESIGN_PERSON_AND_ORGANIZATION_ASSIGNMENT ( #1258, #819, ( #120 ) ) ;
#498 = CARTESIAN_POINT ( 'NONE',  ( -0.4803847577293367000, 1.212635927316719200E-016, -1.084202172485504400E-015 ) ) ;
#499 = VERTEX_POINT ( 'NONE', #861 ) ;
#500 = CARTESIAN_POINT ( 'NONE',  ( -1.000000000000000900, 0.0000000000000000000, -1.500000000000000000 ) ) ;
#501 = DIRECTION ( 'NONE',  ( -0.0000000000000000000, -0.0000000000000000000, -1.000000000000000000 ) ) ;
#502 = CARTESIAN_POINT ( 'NONE',  ( 3.480384757729336100, -0.8203022253684483200, 0.2499999999999984700 ) ) ;
#503 = COORDINATED_UNIVERSAL_TIME_OFFSET ( 6, 0, .BEHIND. ) ;
#504 = DIRECTION ( 'NONE',  ( -0.7071067811865487900, 0.0000000000000000000, -0.7071067811865463500 ) ) ;
#505 = CARTESIAN_POINT ( 'NONE',  ( -1.043301270189222400, -1.053469879313095200, -0.4250000000000004900 ) ) ;
#506 = AXIS2_PLACEMENT_3D ( 'NONE', #720, #1243, #1104 ) ;
#507 = CARTESIAN_POINT ( 'NONE',  ( 2.900343491548891300, -1.400343491548891900, -1.400000000000001500 ) ) ;
#508 = LINE ( 'NONE', #1247, #201 ) ;
#509 = CARTESIAN_POINT ( 'NONE',  ( 0.09965650845110808600, 1.400343491548891700, 0.5999999999999985300 ) ) ;
#510 = VERTEX_POINT ( 'NONE', #896 ) ;
#511 = DIRECTION ( 'NONE',  ( 0.0000000000000000000, 0.0000000000000000000, 1.000000000000000000 ) ) ;
#512 = AXIS2_PLACEMENT_3D ( 'NONE', #1184, #511, #1296 ) ;
#513 = CARTESIAN_POINT ( 'NONE',  ( -0.8143807012976637100, 0.6347819138214162400, -1.394565705596730700 ) ) ;
#514 = CARTESIAN_POINT ( 'NONE',  ( 1.499999999999999600, 1.980384757729336300, -1.900000000000001500 ) ) ;
#515 = CARTESIAN_POINT ( 'NONE',  ( 0.09965650845110787800, -1.400343491548891500, -1.600000000000001600 ) ) ;
#516 = CARTESIAN_POINT ( 'NONE',  ( -6.428203230275510500, 3.999999999999999100, 0.2999999999999999300 ) ) ;
#517 = CARTESIAN_POINT ( 'NONE',  ( -1.000000000000000900, 0.0000000000000000000, 1.500000000000000000 ) ) ;
#518 = CARTESIAN_POINT ( 'NONE',  ( 0.4465301206869039500, -2.543301270189221700, -0.3250000000000006200 ) ) ;
#519 = EDGE_CURVE ( 'NONE', #1650, #858, #1273, .T. ) ;
#520 = CARTESIAN_POINT ( 'NONE',  ( 4.043301270189220800, -1.053469879313096800, -1.675000000000001800 ) ) ;
#521 = CARTESIAN_POINT ( 'NONE',  ( 3.480384757729336100, -0.8203022253684483200, 0.2499999999999984700 ) ) ;
#522 = ORIENTED_EDGE ( 'NONE', *, *, #453, .T. ) ;
#523 = CARTESIAN_POINT ( 'NONE',  ( 1.499999999999999600, 2.500000000000000400, 0.09999999999999961700 ) ) ;
#524 = ORIENTED_EDGE ( 'NONE', *, *, #1409, .F. ) ;
#525 = LOCAL_TIME ( 7, 59, 0.0000000000000000000, #1643 ) ;
#526 = DIRECTION ( 'NONE',  ( 1.000000000000000000, 1.349306652134625900E-016, 0.0000000000000000000 ) ) ;
#527 = CARTESIAN_POINT ( 'NONE',  ( -0.4157931597686846900, 1.498645421067057900, -1.427147038147037700 ) ) ;
#528 = CARTESIAN_POINT ( 'NONE',  ( -0.2983855747511591800, -1.798385574751158600, -1.125000000000001600 ) ) ;
#529 = DIRECTION ( 'NONE',  ( -0.0000000000000000000, -0.0000000000000000000, -1.000000000000000000 ) ) ;
#530 = EDGE_LOOP ( 'NONE', ( #1626, #264 ) ) ;
#531 = DIRECTION ( 'NONE',  ( -0.0000000000000000000, -0.0000000000000000000, -1.000000000000000000 ) ) ;
#532 = LINE ( 'NONE', #1625, #417 ) ;
#533 = CARTESIAN_POINT ( 'NONE',  ( 1.499999999999999300, -1.980384757729336300, -1.400000000000001200 ) ) ;
#534 = CARTESIAN_POINT ( 'NONE',  ( -1.043301270189222600, 1.557322879902314500E-016, -1.275000000000000600 ) ) ;
#535 = AXIS2_PLACEMENT_3D ( 'NONE', #1361, #1091, #450 ) ;
#536 = CARTESIAN_POINT ( 'NONE',  ( 0.4465301206869039500, -2.543301270189221700, -1.075000000000001700 ) ) ;
#537 = CARTESIAN_POINT ( 'NONE',  ( -0.5000000000000073300, 0.0000000000000000000, 0.2999999999999999300 ) ) ;
#538 = CARTESIAN_POINT ( 'NONE',  ( 4.500000000000000900, 3.673940397442061300E-016, 1.500000000000000000 ) ) ;
#539 =( BOUNDED_CURVE ( )  B_SPLINE_CURVE ( 2, ( #727, #859, #869, #332, #340, #598, #69, #213, #983 ),
 .UNSPECIFIED., .F., .F. ) 
 B_SPLINE_CURVE_WITH_KNOTS ( ( 3, 2, 2, 2, 3 ),
 ( 0.6500000000000000200, 0.6750000000000000400, 0.6999999999999999600, 0.7249999999999999800, 0.7500000000000000000 ),
 .UNSPECIFIED. ) 
 CURVE ( )  GEOMETRIC_REPRESENTATION_ITEM ( )  RATIONAL_B_SPLINE_CURVE ( ( 1.000000000000000000, 0.9238795325112867400, 1.000000000000000000, 0.9238795325112867400, 1.000000000000000000, 0.9238795325112867400, 1.000000000000000000, 0.9238795325112867400, 1.000000000000000000 ) ) 
 REPRESENTATION_ITEM ( '' )  );
#540 = CARTESIAN_POINT ( 'NONE',  ( 0.09965650845110808600, 1.400343491548891700, -1.700000000000001300 ) ) ;
#541 = CARTESIAN_POINT ( 'NONE',  ( 0.4465301206869039500, -2.543301270189221700, 0.4749999999999995300 ) ) ;
#542 = CARTESIAN_POINT ( 'NONE',  ( 1.499999999999999600, 2.543301270189222100, -2.225000000000001900 ) ) ;
#543 = DIRECTION ( 'NONE',  ( 0.0000000000000000000, 0.0000000000000000000, 1.000000000000000000 ) ) ;
#544 = DIRECTION ( 'NONE',  ( 0.0000000000000000000, 0.0000000000000000000, 1.000000000000000000 ) ) ;
#545 = VERTEX_POINT ( 'NONE', #1394 ) ;
#546 = CARTESIAN_POINT ( 'NONE',  ( 0.6796977746315523400, 1.980384757729336300, -0.1500000000000012700 ) ) ;
#547 = CARTESIAN_POINT ( 'NONE',  ( 0.6796977746315523400, 1.980384757729336300, -1.750000000000001100 ) ) ;
#548 = EDGE_CURVE ( 'NONE', #1566, #499, #1549, .T. ) ;
#549 = ORIENTED_EDGE ( 'NONE', *, *, #85, .T. ) ;
#550 = CARTESIAN_POINT ( 'NONE',  ( -0.4803847577293366400, 0.8203022253684474400, 1.449999999999998600 ) ) ;
#551 = CARTESIAN_POINT ( 'NONE',  ( 3.480384757729336100, -3.637907781950156900E-016, 1.899999999999998600 ) ) ;
#552 = CARTESIAN_POINT ( 'NONE',  ( 3.267766952966368900, 1.767766952966368700, 0.8999999999999983600 ) ) ;
#553 = CARTESIAN_POINT ( 'NONE',  ( -1.500000000000001800, 0.0000000000000000000, 1.500000000000000000 ) ) ;
#554 = CARTESIAN_POINT ( 'NONE',  ( 0.6796977746315523400, 1.980384757729336300, 0.6499999999999986900 ) ) ;
#555 = CARTESIAN_POINT ( 'NONE',  ( -0.4803847577293366400, -0.8203022253684472100, -1.550000000000001400 ) ) ;
#556 = CARTESIAN_POINT ( 'NONE',  ( 4.043301270189220800, -1.053469879313096800, 0.7249999999999982000 ) ) ;
#557 = CIRCLE ( 'NONE', #719, 2.500000000000000400 ) ;
#558 = SECURITY_CLASSIFICATION_LEVEL ( 'unclassified' ) ;
#559 = VERTEX_POINT ( 'NONE', #1018 ) ;
#560 = CARTESIAN_POINT ( 'NONE',  ( -0.4803847577293366400, 0.8203022253684474400, -1.650000000000001500 ) ) ;
#561 = CARTESIAN_POINT ( 'NONE',  ( 2.320302225368447800, 1.980384757729335900, -1.050000000000001400 ) ) ;
#562 = CC_DESIGN_APPROVAL ( #371, ( #604 ) ) ;
#563 = CARTESIAN_POINT ( 'NONE',  ( 2.553469879313094500, -2.543301270189222100, 1.424999999999998500 ) ) ;
#564 = CARTESIAN_POINT ( 'NONE',  ( 2.888287595179244200, -1.701161948536293000, -1.190843715510308700 ) ) ;
#565 = APPLICATION_PROTOCOL_DEFINITION ( 'international standard', 'config_control_design', 1994, #1457 ) ;
#566 =( BOUNDED_CURVE ( )  B_SPLINE_CURVE ( 2, ( #29, #1208, #43, #49, #1070, #1472, #709, #964, #824 ),
 .UNSPECIFIED., .F., .F. ) 
 B_SPLINE_CURVE_WITH_KNOTS ( ( 3, 2, 2, 2, 3 ),
 ( 0.3999999999999999100, 0.4249999999999999300, 0.4499999999999999600, 0.4749999999999999800, 0.4999999999999999400 ),
 .UNSPECIFIED. ) 
 CURVE ( )  GEOMETRIC_REPRESENTATION_ITEM ( )  RATIONAL_B_SPLINE_CURVE ( ( 1.000000000000000000, 0.9238795325112867400, 1.000000000000000000, 0.9238795325112867400, 1.000000000000000000, 0.9238795325112867400, 1.000000000000000000, 0.9238795325112867400, 1.000000000000000000 ) ) 
 REPRESENTATION_ITEM ( '' )  );
#567 = CARTESIAN_POINT ( 'NONE',  ( 3.480384757729336100, -0.8203022253684483200, 1.949999999999999100 ) ) ;
#568 = CARTESIAN_POINT ( 'NONE',  ( 2.320302225368446900, -1.980384757729336800, -0.5500000000000012700 ) ) ;
#569 = CARTESIAN_POINT ( 'NONE',  ( 0.4465301206869039500, -2.543301270189221700, 0.5249999999999984700 ) ) ;
#570 = DIRECTION ( 'NONE',  ( 0.0000000000000000000, 0.0000000000000000000, 1.000000000000000000 ) ) ;
#571 = EDGE_LOOP ( 'NONE', ( #839, #166, #753, #647 ) ) ;
#572 = ADVANCED_FACE ( 'NONE', ( #1369, #263 ), #240, .T. ) ;
#573 = VERTEX_POINT ( 'NONE', #874 ) ;
#574 = CARTESIAN_POINT ( 'NONE',  ( -0.4803847577293366400, -0.8203022253684472100, 1.649999999999999500 ) ) ;
#575 = AXIS2_PLACEMENT_3D ( 'NONE', #1336, #51, #1612 ) ;
#576 = PERSON_AND_ORGANIZATION ( #189, #1630 ) ;
#577 = CARTESIAN_POINT ( 'NONE',  ( 2.553469879313096300, 2.543301270189221300, 0.9249999999999983800 ) ) ;
#578 = VECTOR ( 'NONE', #531, 1000.000000000000000 ) ;
#579 = EDGE_LOOP ( 'NONE', ( #906, #32, #549, #658 ) ) ;
#580 = FACE_OUTER_BOUND ( 'NONE', #716, .T. ) ;
#581 = CARTESIAN_POINT ( 'NONE',  ( -1.043301270189222600, 1.557322879902314500E-016, 0.3749999999999986100 ) ) ;
#582 = CARTESIAN_POINT ( 'NONE',  ( 2.968030675304436500, 1.448136454062202400, -1.056836762879075100 ) ) ;
#583 = VECTOR ( 'NONE', #734, 1000.000000000000000 ) ;
#584 = ADVANCED_FACE ( 'NONE', ( #378, #339 ), #795, .T. ) ;
#585 = EDGE_CURVE ( 'NONE', #573, #1376, #222, .T. ) ;
#586 = DIRECTION ( 'NONE',  ( -1.000000000000000000, 0.0000000000000000000, 0.0000000000000000000 ) ) ;
#587 = CARTESIAN_POINT ( 'NONE',  ( -0.2677669529663696000, -1.767766952966369100, -1.100000000000001900 ) ) ;
#588 = CARTESIAN_POINT ( 'NONE',  ( 0.6755018713579518100, -2.126732720727101600, -1.276224396937041500 ) ) ;
#589 = CARTESIAN_POINT ( 'NONE',  ( 3.480384757729336100, -0.8203022253684483200, 1.149999999999999000 ) ) ;
#590 = B_SPLINE_CURVE_WITH_KNOTS ( 'NONE', 3,
 ( #910, #1055, #927, #1556, #659, #1432, #1320, #1447, #151, #1039, #782, #1310, #1031, #1570, #127, #793, #1160, #377, #1302, #2, #1579, #671 ),
 .UNSPECIFIED., .F., .F.,
 ( 4, 2, 2, 2, 2, 2, 2, 2, 2, 2, 4 ),
 ( 0.008740149802366481400, 0.009093609701572285400, 0.009447069600778091100, 0.01015398939918970100, 0.01086090919760131100, 0.01156782899601292000, 0.01227474879442453000, 0.01262820869363033600, 0.01298166859283614000, 0.01368858839124774900, 0.01439550818965935900 ),
 .UNSPECIFIED. ) ;
#591 = ORIENTED_EDGE ( 'NONE', *, *, #391, .T. ) ;
#592 = DIRECTION ( 'NONE',  ( -1.000000000000000000, -1.349306652134625900E-016, 0.0000000000000000000 ) ) ;
#593 = CARTESIAN_POINT ( 'NONE',  ( -0.5000000000000073300, 0.0000000000000000000, 0.2999999999999999300 ) ) ;
#594 = EDGE_LOOP ( 'NONE', ( #1190, #1058, #1164, #1523, #1283, #1033, #392, #1106, #1144, #1114, #857, #170, #954 ) ) ;
#595 = EDGE_CURVE ( 'NONE', #1425, #87, #1132, .T. ) ;
#596 = CC_DESIGN_SECURITY_CLASSIFICATION ( #604, ( #120 ) ) ;
#597 = CARTESIAN_POINT ( 'NONE',  ( 0.09965650845110787800, -1.400343491548891500, -1.517883041479706200E-015 ) ) ;
#598 = CARTESIAN_POINT ( 'NONE',  ( 2.535533905932737800, -2.500000000000000400, 1.349999999999999600 ) ) ;
#599 = CARTESIAN_POINT ( 'NONE',  ( 1.499999999999999600, 0.0000000000000000000, 1.500000000000000000 ) ) ;
#600 = CARTESIAN_POINT ( 'NONE',  ( 3.480384757729336100, -3.637907781950156900E-016, -0.5000000000000015500 ) ) ;
#601 = CARTESIAN_POINT ( 'NONE',  ( 1.499999999999999300, -2.500000000000000400, 1.399999999999998600 ) ) ;
#602 = CARTESIAN_POINT ( 'NONE',  ( 0.4644660940672613600, -2.500000000000000400, -1.050000000000002000 ) ) ;
#603 = CARTESIAN_POINT ( 'NONE',  ( -0.08407818831611230100, -1.684150272474198600, -1.307422248090016200 ) ) ;
#604 = SECURITY_CLASSIFICATION ( '', '', #558 ) ;
#605 = CARTESIAN_POINT ( 'NONE',  ( 0.4644660940672613600, -2.500000000000000400, 0.5499999999999983800 ) ) ;
#606 = EDGE_LOOP ( 'NONE', ( #273, #1197, #115 ) ) ;
#607 = CARTESIAN_POINT ( 'NONE',  ( -1.500000000000001800, 0.0000000000000000000, 1.246000000000000200 ) ) ;
#608 = CARTESIAN_POINT ( 'NONE',  ( -0.5656854826079439300, 0.9627242022911225400, 1.274517682745207400 ) ) ;
#609 = CARTESIAN_POINT ( 'NONE',  ( -0.1032301641064167600, 1.162573365231629000, -0.9803847577293375300 ) ) ;
#610 = DATE_AND_TIME ( #1379, #525 ) ;
#611 = CARTESIAN_POINT ( 'NONE',  ( 2.900343491548891300, -1.400343491548891900, -0.6000000000000013100 ) ) ;
#612 = EDGE_CURVE ( 'NONE', #335, #499, #168, .T. ) ;
#613 = CARTESIAN_POINT ( 'NONE',  ( 4.000000000000000000, -4.592425496802575000E-016, -0.1000000000000004900 ) ) ;
#614 = LINE ( 'NONE', #538, #899 ) ;
#615 = CARTESIAN_POINT ( 'NONE',  ( 2.770493752064704800, -1.818061526077820600, 1.212129769036508000 ) ) ;
#616 = CARTESIAN_POINT ( 'NONE',  ( 0.6796977746315523400, 1.980384757729336300, 0.5499999999999983800 ) ) ;
#617 = CIRCLE ( 'NONE', #506, 2.500000000000000400 ) ;
#618 = CARTESIAN_POINT ( 'NONE',  ( 2.320302225368446900, -1.980384757729336800, 0.1499999999999986600 ) ) ;
#619 = DIRECTION ( 'NONE',  ( -1.000000000000000000, 0.0000000000000000000, 0.0000000000000000000 ) ) ;
#620 = CIRCLE ( 'NONE', #890, 0.2539999999999998900 ) ;
#621 = CARTESIAN_POINT ( 'NONE',  ( 2.900343491548891300, -1.400343491548891900, -0.5000000000000011100 ) ) ;
#622 = DIRECTION ( 'NONE',  ( -0.0000000000000000000, -0.0000000000000000000, -1.000000000000000000 ) ) ;
#623 = ORIENTED_EDGE ( 'NONE', *, *, #359, .F. ) ;
#624 = CARTESIAN_POINT ( 'NONE',  ( 2.500181482219129900, 1.917634571085395700, 1.144021334039117200 ) ) ;
#625 = CARTESIAN_POINT ( 'NONE',  ( -0.8732050807568886300, 1.453169002934579600E-016, -1.373205080756888300 ) ) ;
#626 = ORIENTED_EDGE ( 'NONE', *, *, #1401, .T. ) ;
#627 = CARTESIAN_POINT ( 'NONE',  ( 2.320302225368447800, 1.980384757729335900, 0.4499999999999985700 ) ) ;
#628 = VERTEX_POINT ( 'NONE', #1407 ) ;
#629 = DIRECTION ( 'NONE',  ( -1.000000000000000000, 0.0000000000000000000, 0.0000000000000000000 ) ) ;
#630 = CIRCLE ( 'NONE', #901, 2.746000000000001800 ) ;
#631 = CARTESIAN_POINT ( 'NONE',  ( 3.530753608436603100, -1.202873708083774600, 1.338264245518288900 ) ) ;
#632 = CARTESIAN_POINT ( 'NONE',  ( 1.445886534501550400, -1.996740653280233600, 0.9803847577293377500 ) ) ;
#633 = EDGE_CURVE ( 'NONE', #252, #1690, #885, .T. ) ;
#634 = CARTESIAN_POINT ( 'NONE',  ( 0.6796977746315521200, -1.980384757729336300, 0.04999999999999861500 ) ) ;
#635 = CARTESIAN_POINT ( 'NONE',  ( 0.6796977746315521200, -1.980384757729336300, 0.1499999999999988800 ) ) ;
#636 = CYLINDRICAL_SURFACE ( 'NONE', #838, 8.000000000000007100 ) ;
#637 = CARTESIAN_POINT ( 'NONE',  ( 4.043301270189221700, -4.671968639706942400E-016, -0.8750000000000005600 ) ) ;
#638 = CARTESIAN_POINT ( 'NONE',  ( 0.09965650845110808600, 1.400343491548891700, -0.2000000000000014000 ) ) ;
#639 = CARTESIAN_POINT ( 'NONE',  ( 1.188408589339689200, 1.955718431024619600, -0.9803847577293377500 ) ) ;
#640 = CARTESIAN_POINT ( 'NONE',  ( -0.8783262230136642500, 0.1588124566998044600, -1.378326223013701000 ) ) ;
#641 = CARTESIAN_POINT ( 'NONE',  ( 2.900343491548891700, 1.400343491548891300, 0.3999999999999984700 ) ) ;
#642 = CARTESIAN_POINT ( 'NONE',  ( 0.6796977746315521200, -1.980384757729336300, -1.550000000000001400 ) ) ;
#643 = CARTESIAN_POINT ( 'NONE',  ( 4.000000000000000000, -4.592425496802575000E-016, -0.9000000000000003600 ) ) ;
#644 = ORIENTED_EDGE ( 'NONE', *, *, #279, .F. ) ;
#645 = CARTESIAN_POINT ( 'NONE',  ( -0.2677669529663694300, 1.767766952966369300, -1.400000000000000400 ) ) ;
#646 = CARTESIAN_POINT ( 'NONE',  ( 0.8680434414315855200, 2.402921744512377600, -1.479527028569714000 ) ) ;
#647 = ORIENTED_EDGE ( 'NONE', *, *, #1392, .F. ) ;
#648 = CARTESIAN_POINT ( 'NONE',  ( -0.4803847577293366400, 0.8203022253684474400, 0.6499999999999986900 ) ) ;
#649 = CARTESIAN_POINT ( 'NONE',  ( 2.900343491548891300, -1.400343491548891900, -1.400000000000001500 ) ) ;
#650 = CARTESIAN_POINT ( 'NONE',  ( 4.000000000000000000, -4.592425496802575000E-016, -0.1000000000000004900 ) ) ;
#651 = PRODUCT_DEFINITION_SHAPE ( 'NONE', 'NONE',  #28 ) ;
#652 = CARTESIAN_POINT ( 'NONE',  ( 0.4644660940672617500, 2.500000000000000400, -1.450000000000000800 ) ) ;
#653 = ORIENTED_EDGE ( 'NONE', *, *, #612, .F. ) ;
#654 = AXIS2_PLACEMENT_3D ( 'NONE', #951, #965, #825 ) ;
#655 = CARTESIAN_POINT ( 'NONE',  ( 3.298385574751158300, -1.798385574751159000, -1.725000000000001600 ) ) ;
#656 = VECTOR ( 'NONE', #526, 1000.000000000000000 ) ;
#657 = CARTESIAN_POINT ( 'NONE',  ( -0.4803847577293366400, -0.8203022253684472100, -0.8500000000000015300 ) ) ;
#658 = ORIENTED_EDGE ( 'NONE', *, *, #1536, .F. ) ;
#659 = CARTESIAN_POINT ( 'NONE',  ( -0.7579437757483640200, -0.5873129409207931100, 1.330085771956713000 ) ) ;
#660 = CARTESIAN_POINT ( 'NONE',  ( 4.500000000000001800, 3.673940397442061800E-016, 1.246000000000000200 ) ) ;
#661 = CARTESIAN_POINT ( 'NONE',  ( 1.499999999999999600, 2.543301270189222100, -0.6750000000000006000 ) ) ;
#662 = CARTESIAN_POINT ( 'NONE',  ( 1.499999999999999300, -2.543301270189222100, -0.2250000000000016700 ) ) ;
#663 = CARTESIAN_POINT ( 'NONE',  ( 2.916093085869704300, -1.411144831127303400, 0.9928743099408943200 ) ) ;
#664 = CARTESIAN_POINT ( 'NONE',  ( -1.000000000000000900, 1.035533905932738000, 1.149999999999998100 ) ) ;
#665 = CARTESIAN_POINT ( 'NONE',  ( -0.4803847577293366400, 0.8203022253684474400, -0.05000000000000122400 ) ) ;
#666 = CARTESIAN_POINT ( 'NONE',  ( 3.480384757729336100, 0.8203022253684478800, -1.150000000000001200 ) ) ;
#667 = EDGE_CURVE ( 'NONE', #136, #1377, #690, .T. ) ;
#668 = CARTESIAN_POINT ( 'NONE',  ( 0.09965650845110787800, -1.400343491548891500, 1.599999999999998500 ) ) ;
#669 = CARTESIAN_POINT ( 'NONE',  ( 3.379248240549459000, -0.7703203792414492500, 1.024845452004838700 ) ) ;
#670 = VERTEX_POINT ( 'NONE', #660 ) ;
#671 = CARTESIAN_POINT ( 'NONE',  ( 3.267766952966368400, -1.767766952966369500, 1.500000000000000000 ) ) ;
#672 = ORIENTED_EDGE ( 'NONE', *, *, #930, .T. ) ;
#673 = CARTESIAN_POINT ( 'NONE',  ( 0.6796977746315521200, -1.980384757729336300, -1.450000000000001100 ) ) ;
#674 = CARTESIAN_POINT ( 'NONE',  ( 4.043301270189220800, -1.053469879313096800, 1.474999999999999200 ) ) ;
#675 = SHAPE_DEFINITION_REPRESENTATION ( #651, #109 ) ;
#676 = CARTESIAN_POINT ( 'NONE',  ( 4.043301270189221700, -4.671968639706942400E-016, -0.8250000000000017300 ) ) ;
#677 = DIRECTION ( 'NONE',  ( 0.0000000000000000000, 0.0000000000000000000, 1.000000000000000000 ) ) ;
#678 = CARTESIAN_POINT ( 'NONE',  ( 2.535533905932739100, 2.500000000000000000, 0.9499999999999981800 ) ) ;
#679 = EDGE_CURVE ( 'NONE', #766, #440, #828, .T. ) ;
#680 = CARTESIAN_POINT ( 'NONE',  ( 2.320302225368446900, -1.980384757729336800, 0.2499999999999989200 ) ) ;
#681 = CARTESIAN_POINT ( 'NONE',  ( -0.2983855747511591800, -1.798385574751158600, 0.4249999999999993800 ) ) ;
#682 = FACE_OUTER_BOUND ( 'NONE', #694, .T. ) ;
#683 = CARTESIAN_POINT ( 'NONE',  ( -0.4803847577293367000, 1.212635927316719200E-016, 1.499999999999998700 ) ) ;
#684 = DIRECTION ( 'NONE',  ( -0.7071067811865487900, 8.659560562354948900E-017, 0.7071067811865463500 ) ) ;
#685 = CARTESIAN_POINT ( 'NONE',  ( 1.499999999999999600, 0.0000000000000000000, 1.500000000000000000 ) ) ;
#686 = CARTESIAN_POINT ( 'NONE',  ( -0.4803847577293367000, 1.212635927316719200E-016, -1.600000000000001200 ) ) ;
#687 = CARTESIAN_POINT ( 'NONE',  ( 2.320302225368446900, -1.980384757729336800, -1.350000000000001400 ) ) ;
#688 = CARTESIAN_POINT ( 'NONE',  ( 2.553469879313094500, -2.543301270189222100, 0.6249999999999984500 ) ) ;
#689 = CARTESIAN_POINT ( 'NONE',  ( 1.499999999999999600, 0.0000000000000000000, 1.500000000000000000 ) ) ;
#690 =( BOUNDED_CURVE ( )  B_SPLINE_CURVE ( 2, ( #1674, #902, #128, #1304, #373, #918, #116 ),
 .UNSPECIFIED., .F., .F. ) 
 B_SPLINE_CURVE_WITH_KNOTS ( ( 3, 2, 2, 3 ),
 ( 0.6999999999999999600, 0.7249999999999999800, 0.7500000000000000000, 0.7749999999999999100 ),
 .UNSPECIFIED. ) 
 CURVE ( )  GEOMETRIC_REPRESENTATION_ITEM ( )  RATIONAL_B_SPLINE_CURVE ( ( 1.000000000000000000, 0.9238795325112867400, 1.000000000000000000, 0.9238795325112867400, 1.000000000000000000, 0.9238795325112867400, 1.000000000000000000 ) ) 
 REPRESENTATION_ITEM ( '' )  );
#691 = CARTESIAN_POINT ( 'NONE',  ( 4.000000000000000000, -4.592425496802575000E-016, -0.9000000000000003600 ) ) ;
#692 = CARTESIAN_POINT ( 'NONE',  ( 0.6796977746315521200, -1.980384757729336300, -1.450000000000001100 ) ) ;
#693 = AXIS2_PLACEMENT_3D ( 'NONE', #1419, #1545, #1021 ) ;
#694 = EDGE_LOOP ( 'NONE', ( #993, #1079, #369, #304 ) ) ;
#695 = CARTESIAN_POINT ( 'NONE',  ( -1.000000000000000900, 0.0000000000000000000, 1.500000000000000000 ) ) ;
#696 = CARTESIAN_POINT ( 'NONE',  ( 3.624930916474674400, -0.1472305192560769400, -1.124930916474679700 ) ) ;
#697 = ORIENTED_EDGE ( 'NONE', *, *, #1365, .F. ) ;
#698 = CC_DESIGN_PERSON_AND_ORGANIZATION_ASSIGNMENT ( #182, #31, ( #604 ) ) ;
#699 = CARTESIAN_POINT ( 'NONE',  ( -0.4803847577293366400, -0.8203022253684472100, 1.649999999999999500 ) ) ;
#700 = CARTESIAN_POINT ( 'NONE',  ( 0.6796977746315523400, 1.980384757729336300, -0.1500000000000012700 ) ) ;
#701 = CARTESIAN_POINT ( 'NONE',  ( -1.000000000000000900, 1.530808498934192100E-016, -0.4000000000000016900 ) ) ;
#702 = CARTESIAN_POINT ( 'NONE',  ( 3.525547837401796800, -0.7278602277426871000, -1.147367628626802000 ) ) ;
#703 = ADVANCED_FACE ( 'NONE', ( #1600 ), #1617, .F. ) ;
#704 = FACE_BOUND ( 'NONE', #530, .T. ) ;
#705 = PERSON_AND_ORGANIZATION_ROLE ( 'design_supplier' ) ;
#706 = EDGE_CURVE ( 'NONE', #87, #1566, #917, .T. ) ;
#707 = VECTOR ( 'NONE', #1673, 1000.000000000000000 ) ;
#708 = CARTESIAN_POINT ( 'NONE',  ( 0.6796977746315521200, -1.980384757729336300, 1.749999999999998900 ) ) ;
#709 = CARTESIAN_POINT ( 'NONE',  ( -0.2677669529663696000, -1.767766952966369100, -0.3000000000000018800 ) ) ;
#710 = CARTESIAN_POINT ( 'NONE',  ( 3.565687577644851100, -0.5841193853935531300, -1.141626494020492800 ) ) ;
#711 = ADVANCED_FACE ( 'NONE', ( #982 ), #322, .F. ) ;
#712 = CARTESIAN_POINT ( 'NONE',  ( 2.320302225368447800, 1.980384757729335900, 1.349999999999999000 ) ) ;
#713 = B_SPLINE_CURVE_WITH_KNOTS ( 'NONE', 3,
 ( #1319, #144, #663, #1461, #1326, #669, #1583, #1595, #806, #818 ),
 .UNSPECIFIED., .F., .F.,
 ( 4, 2, 2, 2, 4 ),
 ( 0.0000000000000000000, 0.0004747911499308394600, 0.0009495822998616789200, 0.001424373449792518400, 0.001899164599723357800 ),
 .UNSPECIFIED. ) ;
#714 = CARTESIAN_POINT ( 'NONE',  ( 3.999999999999999100, -1.035533905932739300, 0.6499999999999995800 ) ) ;
#715 = CARTESIAN_POINT ( 'NONE',  ( 1.547714187933497900, -2.249104402595667900, -1.244733460730025100 ) ) ;
#716 = EDGE_LOOP ( 'NONE', ( #1396, #738, #179, #1177 ) ) ;
#717 = ORIENTED_EDGE ( 'NONE', *, *, #930, .F. ) ;
#718 = DIRECTION ( 'NONE',  ( -0.0000000000000000000, -0.0000000000000000000, -1.000000000000000000 ) ) ;
#719 = AXIS2_PLACEMENT_3D ( 'NONE', #80, #74, #731 ) ;
#720 = CARTESIAN_POINT ( 'NONE',  ( 1.499999999999999600, 0.0000000000000000000, -1.500000000000000000 ) ) ;
#721 = CIRCLE ( 'NONE', #512, 2.746000000000001800 ) ;
#722 = CARTESIAN_POINT ( 'NONE',  ( 2.555642097570856900, 2.162366526098653500, -1.400908746262311100 ) ) ;
#723 = CARTESIAN_POINT ( 'NONE',  ( 3.480384757729336100, -3.637907781950156900E-016, 1.199999999999998800 ) ) ;
#724 =( BOUNDED_SURFACE ( )  B_SPLINE_SURFACE ( 1, 2, ( 
 ( #1420, #785, #1041, #1155, #534, #790, #912, #1433, #773, #366, #1161, #374, #637, #903, #129, #1305, #661, #379, #1675, #261, #1022, #505, #1149, #518, #1429, #244, #919, #117, #1565, #1572, #3, #924, #1689, #133, #390, #1546, #418, #271, #681, #541, #148, #827, #1598, #1459, #1051, #1323, #1192, #285, #1186, #1605, #411, #1180, #1451, #1465, #822, #406, #1341, #398, #1587, #674, #10, #810, #1206, #1068, #425, #815, #1593, #1199, #35, #296, #1328, #1442, #22, #16, #939, #934, #158 ),
 ( #153, #547, #1057, #1062, #1333, #555, #278, #692, #944, #687, #27, #1075, #165, #666, #290, #561, #1471, #1581, #802, #949, #929, #1347, #172, #1615, #1623, #568, #852, #967, #185, #833, #1478, #1498, #65, #700, #1095, #1367, #455, #1230, #1212, #305, #1483, #1610, #301, #59, #1619, #40, #837, #971, #48, #1090, #955, #449, #1219, #188, #962, #177, #317, #1227, #1236, #589, #723, #54, #1080, #712, #436, #314, #433, #1629, #1352, #574, #854, #708, #181, #976, #1085, #1355, #193 ) ),
 .UNSPECIFIED., .F., .F., .F. ) 
 B_SPLINE_SURFACE_WITH_KNOTS ( ( 2, 2 ),
 ( 3, 2, 2, 2, 2, 2, 2, 2, 2, 2, 2, 2, 2, 2, 2, 2, 2, 2, 2, 2, 2, 2, 2, 2, 2, 2, 2, 2, 2, 2, 2, 2, 2, 2, 2, 2, 2, 2, 3 ),
 ( 0.0000000000000000000, 1.000000000000000000 ),
 ( 0.0000000000000000000, 0.02500000000000000100, 0.05000000000000000300, 0.07499999999999999700, 0.1000000000000000100, 0.1250000000000000000, 0.1499999999999999900, 0.1749999999999999900, 0.2000000000000000100, 0.2250000000000000100, 0.2500000000000000000, 0.2750000000000000200, 0.2999999999999999900, 0.3250000000000000100, 0.3499999999999999800, 0.3750000000000000000, 0.4000000000000000200, 0.4249999999999999900, 0.4500000000000000100, 0.4749999999999999800, 0.5000000000000000000, 0.5250000000000000200, 0.5500000000000000400, 0.5749999999999999600, 0.5999999999999999800, 0.6250000000000000000, 0.6500000000000000200, 0.6750000000000000400, 0.6999999999999999600, 0.7249999999999999800, 0.7500000000000000000, 0.7750000000000000200, 0.8000000000000000400, 0.8249999999999999600, 0.8499999999999999800, 0.8750000000000000000, 0.9000000000000000200, 0.9250000000000000400, 0.9499999999999999600 ),
 .UNSPECIFIED. ) 
 GEOMETRIC_REPRESENTATION_ITEM ( )  RATIONAL_B_SPLINE_SURFACE ( (
 ( 1.000000000000000000, 0.9238795325112867400, 1.000000000000000000, 0.9238795325112867400, 1.000000000000000000, 0.9238795325112867400, 1.000000000000000000, 0.9238795325112867400, 1.000000000000000000, 0.9238795325112867400, 1.000000000000000000, 0.9238795325112867400, 1.000000000000000000, 0.9238795325112867400, 1.000000000000000000, 0.9238795325112867400, 1.000000000000000000, 0.9238795325112867400, 1.000000000000000000, 0.9238795325112867400, 1.000000000000000000, 0.9238795325112867400, 1.000000000000000000, 0.9238795325112867400, 1.000000000000000000, 0.9238795325112867400, 1.000000000000000000, 0.9238795325112867400, 1.000000000000000000, 0.9238795325112867400, 1.000000000000000000, 0.9238795325112867400, 1.000000000000000000, 0.9238795325112867400, 1.000000000000000000, 0.9238795325112867400, 1.000000000000000000, 0.9238795325112867400, 1.000000000000000000, 0.9238795325112867400, 1.000000000000000000, 0.9238795325112867400, 1.000000000000000000, 0.9238795325112867400, 1.000000000000000000, 0.9238795325112867400, 1.000000000000000000, 0.9238795325112867400, 1.000000000000000000, 0.9238795325112867400, 1.000000000000000000, 0.9238795325112867400, 1.000000000000000000, 0.9238795325112867400, 1.000000000000000000, 0.9238795325112867400, 1.000000000000000000, 0.9238795325112867400, 1.000000000000000000, 0.9238795325112867400, 1.000000000000000000, 0.9238795325112867400, 1.000000000000000000, 0.9238795325112867400, 1.000000000000000000, 0.9238795325112867400, 1.000000000000000000, 0.9238795325112867400, 1.000000000000000000, 0.9238795325112867400, 1.000000000000000000, 0.9238795325112867400, 1.000000000000000000, 0.9238795325112867400, 1.000000000000000000, 0.9238795325112867400, 1.000000000000000000),
 ( 1.000000000000000000, 0.9238795325112867400, 1.000000000000000000, 0.9238795325112867400, 1.000000000000000000, 0.9238795325112867400, 1.000000000000000000, 0.9238795325112867400, 1.000000000000000000, 0.9238795325112867400, 1.000000000000000000, 0.9238795325112867400, 1.000000000000000000, 0.9238795325112867400, 1.000000000000000000, 0.9238795325112867400, 1.000000000000000000, 0.9238795325112867400, 1.000000000000000000, 0.9238795325112867400, 1.000000000000000000, 0.9238795325112867400, 1.000000000000000000, 0.9238795325112867400, 1.000000000000000000, 0.9238795325112867400, 1.000000000000000000, 0.9238795325112867400, 1.000000000000000000, 0.9238795325112867400, 1.000000000000000000, 0.9238795325112867400, 1.000000000000000000, 0.9238795325112867400, 1.000000000000000000, 0.9238795325112867400, 1.000000000000000000, 0.9238795325112867400, 1.000000000000000000, 0.9238795325112867400, 1.000000000000000000, 0.9238795325112867400, 1.000000000000000000, 0.9238795325112867400, 1.000000000000000000, 0.9238795325112867400, 1.000000000000000000, 0.9238795325112867400, 1.000000000000000000, 0.9238795325112867400, 1.000000000000000000, 0.9238795325112867400, 1.000000000000000000, 0.9238795325112867400, 1.000000000000000000, 0.9238795325112867400, 1.000000000000000000, 0.9238795325112867400, 1.000000000000000000, 0.9238795325112867400, 1.000000000000000000, 0.9238795325112867400, 1.000000000000000000, 0.9238795325112867400, 1.000000000000000000, 0.9238795325112867400, 1.000000000000000000, 0.9238795325112867400, 1.000000000000000000, 0.9238795325112867400, 1.000000000000000000, 0.9238795325112867400, 1.000000000000000000, 0.9238795325112867400, 1.000000000000000000, 0.9238795325112867400, 1.000000000000000000) ) ) 
 REPRESENTATION_ITEM ( '' )  SURFACE ( )  );
#725 = CARTESIAN_POINT ( 'NONE',  ( 3.999999999999999100, -1.035533905932739300, -0.8500000000000018700 ) ) ;
#726 = EDGE_CURVE ( 'NONE', #1690, #214, #19, .T. ) ;
#727 = CARTESIAN_POINT ( 'NONE',  ( -1.000000000000000900, 1.530808498934192100E-016, 1.099999999999999900 ) ) ;
#728 = ORIENTED_EDGE ( 'NONE', *, *, #612, .T. ) ;
#729 = CARTESIAN_POINT ( 'NONE',  ( 0.6796977746315521200, -1.980384757729336300, 0.04999999999999861500 ) ) ;
#730 = CARTESIAN_POINT ( 'NONE',  ( -0.2677669529663696000, -1.767766952966369100, -0.4000000000000004100 ) ) ;
#731 = DIRECTION ( 'NONE',  ( -1.000000000000000000, 0.0000000000000000000, 0.0000000000000000000 ) ) ;
#732 = CARTESIAN_POINT ( 'NONE',  ( -0.3952916164442204000, -1.373378436289113300, -1.322159550215049800 ) ) ;
#733 = EDGE_LOOP ( 'NONE', ( #73, #932, #487, #1277 ) ) ;
#734 = DIRECTION ( 'NONE',  ( -0.0000000000000000000, -0.0000000000000000000, -1.000000000000000000 ) ) ;
#735 = CARTESIAN_POINT ( 'NONE',  ( 0.5000000000000065500, 0.0000000000000000000, -1.500000000000000000 ) ) ;
#736 =( GEOMETRIC_REPRESENTATION_CONTEXT ( 3 ) GLOBAL_UNCERTAINTY_ASSIGNED_CONTEXT ( ( #1103 ) ) GLOBAL_UNIT_ASSIGNED_CONTEXT ( ( #1084, #1596, #1189 ) ) REPRESENTATION_CONTEXT ( 'NONE', 'WORKASPACE' ) );
#737 = CARTESIAN_POINT ( 'NONE',  ( -0.2677669529663694300, 1.767766952966369300, 0.2999999999999981600 ) ) ;
#738 = ORIENTED_EDGE ( 'NONE', *, *, #1314, .T. ) ;
#739 = CARTESIAN_POINT ( 'NONE',  ( -1.000000000000000900, -1.035533905932737800, 0.4499999999999980700 ) ) ;
#740 = LINE ( 'NONE', #841, #848 ) ;
#741 =( BOUNDED_CURVE ( )  B_SPLINE_CURVE ( 2, ( #1165, #664, #1210, #430, #953, #678, #552, #163, #1066 ),
 .UNSPECIFIED., .F., .F. ) 
 B_SPLINE_CURVE_WITH_KNOTS ( ( 3, 2, 2, 2, 3 ),
 ( 0.09999999999999997800, 0.1250000000000000000, 0.1499999999999999100, 0.1749999999999999300, 0.1999999999999999600 ),
 .UNSPECIFIED. ) 
 CURVE ( )  GEOMETRIC_REPRESENTATION_ITEM ( )  RATIONAL_B_SPLINE_CURVE ( ( 1.000000000000000000, 0.9238795325112867400, 1.000000000000000000, 0.9238795325112867400, 1.000000000000000000, 0.9238795325112867400, 1.000000000000000000, 0.9238795325112867400, 1.000000000000000000 ) ) 
 REPRESENTATION_ITEM ( '' )  );
#742 = CARTESIAN_POINT ( 'NONE',  ( 0.4644660940672613600, -2.500000000000000400, -0.3500000000000004800 ) ) ;
#743 = EDGE_LOOP ( 'NONE', ( #966, #975, #437, #1364 ) ) ;
#744 = CARTESIAN_POINT ( 'NONE',  ( 1.829803103103101700, -2.053487947060402600, 1.073623185806661200 ) ) ;
#745 = DIRECTION ( 'NONE',  ( -0.0000000000000000000, -0.0000000000000000000, -1.000000000000000000 ) ) ;
#746 = CARTESIAN_POINT ( 'NONE',  ( 2.900343491548891700, 1.400343491548891300, -1.200000000000001500 ) ) ;
#747 = DIRECTION ( 'NONE',  ( 0.0000000000000000000, -1.000000000000000000, 0.0000000000000000000 ) ) ;
#748 = AXIS2_PLACEMENT_3D ( 'NONE', #343, #501, #1137 ) ;
#749 = CARTESIAN_POINT ( 'NONE',  ( 1.257551295539183700, 2.182822419073001500, 1.191617561731770600 ) ) ;
#750 = DIRECTION ( 'NONE',  ( 1.000000000000000000, 0.0000000000000000000, 0.0000000000000000000 ) ) ;
#751 = CARTESIAN_POINT ( 'NONE',  ( 3.480384757729336100, -3.637907781950156900E-016, 1.099999999999998500 ) ) ;
#752 = CARTESIAN_POINT ( 'NONE',  ( 1.499999999999999600, 0.0000000000000000000, 1.500000000000000000 ) ) ;
#753 = ORIENTED_EDGE ( 'NONE', *, *, #175, .T. ) ;
#754 = CARTESIAN_POINT ( 'NONE',  ( 0.5000000000000065500, 0.0000000000000000000, 0.2999999999999999300 ) ) ;
#755 = ORIENTED_EDGE ( 'NONE', *, *, #141, .F. ) ;
#756 = CARTESIAN_POINT ( 'NONE',  ( 3.267766952966368900, 1.767766952966368700, -0.8000000000000004900 ) ) ;
#757 = CARTESIAN_POINT ( 'NONE',  ( 0.6796977746315521200, -1.980384757729336300, 0.8499999999999987600 ) ) ;
#758 = EDGE_CURVE ( 'NONE', #1650, #1087, #1036, .T. ) ;
#759 = CARTESIAN_POINT ( 'NONE',  ( 1.499999999999999600, 0.0000000000000000000, 1.500000000000000000 ) ) ;
#760 = FACE_OUTER_BOUND ( 'NONE', #775, .T. ) ;
#761 = CARTESIAN_POINT ( 'NONE',  ( -0.4803847577293367000, 1.212635927316719200E-016, 0.7999999999999990500 ) ) ;
#762 = VERTEX_POINT ( 'NONE', #1557 ) ;
#763 = CARTESIAN_POINT ( 'NONE',  ( -0.2443766655775460600, 1.434627890211853900, 1.253942659814641500 ) ) ;
#764 = LINE ( 'NONE', #470, #63 ) ;
#765 = CARTESIAN_POINT ( 'NONE',  ( -0.4803847577293366400, -0.8203022253684472100, -1.650000000000001700 ) ) ;
#766 = VERTEX_POINT ( 'NONE', #1176 ) ;
#767 = DIRECTION ( 'NONE',  ( 1.000000000000000000, 0.0000000000000000000, 0.0000000000000000000 ) ) ;
#768 = CARTESIAN_POINT ( 'NONE',  ( 3.307452091512098800, -1.451641606239970400, 1.295879204769958800 ) ) ;
#769 = CARTESIAN_POINT ( 'NONE',  ( 1.710512231218357600, -1.986264295926899000, 0.9803847577293379700 ) ) ;
#770 = CARTESIAN_POINT ( 'NONE',  ( 2.320302225368446900, -1.980384757729336800, 0.9499999999999986200 ) ) ;
#771 = CARTESIAN_POINT ( 'NONE',  ( 0.6796977746315523400, 1.980384757729336300, 0.6499999999999986900 ) ) ;
#772 = DIRECTION ( 'NONE',  ( 0.0000000000000000000, 0.0000000000000000000, 1.000000000000000000 ) ) ;
#773 = CARTESIAN_POINT ( 'NONE',  ( 1.499999999999999300, -2.543301270189222100, -1.075000000000000600 ) ) ;
#774 = CARTESIAN_POINT ( 'NONE',  ( -0.4803847577293366400, 0.8203022253684474400, -0.9500000000000015100 ) ) ;
#775 = EDGE_LOOP ( 'NONE', ( #8, #1486, #1315, #1048 ) ) ;
#776 = EDGE_LOOP ( 'NONE', ( #11, #915, #454, #1157, #626, #97, #794, #591, #1001, #467, #522, #1520, #935 ) ) ;
#777 = DIRECTION ( 'NONE',  ( -0.0000000000000000000, -0.0000000000000000000, -1.000000000000000000 ) ) ;
#778 = LOCAL_TIME ( 7, 59, 0.0000000000000000000, #216 ) ;
#779 = CARTESIAN_POINT ( 'NONE',  ( 4.246000000000001300, 0.0000000000000000000, 1.500000000000000000 ) ) ;
#780 = CARTESIAN_POINT ( 'NONE',  ( 0.09965650845110787800, -1.400343491548891500, -1.600000000000001600 ) ) ;
#781 = CARTESIAN_POINT ( 'NONE',  ( 3.480384757729336100, 0.8203022253684478800, 1.149999999999999000 ) ) ;
#782 = CARTESIAN_POINT ( 'NONE',  ( 0.4116154389709260600, -2.150561062758472400, 1.398627343406698700 ) ) ;
#783 = VECTOR ( 'NONE', #1576, 1000.000000000000000 ) ;
#784 = CARTESIAN_POINT ( 'NONE',  ( 1.499999999999999600, 1.980384757729336300, -1.800000000000001200 ) ) ;
#785 = CARTESIAN_POINT ( 'NONE',  ( 0.4465301206869043400, 2.543301270189221700, -1.425000000000000900 ) ) ;
#786 = ORIENTED_EDGE ( 'NONE', *, *, #1345, .T. ) ;
#787 = CARTESIAN_POINT ( 'NONE',  ( 1.499999999999999300, -1.980384757729336300, 0.8999999999999984700 ) ) ;
#788 = CARTESIAN_POINT ( 'NONE',  ( 2.320302225368447800, 1.980384757729335900, -0.3500000000000013700 ) ) ;
#789 = CARTESIAN_POINT ( 'NONE',  ( 6.428203230275509700, 4.000000000000000000, 0.2999999999999999300 ) ) ;
#790 = CARTESIAN_POINT ( 'NONE',  ( -1.043301270189222400, -1.053469879313095200, -1.225000000000000800 ) ) ;
#791 = EDGE_CURVE ( 'NONE', #559, #1087, #361, .T. ) ;
#792 = CARTESIAN_POINT ( 'NONE',  ( 4.043301270189220800, 1.053469879313095900, -1.575000000000001700 ) ) ;
#793 = CARTESIAN_POINT ( 'NONE',  ( 1.785022359963918100, -2.431910675317530600, 1.445705744451738900 ) ) ;
#794 = ORIENTED_EDGE ( 'NONE', *, *, #223, .T. ) ;
#795 = PLANE ( 'NONE',  #1052 ) ;
#796 = DIRECTION ( 'NONE',  ( 0.0000000000000000000, 0.0000000000000000000, 1.000000000000000000 ) ) ;
#797 = ORIENTED_EDGE ( 'NONE', *, *, #1513, .F. ) ;
#798 = CARTESIAN_POINT ( 'NONE',  ( 2.553469879313094500, -2.543301270189222100, -0.1750000000000015400 ) ) ;
#799 = CARTESIAN_POINT ( 'NONE',  ( 1.499999999999999300, -1.980384757729336300, 1.699999999999998800 ) ) ;
#800 = DIRECTION ( 'NONE',  ( -0.0000000000000000000, -0.0000000000000000000, -1.000000000000000000 ) ) ;
#801 = CARTESIAN_POINT ( 'NONE',  ( -0.4803847577293367000, 1.212635927316719200E-016, -1.084202172485504400E-015 ) ) ;
#802 = CARTESIAN_POINT ( 'NONE',  ( 0.09965650845110808600, 1.400343491548891700, -0.9000000000000011300 ) ) ;
#803 = AXIS2_PLACEMENT_3D ( 'NONE', #599, #973, #190 ) ;
#804 = CARTESIAN_POINT ( 'NONE',  ( 4.043301270189220800, -1.053469879313096800, -0.07500000000000171800 ) ) ;
#805 = CYLINDRICAL_SURFACE ( 'NONE', #1434, 8.000000000000007100 ) ;
#806 = CARTESIAN_POINT ( 'NONE',  ( 3.550301570900833000, -0.1589627161371458300, 1.050301570900838300 ) ) ;
#807 = ORIENTED_EDGE ( 'NONE', *, *, #316, .T. ) ;
#808 = CARTESIAN_POINT ( 'NONE',  ( 1.499999999999999600, 0.0000000000000000000, 1.500000000000000000 ) ) ;
#809 = CARTESIAN_POINT ( 'NONE',  ( -0.4803847577293366400, -0.8203022253684472100, -0.7500000000000011100 ) ) ;
#810 = CARTESIAN_POINT ( 'NONE',  ( 4.043301270189220800, 1.053469879313095900, 1.574999999999999700 ) ) ;
#811 = CARTESIAN_POINT ( 'NONE',  ( -0.4803847577293366400, -0.8203022253684472100, 1.549999999999998700 ) ) ;
#812 = CARTESIAN_POINT ( 'NONE',  ( -1.000000000000000900, 3.061616997868383600E-016, 1.500000000000000000 ) ) ;
#813 = CARTESIAN_POINT ( 'NONE',  ( 6.428203230275508800, -4.000000000000000900, 0.2999999999999999300 ) ) ;
#814 = CARTESIAN_POINT ( 'NONE',  ( 0.6796977746315523400, 1.980384757729336300, -1.750000000000001100 ) ) ;
#815 = CARTESIAN_POINT ( 'NONE',  ( 0.4465301206869043400, 2.543301270189221700, 1.775000000000000100 ) ) ;
#816 = EDGE_CURVE ( 'NONE', #1542, #1089, #713, .T. ) ;
#817 = CARTESIAN_POINT ( 'NONE',  ( -0.2983855747511589600, 1.798385574751158800, -2.125000000000001800 ) ) ;
#818 = CARTESIAN_POINT ( 'NONE',  ( 3.556217782649103900, -2.833333148339528900E-014, 1.056217782649105300 ) ) ;
#819 = PERSON_AND_ORGANIZATION_ROLE ( 'creator' ) ;
#820 = ORIENTED_EDGE ( 'NONE', *, *, #1452, .T. ) ;
#821 = CARTESIAN_POINT ( 'NONE',  ( 1.499999999999999300, -1.980384757729336300, 0.1999999999999987900 ) ) ;
#822 = CARTESIAN_POINT ( 'NONE',  ( -0.2983855747511591800, -1.798385574751158600, 1.224999999999999400 ) ) ;
#823 = CIRCLE ( 'NONE', #98, 8.000000000000007100 ) ;
#824 = CARTESIAN_POINT ( 'NONE',  ( -1.000000000000000900, 1.530808498934192100E-016, -0.4000000000000016900 ) ) ;
#825 = DIRECTION ( 'NONE',  ( -1.000000000000000000, 0.0000000000000000000, 0.0000000000000000000 ) ) ;
#826 = CARTESIAN_POINT ( 'NONE',  ( 3.999999999999999100, -1.035533905932739300, -0.9500000000000005100 ) ) ;
#827 = CARTESIAN_POINT ( 'NONE',  ( 2.553469879313094500, -2.543301270189222100, 0.5749999999999996200 ) ) ;
#828 = LINE ( 'NONE', #500, #1648 ) ;
#829 = CARTESIAN_POINT ( 'NONE',  ( 3.298385574751158300, -1.798385574751159000, 0.6749999999999984900 ) ) ;
#830 = ORIENTED_EDGE ( 'NONE', *, *, #816, .F. ) ;
#831 = ADVANCED_FACE ( 'NONE', ( #999 ), #1266, .T. ) ;
#832 = CARTESIAN_POINT ( 'NONE',  ( -0.4803847577293366400, 0.8203022253684474400, 1.549999999999998700 ) ) ;
#833 = CARTESIAN_POINT ( 'NONE',  ( 3.480384757729336100, 0.8203022253684478800, -0.3500000000000012000 ) ) ;
#834 = CARTESIAN_POINT ( 'NONE',  ( 1.499999999999999300, -2.543301270189222100, 1.374999999999998700 ) ) ;
#835 = CARTESIAN_POINT ( 'NONE',  ( 3.364710237182447500, -1.136942254911144100, -1.164263079808391500 ) ) ;
#836 = APPROVAL_STATUS ( 'not_yet_approved' ) ;
#837 = CARTESIAN_POINT ( 'NONE',  ( 2.900343491548891700, 1.400343491548891300, 0.4999999999999987200 ) ) ;
#838 = AXIS2_PLACEMENT_3D ( 'NONE', #173, #292, #1349 ) ;
#839 = ORIENTED_EDGE ( 'NONE', *, *, #316, .F. ) ;
#840 = CARTESIAN_POINT ( 'NONE',  ( 3.298385574751158300, -1.798385574751159000, 1.474999999999998500 ) ) ;
#841 = CARTESIAN_POINT ( 'NONE',  ( -6.428203230275508800, -3.999999999999998200, -1.500000000000000000 ) ) ;
#842 = ADVANCED_FACE ( 'NONE', ( #1575 ), #124, .T. ) ;
#843 = EDGE_LOOP ( 'NONE', ( #350, #1640, #1611, #341 ) ) ;
#844 = LINE ( 'NONE', #1288, #1171 ) ;
#845 = CARTESIAN_POINT ( 'NONE',  ( 1.499999999999999600, 0.0000000000000000000, 1.500000000000000000 ) ) ;
#846 = CARTESIAN_POINT ( 'NONE',  ( 4.043301270189221700, -4.671968639706942400E-016, 1.574999999999998200 ) ) ;
#847 = CARTESIAN_POINT ( 'NONE',  ( 1.499999999999999600, 0.0000000000000000000, -1.500000000000000000 ) ) ;
#848 = VECTOR ( 'NONE', #1343, 1000.000000000000000 ) ;
#849 = EDGE_CURVE ( 'NONE', #252, #1437, #963, .T. ) ;
#850 = ORIENTED_EDGE ( 'NONE', *, *, #1463, .T. ) ;
#851 = ADVANCED_FACE ( 'NONE', ( #682 ), #1423, .T. ) ;
#852 = CARTESIAN_POINT ( 'NONE',  ( 2.900343491548891300, -1.400343491548891900, -0.5000000000000011100 ) ) ;
#853 = DIRECTION ( 'NONE',  ( 0.7071067811865487900, 0.0000000000000000000, 0.7071067811865463500 ) ) ;
#854 = CARTESIAN_POINT ( 'NONE',  ( 0.09965650845110787800, -1.400343491548891500, 1.699999999999998800 ) ) ;
#855 = DIRECTION ( 'NONE',  ( -1.349306652134625900E-016, 1.000000000000000000, 0.0000000000000000000 ) ) ;
#856 = CARTESIAN_POINT ( 'NONE',  ( 1.499999999999999300, -1.980384757729336300, -0.7000000000000014000 ) ) ;
#857 = ORIENTED_EDGE ( 'NONE', *, *, #981, .T. ) ;
#858 = VERTEX_POINT ( 'NONE', #155 ) ;
#859 = CARTESIAN_POINT ( 'NONE',  ( -1.000000000000000900, -1.035533905932737800, 1.149999999999999500 ) ) ;
#860 = AXIS2_PLACEMENT_3D ( 'NONE', #308, #1359, #586 ) ;
#861 = CARTESIAN_POINT ( 'NONE',  ( -1.000000000000000900, 1.530808498934192100E-016, -0.5000000000000004400 ) ) ;
#862 = CARTESIAN_POINT ( 'NONE',  ( 1.499999999999999300, -1.980384757729336300, 0.09999999999999853500 ) ) ;
#863 = APPROVAL_PERSON_ORGANIZATION ( #1193, #1245, #283 ) ;
#864 = CARTESIAN_POINT ( 'NONE',  ( 0.4644660940672616900, 2.500000000000000400, -0.5500000000000019300 ) ) ;
#865 = ORIENTED_EDGE ( 'NONE', *, *, #256, .T. ) ;
#866 = CARTESIAN_POINT ( 'NONE',  ( -1.000000000000000900, 1.035533905932738000, 0.3499999999999982600 ) ) ;
#867 = CIRCLE ( 'NONE', #1381, 2.500000000000000400 ) ;
#868 = VERTEX_POINT ( 'NONE', #282 ) ;
#869 = CARTESIAN_POINT ( 'NONE',  ( -0.2677669529663696000, -1.767766952966369100, 1.199999999999999700 ) ) ;
#870 = CARTESIAN_POINT ( 'NONE',  ( -0.8732050807568886300, 1.453169002934579600E-016, -1.373205080756888300 ) ) ;
#871 = CARTESIAN_POINT ( 'NONE',  ( -0.4803847577293366400, 0.8203022253684474400, 0.6499999999999986900 ) ) ;
#872 = CARTESIAN_POINT ( 'NONE',  ( -1.000000000000000900, 1.530808498934192100E-016, 1.199999999999998400 ) ) ;
#873 = CARTESIAN_POINT ( 'NONE',  ( 2.535533905932737800, -2.500000000000000400, -0.2500000000000004400 ) ) ;
#874 = CARTESIAN_POINT ( 'NONE',  ( -1.500000000000001800, 0.0000000000000000000, 0.2999999999999999300 ) ) ;
#875 = CARTESIAN_POINT ( 'NONE',  ( 1.499999999999999600, 0.0000000000000000000, 1.246000000000000200 ) ) ;
#876 = EDGE_LOOP ( 'NONE', ( #254, #830, #380, #1280 ) ) ;
#877 = CARTESIAN_POINT ( 'NONE',  ( 1.499999999999999600, 1.980384757729336300, -0.3000000000000014300 ) ) ;
#878 = AXIS2_PLACEMENT_3D ( 'NONE', #198, #1240, #1440 ) ;
#879 = ORIENTED_EDGE ( 'NONE', *, *, #1664, .F. ) ;
#880 = APPROVAL_DATE_TIME ( #1107, #291 ) ;
#881 = CARTESIAN_POINT ( 'NONE',  ( -1.000000000000000900, 1.530808498934192100E-016, -0.4000000000000016900 ) ) ;
#882 = CIRCLE ( 'NONE', #1373, 2.500000000000000400 ) ;
#883 = CARTESIAN_POINT ( 'NONE',  ( -0.4956716134758885100, 1.089519734492658200, 1.269255037807400600 ) ) ;
#884 = DIRECTION ( 'NONE',  ( 1.000000000000000000, 0.0000000000000000000, 0.0000000000000000000 ) ) ;
#885 = LINE ( 'NONE', #1292, #656 ) ;
#886 = CARTESIAN_POINT ( 'NONE',  ( 0.6796977746315521200, -1.980384757729336300, -0.6500000000000012400 ) ) ;
#887 = CIRCLE ( 'NONE', #1298, 2.500000000000000400 ) ;
#888 = CARTESIAN_POINT ( 'NONE',  ( 2.535533905932739100, 2.500000000000000000, -0.7500000000000005600 ) ) ;
#889 = CARTESIAN_POINT ( 'NONE',  ( -6.428203230275510500, 3.999999999999999100, 0.2999999999999999300 ) ) ;
#890 = AXIS2_PLACEMENT_3D ( 'NONE', #96, #747, #1531 ) ;
#891 = CARTESIAN_POINT ( 'NONE',  ( 0.3517127419110176500, 1.618675091864259400, -0.9803847577293377500 ) ) ;
#892 = CARTESIAN_POINT ( 'NONE',  ( 3.480384757729336100, 0.8203022253684478800, -0.4500000000000013400 ) ) ;
#893 = ORIENTED_EDGE ( 'NONE', *, *, #1536, .T. ) ;
#894 = CARTESIAN_POINT ( 'NONE',  ( 0.09965650845110787800, -1.400343491548891500, -0.7000000000000011800 ) ) ;
#895 = ORIENTED_EDGE ( 'NONE', *, *, #1488, .T. ) ;
#896 = CARTESIAN_POINT ( 'NONE',  ( 6.428203230275509700, 4.000000000000000000, -1.500000000000000000 ) ) ;
#897 = DIRECTION ( 'NONE',  ( -1.000000000000000000, 0.0000000000000000000, 0.0000000000000000000 ) ) ;
#898 = EDGE_CURVE ( 'NONE', #1376, #573, #1474, .T. ) ;
#899 = VECTOR ( 'NONE', #800, 1000.000000000000000 ) ;
#900 = CARTESIAN_POINT ( 'NONE',  ( 1.499999999999999600, 0.0000000000000000000, 1.500000000000000000 ) ) ;
#901 = AXIS2_PLACEMENT_3D ( 'NONE', #685, #544, #178 ) ;
#902 = CARTESIAN_POINT ( 'NONE',  ( -1.000000000000000900, 1.035533905932738000, -1.250000000000002200 ) ) ;
#903 = CARTESIAN_POINT ( 'NONE',  ( 4.043301270189220800, 1.053469879313095900, -0.8250000000000005100 ) ) ;
#904 = CARTESIAN_POINT ( 'NONE',  ( 0.09965650845110787800, -1.400343491548891500, 0.7999999999999986000 ) ) ;
#905 = CARTESIAN_POINT ( 'NONE',  ( 2.320302225368446900, -1.980384757729336800, -1.450000000000001300 ) ) ;
#906 = ORIENTED_EDGE ( 'NONE', *, *, #1042, .F. ) ;
#907 = CARTESIAN_POINT ( 'NONE',  ( -0.09520658917756685800, 1.856497651775206100, -1.442424155856680600 ) ) ;
#908 = CARTESIAN_POINT ( 'NONE',  ( 0.09965650845110787800, -1.400343491548891500, -0.8000000000000014900 ) ) ;
#909 = CARTESIAN_POINT ( 'NONE',  ( 2.900343491548891700, 1.400343491548891300, 1.199999999999998800 ) ) ;
#910 = CARTESIAN_POINT ( 'NONE',  ( -0.8098076211353320000, -3.126189331663828300E-014, 1.309807621135331600 ) ) ;
#911 = CARTESIAN_POINT ( 'NONE',  ( 0.4644660940672613600, -2.500000000000000400, -1.150000000000000400 ) ) ;
#912 = CARTESIAN_POINT ( 'NONE',  ( -0.2983855747511591800, -1.798385574751158600, -1.175000000000000700 ) ) ;
#913 = CARTESIAN_POINT ( 'NONE',  ( 3.480384757729336100, -3.637907781950156900E-016, 1.099999999999998500 ) ) ;
#914 = CARTESIAN_POINT ( 'NONE',  ( 0.09965650845110787800, -1.400343491548891500, -1.517883041479706200E-015 ) ) ;
#915 = ORIENTED_EDGE ( 'NONE', *, *, #816, .T. ) ;
#916 = CARTESIAN_POINT ( 'NONE',  ( -1.000000000000000900, 1.035533905932738000, 0.2499999999999995800 ) ) ;
#917 =( BOUNDED_CURVE ( )  B_SPLINE_CURVE ( 2, ( #1148, #1684, #1414, #911, #1167, #384, #1464, #826, #691 ),
 .UNSPECIFIED., .F., .F. ) 
 B_SPLINE_CURVE_WITH_KNOTS ( ( 3, 2, 2, 2, 3 ),
 ( 0.05000000000000000300, 0.07499999999999999700, 0.1000000000000000100, 0.1250000000000000000, 0.1499999999999999900 ),
 .UNSPECIFIED. ) 
 CURVE ( )  GEOMETRIC_REPRESENTATION_ITEM ( )  RATIONAL_B_SPLINE_CURVE ( ( 1.000000000000000000, 0.9238795325112867400, 1.000000000000000000, 0.9238795325112867400, 1.000000000000000000, 0.9238795325112867400, 1.000000000000000000, 0.9238795325112867400, 1.000000000000000000 ) ) 
 REPRESENTATION_ITEM ( '' )  );
#918 = CARTESIAN_POINT ( 'NONE',  ( 2.535533905932739100, 2.500000000000000000, -1.450000000000002000 ) ) ;
#919 = CARTESIAN_POINT ( 'NONE',  ( 3.298385574751158300, -1.798385574751159000, -0.1750000000000004600 ) ) ;
#920 = CYLINDRICAL_SURFACE ( 'NONE', #1338, 2.500000000000000400 ) ;
#921 = CARTESIAN_POINT ( 'NONE',  ( 2.320302225368446900, -1.980384757729336800, 1.749999999999998400 ) ) ;
#922 = CARTESIAN_POINT ( 'NONE',  ( 2.535533905932739100, 2.500000000000000000, 0.04999999999999969700 ) ) ;
#923 = CARTESIAN_POINT ( 'NONE',  ( -0.4803847577293366400, 0.8203022253684474400, -0.8500000000000013100 ) ) ;
#924 = CARTESIAN_POINT ( 'NONE',  ( 2.553469879313096300, 2.543301270189221300, 0.07499999999999955300 ) ) ;
#925 = ORIENTED_EDGE ( 'NONE', *, *, #1627, .F. ) ;
#926 = CARTESIAN_POINT ( 'NONE',  ( -1.043301270189222400, -1.053469879313095200, -1.175000000000001600 ) ) ;
#927 = CARTESIAN_POINT ( 'NONE',  ( -0.8087380795770544600, -0.2353741076109496800, 1.317709238978535200 ) ) ;
#928 = CARTESIAN_POINT ( 'NONE',  ( 3.480384757729336100, -0.8203022253684483200, 0.3499999999999987600 ) ) ;
#929 = CARTESIAN_POINT ( 'NONE',  ( -0.4803847577293367000, 1.212635927316719200E-016, -0.8000000000000012700 ) ) ;
#930 = EDGE_CURVE ( 'NONE', #991, #440, #867, .T. ) ;
#931 = CARTESIAN_POINT ( 'NONE',  ( 3.298385574751158800, 1.798385574751158100, 0.07499999999999824900 ) ) ;
#932 = ORIENTED_EDGE ( 'NONE', *, *, #391, .F. ) ;
#933 = CARTESIAN_POINT ( 'NONE',  ( 3.480384757729336100, -3.637907781950156900E-016, 0.3999999999999988600 ) ) ;
#934 = CARTESIAN_POINT ( 'NONE',  ( 4.043301270189220800, -1.053469879313096800, 2.274999999999999900 ) ) ;
#935 = ORIENTED_EDGE ( 'NONE', *, *, #52, .T. ) ;
#936 = CARTESIAN_POINT ( 'NONE',  ( 3.480384757729336100, -3.637907781950156900E-016, 1.899999999999998600 ) ) ;
#937 = VECTOR ( 'NONE', #260, 1000.000000000000000 ) ;
#938 = CARTESIAN_POINT ( 'NONE',  ( -0.4803847577293367000, 1.212635927316719200E-016, 0.7999999999999990500 ) ) ;
#939 = CARTESIAN_POINT ( 'NONE',  ( 3.298385574751158300, -1.798385574751159000, 2.224999999999999600 ) ) ;
#940 = CARTESIAN_POINT ( 'NONE',  ( 0.09965650845110808600, 1.400343491548891700, 1.399999999999998600 ) ) ;
#941 = CARTESIAN_POINT ( 'NONE',  ( 0.09965650845110808600, 1.400343491548891700, 1.399999999999998600 ) ) ;
#942 = VECTOR ( 'NONE', #298, 1000.000000000000000 ) ;
#943 = EDGE_LOOP ( 'NONE', ( #1628, #1344, #444 ) ) ;
#944 = CARTESIAN_POINT ( 'NONE',  ( 1.499999999999999300, -1.980384757729336300, -1.400000000000001200 ) ) ;
#945 = CARTESIAN_POINT ( 'NONE',  ( 0.03123802647042152700, -1.779215128345985400, -1.302443229878453800 ) ) ;
#946 = APPROVAL_STATUS ( 'not_yet_approved' ) ;
#947 = CARTESIAN_POINT ( 'NONE',  ( 1.499999999999999600, 1.980384757729336300, 1.399999999999998800 ) ) ;
#948 = CARTESIAN_POINT ( 'NONE',  ( 2.085399491551936700, 2.286519803340933500, -1.338264245518872700 ) ) ;
#949 = CARTESIAN_POINT ( 'NONE',  ( -0.4803847577293366400, 0.8203022253684474400, -0.8500000000000013100 ) ) ;
#950 = CARTESIAN_POINT ( 'NONE',  ( 4.043301270189220800, 1.053469879313095900, 0.8249999999999985100 ) ) ;
#951 = CARTESIAN_POINT ( 'NONE',  ( 0.5000000000000065500, 0.0000000000000000000, 0.2999999999999999300 ) ) ;
#952 = ADVANCED_FACE ( 'NONE', ( #82 ), #186, .F. ) ;
#953 = CARTESIAN_POINT ( 'NONE',  ( 1.499999999999999600, 2.500000000000000400, 0.9999999999999983300 ) ) ;
#954 = ORIENTED_EDGE ( 'NONE', *, *, #1334, .T. ) ;
#955 = CARTESIAN_POINT ( 'NONE',  ( 0.09965650845110808600, 1.400343491548891700, 0.6999999999999988500 ) ) ;
#956 = PERSON_AND_ORGANIZATION ( #189, #1630 ) ;
#957 = CARTESIAN_POINT ( 'NONE',  ( 2.125227484603779100, -2.139083639822322100, -1.223700682159636100 ) ) ;
#958 = CIRCLE ( 'NONE', #422, 8.000000000000007100 ) ;
#959 = EDGE_LOOP ( 'NONE', ( #313, #1010, #34, #478 ) ) ;
#960 = EDGE_CURVE ( 'NONE', #1437, #1589, #740, .T. ) ;
#961 = ADVANCED_FACE ( 'NONE', ( #1131 ), #1078, .F. ) ;
#962 = CARTESIAN_POINT ( 'NONE',  ( 0.09965650845110787800, -1.400343491548891500, 0.8999999999999989100 ) ) ;
#963 = LINE ( 'NONE', #1467, #783 ) ;
#964 = CARTESIAN_POINT ( 'NONE',  ( -1.000000000000000900, -1.035533905932737800, -0.3500000000000018100 ) ) ;
#965 = DIRECTION ( 'NONE',  ( -0.0000000000000000000, -0.0000000000000000000, -1.000000000000000000 ) ) ;
#966 = ORIENTED_EDGE ( 'NONE', *, *, #667, .F. ) ;
#967 = CARTESIAN_POINT ( 'NONE',  ( 3.480384757729336100, -0.8203022253684483200, -0.4500000000000011200 ) ) ;
#968 = CARTESIAN_POINT ( 'NONE',  ( 0.4465301206869043400, 2.543301270189221700, 1.024999999999998600 ) ) ;
#969 = CARTESIAN_POINT ( 'NONE',  ( 3.615219459247040100, -0.2935010957193656700, -1.130398945978786000 ) ) ;
#970 = ADVANCED_FACE ( 'NONE', ( #146 ), #1530, .T. ) ;
#971 = CARTESIAN_POINT ( 'NONE',  ( 2.320302225368447800, 1.980384757729335900, 0.5499999999999988200 ) ) ;
#972 = ORIENTED_EDGE ( 'NONE', *, *, #453, .F. ) ;
#973 = DIRECTION ( 'NONE',  ( -0.0000000000000000000, -0.0000000000000000000, -1.000000000000000000 ) ) ;
#974 = CARTESIAN_POINT ( 'NONE',  ( -0.4803847577293367000, -0.8203022253684472100, -0.8500000000000014200 ) ) ;
#975 = ORIENTED_EDGE ( 'NONE', *, *, #1094, .T. ) ;
#976 = CARTESIAN_POINT ( 'NONE',  ( 2.320302225368446900, -1.980384757729336800, 1.849999999999999000 ) ) ;
#977 = CARTESIAN_POINT ( 'NONE',  ( 0.09965650845110787800, -1.400343491548891500, 1.699999999999998800 ) ) ;
#978 = B_SPLINE_CURVE_WITH_KNOTS ( 'NONE', 3,
 ( #70, #1237, #1371, #984, #199, #460, #1374, #1505, #998, #1136, #624, #1404, #1535, #1254, #1118, #749, #1651, #357, #1281, #93, #1538, #493, #994, #763, #480, #883, #608, #1003, #469, #1516, #220, #342 ),
 .UNSPECIFIED., .F., .F.,
 ( 4, 2, 2, 2, 2, 2, 2, 2, 2, 2, 2, 2, 2, 2, 2, 4 ),
 ( 0.001899164599723357800, 0.002326726174888553200, 0.002754287750053748500, 0.003181849325218943800, 0.003609410900384139600, 0.004464534050714529000, 0.004892095625879723900, 0.005319657201044919600, 0.005747218776210115400, 0.006174780351375310300, 0.006602341926540505200, 0.007029903501705700100, 0.007457465076870895900, 0.007885026652036091600, 0.008312588227201286500, 0.008740149802366481400 ),
 .UNSPECIFIED. ) ;
#979 = CARTESIAN_POINT ( 'NONE',  ( 2.535533905932737800, -2.500000000000000400, -0.9500000000000019500 ) ) ;
#980 = CARTESIAN_POINT ( 'NONE',  ( 0.6796977746315523400, 1.980384757729336300, -0.2500000000000015000 ) ) ;
#981 = EDGE_CURVE ( 'NONE', #1510, #545, #1624, .T. ) ;
#982 = FACE_OUTER_BOUND ( 'NONE', #1235, .T. ) ;
#983 = CARTESIAN_POINT ( 'NONE',  ( 4.000000000000000000, 0.0000000000000000000, 1.500000000000000000 ) ) ;
#984 = CARTESIAN_POINT ( 'NONE',  ( 3.504090229067463800, 0.5685013693209737300, 1.078298125307129500 ) ) ;
#985 = CARTESIAN_POINT ( 'NONE',  ( 3.480384757729336100, -0.8203022253684483200, -0.5500000000000014900 ) ) ;
#986 =( BOUNDED_CURVE ( )  B_SPLINE_CURVE ( 2, ( #323, #866, #737, #989, #1109, #1232, #62, #1097, #1511 ),
 .UNSPECIFIED., .F., .F. ) 
 B_SPLINE_CURVE_WITH_KNOTS ( ( 3, 2, 2, 2, 3 ),
 ( 0.2999999999999999300, 0.3249999999999999600, 0.3499999999999999800, 0.3750000000000000000, 0.3999999999999999100 ),
 .UNSPECIFIED. ) 
 CURVE ( )  GEOMETRIC_REPRESENTATION_ITEM ( )  RATIONAL_B_SPLINE_CURVE ( ( 1.000000000000000000, 0.9238795325112867400, 1.000000000000000000, 0.9238795325112867400, 1.000000000000000000, 0.9238795325112867400, 1.000000000000000000, 0.9238795325112867400, 1.000000000000000000 ) ) 
 REPRESENTATION_ITEM ( '' )  );
#987 = CARTESIAN_POINT ( 'NONE',  ( -0.2677669529663696000, -1.767766952966369100, 1.299999999999998300 ) ) ;
#988 = B_SPLINE_CURVE_WITH_KNOTS ( 'NONE', 3,
 ( #299, #696, #969, #710, #702, #835, #1071, #564, #38, #1209, #1358, #957, #1229, #1491, #715, #1092, #310, #446, #588, #1495, #30, #945, #603, #732, #324, #1375, #319, #870 ),
 .UNSPECIFIED., .F., .F.,
 ( 4, 2, 2, 2, 2, 2, 2, 2, 2, 2, 2, 2, 2, 4 ),
 ( 0.003533476487843316300, 0.003973687598340992300, 0.004413898708838667800, 0.005294320929834018700, 0.005734532040331693400, 0.006174743150829368000, 0.006614954261327043500, 0.007055165371824719000, 0.007495376482322393600, 0.007935587592820070000, 0.008375798703317746300, 0.008816009813815421000, 0.009696432034810771900, 0.01057685425580612300 ),
 .UNSPECIFIED. ) ;
#989 = CARTESIAN_POINT ( 'NONE',  ( 0.4644660940672616900, 2.500000000000000400, 0.2499999999999979700 ) ) ;
#990 = CARTESIAN_POINT ( 'NONE',  ( 2.900343491548891700, 1.400343491548891300, 0.3999999999999984700 ) ) ;
#991 = VERTEX_POINT ( 'NONE', #1485 ) ;
#992 = CARTESIAN_POINT ( 'NONE',  ( 3.999999999999999100, -1.035533905932739300, -0.1500000000000003800 ) ) ;
#993 = ORIENTED_EDGE ( 'NONE', *, *, #1497, .F. ) ;
#994 = CARTESIAN_POINT ( 'NONE',  ( -0.04030616875745079300, 1.638226467521970200, 1.244009677195915500 ) ) ;
#995 = CARTESIAN_POINT ( 'NONE',  ( -1.000000000000000900, 3.061616997868383600E-016, 1.500000000000000000 ) ) ;
#996 = APPROVAL_PERSON_ORGANIZATION ( #1613, #371, #169 ) ;
#997 = CARTESIAN_POINT ( 'NONE',  ( 0.09965650845110808600, 1.400343491548891700, -1.800000000000001400 ) ) ;
#998 = CARTESIAN_POINT ( 'NONE',  ( 3.046788642206536200, 1.452640450666465900, 1.117165566455682100 ) ) ;
#999 = FACE_OUTER_BOUND ( 'NONE', #579, .T. ) ;
#1000 = CARTESIAN_POINT ( 'NONE',  ( 0.09965650845110808600, 1.400343491548891700, -0.2000000000000014000 ) ) ;
#1001 = ORIENTED_EDGE ( 'NONE', *, *, #307, .T. ) ;
#1002 = CARTESIAN_POINT ( 'NONE',  ( -6.428203230275509700, -4.000000000000000900, -1.500000000000000000 ) ) ;
#1003 = CARTESIAN_POINT ( 'NONE',  ( -0.6797059831671216100, 0.7001176429221405200, 1.284911195948703800 ) ) ;
#1004 = DIRECTION ( 'NONE',  ( -1.000000000000000000, 0.0000000000000000000, 0.0000000000000000000 ) ) ;
#1005 = CARTESIAN_POINT ( 'NONE',  ( 3.480384757729336100, -3.637907781950156900E-016, 0.3999999999999988600 ) ) ;
#1006 = CARTESIAN_POINT ( 'NONE',  ( 0.4644660940672617500, 2.500000000000000400, -0.6500000000000006900 ) ) ;
#1007 = EDGE_LOOP ( 'NONE', ( #180, #349, #1134, #820, #755 ) ) ;
#1008 = EDGE_CURVE ( 'NONE', #545, #766, #988, .T. ) ;
#1009 = CARTESIAN_POINT ( 'NONE',  ( -1.000000000000000900, 1.530808498934192100E-016, -1.300000000000000300 ) ) ;
#1010 = ORIENTED_EDGE ( 'NONE', *, *, #233, .F. ) ;
#1011 = CARTESIAN_POINT ( 'NONE',  ( -6.428203230275510500, 3.999999999999999100, -1.500000000000000000 ) ) ;
#1012 = LINE ( 'NONE', #789, #578 ) ;
#1013 = CARTESIAN_POINT ( 'NONE',  ( -1.000000000000000900, 1.530808498934192100E-016, -0.5000000000000004400 ) ) ;
#1014 =( BOUNDED_CURVE ( )  B_SPLINE_CURVE ( 2, ( #459, #1259, #601, #206, #987, #346, #1389 ),
 .UNSPECIFIED., .F., .F. ) 
 B_SPLINE_CURVE_WITH_KNOTS ( ( 3, 2, 2, 3 ),
 ( 0.02499999999999990800, 0.04999999999999993300, 0.07499999999999995600, 0.09999999999999997800 ),
 .UNSPECIFIED. ) 
 CURVE ( )  GEOMETRIC_REPRESENTATION_ITEM ( )  RATIONAL_B_SPLINE_CURVE ( ( 1.000000000000000000, 0.9238795325112868500, 1.000000000000000000, 0.9238795325112867400, 1.000000000000000000, 0.9238795325112867400, 1.000000000000000000 ) ) 
 REPRESENTATION_ITEM ( '' )  );
#1015 = ORIENTED_EDGE ( 'NONE', *, *, #107, .F. ) ;
#1016 = CARTESIAN_POINT ( 'NONE',  ( 3.480384757729336100, 0.8203022253684478800, 0.3499999999999987600 ) ) ;
#1017 = CARTESIAN_POINT ( 'NONE',  ( 3.480384757729336100, -3.637907781950156900E-016, -0.4000000000000012400 ) ) ;
#1018 = CARTESIAN_POINT ( 'NONE',  ( -0.8098076211353320000, -3.126189331663828300E-014, 1.309807621135331600 ) ) ;
#1019 = CARTESIAN_POINT ( 'NONE',  ( 2.216218168362371600, -1.864562358322766600, 0.9803847577293382000 ) ) ;
#1020 = CARTESIAN_POINT ( 'NONE',  ( -0.4803847577293367000, 1.212635927316719200E-016, -0.9000000000000014700 ) ) ;
#1021 = DIRECTION ( 'NONE',  ( -1.000000000000000000, 0.0000000000000000000, 0.0000000000000000000 ) ) ;
#1022 = CARTESIAN_POINT ( 'NONE',  ( -1.043301270189222600, 1.557322879902314500E-016, -0.4750000000000005900 ) ) ;
#1023 = CARTESIAN_POINT ( 'NONE',  ( -0.4803847577293367000, 1.212635927316719200E-016, 0.6999999999999988500 ) ) ;
#1024 = CARTESIAN_POINT ( 'NONE',  ( -0.4803847577293367000, 1.212635927316719200E-016, -0.1000000000000013500 ) ) ;
#1025 = CARTESIAN_POINT ( 'NONE',  ( 0.5539469612367677900, 1.854633944334551600, -0.9391601838759819900 ) ) ;
#1026 = ORIENTED_EDGE ( 'NONE', *, *, #1063, .F. ) ;
#1027 = CARTESIAN_POINT ( 'NONE',  ( -1.000000000000000900, 1.530808498934192100E-016, -1.300000000000000300 ) ) ;
#1028 = CARTESIAN_POINT ( 'NONE',  ( 0.6796977746315521200, -1.980384757729336300, -1.550000000000001400 ) ) ;
#1029 = DATE_AND_TIME ( #1525, #1348 ) ;
#1030 = CARTESIAN_POINT ( 'NONE',  ( 0.6796977746315523400, 1.980384757729336300, -1.050000000000001400 ) ) ;
#1031 = CARTESIAN_POINT ( 'NONE',  ( 1.077403081034467700, -2.397423788882493900, 1.422945214641453400 ) ) ;
#1032 =( BOUNDED_CURVE ( )  B_SPLINE_CURVE ( 2, ( #609, #1372, #1378, #974, #1368, #1244, #856, #191, #315, #985, #600, #208, #68, #1233, #1249, #980, #196, #1102, #1634, #1502, #597, #729, #862, #71, #1105, #200, #461, #1506, #990, #205, #1110, #616, #1141, #1130, #1529, #481, #475, #757, #490, #358, #1524 ),
 .UNSPECIFIED., .F., .F. ) 
 B_SPLINE_CURVE_WITH_KNOTS ( ( 3, 2, 2, 2, 2, 2, 2, 2, 2, 2, 2, 2, 2, 2, 2, 2, 2, 2, 2, 2, 3 ),
 ( 0.2300913630448716600, 0.2500000000000000000, 0.2750000000000000200, 0.2999999999999999900, 0.3250000000000000100, 0.3499999999999999800, 0.3750000000000000000, 0.4000000000000000200, 0.4249999999999999900, 0.4500000000000000100, 0.4749999999999999800, 0.5000000000000000000, 0.5250000000000000200, 0.5500000000000000400, 0.5749999999999999600, 0.5999999999999999800, 0.6250000000000000000, 0.6500000000000000200, 0.6750000000000000400, 0.6999999999999999600, 0.7199086369548971500 ),
 .UNSPECIFIED. ) 
 CURVE ( )  GEOMETRIC_REPRESENTATION_ITEM ( )  RATIONAL_B_SPLINE_CURVE ( ( 0.9753096629729500800, 0.9393818099165023300, 1.000000000000000000, 0.9238795325112867400, 1.000000000000000000, 0.9238795325112867400, 1.000000000000000000, 0.9238795325112867400, 1.000000000000000000, 0.9238795325112867400, 1.000000000000000000, 0.9238795325112867400, 1.000000000000000000, 0.9238795325112867400, 1.000000000000000000, 0.9238795325112867400, 1.000000000000000000, 0.9238795325112867400, 1.000000000000000000, 0.9238795325112867400, 1.000000000000000000, 0.9238795325112867400, 1.000000000000000000, 0.9238795325112867400, 1.000000000000000000, 0.9238795325112867400, 1.000000000000000000, 0.9238795325112867400, 1.000000000000000000, 0.9238795325112867400, 1.000000000000000000, 0.9238795325112867400, 1.000000000000000000, 0.9238795325112867400, 1.000000000000000000, 0.9238795325112867400, 1.000000000000000000, 0.9238795325112867400, 1.000000000000000000, 0.9393818099172061000, 0.9753096629721155200 ) ) 
 REPRESENTATION_ITEM ( '' )  );
#1033 = ORIENTED_EDGE ( 'NONE', *, *, #337, .T. ) ;
#1034 = CARTESIAN_POINT ( 'NONE',  ( -0.7726112636766570000, 0.7879293067170548600, -1.400024518469746000 ) ) ;
#1035 = CARTESIAN_POINT ( 'NONE',  ( 1.499999999999999600, 1.980384757729336300, -0.3000000000000014300 ) ) ;
#1036 = CIRCLE ( 'NONE', #1207, 2.500000000000000400 ) ;
#1037 = CARTESIAN_POINT ( 'NONE',  ( 1.499999999999999600, 1.980384757729336300, -1.100000000000001600 ) ) ;
#1038 = FACE_OUTER_BOUND ( 'NONE', #1439, .T. ) ;
#1039 = CARTESIAN_POINT ( 'NONE',  ( 0.2111014108573101600, -2.027357091057623500, 1.390552316809769300 ) ) ;
#1040 = CARTESIAN_POINT ( 'NONE',  ( -6.428203230275509700, -4.000000000000000900, -1.500000000000000000 ) ) ;
#1041 = CARTESIAN_POINT ( 'NONE',  ( -0.2983855747511589600, 1.798385574751158800, -1.375000000000000700 ) ) ;
#1042 = EDGE_CURVE ( 'NONE', #1413, #1321, #485, .T. ) ;
#1043 = CARTESIAN_POINT ( 'NONE',  ( -0.2983855747511591800, -1.798385574751158600, -1.925000000000001800 ) ) ;
#1044 = CARTESIAN_POINT ( 'NONE',  ( 1.499999999999999600, 0.0000000000000000000, 1.500000000000000000 ) ) ;
#1045 = CARTESIAN_POINT ( 'NONE',  ( 2.900343491548891300, -1.400343491548891900, -0.5000000000000011100 ) ) ;
#1046 = CARTESIAN_POINT ( 'NONE',  ( -1.043301270189222400, 1.053469879313095400, -0.4750000000000017000 ) ) ;
#1047 = DIRECTION ( 'NONE',  ( 1.000000000000000000, 0.0000000000000000000, 0.0000000000000000000 ) ) ;
#1048 = ORIENTED_EDGE ( 'NONE', *, *, #17, .F. ) ;
#1049 = CARTESIAN_POINT ( 'NONE',  ( 2.662573365231666300, -1.603230164106389100, 0.9803847577293377500 ) ) ;
#1050 = EDGE_LOOP ( 'NONE', ( #204, #1263, #1446, #797 ) ) ;
#1051 = CARTESIAN_POINT ( 'NONE',  ( 4.043301270189221700, -4.671968639706942400E-016, 0.7249999999999995300 ) ) ;
#1052 = AXIS2_PLACEMENT_3D ( 'NONE', #779, #1564, #1140 ) ;
#1053 = CARTESIAN_POINT ( 'NONE',  ( 2.553469879313094500, -2.543301270189222100, -0.9750000000000017500 ) ) ;
#1054 = CARTESIAN_POINT ( 'NONE',  ( 1.499999999999999600, 0.0000000000000000000, 1.246000000000000200 ) ) ;
#1055 = CARTESIAN_POINT ( 'NONE',  ( -0.8137128546668870300, -0.1178705402693253100, 1.313712854666873900 ) ) ;
#1056 = CARTESIAN_POINT ( 'NONE',  ( 2.320302225368447800, 1.980384757729335900, 0.5499999999999988200 ) ) ;
#1057 = CARTESIAN_POINT ( 'NONE',  ( 0.09965650845110808600, 1.400343491548891700, -1.700000000000001300 ) ) ;
#1058 = ORIENTED_EDGE ( 'NONE', *, *, #706, .T. ) ;
#1059 = CARTESIAN_POINT ( 'NONE',  ( -0.2983855747511589600, 1.798385574751158800, -1.325000000000001500 ) ) ;
#1060 = APPLICATION_PROTOCOL_DEFINITION ( 'international standard', 'config_control_design', 1994, #1331 ) ;
#1061 = CARTESIAN_POINT ( 'NONE',  ( -0.4803847577293366400, -0.8203022253684472100, -1.550000000000001400 ) ) ;
#1062 = CARTESIAN_POINT ( 'NONE',  ( -0.4803847577293366400, 0.8203022253684474400, -1.650000000000001500 ) ) ;
#1063 = EDGE_CURVE ( 'NONE', #545, #991, #1096, .T. ) ;
#1064 = CARTESIAN_POINT ( 'NONE',  ( -1.043301270189222400, -1.053469879313095200, 0.4249999999999983200 ) ) ;
#1065 = AXIS2_PLACEMENT_3D ( 'NONE', #20, #1603, #1339 ) ;
#1066 = CARTESIAN_POINT ( 'NONE',  ( 4.000000000000000000, -4.592425496802575000E-016, 0.7999999999999981600 ) ) ;
#1067 = CARTESIAN_POINT ( 'NONE',  ( -0.4803847577293366400, -0.8203022253684472100, 0.04999999999999882300 ) ) ;
#1068 = CARTESIAN_POINT ( 'NONE',  ( 2.553469879313096300, 2.543301270189221300, 1.674999999999999400 ) ) ;
#1069 = EDGE_LOOP ( 'NONE', ( #1015, #524, #728, #1224 ) ) ;
#1070 = CARTESIAN_POINT ( 'NONE',  ( 1.499999999999999300, -2.500000000000000400, -0.2000000000000018400 ) ) ;
#1071 = CARTESIAN_POINT ( 'NONE',  ( 3.199090313601775600, -1.389505937823166200, -1.175233711553670000 ) ) ;
#1072 = ORIENTED_EDGE ( 'NONE', *, *, #141, .T. ) ;
#1073 = EDGE_CURVE ( 'NONE', #1099, #1203, #102, .T. ) ;
#1074 = CARTESIAN_POINT ( 'NONE',  ( 2.900343491548891300, -1.400343491548891900, 1.899999999999999000 ) ) ;
#1075 = CARTESIAN_POINT ( 'NONE',  ( 3.480384757729336100, -0.8203022253684483200, -1.250000000000001100 ) ) ;
#1076 = CARTESIAN_POINT ( 'NONE',  ( -0.2677669529663696000, -1.767766952966369100, 0.3999999999999995200 ) ) ;
#1077 = CARTESIAN_POINT ( 'NONE',  ( 3.257579058669259900, 1.110557428759040700, -1.073815774952114000 ) ) ;
#1078 = CYLINDRICAL_SURFACE ( 'NONE', #1265, 2.500000000000000400 ) ;
#1079 = ORIENTED_EDGE ( 'NONE', *, *, #1042, .T. ) ;
#1080 = CARTESIAN_POINT ( 'NONE',  ( 2.900343491548891700, 1.400343491548891300, 1.299999999999999200 ) ) ;
#1081 = CARTESIAN_POINT ( 'NONE',  ( -1.000000000000000900, -1.035533905932737800, 0.3499999999999996400 ) ) ;
#1082 = CARTESIAN_POINT ( 'NONE',  ( 1.499999999999999600, 0.0000000000000000000, 0.2999999999999999300 ) ) ;
#1083 = ADVANCED_FACE ( 'NONE', ( #1175 ), #805, .T. ) ;
#1084 =( LENGTH_UNIT ( ) NAMED_UNIT ( * ) SI_UNIT ( .MILLI., .METRE. ) );
#1085 = CARTESIAN_POINT ( 'NONE',  ( 2.900343491548891300, -1.400343491548891900, 1.899999999999999000 ) ) ;
#1086 = CARTESIAN_POINT ( 'NONE',  ( 1.776087468792271600, 1.989939546336999100, -1.003598253167062000 ) ) ;
#1087 = VERTEX_POINT ( 'NONE', #995 ) ;
#1088 = ADVANCED_FACE ( 'NONE', ( #1494 ), #286, .F. ) ;
#1089 = VERTEX_POINT ( 'NONE', #1639 ) ;
#1090 = CARTESIAN_POINT ( 'NONE',  ( 0.6796977746315523400, 1.980384757729336300, 0.6499999999999986900 ) ) ;
#1091 = DIRECTION ( 'NONE',  ( 0.0000000000000000000, 0.0000000000000000000, 1.000000000000000000 ) ) ;
#1092 = CARTESIAN_POINT ( 'NONE',  ( 1.251450892651394100, -2.246126225943449100, -1.254981315632211200 ) ) ;
#1093 = CONICAL_SURFACE ( 'NONE', #1194, 2.500000000000000400, 0.7853981633974500600 ) ;
#1094 = EDGE_CURVE ( 'NONE', #136, #87, #764, .T. ) ;
#1095 = CARTESIAN_POINT ( 'NONE',  ( 0.09965650845110808600, 1.400343491548891700, -0.1000000000000011300 ) ) ;
#1096 = LINE ( 'NONE', #439, #447 ) ;
#1097 = CARTESIAN_POINT ( 'NONE',  ( 3.999999999999999100, 1.035533905932738400, 0.04999999999999837900 ) ) ;
#1098 = CARTESIAN_POINT ( 'NONE',  ( -7.500000000000000900, 0.0000000000000000000, 0.2999999999999999300 ) ) ;
#1099 = VERTEX_POINT ( 'NONE', #456 ) ;
#1100 = CARTESIAN_POINT ( 'NONE',  ( 0.6796977746315523400, 1.980384757729336300, 1.449999999999999100 ) ) ;
#1101 = CARTESIAN_POINT ( 'NONE',  ( -1.000000000000000900, 1.530808498934192100E-016, -1.200000000000002000 ) ) ;
#1102 = CARTESIAN_POINT ( 'NONE',  ( -0.4803847577293367000, 0.8203022253684474400, -0.1500000000000014700 ) ) ;
#1103 = UNCERTAINTY_MEASURE_WITH_UNIT (LENGTH_MEASURE( 1.000000000000000100E-005 ), #1084, 'distance_accuracy_value', 'NONE');
#1104 = DIRECTION ( 'NONE',  ( -1.000000000000000000, 0.0000000000000000000, 0.0000000000000000000 ) ) ;
#1105 = CARTESIAN_POINT ( 'NONE',  ( 2.900343491548891300, -1.400343491548891900, 0.1999999999999987900 ) ) ;
#1106 = ORIENTED_EDGE ( 'NONE', *, *, #1392, .T. ) ;
#1107 = DATE_AND_TIME ( #1568, #778 ) ;
#1108 = B_SPLINE_CURVE_WITH_KNOTS ( 'NONE', 3,
 ( #1652, #632, #769, #1019, #494, #89 ),
 .UNSPECIFIED., .F., .F.,
 ( 4, 2, 4 ),
 ( 1.386141763002802600E-014, 0.0007811757097442858600, 0.001562351419474710400 ),
 .UNSPECIFIED. ) ;
#1109 = CARTESIAN_POINT ( 'NONE',  ( 1.499999999999999600, 2.500000000000000400, 0.1999999999999983200 ) ) ;
#1110 = CARTESIAN_POINT ( 'NONE',  ( 1.499999999999999600, 1.980384757729336300, 0.4999999999999987200 ) ) ;
#1111 = CARTESIAN_POINT ( 'NONE',  ( 3.999999999999999100, -1.035533905932739300, 0.7499999999999981100 ) ) ;
#1112 = AXIS2_PLACEMENT_3D ( 'NONE', #195, #855, #592 ) ;
#1113 = FACE_OUTER_BOUND ( 'NONE', #312, .T. ) ;
#1114 = ORIENTED_EDGE ( 'NONE', *, *, #1488, .F. ) ;
#1115 = CARTESIAN_POINT ( 'NONE',  ( 1.994637352866498700, -2.044575951428484000, 1.097390179248490400 ) ) ;
#1116 = CARTESIAN_POINT ( 'NONE',  ( 2.320302225368446900, -1.980384757729336800, 0.9499999999999986200 ) ) ;
#1117 = CARTESIAN_POINT ( 'NONE',  ( 1.499999999999999600, 0.0000000000000000000, -1.500000000000000000 ) ) ;
#1118 = CARTESIAN_POINT ( 'NONE',  ( 1.542726743525238500, 2.185696167886631300, 1.181464132713450500 ) ) ;
#1119 = DIRECTION ( 'NONE',  ( -0.0000000000000000000, -0.0000000000000000000, -1.000000000000000000 ) ) ;
#1120 = CARTESIAN_POINT ( 'NONE',  ( -0.4803847577293366400, 0.8203022253684474400, -1.750000000000001300 ) ) ;
#1121 = EDGE_CURVE ( 'NONE', #868, #1542, #1032, .T. ) ;
#1122 = ORIENTED_EDGE ( 'NONE', *, *, #233, .T. ) ;
#1123 = DIRECTION ( 'NONE',  ( -1.000000000000000000, 0.0000000000000000000, 0.0000000000000000000 ) ) ;
#1124 = EDGE_LOOP ( 'NONE', ( #473, #1216, #297, #234 ) ) ;
#1125 = CARTESIAN_POINT ( 'NONE',  ( 2.470462836809020700, -1.944339421580547200, 1.167087892162483000 ) ) ;
#1126 = CARTESIAN_POINT ( 'NONE',  ( -1.000000000000000900, 1.530808498934192100E-016, 1.099999999999999900 ) ) ;
#1127 = CARTESIAN_POINT ( 'NONE',  ( -6.428203230275509700, 4.000000000000000000, 0.2999999999999999300 ) ) ;
#1128 = DIRECTION ( 'NONE',  ( -0.0000000000000000000, -0.0000000000000000000, -1.000000000000000000 ) ) ;
#1129 = CARTESIAN_POINT ( 'NONE',  ( 0.9310380208278270500, 1.914713316365488100, -0.9803847577293174400 ) ) ;
#1130 = CARTESIAN_POINT ( 'NONE',  ( -0.4803847577293367000, 0.8203022253684474400, 0.6499999999999986900 ) ) ;
#1131 = FACE_OUTER_BOUND ( 'NONE', #1050, .T. ) ;
#1132 =( BOUNDED_CURVE ( )  B_SPLINE_CURVE ( 2, ( #363, #652, #645, #1678, #1027 ),
 .UNSPECIFIED., .F., .F. ) 
 B_SPLINE_CURVE_WITH_KNOTS ( ( 3, 2, 3 ),
 ( 0.0000000000000000000, 0.02500000000000000500, 0.05000000000000001000 ),
 .UNSPECIFIED. ) 
 CURVE ( )  GEOMETRIC_REPRESENTATION_ITEM ( )  RATIONAL_B_SPLINE_CURVE ( ( 1.000000000000000000, 0.9238795325112867400, 1.000000000000000000, 0.9238795325112867400, 1.000000000000000000 ) ) 
 REPRESENTATION_ITEM ( '' )  );
#1133 = CARTESIAN_POINT ( 'NONE',  ( 0.6796977746315523400, 1.980384757729336300, -1.050000000000001400 ) ) ;
#1134 = ORIENTED_EDGE ( 'NONE', *, *, #1218, .T. ) ;
#1135 = CARTESIAN_POINT ( 'NONE',  ( 1.499999999999999600, 0.0000000000000000000, -1.500000000000000000 ) ) ;
#1136 = CARTESIAN_POINT ( 'NONE',  ( 2.744334804592462300, 1.755510858351661700, 1.132808029937617500 ) ) ;
#1137 = DIRECTION ( 'NONE',  ( -1.000000000000000000, 0.0000000000000000000, 0.0000000000000000000 ) ) ;
#1138 = CARTESIAN_POINT ( 'NONE',  ( -0.4803847577293367000, 1.212635927316719200E-016, -1.700000000000001500 ) ) ;
#1139 = DIRECTION ( 'NONE',  ( -1.000000000000000000, 0.0000000000000000000, 0.0000000000000000000 ) ) ;
#1140 = DIRECTION ( 'NONE',  ( 1.000000000000000000, 0.0000000000000000000, -0.0000000000000000000 ) ) ;
#1141 = CARTESIAN_POINT ( 'NONE',  ( 0.09965650845110808600, 1.400343491548891700, 0.5999999999999985300 ) ) ;
#1142 = EDGE_CURVE ( 'NONE', #1089, #1650, #532, .T. ) ;
#1143 = CARTESIAN_POINT ( 'NONE',  ( 3.480384757729336100, -3.637907781950156900E-016, -1.300000000000001400 ) ) ;
#1144 = ORIENTED_EDGE ( 'NONE', *, *, #519, .T. ) ;
#1145 = CARTESIAN_POINT ( 'NONE',  ( 3.480384757729336100, -0.8203022253684483200, 0.3499999999999987600 ) ) ;
#1146 = AXIS2_PLACEMENT_3D ( 'NONE', #274, #1178, #145 ) ;
#1147 = CALENDAR_DATE ( 2023, 25, 8 ) ;
#1148 = CARTESIAN_POINT ( 'NONE',  ( -1.000000000000000900, 1.530808498934192100E-016, -1.300000000000000300 ) ) ;
#1149 = CARTESIAN_POINT ( 'NONE',  ( -0.2983855747511591800, -1.798385574751158600, -0.3750000000000005600 ) ) ;
#1150 = CARTESIAN_POINT ( 'NONE',  ( 3.480384757729336100, -0.8203022253684483200, 1.049999999999998500 ) ) ;
#1151 = CARTESIAN_POINT ( 'NONE',  ( 1.499999999999999300, -1.980384757729336300, 0.09999999999999853500 ) ) ;
#1152 = CARTESIAN_POINT ( 'NONE',  ( 1.188408589339689200, 1.955718431024619600, -0.9803847577293377500 ) ) ;
#1153 = FACE_OUTER_BOUND ( 'NONE', #1069, .T. ) ;
#1154 =( BOUNDED_SURFACE ( )  B_SPLINE_SURFACE ( 1, 2, ( 
 ( #514, #242, #1686, #235, #1138, #765, #780, #1028, #1299, #1665, #507, #367, #1143, #1294, #1410, #1670, #496, #1133, #1680, #774, #1020, #364, #908, #1289, #1158, #130, #113, #123, #1276, #892, #1676, #1284, #1035, #1402, #638, #118, #249, #360, #1416, #634, #491, #375, #108, #502, #1548, #1016, #641, #627, #1541, #1554, #1422, #648, #1023, #1406, #904, #1559, #787, #770, #245, #1150, #913, #353, #399, #268, #1567, #134, #940, #550, #683, #811, #668, #1460, #1582, #921, #1325, #5, #936 ),
 ( #542, #18, #817, #154, #1187, #1316, #1043, #1170, #1594, #23, #655, #520, #262, #792, #1691, #150, #1574, #160, #1059, #1454, #386, #926, #528, #536, #1174, #1053, #1435, #408, #676, #1318, #143, #257, #1588, #1162, #1444, #1046, #281, #381, #1307, #1430, #662, #798, #393, #804, #1329, #12, #931, #272, #1182, #1335, #287, #306, #581, #1064, #1616, #569, #37, #688, #829, #556, #1601, #950, #1201, #577, #427, #968, #420, #1484, #1342, #1480, #1195, #1606, #834, #563, #840, #412, #846 ) ),
 .UNSPECIFIED., .F., .F., .F. ) 
 B_SPLINE_SURFACE_WITH_KNOTS ( ( 2, 2 ),
 ( 3, 2, 2, 2, 2, 2, 2, 2, 2, 2, 2, 2, 2, 2, 2, 2, 2, 2, 2, 2, 2, 2, 2, 2, 2, 2, 2, 2, 2, 2, 2, 2, 2, 2, 2, 2, 2, 2, 3 ),
 ( 0.0000000000000000000, 1.000000000000000000 ),
 ( 0.0000000000000000000, 0.02500000000000000100, 0.05000000000000000300, 0.07499999999999999700, 0.1000000000000000100, 0.1250000000000000000, 0.1499999999999999900, 0.1749999999999999900, 0.2000000000000000100, 0.2250000000000000100, 0.2500000000000000000, 0.2750000000000000200, 0.2999999999999999900, 0.3250000000000000100, 0.3499999999999999800, 0.3750000000000000000, 0.4000000000000000200, 0.4249999999999999900, 0.4500000000000000100, 0.4749999999999999800, 0.5000000000000000000, 0.5250000000000000200, 0.5500000000000000400, 0.5749999999999999600, 0.5999999999999999800, 0.6250000000000000000, 0.6500000000000000200, 0.6750000000000000400, 0.6999999999999999600, 0.7249999999999999800, 0.7500000000000000000, 0.7750000000000000200, 0.8000000000000000400, 0.8249999999999999600, 0.8499999999999999800, 0.8750000000000000000, 0.9000000000000000200, 0.9250000000000000400, 0.9499999999999999600 ),
 .UNSPECIFIED. ) 
 GEOMETRIC_REPRESENTATION_ITEM ( )  RATIONAL_B_SPLINE_SURFACE ( (
 ( 1.000000000000000000, 0.9238795325112867400, 1.000000000000000000, 0.9238795325112867400, 1.000000000000000000, 0.9238795325112867400, 1.000000000000000000, 0.9238795325112867400, 1.000000000000000000, 0.9238795325112867400, 1.000000000000000000, 0.9238795325112867400, 1.000000000000000000, 0.9238795325112867400, 1.000000000000000000, 0.9238795325112867400, 1.000000000000000000, 0.9238795325112867400, 1.000000000000000000, 0.9238795325112867400, 1.000000000000000000, 0.9238795325112867400, 1.000000000000000000, 0.9238795325112867400, 1.000000000000000000, 0.9238795325112867400, 1.000000000000000000, 0.9238795325112867400, 1.000000000000000000, 0.9238795325112867400, 1.000000000000000000, 0.9238795325112867400, 1.000000000000000000, 0.9238795325112867400, 1.000000000000000000, 0.9238795325112867400, 1.000000000000000000, 0.9238795325112867400, 1.000000000000000000, 0.9238795325112867400, 1.000000000000000000, 0.9238795325112867400, 1.000000000000000000, 0.9238795325112867400, 1.000000000000000000, 0.9238795325112867400, 1.000000000000000000, 0.9238795325112867400, 1.000000000000000000, 0.9238795325112867400, 1.000000000000000000, 0.9238795325112867400, 1.000000000000000000, 0.9238795325112867400, 1.000000000000000000, 0.9238795325112867400, 1.000000000000000000, 0.9238795325112867400, 1.000000000000000000, 0.9238795325112867400, 1.000000000000000000, 0.9238795325112867400, 1.000000000000000000, 0.9238795325112867400, 1.000000000000000000, 0.9238795325112867400, 1.000000000000000000, 0.9238795325112867400, 1.000000000000000000, 0.9238795325112867400, 1.000000000000000000, 0.9238795325112867400, 1.000000000000000000, 0.9238795325112867400, 1.000000000000000000, 0.9238795325112867400, 1.000000000000000000),
 ( 1.000000000000000000, 0.9238795325112867400, 1.000000000000000000, 0.9238795325112867400, 1.000000000000000000, 0.9238795325112867400, 1.000000000000000000, 0.9238795325112867400, 1.000000000000000000, 0.9238795325112867400, 1.000000000000000000, 0.9238795325112867400, 1.000000000000000000, 0.9238795325112867400, 1.000000000000000000, 0.9238795325112867400, 1.000000000000000000, 0.9238795325112867400, 1.000000000000000000, 0.9238795325112867400, 1.000000000000000000, 0.9238795325112867400, 1.000000000000000000, 0.9238795325112867400, 1.000000000000000000, 0.9238795325112867400, 1.000000000000000000, 0.9238795325112867400, 1.000000000000000000, 0.9238795325112867400, 1.000000000000000000, 0.9238795325112867400, 1.000000000000000000, 0.9238795325112867400, 1.000000000000000000, 0.9238795325112867400, 1.000000000000000000, 0.9238795325112867400, 1.000000000000000000, 0.9238795325112867400, 1.000000000000000000, 0.9238795325112867400, 1.000000000000000000, 0.9238795325112867400, 1.000000000000000000, 0.9238795325112867400, 1.000000000000000000, 0.9238795325112867400, 1.000000000000000000, 0.9238795325112867400, 1.000000000000000000, 0.9238795325112867400, 1.000000000000000000, 0.9238795325112867400, 1.000000000000000000, 0.9238795325112867400, 1.000000000000000000, 0.9238795325112867400, 1.000000000000000000, 0.9238795325112867400, 1.000000000000000000, 0.9238795325112867400, 1.000000000000000000, 0.9238795325112867400, 1.000000000000000000, 0.9238795325112867400, 1.000000000000000000, 0.9238795325112867400, 1.000000000000000000, 0.9238795325112867400, 1.000000000000000000, 0.9238795325112867400, 1.000000000000000000, 0.9238795325112867400, 1.000000000000000000, 0.9238795325112867400, 1.000000000000000000) ) ) 
 REPRESENTATION_ITEM ( '' )  SURFACE ( )  );
#1155 = CARTESIAN_POINT ( 'NONE',  ( -1.043301270189222400, 1.053469879313095400, -1.325000000000000600 ) ) ;
#1156 = EDGE_CURVE ( 'NONE', #670, #1413, #277, .T. ) ;
#1157 = ORIENTED_EDGE ( 'NONE', *, *, #1573, .T. ) ;
#1158 = CARTESIAN_POINT ( 'NONE',  ( 1.499999999999999300, -1.980384757729336300, -0.7000000000000014000 ) ) ;
#1159 = CARTESIAN_POINT ( 'NONE',  ( 3.480384757729336100, 0.8203022253684478800, -0.4500000000000013400 ) ) ;
#1160 = CARTESIAN_POINT ( 'NONE',  ( 1.901956604216922300, -2.419215364250803200, 1.449559098206396400 ) ) ;
#1161 = CARTESIAN_POINT ( 'NONE',  ( 3.298385574751158300, -1.798385574751159000, -0.9750000000000006400 ) ) ;
#1162 = CARTESIAN_POINT ( 'NONE',  ( 0.4465301206869043400, 2.543301270189221700, -0.5750000000000017300 ) ) ;
#1163 = CARTESIAN_POINT ( 'NONE',  ( 0.6796977746315521200, -1.980384757729336300, 0.8499999999999987600 ) ) ;
#1164 = ORIENTED_EDGE ( 'NONE', *, *, #548, .T. ) ;
#1165 = CARTESIAN_POINT ( 'NONE',  ( -1.000000000000000900, 1.530808498934192100E-016, 1.199999999999998400 ) ) ;
#1166 = EDGE_LOOP ( 'NONE', ( #1360, #879, #807, #138 ) ) ;
#1167 = CARTESIAN_POINT ( 'NONE',  ( 1.499999999999999300, -2.500000000000000400, -1.100000000000000500 ) ) ;
#1168 = CARTESIAN_POINT ( 'NONE',  ( -0.3176352838057252500, 1.624214409490121600, -1.432290820777956100 ) ) ;
#1169 = ORIENTED_EDGE ( 'NONE', *, *, #981, .F. ) ;
#1170 = CARTESIAN_POINT ( 'NONE',  ( 0.4465301206869039500, -2.543301270189221700, -1.875000000000001600 ) ) ;
#1171 = VECTOR ( 'NONE', #745, 1000.000000000000000 ) ;
#1172 = CARTESIAN_POINT ( 'NONE',  ( 3.480384757729336100, -3.637907781950156900E-016, -0.4000000000000012400 ) ) ;
#1173 = DIRECTION ( 'NONE',  ( 1.000000000000000000, 0.0000000000000000000, 0.0000000000000000000 ) ) ;
#1174 = CARTESIAN_POINT ( 'NONE',  ( 1.499999999999999300, -2.543301270189222100, -1.025000000000001700 ) ) ;
#1175 = FACE_OUTER_BOUND ( 'NONE', #210, .T. ) ;
#1176 = CARTESIAN_POINT ( 'NONE',  ( -0.8732050807568886300, 1.453169002934579600E-016, -1.373205080756888300 ) ) ;
#1177 = ORIENTED_EDGE ( 'NONE', *, *, #1218, .F. ) ;
#1178 = DIRECTION ( 'NONE',  ( -0.0000000000000000000, -0.0000000000000000000, -1.000000000000000000 ) ) ;
#1179 = CARTESIAN_POINT ( 'NONE',  ( 2.900343491548891700, 1.400343491548891300, 0.4999999999999987200 ) ) ;
#1180 = CARTESIAN_POINT ( 'NONE',  ( -1.043301270189222400, 1.053469879313095400, 1.074999999999999700 ) ) ;
#1181 = AXIS2_PLACEMENT_3D ( 'NONE', #752, #348, #884 ) ;
#1182 = CARTESIAN_POINT ( 'NONE',  ( 1.499999999999999600, 2.543301270189222100, 0.1749999999999985200 ) ) ;
#1183 = AXIS2_PLACEMENT_3D ( 'NONE', #900, #777, #103 ) ;
#1184 = CARTESIAN_POINT ( 'NONE',  ( 1.499999999999999600, 0.0000000000000000000, 1.500000000000000000 ) ) ;
#1185 = CARTESIAN_POINT ( 'NONE',  ( 2.320302225368446900, -1.980384757729336800, -1.350000000000001400 ) ) ;
#1186 = CARTESIAN_POINT ( 'NONE',  ( 1.499999999999999600, 2.543301270189222100, 0.9249999999999996000 ) ) ;
#1187 = CARTESIAN_POINT ( 'NONE',  ( -1.043301270189222600, 1.557322879902314500E-016, -2.025000000000001700 ) ) ;
#1188 = DIRECTION ( 'NONE',  ( 1.000000000000000000, 0.0000000000000000000, 0.0000000000000000000 ) ) ;
#1189 =( NAMED_UNIT ( * ) SI_UNIT ( $, .STERADIAN. ) SOLID_ANGLE_UNIT ( ) );
#1190 = ORIENTED_EDGE ( 'NONE', *, *, #595, .T. ) ;
#1191 = CARTESIAN_POINT ( 'NONE',  ( 2.900343491548891700, 1.400343491548891300, -0.3000000000000012100 ) ) ;
#1192 = CARTESIAN_POINT ( 'NONE',  ( 3.298385574751158800, 1.798385574751158100, 0.8249999999999992900 ) ) ;
#1193 = PERSON_AND_ORGANIZATION ( #189, #1630 ) ;
#1194 = AXIS2_PLACEMENT_3D ( 'NONE', #1135, #1128, #629 ) ;
#1195 = CARTESIAN_POINT ( 'NONE',  ( -0.2983855747511591800, -1.798385574751158600, 1.274999999999998400 ) ) ;
#1196 = CARTESIAN_POINT ( 'NONE',  ( 0.6796977746315521200, -1.980384757729336300, 1.649999999999998800 ) ) ;
#1197 = ORIENTED_EDGE ( 'NONE', *, *, #679, .T. ) ;
#1198 = CARTESIAN_POINT ( 'NONE',  ( 1.499999999999999300, -1.980384757729336300, 0.9999999999999986700 ) ) ;
#1199 = CARTESIAN_POINT ( 'NONE',  ( -1.043301270189222400, 1.053469879313095400, 1.874999999999999300 ) ) ;
#1200 = LINE ( 'NONE', #695, #942 ) ;
#1201 = CARTESIAN_POINT ( 'NONE',  ( 3.298385574751158800, 1.798385574751158100, 0.8749999999999985600 ) ) ;
#1202 = DIRECTION ( 'NONE',  ( -0.0000000000000000000, -0.0000000000000000000, -1.000000000000000000 ) ) ;
#1203 = VERTEX_POINT ( 'NONE', #1405 ) ;
#1204 = PERSON_AND_ORGANIZATION_ROLE ( 'design_owner' ) ;
#1205 = CARTESIAN_POINT ( 'NONE',  ( -0.4803847577293367000, 1.212635927316719200E-016, 1.599999999999999000 ) ) ;
#1206 = CARTESIAN_POINT ( 'NONE',  ( 3.298385574751158800, 1.798385574751158100, 1.624999999999999800 ) ) ;
#1207 = AXIS2_PLACEMENT_3D ( 'NONE', #1044, #269, #1188 ) ;
#1208 = CARTESIAN_POINT ( 'NONE',  ( 3.999999999999999100, -1.035533905932739300, -0.05000000000000189000 ) ) ;
#1209 = CARTESIAN_POINT ( 'NONE',  ( 2.527851895221262100, -1.958799150903316900, -1.207218868342010200 ) ) ;
#1210 = CARTESIAN_POINT ( 'NONE',  ( -0.2677669529663694300, 1.767766952966369300, 1.099999999999998100 ) ) ;
#1211 = ADVANCED_FACE ( 'NONE', ( #400 ), #1443, .F. ) ;
#1212 = CARTESIAN_POINT ( 'NONE',  ( 0.09965650845110787800, -1.400343491548891500, 0.09999999999999874300 ) ) ;
#1213 = ORIENTED_EDGE ( 'NONE', *, *, #495, .T. ) ;
#1214 = CARTESIAN_POINT ( 'NONE',  ( -1.000000000000000900, 1.530808498934192100E-016, 0.2999999999999996600 ) ) ;
#1215 = DIRECTION ( 'NONE',  ( -1.000000000000000000, 0.0000000000000000000, 0.0000000000000000000 ) ) ;
#1216 = ORIENTED_EDGE ( 'NONE', *, *, #1156, .T. ) ;
#1217 = COORDINATED_UNIVERSAL_TIME_OFFSET ( 6, 0, .BEHIND. ) ;
#1218 = EDGE_CURVE ( 'NONE', #1203, #1503, #1239, .T. ) ;
#1219 = CARTESIAN_POINT ( 'NONE',  ( -0.4803847577293367000, 1.212635927316719200E-016, 0.7999999999999990500 ) ) ;
#1220 = CARTESIAN_POINT ( 'NONE',  ( 0.4644660940672613600, -2.500000000000000400, 0.4499999999999996800 ) ) ;
#1221 = CARTESIAN_POINT ( 'NONE',  ( 1.481487743236701300, 1.997388697301134600, -0.9920408086560054100 ) ) ;
#1222 = ADVANCED_FACE ( 'NONE', ( #760 ), #1366, .T. ) ;
#1223 = CYLINDRICAL_SURFACE ( 'NONE', #1479, 2.500000000000000400 ) ;
#1224 = ORIENTED_EDGE ( 'NONE', *, *, #548, .F. ) ;
#1225 = CARTESIAN_POINT ( 'NONE',  ( 0.6696032076709935700, 1.983388038426342900, -1.144172468734907100 ) ) ;
#1226 = LINE ( 'NONE', #1127, #1496 ) ;
#1227 = CARTESIAN_POINT ( 'NONE',  ( 2.320302225368446900, -1.980384757729336800, 1.049999999999998700 ) ) ;
#1228 = CARTESIAN_POINT ( 'NONE',  ( -1.000000000000000900, 0.0000000000000000000, -1.500000000000000000 ) ) ;
#1229 = CARTESIAN_POINT ( 'NONE',  ( 1.982496148748522400, -2.181248031415070200, -1.229177006138588900 ) ) ;
#1230 = CARTESIAN_POINT ( 'NONE',  ( -0.4803847577293366400, -0.8203022253684472100, 0.04999999999999882300 ) ) ;
#1231 = AXIS2_PLACEMENT_3D ( 'NONE', #463, #1508, #325 ) ;
#1232 = CARTESIAN_POINT ( 'NONE',  ( 2.535533905932739100, 2.500000000000000000, 0.1499999999999981900 ) ) ;
#1233 = CARTESIAN_POINT ( 'NONE',  ( 2.320302225368447800, 1.980384757729335900, -0.3500000000000013700 ) ) ;
#1234 = ORIENTED_EDGE ( 'NONE', *, *, #1121, .F. ) ;
#1235 = EDGE_LOOP ( 'NONE', ( #895, #1540, #1234, #1213 ) ) ;
#1236 = CARTESIAN_POINT ( 'NONE',  ( 2.900343491548891300, -1.400343491548891900, 1.099999999999999000 ) ) ;
#1237 = CARTESIAN_POINT ( 'NONE',  ( 3.561545482658822900, 0.1431499919785874700, 1.061545482658822400 ) ) ;
#1238 = CARTESIAN_POINT ( 'NONE',  ( 1.499999999999999600, 0.0000000000000000000, 1.500000000000000000 ) ) ;
#1239 = CIRCLE ( 'NONE', #748, 8.000000000000007100 ) ;
#1240 = DIRECTION ( 'NONE',  ( 0.0000000000000000000, 1.000000000000000000, 0.0000000000000000000 ) ) ;
#1241 = EDGE_CURVE ( 'NONE', #858, #1542, #1108, .T. ) ;
#1242 = CARTESIAN_POINT ( 'NONE',  ( 1.499999999999999600, 2.500000000000000400, -1.500000000000000400 ) ) ;
#1243 = DIRECTION ( 'NONE',  ( 0.0000000000000000000, 0.0000000000000000000, -1.000000000000000000 ) ) ;
#1244 = CARTESIAN_POINT ( 'NONE',  ( 0.6796977746315521200, -1.980384757729336300, -0.7500000000000016700 ) ) ;
#1245 = APPROVAL ( #414, 'UNSPECIFIED' ) ;
#1246 = FACE_OUTER_BOUND ( 'NONE', #959, .T. ) ;
#1247 = CARTESIAN_POINT ( 'NONE',  ( 6.428203230275508800, -4.000000000000000900, 0.2999999999999999300 ) ) ;
#1248 = CARTESIAN_POINT ( 'NONE',  ( 4.500000000000001800, 3.673940397442061800E-016, 0.2999999999999999300 ) ) ;
#1249 = CARTESIAN_POINT ( 'NONE',  ( 1.499999999999999600, 1.980384757729336300, -0.3000000000000014300 ) ) ;
#1250 = CARTESIAN_POINT ( 'NONE',  ( 1.272076896978267200, 2.228273258850873400, -1.234139517511228400 ) ) ;
#1251 = EDGE_CURVE ( 'NONE', #1682, #45, #431, .T. ) ;
#1252 = CARTESIAN_POINT ( 'NONE',  ( 2.535533905932737800, -2.500000000000000400, 0.6499999999999982500 ) ) ;
#1253 = DIRECTION ( 'NONE',  ( -1.000000000000000000, 0.0000000000000000000, 0.0000000000000000000 ) ) ;
#1254 = CARTESIAN_POINT ( 'NONE',  ( 1.684564673769720600, 2.173390793821180300, 1.176491049336261000 ) ) ;
#1255 = VERTEX_POINT ( 'NONE', #1262 ) ;
#1256 = ORIENTED_EDGE ( 'NONE', *, *, #1063, .T. ) ;
#1257 = CARTESIAN_POINT ( 'NONE',  ( 2.320302225368447800, 1.980384757729335900, -1.150000000000001700 ) ) ;
#1258 = PERSON_AND_ORGANIZATION ( #189, #1630 ) ;
#1259 = CARTESIAN_POINT ( 'NONE',  ( 2.535533905932737300, -2.500000000000000000, 1.449999999999998000 ) ) ;
#1260 = FACE_OUTER_BOUND ( 'NONE', #594, .T. ) ;
#1261 = CARTESIAN_POINT ( 'NONE',  ( 0.2493960777188841400, 1.540942546539966900, -0.9803847577293693900 ) ) ;
#1262 = CARTESIAN_POINT ( 'NONE',  ( 3.267766952966368400, -1.767766952966369500, 1.500000000000000000 ) ) ;
#1263 = ORIENTED_EDGE ( 'NONE', *, *, #1275, .T. ) ;
#1264 = CARTESIAN_POINT ( 'NONE',  ( 2.900343491548891300, -1.400343491548891900, 0.9999999999999986700 ) ) ;
#1265 = AXIS2_PLACEMENT_3D ( 'NONE', #1350, #1202, #1215 ) ;
#1266 = TOROIDAL_SURFACE ( 'NONE', #1642, 2.746000000000001300, 0.2540000000000000000 ) ;
#1267 = CARTESIAN_POINT ( 'NONE',  ( -1.000000000000000900, 1.530808498934192100E-016, -0.5000000000000004400 ) ) ;
#1268 = LINE ( 'NONE', #78, #583 ) ;
#1269 = CARTESIAN_POINT ( 'NONE',  ( 1.506674317613206500, -2.033936963904535000, 1.027627776695955800 ) ) ;
#1270 =( BOUNDED_CURVE ( )  B_SPLINE_CURVE ( 2, ( #650, #1688, #1584, #922, #523, #137, #7, #916, #132 ),
 .UNSPECIFIED., .F., .F. ) 
 B_SPLINE_CURVE_WITH_KNOTS ( ( 3, 2, 2, 2, 3 ),
 ( 0.3499999999999999800, 0.3750000000000000000, 0.4000000000000000200, 0.4249999999999999900, 0.4500000000000000100 ),
 .UNSPECIFIED. ) 
 CURVE ( )  GEOMETRIC_REPRESENTATION_ITEM ( )  RATIONAL_B_SPLINE_CURVE ( ( 1.000000000000000000, 0.9238795325112867400, 1.000000000000000000, 0.9238795325112867400, 1.000000000000000000, 0.9238795325112867400, 1.000000000000000000, 0.9238795325112867400, 1.000000000000000000 ) ) 
 REPRESENTATION_ITEM ( '' )  );
#1271 = CARTESIAN_POINT ( 'NONE',  ( 4.000000000000000000, -4.592425496802575000E-016, 0.7999999999999981600 ) ) ;
#1272 = CARTESIAN_POINT ( 'NONE',  ( 3.480384757729336100, 0.8203022253684478800, 0.4499999999999990700 ) ) ;
#1273 = B_SPLINE_CURVE_WITH_KNOTS ( 'NONE', 3,
 ( #1383, #1274, #333, #474, #231, #631, #768, #1657, #615, #1125, #1669, #1115, #744, #1269, #88, #1646 ),
 .UNSPECIFIED., .F., .F.,
 ( 4, 2, 2, 2, 2, 2, 2, 4 ),
 ( 1.320777782995058600E-018, 0.0004915494224166928600, 0.0009830988448333839800, 0.001966197689666766200, 0.002457747112083458100, 0.002949296534500149100, 0.003440845956916841900, 0.003932395379333535900 ),
 .UNSPECIFIED. ) ;
#1274 = CARTESIAN_POINT ( 'NONE',  ( 3.981322873668772500, -0.1634876578285654700, 1.481322873668771100 ) ) ;
#1275 = EDGE_CURVE ( 'NONE', #628, #1682, #844, .T. ) ;
#1276 = CARTESIAN_POINT ( 'NONE',  ( 3.480384757729336100, -3.637907781950156900E-016, -0.5000000000000015500 ) ) ;
#1277 = ORIENTED_EDGE ( 'NONE', *, *, #1608, .F. ) ;
#1278 = CARTESIAN_POINT ( 'NONE',  ( 2.900343491548891300, -1.400343491548891900, 0.2999999999999990500 ) ) ;
#1279 = PRODUCT_RELATED_PRODUCT_CATEGORY ( 'detail', '', ( #1534 ) ) ;
#1280 = ORIENTED_EDGE ( 'NONE', *, *, #519, .F. ) ;
#1281 = CARTESIAN_POINT ( 'NONE',  ( 0.6977032951919915900, 2.067261169818819200, 1.212857160483327100 ) ) ;
#1282 = CARTESIAN_POINT ( 'NONE',  ( 1.499999999999999600, 0.0000000000000000000, 1.500000000000000000 ) ) ;
#1283 = ORIENTED_EDGE ( 'NONE', *, *, #1608, .T. ) ;
#1284 = CARTESIAN_POINT ( 'NONE',  ( 2.320302225368447800, 1.980384757729335900, -0.3500000000000013700 ) ) ;
#1285 = FACE_OUTER_BOUND ( 'NONE', #55, .T. ) ;
#1286 = CARTESIAN_POINT ( 'NONE',  ( 0.5539469612257260600, -1.854633944323510300, 0.9391601838750282000 ) ) ;
#1287 = DIRECTION ( 'NONE',  ( 1.000000000000000000, 0.0000000000000000000, 0.0000000000000000000 ) ) ;
#1288 = CARTESIAN_POINT ( 'NONE',  ( 4.000000000000000000, 3.061616997868383600E-016, 1.500000000000000000 ) ) ;
#1289 = CARTESIAN_POINT ( 'NONE',  ( 0.6796977746315521200, -1.980384757729336300, -0.7500000000000017800 ) ) ;
#1290 = VECTOR ( 'NONE', #1518, 1000.000000000000000 ) ;
#1291 = CARTESIAN_POINT ( 'NONE',  ( 0.6796977746315523400, 1.980384757729336300, -0.1500000000000012700 ) ) ;
#1292 = CARTESIAN_POINT ( 'NONE',  ( -6.428203230275508800, -3.999999999999998200, 0.2999999999999999300 ) ) ;
#1293 = CARTESIAN_POINT ( 'NONE',  ( 1.339122468738568800, 2.495075377670532100, -1.495075377670530600 ) ) ;
#1294 = CARTESIAN_POINT ( 'NONE',  ( 3.480384757729336100, 0.8203022253684478800, -1.250000000000001600 ) ) ;
#1295 = CARTESIAN_POINT ( 'NONE',  ( 1.499999999999999600, 1.980384757729336300, 0.4999999999999987200 ) ) ;
#1296 = DIRECTION ( 'NONE',  ( 1.000000000000000000, 0.0000000000000000000, 0.0000000000000000000 ) ) ;
#1297 = CARTESIAN_POINT ( 'NONE',  ( 1.178551635524068400, 2.474222347374661200, -1.489931235699520500 ) ) ;
#1298 = AXIS2_PLACEMENT_3D ( 'NONE', #229, #1380, #1655 ) ;
#1299 = CARTESIAN_POINT ( 'NONE',  ( 1.499999999999999300, -1.980384757729336300, -1.500000000000001600 ) ) ;
#1300 = CARTESIAN_POINT ( 'NONE',  ( 0.6796977746315523400, 1.980384757729336300, -0.2500000000000015500 ) ) ;
#1301 = ORIENTED_EDGE ( 'NONE', *, *, #192, .T. ) ;
#1302 = CARTESIAN_POINT ( 'NONE',  ( 2.477797387569972400, -2.279654601161183800, 1.469365184679778800 ) ) ;
#1303 = APPROVAL_DATE_TIME ( #462, #1245 ) ;
#1304 = CARTESIAN_POINT ( 'NONE',  ( 0.4644660940672616900, 2.500000000000000400, -1.350000000000001900 ) ) ;
#1305 = CARTESIAN_POINT ( 'NONE',  ( 2.553469879313096300, 2.543301270189221300, -0.7250000000000005300 ) ) ;
#1306 = FACE_OUTER_BOUND ( 'NONE', #606, .T. ) ;
#1307 = CARTESIAN_POINT ( 'NONE',  ( -0.2983855747511591800, -1.798385574751158600, -0.3250000000000017300 ) ) ;
#1308 = CARTESIAN_POINT ( 'NONE',  ( 1.499999999999999300, -1.980384757729336300, 0.8999999999999984700 ) ) ;
#1309 = ORIENTED_EDGE ( 'NONE', *, *, #1463, .F. ) ;
#1310 = CARTESIAN_POINT ( 'NONE',  ( 0.8472793474390292200, -2.337069377949885700, 1.414923771639523300 ) ) ;
#1311 = VECTOR ( 'NONE', #684, 1000.000000000000000 ) ;
#1312 = DIRECTION ( 'NONE',  ( -0.0000000000000000000, 0.0000000000000000000, -1.000000000000000000 ) ) ;
#1313 = CARTESIAN_POINT ( 'NONE',  ( 1.499999999999999600, 0.0000000000000000000, -1.500000000000000000 ) ) ;
#1314 = EDGE_CURVE ( 'NONE', #1099, #1563, #823, .T. ) ;
#1315 = ORIENTED_EDGE ( 'NONE', *, *, #898, .T. ) ;
#1316 = CARTESIAN_POINT ( 'NONE',  ( -1.043301270189222400, -1.053469879313095200, -1.975000000000002100 ) ) ;
#1317 = CARTESIAN_POINT ( 'NONE',  ( -0.5857662652190797100, 1.230583702279991900, -1.416526096926594000 ) ) ;
#1318 = CARTESIAN_POINT ( 'NONE',  ( 4.043301270189220800, 1.053469879313095900, -0.7750000000000015800 ) ) ;
#1319 = CARTESIAN_POINT ( 'NONE',  ( 2.662573365231666300, -1.603230164106389100, 0.9803847577293377500 ) ) ;
#1320 = CARTESIAN_POINT ( 'NONE',  ( -0.5664952272315735300, -1.145808816525602400, 1.350969172427017000 ) ) ;
#1321 = VERTEX_POINT ( 'NONE', #1663 ) ;
#1322 = CARTESIAN_POINT ( 'NONE',  ( 1.499999999999999600, 1.980384757729336300, 0.5999999999999989800 ) ) ;
#1323 = CARTESIAN_POINT ( 'NONE',  ( 4.043301270189220800, 1.053469879313095900, 0.7749999999999995800 ) ) ;
#1324 = ORIENTED_EDGE ( 'NONE', *, *, #1654, .T. ) ;
#1325 = CARTESIAN_POINT ( 'NONE',  ( 2.900343491548891300, -1.400343491548891900, 1.799999999999998700 ) ) ;
#1326 = CARTESIAN_POINT ( 'NONE',  ( 3.225448741394559600, -1.046701141182182700, 1.011911605005027900 ) ) ;
#1327 =( BOUNDED_CURVE ( )  B_SPLINE_CURVE ( 2, ( #1214, #1081, #1076, #1220, #438, #1357, #1490, #714, #1620 ),
 .UNSPECIFIED., .F., .F. ) 
 B_SPLINE_CURVE_WITH_KNOTS ( ( 3, 2, 2, 2, 3 ),
 ( 0.4500000000000000100, 0.4749999999999999800, 0.5000000000000000000, 0.5250000000000000200, 0.5500000000000000400 ),
 .UNSPECIFIED. ) 
 CURVE ( )  GEOMETRIC_REPRESENTATION_ITEM ( )  RATIONAL_B_SPLINE_CURVE ( ( 1.000000000000000000, 0.9238795325112867400, 1.000000000000000000, 0.9238795325112867400, 1.000000000000000000, 0.9238795325112867400, 1.000000000000000000, 0.9238795325112867400, 1.000000000000000000 ) ) 
 REPRESENTATION_ITEM ( '' )  );
#1328 = CARTESIAN_POINT ( 'NONE',  ( -0.2983855747511591800, -1.798385574751158600, 2.024999999999999500 ) ) ;
#1329 = CARTESIAN_POINT ( 'NONE',  ( 4.043301270189221700, -4.671968639706942400E-016, -0.02500000000000158300 ) ) ;
#1330 = CARTESIAN_POINT ( 'NONE',  ( -0.4803847577293366400, 0.8203022253684474400, 1.449999999999998600 ) ) ;
#1331 = APPLICATION_CONTEXT ( 'configuration controlled 3d designs of mechanical parts and assemblies' ) ;
#1332 = CARTESIAN_POINT ( 'NONE',  ( 1.499999999999999600, 1.980384757729336300, -0.2000000000000011800 ) ) ;
#1333 = CARTESIAN_POINT ( 'NONE',  ( -0.4803847577293367000, 1.212635927316719200E-016, -1.600000000000001200 ) ) ;
#1334 = EDGE_CURVE ( 'NONE', #766, #1425, #60, .T. ) ;
#1335 = CARTESIAN_POINT ( 'NONE',  ( 0.4465301206869043400, 2.543301270189221700, 0.2249999999999982000 ) ) ;
#1336 = CARTESIAN_POINT ( 'NONE',  ( 1.499999999999999600, 0.0000000000000000000, 1.500000000000000000 ) ) ;
#1337 = MANIFOLD_SOLID_BREP ( 'Cut-Extrude3', #1553 ) ;
#1338 = AXIS2_PLACEMENT_3D ( 'NONE', #845, #718, #1253 ) ;
#1339 = DIRECTION ( 'NONE',  ( 1.000000000000000000, 0.0000000000000000000, 0.0000000000000000000 ) ) ;
#1340 = CARTESIAN_POINT ( 'NONE',  ( 2.320302225368446900, -1.980384757729336800, 1.049999999999998700 ) ) ;
#1341 = CARTESIAN_POINT ( 'NONE',  ( 1.499999999999999300, -2.543301270189222100, 1.324999999999999300 ) ) ;
#1342 = CARTESIAN_POINT ( 'NONE',  ( -1.043301270189222600, 1.557322879902314500E-016, 1.174999999999998500 ) ) ;
#1343 = DIRECTION ( 'NONE',  ( 1.000000000000000000, 1.349306652134625900E-016, 0.0000000000000000000 ) ) ;
#1344 = ORIENTED_EDGE ( 'NONE', *, *, #175, .F. ) ;
#1345 = EDGE_CURVE ( 'NONE', #1377, #1425, #395, .T. ) ;
#1346 = CARTESIAN_POINT ( 'NONE',  ( 2.320302225368446900, -1.980384757729336800, 1.849999999999999000 ) ) ;
#1347 = CARTESIAN_POINT ( 'NONE',  ( -0.4803847577293366400, -0.8203022253684472100, -0.7500000000000011100 ) ) ;
#1348 = LOCAL_TIME ( 7, 59, 0.0000000000000000000, #1217 ) ;
#1349 = DIRECTION ( 'NONE',  ( -1.000000000000000000, 0.0000000000000000000, 0.0000000000000000000 ) ) ;
#1350 = CARTESIAN_POINT ( 'NONE',  ( 1.499999999999999600, 0.0000000000000000000, 1.500000000000000000 ) ) ;
#1351 = ADVANCED_FACE ( 'NONE', ( #1260 ), #724, .F. ) ;
#1352 = CARTESIAN_POINT ( 'NONE',  ( -0.4803847577293367000, 1.212635927316719200E-016, 1.599999999999999000 ) ) ;
#1353 = FACE_OUTER_BOUND ( 'NONE', #236, .T. ) ;
#1354 = ADVANCED_FACE ( 'NONE', ( #1306 ), #142, .F. ) ;
#1355 = CARTESIAN_POINT ( 'NONE',  ( 3.480384757729336100, -0.8203022253684483200, 1.949999999999999100 ) ) ;
#1356 = AXIS2_PLACEMENT_3D ( 'NONE', #689, #529, #1436 ) ;
#1357 = CARTESIAN_POINT ( 'NONE',  ( 2.535533905932737800, -2.500000000000000400, 0.5499999999999998200 ) ) ;
#1358 = CARTESIAN_POINT ( 'NONE',  ( 2.398423558795090400, -2.027463846222821600, -1.212697683127186500 ) ) ;
#1359 = DIRECTION ( 'NONE',  ( -0.0000000000000000000, -0.0000000000000000000, -1.000000000000000000 ) ) ;
#1360 = ORIENTED_EDGE ( 'NONE', *, *, #1275, .F. ) ;
#1361 = CARTESIAN_POINT ( 'NONE',  ( -0.5000000000000073300, 0.0000000000000000000, 0.2999999999999999300 ) ) ;
#1362 = CARTESIAN_POINT ( 'NONE',  ( 2.353913926109333600, 1.862540391599323100, -1.027701180167004400 ) ) ;
#1363 = ADVANCED_FACE ( 'NONE', ( #441 ), #920, .F. ) ;
#1364 = ORIENTED_EDGE ( 'NONE', *, *, #1345, .F. ) ;
#1365 = EDGE_CURVE ( 'NONE', #499, #197, #1577, .T. ) ;
#1366 = CYLINDRICAL_SURFACE ( 'NONE', #443, 3.000000000000001300 ) ;
#1367 = CARTESIAN_POINT ( 'NONE',  ( -0.4803847577293366400, 0.8203022253684474400, -0.05000000000000122400 ) ) ;
#1368 = CARTESIAN_POINT ( 'NONE',  ( 0.09965650845110787800, -1.400343491548891500, -0.8000000000000014900 ) ) ;
#1369 = FACE_BOUND ( 'NONE', #448, .T. ) ;
#1370 = CARTESIAN_POINT ( 'NONE',  ( 1.499999999999999300, -2.500000000000000400, -0.3000000000000003800 ) ) ;
#1371 = CARTESIAN_POINT ( 'NONE',  ( 3.551934159227273700, 0.2877356783246737800, 1.067118104723657800 ) ) ;
#1372 = CARTESIAN_POINT ( 'NONE',  ( -0.4803847577293367000, 0.6424637195860918300, -0.9391601838759823200 ) ) ;
#1373 = AXIS2_PLACEMENT_3D ( 'NONE', #156, #294, #25 ) ;
#1374 = CARTESIAN_POINT ( 'NONE',  ( 3.294917688862291100, 1.101184617791744100, 1.100960133884316700 ) ) ;
#1375 = CARTESIAN_POINT ( 'NONE',  ( -0.7977526369378219500, -0.5869508164520970100, -1.353414548434024100 ) ) ;
#1376 = VERTEX_POINT ( 'NONE', #1248 ) ;
#1377 = VERTEX_POINT ( 'NONE', #1501 ) ;
#1378 = CARTESIAN_POINT ( 'NONE',  ( -0.4803847577293367000, 1.212635927316719200E-016, -0.9000000000000014700 ) ) ;
#1379 = CALENDAR_DATE ( 2023, 25, 8 ) ;
#1380 = DIRECTION ( 'NONE',  ( 0.0000000000000000000, 0.0000000000000000000, 1.000000000000000000 ) ) ;
#1381 = AXIS2_PLACEMENT_3D ( 'NONE', #847, #302, #293 ) ;
#1382 = DIRECTION ( 'NONE',  ( -0.0000000000000000000, -0.0000000000000000000, -1.000000000000000000 ) ) ;
#1383 = CARTESIAN_POINT ( 'NONE',  ( 4.000000000000000000, 0.0000000000000000000, 1.500000000000000000 ) ) ;
#1384 = DIRECTION ( 'NONE',  ( -0.0000000000000000000, -0.0000000000000000000, -1.000000000000000000 ) ) ;
#1385 = VECTOR ( 'NONE', #345, 1000.000000000000000 ) ;
#1386 = CARTESIAN_POINT ( 'NONE',  ( -0.4803847577293366400, 0.8203022253684474400, -0.9500000000000015100 ) ) ;
#1387 = DIRECTION ( 'NONE',  ( -0.0000000000000000000, -0.0000000000000000000, -1.000000000000000000 ) ) ;
#1388 = LINE ( 'NONE', #553, #707 ) ;
#1389 = CARTESIAN_POINT ( 'NONE',  ( -1.000000000000000900, 1.530808498934192100E-016, 1.199999999999998400 ) ) ;
#1390 = CARTESIAN_POINT ( 'NONE',  ( 0.6823519734231827700, 1.822188535563792100, -0.9803847577293377500 ) ) ;
#1391 = CARTESIAN_POINT ( 'NONE',  ( 2.900343491548891700, 1.400343491548891300, -0.4000000000000014700 ) ) ;
#1392 = EDGE_CURVE ( 'NONE', #45, #1650, #539, .T. ) ;
#1393 = CARTESIAN_POINT ( 'NONE',  ( -1.000000000000000900, 1.530808498934192100E-016, 0.3999999999999984700 ) ) ;
#1394 = CARTESIAN_POINT ( 'NONE',  ( 3.619615242270665300, -8.504089035354240400E-014, -1.119615242270666900 ) ) ;
#1395 = ORIENTED_EDGE ( 'NONE', *, *, #849, .F. ) ;
#1396 = ORIENTED_EDGE ( 'NONE', *, *, #1073, .F. ) ;
#1397 = CARTESIAN_POINT ( 'NONE',  ( 1.499999999999999600, 1.980384757729336300, 0.5999999999999989800 ) ) ;
#1398 = CYLINDRICAL_SURFACE ( 'NONE', #1183, 2.500000000000000400 ) ;
#1399 = CARTESIAN_POINT ( 'NONE',  ( -0.02673342428960863400, 1.268065099687176300, -0.9803847577293377500 ) ) ;
#1400 = CARTESIAN_POINT ( 'NONE',  ( -0.2677669529663694300, 1.767766952966369300, 0.9999999999999995600 ) ) ;
#1401 = EDGE_CURVE ( 'NONE', #1255, #228, #1014, .T. ) ;
#1402 = CARTESIAN_POINT ( 'NONE',  ( 0.6796977746315523400, 1.980384757729336300, -0.2500000000000015500 ) ) ;
#1403 = ORIENTED_EDGE ( 'NONE', *, *, #432, .F. ) ;
#1404 = CARTESIAN_POINT ( 'NONE',  ( 2.104946738085629000, 2.078842458727419900, 1.160400902132066000 ) ) ;
#1405 = CARTESIAN_POINT ( 'NONE',  ( -7.500000000000000900, 0.0000000000000000000, -1.500000000000000000 ) ) ;
#1406 = CARTESIAN_POINT ( 'NONE',  ( -0.4803847577293366400, -0.8203022253684472100, 0.7499999999999984500 ) ) ;
#1407 = CARTESIAN_POINT ( 'NONE',  ( 4.000000000000000000, -4.592425496802575000E-016, 0.7999999999999981600 ) ) ;
#1408 = CARTESIAN_POINT ( 'NONE',  ( 1.499999999999999600, 2.500000000000000400, 0.8999999999999998000 ) ) ;
#1409 = EDGE_CURVE ( 'NONE', #335, #1590, #404, .T. ) ;
#1410 = CARTESIAN_POINT ( 'NONE',  ( 2.900343491548891700, 1.400343491548891300, -1.200000000000001500 ) ) ;
#1411 = CARTESIAN_POINT ( 'NONE',  ( 1.499999999999999600, 1.980384757729336300, -0.2000000000000011800 ) ) ;
#1412 = CC_DESIGN_APPROVAL ( #291, ( #120 ) ) ;
#1413 = VERTEX_POINT ( 'NONE', #607 ) ;
#1414 = CARTESIAN_POINT ( 'NONE',  ( -0.2677669529663696000, -1.767766952966369100, -1.200000000000000600 ) ) ;
#1415 = DIRECTION ( 'NONE',  ( -0.0000000000000000000, -0.0000000000000000000, -1.000000000000000000 ) ) ;
#1416 = CARTESIAN_POINT ( 'NONE',  ( 0.09965650845110787800, -1.400343491548891500, -1.517883041479706200E-015 ) ) ;
#1417 = APPROVAL_DATE_TIME ( #258, #371 ) ;
#1418 = CARTESIAN_POINT ( 'NONE',  ( 0.09965650845110787800, -1.400343491548891500, 0.7999999999999986000 ) ) ;
#1419 = CARTESIAN_POINT ( 'NONE',  ( 1.499999999999999600, 0.0000000000000000000, 1.500000000000000000 ) ) ;
#1420 = CARTESIAN_POINT ( 'NONE',  ( 1.499999999999999600, 2.543301270189222100, -1.475000000000000500 ) ) ;
#1421 = EDGE_CURVE ( 'NONE', #1437, #1203, #958, .T. ) ;
#1422 = CARTESIAN_POINT ( 'NONE',  ( 0.09965650845110808600, 1.400343491548891700, 0.5999999999999985300 ) ) ;
#1423 = TOROIDAL_SURFACE ( 'NONE', #1599, 2.746000000000001300, 0.2540000000000000000 ) ;
#1424 = CARTESIAN_POINT ( 'NONE',  ( 1.499999999999999300, -1.980384757729336300, -0.7000000000000014000 ) ) ;
#1425 = VERTEX_POINT ( 'NONE', #1242 ) ;
#1426 = CARTESIAN_POINT ( 'NONE',  ( 6.428203230275508800, -4.000000000000000900, -1.500000000000000000 ) ) ;
#1427 = CARTESIAN_POINT ( 'NONE',  ( 1.112811113843676300, 2.183938381246483200, -1.212129769037586100 ) ) ;
#1428 = DIRECTION ( 'NONE',  ( -0.0000000000000000000, -0.0000000000000000000, -1.000000000000000000 ) ) ;
#1429 = CARTESIAN_POINT ( 'NONE',  ( 1.499999999999999300, -2.543301270189222100, -0.2750000000000005200 ) ) ;
#1430 = CARTESIAN_POINT ( 'NONE',  ( 0.4465301206869039500, -2.543301270189221700, -0.2750000000000016300 ) ) ;
#1431 = CARTESIAN_POINT ( 'NONE',  ( -0.4803847577293366400, -0.8203022253684472100, -0.05000000000000143200 ) ) ;
#1432 = CARTESIAN_POINT ( 'NONE',  ( -0.6634608077839055900, -0.9290024835541432800, 1.342609818111408100 ) ) ;
#1433 = CARTESIAN_POINT ( 'NONE',  ( 0.4465301206869039500, -2.543301270189221700, -1.125000000000000400 ) ) ;
#1434 = AXIS2_PLACEMENT_3D ( 'NONE', #593, #1636, #75 ) ;
#1435 = CARTESIAN_POINT ( 'NONE',  ( 3.298385574751158300, -1.798385574751159000, -0.9250000000000016000 ) ) ;
#1436 = DIRECTION ( 'NONE',  ( -1.000000000000000000, 0.0000000000000000000, 0.0000000000000000000 ) ) ;
#1437 = VERTEX_POINT ( 'NONE', #1002 ) ;
#1438 = DIRECTION ( 'NONE',  ( 1.000000000000000000, 0.0000000000000000000, 0.0000000000000000000 ) ) ;
#1439 = EDGE_LOOP ( 'NONE', ( #402, #1256, #672, #15 ) ) ;
#1440 = DIRECTION ( 'NONE',  ( 0.0000000000000000000, -0.0000000000000000000, 1.000000000000000000 ) ) ;
#1441 = CARTESIAN_POINT ( 'NONE',  ( 2.320302225368447800, 1.980384757729335900, -0.2500000000000010500 ) ) ;
#1442 = CARTESIAN_POINT ( 'NONE',  ( 0.4465301206869039500, -2.543301270189221700, 2.074999999999999700 ) ) ;
#1443 = CYLINDRICAL_SURFACE ( 'NONE', #267, 2.500000000000000400 ) ;
#1444 = CARTESIAN_POINT ( 'NONE',  ( -0.2983855747511589600, 1.798385574751158800, -0.5250000000000015800 ) ) ;
#1445 = DIRECTION ( 'NONE',  ( 1.000000000000000000, 0.0000000000000000000, 0.0000000000000000000 ) ) ;
#1446 = ORIENTED_EDGE ( 'NONE', *, *, #337, .F. ) ;
#1447 = CARTESIAN_POINT ( 'NONE',  ( -0.3094389515230668900, -1.544662291380203500, 1.367240290972662200 ) ) ;
#1448 = CARTESIAN_POINT ( 'NONE',  ( 0.06650883556867091800, 1.442930074936734600, -1.027627776697680700 ) ) ;
#1449 = VECTOR ( 'NONE', #1500, 1000.000000000000000 ) ;
#1450 = CARTESIAN_POINT ( 'NONE',  ( -0.4803847577293366400, 0.8203022253684474400, 0.7499999999999990000 ) ) ;
#1451 = CARTESIAN_POINT ( 'NONE',  ( -1.043301270189222600, 1.557322879902314500E-016, 1.124999999999999800 ) ) ;
#1452 = EDGE_CURVE ( 'NONE', #1503, #510, #1492, .T. ) ;
#1453 = ORIENTED_EDGE ( 'NONE', *, *, #52, .F. ) ;
#1454 = CARTESIAN_POINT ( 'NONE',  ( -1.043301270189222400, 1.053469879313095400, -1.275000000000002100 ) ) ;
#1455 = CARTESIAN_POINT ( 'NONE',  ( 1.499999999999999600, 1.980384757729336300, 1.299999999999998700 ) ) ;
#1456 = AXIS2_PLACEMENT_3D ( 'NONE', #754, #1668, #1139 ) ;
#1457 = APPLICATION_CONTEXT ( 'configuration controlled 3d designs of mechanical parts and assemblies' ) ;
#1458 = CARTESIAN_POINT ( 'NONE',  ( 0.09965650845110808600, 1.400343491548891700, -0.1000000000000011300 ) ) ;
#1459 = CARTESIAN_POINT ( 'NONE',  ( 4.043301270189220800, -1.053469879313096800, 0.6749999999999994900 ) ) ;
#1460 = CARTESIAN_POINT ( 'NONE',  ( 0.6796977746315521200, -1.980384757729336300, 1.649999999999998800 ) ) ;
#1461 = CARTESIAN_POINT ( 'NONE',  ( 3.130792250466869900, -1.177765673262599000, 1.005371286883207400 ) ) ;
#1462 = APPROVAL_ROLE ( '' ) ;
#1463 = EDGE_CURVE ( 'NONE', #252, #1099, #1645, .T. ) ;
#1464 = CARTESIAN_POINT ( 'NONE',  ( 3.267766952966368400, -1.767766952966369500, -1.000000000000000400 ) ) ;
#1465 = CARTESIAN_POINT ( 'NONE',  ( -1.043301270189222400, -1.053469879313095200, 1.174999999999999400 ) ) ;
#1466 = ORIENTED_EDGE ( 'NONE', *, *, #1452, .F. ) ;
#1467 = CARTESIAN_POINT ( 'NONE',  ( -6.428203230275509700, -4.000000000000000900, 0.2999999999999999300 ) ) ;
#1468 = PERSON_AND_ORGANIZATION ( #189, #1630 ) ;
#1469 = CARTESIAN_POINT ( 'NONE',  ( 4.000000000000000000, 0.0000000000000000000, 1.500000000000000000 ) ) ;
#1470 = CARTESIAN_POINT ( 'NONE',  ( 0.6796977746315523400, 1.980384757729336300, -0.9500000000000012900 ) ) ;
#1471 = CARTESIAN_POINT ( 'NONE',  ( 1.499999999999999600, 1.980384757729336300, -1.000000000000001300 ) ) ;
#1472 = CARTESIAN_POINT ( 'NONE',  ( 0.4644660940672613600, -2.500000000000000400, -0.2500000000000017800 ) ) ;
#1473 = CARTESIAN_POINT ( 'NONE',  ( 3.336776038519715400, 0.9864879774502117700, -1.079628859749785600 ) ) ;
#1474 = CIRCLE ( 'NONE', #237, 3.000000000000000900 ) ;
#1475 = ORIENTED_EDGE ( 'NONE', *, *, #1094, .F. ) ;
#1476 = ADVANCED_FACE ( 'NONE', ( #239 ), #1093, .F. ) ;
#1477 = CARTESIAN_POINT ( 'NONE',  ( 2.900343491548891300, -1.400343491548891900, 1.099999999999999000 ) ) ;
#1478 = CARTESIAN_POINT ( 'NONE',  ( 2.900343491548891700, 1.400343491548891300, -0.3000000000000012100 ) ) ;
#1479 = AXIS2_PLACEMENT_3D ( 'NONE', #759, #1659, #1004 ) ;
#1480 = CARTESIAN_POINT ( 'NONE',  ( -1.043301270189222400, -1.053469879313095200, 1.224999999999998500 ) ) ;
#1481 = CARTESIAN_POINT ( 'NONE',  ( 3.614281775733535700, 0.1477233211741446600, -1.114281775733531000 ) ) ;
#1482 = DATE_TIME_ROLE ( 'creation_date' ) ;
#1483 = CARTESIAN_POINT ( 'NONE',  ( 1.499999999999999300, -1.980384757729336300, 0.1999999999999987900 ) ) ;
#1484 = CARTESIAN_POINT ( 'NONE',  ( -1.043301270189222400, 1.053469879313095400, 1.124999999999998400 ) ) ;
#1485 = CARTESIAN_POINT ( 'NONE',  ( 4.000000000000000000, 3.061616997868383600E-016, -1.500000000000000000 ) ) ;
#1486 = ORIENTED_EDGE ( 'NONE', *, *, #1585, .T. ) ;
#1487 = CARTESIAN_POINT ( 'NONE',  ( 0.4040279065423471600, 1.795494946352910200, -1.097390179250046000 ) ) ;
#1488 = EDGE_CURVE ( 'NONE', #1510, #858, #370, .T. ) ;
#1489 = ORIENTED_EDGE ( 'NONE', *, *, #726, .T. ) ;
#1490 = CARTESIAN_POINT ( 'NONE',  ( 3.267766952966368400, -1.767766952966369500, 0.5999999999999998700 ) ) ;
#1491 = CARTESIAN_POINT ( 'NONE',  ( 1.694794127528496800, -2.236021373328211900, -1.239714479724569600 ) ) ;
#1492 = LINE ( 'NONE', #1515, #219 ) ;
#1493 = ADVANCED_FACE ( 'NONE', ( #1285 ), #1398, .F. ) ;
#1494 = FACE_OUTER_BOUND ( 'NONE', #247, .T. ) ;
#1495 = CARTESIAN_POINT ( 'NONE',  ( 0.4044174600410813700, -2.012742453529440900, -1.286884684842768900 ) ) ;
#1496 = VECTOR ( 'NONE', #101, 1000.000000000000000 ) ;
#1497 = EDGE_CURVE ( 'NONE', #1413, #670, #58, .T. ) ;
#1498 = CARTESIAN_POINT ( 'NONE',  ( 2.320302225368447800, 1.980384757729335900, -0.2500000000000010500 ) ) ;
#1499 = CARTESIAN_POINT ( 'NONE',  ( -1.000000000000000900, 1.530808498934192100E-016, 0.3999999999999984700 ) ) ;
#1500 = DIRECTION ( 'NONE',  ( -0.0000000000000000000, -0.0000000000000000000, -1.000000000000000000 ) ) ;
#1501 = CARTESIAN_POINT ( 'NONE',  ( 3.267766952966368900, 1.767766952966368700, -1.500000000000000000 ) ) ;
#1502 = CARTESIAN_POINT ( 'NONE',  ( -0.4803847577293367000, -0.8203022253684472100, -0.05000000000000143200 ) ) ;
#1503 = VERTEX_POINT ( 'NONE', #1011 ) ;
#1504 = CARTESIAN_POINT ( 'NONE',  ( 1.499999999999999600, 2.500000000000000400, -0.6000000000000017500 ) ) ;
#1505 = CARTESIAN_POINT ( 'NONE',  ( 3.138699270806896800, 1.339783606964778400, 1.111883478214155600 ) ) ;
#1506 = CARTESIAN_POINT ( 'NONE',  ( 3.480384757729336100, 0.8203022253684478800, 0.3499999999999987600 ) ) ;
#1507 = CC_DESIGN_APPROVAL ( #1245, ( #28 ) ) ;
#1508 = DIRECTION ( 'NONE',  ( 0.0000000000000000000, 0.0000000000000000000, 1.000000000000000000 ) ) ;
#1509 = CONICAL_SURFACE ( 'NONE', #326, 2.500000000000000400, 0.7853981633974500600 ) ;
#1510 = VERTEX_POINT ( 'NONE', #1152 ) ;
#1511 = CARTESIAN_POINT ( 'NONE',  ( 4.000000000000000000, -4.592425496802575000E-016, -1.765216662077961900E-015 ) ) ;
#1512 = DIRECTION ( 'NONE',  ( 1.224646799147353200E-016, 1.000000000000000000, -0.0000000000000000000 ) ) ;
#1513 = EDGE_CURVE ( 'NONE', #476, #64, #1666, .T. ) ;
#1514 = CARTESIAN_POINT ( 'NONE',  ( -0.2677669529663696000, -1.767766952966369100, 0.4999999999999982800 ) ) ;
#1515 = CARTESIAN_POINT ( 'NONE',  ( -6.428203230275509700, 4.000000000000000000, -1.500000000000000000 ) ) ;
#1516 = CARTESIAN_POINT ( 'NONE',  ( -0.7865886004738458200, 0.2867641408598235500, 1.300091472229715200 ) ) ;
#1517 = CARTESIAN_POINT ( 'NONE',  ( -0.4803847577293367000, 1.212635927316719200E-016, -0.9000000000000014700 ) ) ;
#1518 = DIRECTION ( 'NONE',  ( -0.0000000000000000000, -0.0000000000000000000, -1.000000000000000000 ) ) ;
#1519 = CARTESIAN_POINT ( 'NONE',  ( 3.138956998794046400, 1.870163461775020200, -1.481322873668845300 ) ) ;
#1520 = ORIENTED_EDGE ( 'NONE', *, *, #667, .T. ) ;
#1521 = CARTESIAN_POINT ( 'NONE',  ( -1.000000000000000900, 1.035533905932738000, -0.4500000000000018400 ) ) ;
#1522 = B_SPLINE_CURVE_WITH_KNOTS ( 'NONE', 3,
 ( #207, #1399, #226, #1261, #891, #1390, #1129, #105 ),
 .UNSPECIFIED., .F., .F.,
 ( 4, 2, 2, 4 ),
 ( 0.0000000000000000000, 0.0003904249670673231900, 0.0007808499341346463900, 0.001561699868269292800 ),
 .UNSPECIFIED. ) ;
#1523 = ORIENTED_EDGE ( 'NONE', *, *, #1365, .T. ) ;
#1524 = CARTESIAN_POINT ( 'NONE',  ( 2.662573365231666300, -1.603230164106388900, 0.9803847577293377500 ) ) ;
#1525 = CALENDAR_DATE ( 2023, 25, 8 ) ;
#1526 = CARTESIAN_POINT ( 'NONE',  ( 3.480384757729336100, -3.637907781950156900E-016, 0.2999999999999986000 ) ) ;
#1527 = CARTESIAN_POINT ( 'NONE',  ( 3.480384757729336100, -0.8203022253684483200, -0.4500000000000011200 ) ) ;
#1528 = CARTESIAN_POINT ( 'NONE',  ( 3.999999999999999100, 1.035533905932738400, -0.8500000000000004200 ) ) ;
#1529 = CARTESIAN_POINT ( 'NONE',  ( -0.4803847577293367000, 1.212635927316719200E-016, 0.6999999999999988500 ) ) ;
#1530 = CYLINDRICAL_SURFACE ( 'NONE', #654, 8.000000000000007100 ) ;
#1531 = DIRECTION ( 'NONE',  ( 0.0000000000000000000, 0.0000000000000000000, -1.000000000000000000 ) ) ;
#1532 = ORIENTED_EDGE ( 'NONE', *, *, #1627, .T. ) ;
#1533 = CARTESIAN_POINT ( 'NONE',  ( 0.09965650845110808600, 1.400343491548891700, 0.6999999999999988500 ) ) ;
#1534 = PRODUCT ( '5537T651_T-Slotted Framing', '5537T651_T-Slotted Framing', '', ( #1614 ) ) ;
#1535 = CARTESIAN_POINT ( 'NONE',  ( 1.966629970831727600, 2.119859676596594200, 1.165864770596056300 ) ) ;
#1536 = EDGE_CURVE ( 'NONE', #1321, #762, #721, .T. ) ;
#1537 = CARTESIAN_POINT ( 'NONE',  ( 2.900343491548891700, 1.400343491548891300, 0.4999999999999987200 ) ) ;
#1538 = CARTESIAN_POINT ( 'NONE',  ( 0.3062135547098122100, 1.887571613745215400, 1.228866674024909200 ) ) ;
#1539 = DIRECTION ( 'NONE',  ( -1.000000000000000000, 0.0000000000000000000, 0.0000000000000000000 ) ) ;
#1540 = ORIENTED_EDGE ( 'NONE', *, *, #1241, .T. ) ;
#1541 = CARTESIAN_POINT ( 'NONE',  ( 1.499999999999999600, 1.980384757729336300, 0.4999999999999987200 ) ) ;
#1542 = VERTEX_POINT ( 'NONE', #1049 ) ;
#1543 = CARTESIAN_POINT ( 'NONE',  ( 3.480384757729336100, 0.8203022253684478800, -0.3500000000000012000 ) ) ;
#1544 = CONICAL_SURFACE ( 'NONE', #203, 2.500000000000000400, 0.7853981633974500600 ) ;
#1545 = DIRECTION ( 'NONE',  ( -0.0000000000000000000, -0.0000000000000000000, -1.000000000000000000 ) ) ;
#1546 = CARTESIAN_POINT ( 'NONE',  ( -1.043301270189222400, 1.053469879313095400, 0.2749999999999994100 ) ) ;
#1547 = CARTESIAN_POINT ( 'NONE',  ( -0.02784677648640932600, 1.308533159445952800, -1.005042616790689800 ) ) ;
#1548 = CARTESIAN_POINT ( 'NONE',  ( 3.480384757729336100, -3.637907781950156900E-016, 0.2999999999999986000 ) ) ;
#1549 =( BOUNDED_CURVE ( )  B_SPLINE_CURVE ( 2, ( #215, #1528, #756, #888, #100, #1006, #351, #488, #1013 ),
 .UNSPECIFIED., .F., .F. ) 
 B_SPLINE_CURVE_WITH_KNOTS ( ( 3, 2, 2, 2, 3 ),
 ( 0.1499999999999999900, 0.1749999999999999900, 0.2000000000000000100, 0.2250000000000000100, 0.2500000000000000000 ),
 .UNSPECIFIED. ) 
 CURVE ( )  GEOMETRIC_REPRESENTATION_ITEM ( )  RATIONAL_B_SPLINE_CURVE ( ( 1.000000000000000000, 0.9238795325112867400, 1.000000000000000000, 0.9238795325112867400, 1.000000000000000000, 0.9238795325112867400, 1.000000000000000000, 0.9238795325112867400, 1.000000000000000000 ) ) 
 REPRESENTATION_ITEM ( '' )  );
#1550 = CARTESIAN_POINT ( 'NONE',  ( 2.320302225368447800, 1.980384757729335900, -0.2500000000000011100 ) ) ;
#1551 = CYLINDRICAL_SURFACE ( 'NONE', #803, 2.500000000000000400 ) ;
#1552 = CARTESIAN_POINT ( 'NONE',  ( 0.2853559439222819200, 2.142957295358705500, -1.458132207928965100 ) ) ;
#1553 = CLOSED_SHELL ( 'NONE', ( #1088, #53, #176, #1354, #851, #1222, #970, #961, #1493, #435, #1363, #952, #184, #1211, #300, #703, #711, #1351, #442, #1083, #46, #311, #423, #842, #831, #584, #572, #1476, #1622 ) ) ;
#1554 = CARTESIAN_POINT ( 'NONE',  ( 0.6796977746315523400, 1.980384757729336300, 0.5499999999999984900 ) ) ;
#1555 = CARTESIAN_POINT ( 'NONE',  ( 2.320302225368446900, -1.980384757729336800, -0.6500000000000014700 ) ) ;
#1556 = CARTESIAN_POINT ( 'NONE',  ( -0.7810173841181163900, -0.4696470290703943000, 1.325878815499071900 ) ) ;
#1557 = CARTESIAN_POINT ( 'NONE',  ( 4.246000000000001300, 0.0000000000000000000, 1.500000000000000000 ) ) ;
#1558 = CARTESIAN_POINT ( 'NONE',  ( 1.499999999999999600, 2.500000000000000400, -1.500000000000000400 ) ) ;
#1559 = CARTESIAN_POINT ( 'NONE',  ( 0.6796977746315521200, -1.980384757729336300, 0.8499999999999987600 ) ) ;
#1560 = CARTESIAN_POINT ( 'NONE',  ( 3.480384757729336100, -0.8203022253684483200, -1.350000000000001900 ) ) ;
#1561 = DIRECTION ( 'NONE',  ( -0.0000000000000000000, -0.0000000000000000000, 1.000000000000000000 ) ) ;
#1562 = CARTESIAN_POINT ( 'NONE',  ( 0.8113652628772434200, 2.061076442729082600, -1.167087892163743300 ) ) ;
#1563 = VERTEX_POINT ( 'NONE', #516 ) ;
#1564 = DIRECTION ( 'NONE',  ( 0.0000000000000000000, 0.0000000000000000000, 1.000000000000000000 ) ) ;
#1565 = CARTESIAN_POINT ( 'NONE',  ( 4.043301270189221700, -4.671968639706942400E-016, -0.07500000000000063600 ) ) ;
#1566 = VERTEX_POINT ( 'NONE', #643 ) ;
#1567 = CARTESIAN_POINT ( 'NONE',  ( 1.499999999999999600, 1.980384757729336300, 1.299999999999998700 ) ) ;
#1568 = CALENDAR_DATE ( 2023, 25, 8 ) ;
#1569 = CARTESIAN_POINT ( 'NONE',  ( 0.6796977746315521200, -1.980384757729336300, 0.04999999999999861500 ) ) ;
#1570 = CARTESIAN_POINT ( 'NONE',  ( 1.429039850984021200, -2.436219766684024200, 1.434401513260312300 ) ) ;
#1571 = VERTEX_POINT ( 'NONE', #396 ) ;
#1572 = CARTESIAN_POINT ( 'NONE',  ( 4.043301270189220800, 1.053469879313095900, -0.02500000000000049800 ) ) ;
#1573 = EDGE_CURVE ( 'NONE', #559, #1255, #590, .T. ) ;
#1574 = CARTESIAN_POINT ( 'NONE',  ( 1.499999999999999600, 2.543301270189222100, -1.425000000000001800 ) ) ;
#1575 = FACE_OUTER_BOUND ( 'NONE', #1124, .T. ) ;
#1576 = DIRECTION ( 'NONE',  ( -0.0000000000000000000, -0.0000000000000000000, -1.000000000000000000 ) ) ;
#1577 =( BOUNDED_CURVE ( )  B_SPLINE_CURVE ( 2, ( #1267, #1644, #730, #742, #1370, #873, #79, #992, #1632 ),
 .UNSPECIFIED., .F., .F. ) 
 B_SPLINE_CURVE_WITH_KNOTS ( ( 3, 2, 2, 2, 3 ),
 ( 0.2500000000000000000, 0.2750000000000000200, 0.2999999999999999900, 0.3250000000000000100, 0.3499999999999999800 ),
 .UNSPECIFIED. ) 
 CURVE ( )  GEOMETRIC_REPRESENTATION_ITEM ( )  RATIONAL_B_SPLINE_CURVE ( ( 1.000000000000000000, 0.9238795325112867400, 1.000000000000000000, 0.9238795325112867400, 1.000000000000000000, 0.9238795325112867400, 1.000000000000000000, 0.9238795325112867400, 1.000000000000000000 ) ) 
 REPRESENTATION_ITEM ( '' )  );
#1578 = ORIENTED_EDGE ( 'NONE', *, *, #1685, .T. ) ;
#1579 = CARTESIAN_POINT ( 'NONE',  ( 3.094136859424796000, -1.931082794042531200, 1.492706722138837000 ) ) ;
#1580 = CARTESIAN_POINT ( 'NONE',  ( 0.09965650845110787800, -1.400343491548891500, -1.500000000000001300 ) ) ;
#1581 = CARTESIAN_POINT ( 'NONE',  ( 0.6796977746315523400, 1.980384757729336300, -0.9500000000000012900 ) ) ;
#1582 = CARTESIAN_POINT ( 'NONE',  ( 1.499999999999999300, -1.980384757729336300, 1.699999999999998800 ) ) ;
#1583 = CARTESIAN_POINT ( 'NONE',  ( 3.440398038323877000, -0.6218644586103541100, 1.031390783365070800 ) ) ;
#1584 = CARTESIAN_POINT ( 'NONE',  ( 3.267766952966368900, 1.767766952966368700, -4.438452643612533800E-016 ) ) ;
#1585 = EDGE_CURVE ( 'NONE', #670, #1376, #614, .T. ) ;
#1586 = CARTESIAN_POINT ( 'NONE',  ( 1.499999999999999600, 1.980384757729336300, -1.000000000000001300 ) ) ;
#1587 = CARTESIAN_POINT ( 'NONE',  ( 3.298385574751158300, -1.798385574751159000, 1.424999999999999600 ) ) ;
#1588 = CARTESIAN_POINT ( 'NONE',  ( 1.499999999999999600, 2.543301270189222100, -0.6250000000000016700 ) ) ;
#1589 = VERTEX_POINT ( 'NONE', #1426 ) ;
#1590 = VERTEX_POINT ( 'NONE', #383 ) ;
#1591 = CARTESIAN_POINT ( 'NONE',  ( 3.267766952966368900, 1.767766952966368700, -1.500000000000000000 ) ) ;
#1592 = CARTESIAN_POINT ( 'NONE',  ( 0.09965650845110808600, 1.400343491548891700, 0.6999999999999988500 ) ) ;
#1593 = CARTESIAN_POINT ( 'NONE',  ( -0.2983855747511589600, 1.798385574751158800, 1.824999999999999300 ) ) ;
#1594 = CARTESIAN_POINT ( 'NONE',  ( 1.499999999999999300, -2.543301270189222100, -1.825000000000001700 ) ) ;
#1595 = CARTESIAN_POINT ( 'NONE',  ( 3.525977754151859800, -0.3151318928060537500, 1.044158147724484300 ) ) ;
#1596 =( NAMED_UNIT ( * ) PLANE_ANGLE_UNIT ( ) SI_UNIT ( $, .RADIAN. ) );
#1597 = CARTESIAN_POINT ( 'NONE',  ( 0.09965650845110787800, -1.400343491548891500, -0.7000000000000011800 ) ) ;
#1598 = CARTESIAN_POINT ( 'NONE',  ( 3.298385574751158300, -1.798385574751159000, 0.6249999999999996700 ) ) ;
#1599 = AXIS2_PLACEMENT_3D ( 'NONE', #1054, #288, #24 ) ;
#1600 = FACE_OUTER_BOUND ( 'NONE', #571, .T. ) ;
#1601 = CARTESIAN_POINT ( 'NONE',  ( 4.043301270189221700, -4.671968639706942400E-016, 0.7749999999999983600 ) ) ;
#1602 = AXIS2_PLACEMENT_3D ( 'NONE', #1313, #796, #1173 ) ;
#1603 = DIRECTION ( 'NONE',  ( 0.0000000000000000000, 0.0000000000000000000, 1.000000000000000000 ) ) ;
#1604 = CARTESIAN_POINT ( 'NONE',  ( 2.320302225368446900, -1.980384757729336800, -0.5500000000000012700 ) ) ;
#1605 = CARTESIAN_POINT ( 'NONE',  ( 0.4465301206869043400, 2.543301270189221700, 0.9749999999999993100 ) ) ;
#1606 = CARTESIAN_POINT ( 'NONE',  ( 0.4465301206869039500, -2.543301270189221700, 1.324999999999998600 ) ) ;
#1607 = PERSON_AND_ORGANIZATION_ROLE ( 'creator' ) ;
#1608 = EDGE_CURVE ( 'NONE', #197, #64, #1270, .T. ) ;
#1609 = CARTESIAN_POINT ( 'NONE',  ( 2.320302225368447800, 1.980384757729335900, 1.349999999999999000 ) ) ;
#1610 = CARTESIAN_POINT ( 'NONE',  ( 2.320302225368446900, -1.980384757729336800, 0.2499999999999989200 ) ) ;
#1611 = ORIENTED_EDGE ( 'NONE', *, *, #1142, .T. ) ;
#1612 = DIRECTION ( 'NONE',  ( -1.000000000000000000, 0.0000000000000000000, 0.0000000000000000000 ) ) ;
#1613 = PERSON_AND_ORGANIZATION ( #189, #1630 ) ;
#1614 = MECHANICAL_CONTEXT ( 'NONE', #1331, 'mechanical' ) ;
#1615 = CARTESIAN_POINT ( 'NONE',  ( 0.6796977746315521200, -1.980384757729336300, -0.6500000000000012400 ) ) ;
#1616 = CARTESIAN_POINT ( 'NONE',  ( -0.2983855747511591800, -1.798385574751158600, 0.4749999999999984200 ) ) ;
#1617 = CYLINDRICAL_SURFACE ( 'NONE', #693, 2.500000000000000400 ) ;
#1618 = CIRCLE ( 'NONE', #1231, 8.000000000000007100 ) ;
#1619 = CARTESIAN_POINT ( 'NONE',  ( 3.480384757729336100, -3.637907781950156900E-016, 0.3999999999999988600 ) ) ;
#1620 = CARTESIAN_POINT ( 'NONE',  ( 4.000000000000000000, -4.592425496802575000E-016, 0.6999999999999996200 ) ) ;
#1621 = CARTESIAN_POINT ( 'NONE',  ( 3.469058753811538500, 0.7203404635982092500, -1.091419185249322700 ) ) ;
#1622 = ADVANCED_FACE ( 'NONE', ( #354 ), #1544, .F. ) ;
#1623 = CARTESIAN_POINT ( 'NONE',  ( 1.499999999999999300, -1.980384757729336300, -0.6000000000000010900 ) ) ;
#1624 = B_SPLINE_CURVE_WITH_KNOTS ( 'NONE', 3,
 ( #183, #174, #1221, #1086, #44, #1362, #187, #582, #56, #1077, #1473, #1621, #434, #428, #1481, #167 ),
 .UNSPECIFIED., .F., .F.,
 ( 4, 2, 2, 2, 2, 2, 2, 4 ),
 ( 0.0000000000000000000, 0.0004416845609804141600, 0.0008833691219608283200, 0.001766738243921656600, 0.002208422804902071500, 0.002650107365882486300, 0.003091791926862901500, 0.003533476487843316300 ),
 .UNSPECIFIED. ) ;
#1625 = CARTESIAN_POINT ( 'NONE',  ( 4.000000000000000000, 0.0000000000000000000, 1.500000000000000000 ) ) ;
#1626 = ORIENTED_EDGE ( 'NONE', *, *, #585, .F. ) ;
#1627 = EDGE_CURVE ( 'NONE', #214, #510, #1012, .T. ) ;
#1628 = ORIENTED_EDGE ( 'NONE', *, *, #758, .F. ) ;
#1629 = CARTESIAN_POINT ( 'NONE',  ( -0.4803847577293366400, 0.8203022253684474400, 1.549999999999998700 ) ) ;
#1630 = ORGANIZATION ( 'UNSPECIFIED', 'UNSPECIFIED', '' ) ;
#1631 = PLANE ( 'NONE',  #878 ) ;
#1632 = CARTESIAN_POINT ( 'NONE',  ( 4.000000000000000000, -4.592425496802575000E-016, -0.1000000000000004900 ) ) ;
#1633 = PLANE ( 'NONE',  #1112 ) ;
#1634 = CARTESIAN_POINT ( 'NONE',  ( -0.4803847577293367000, 1.212635927316719200E-016, -0.1000000000000013500 ) ) ;
#1635 = CC_DESIGN_PERSON_AND_ORGANIZATION_ASSIGNMENT ( #280, #1204, ( #1534 ) ) ;
#1636 = DIRECTION ( 'NONE',  ( -0.0000000000000000000, -0.0000000000000000000, -1.000000000000000000 ) ) ;
#1637 = DIRECTION ( 'NONE',  ( -0.0000000000000000000, -0.0000000000000000000, -1.000000000000000000 ) ) ;
#1638 = CARTESIAN_POINT ( 'NONE',  ( 1.499999999999999300, -2.500000000000000400, -1.000000000000001800 ) ) ;
#1639 = CARTESIAN_POINT ( 'NONE',  ( 3.556217782649103900, -2.833333148339528900E-014, 1.056217782649105300 ) ) ;
#1640 = ORIENTED_EDGE ( 'NONE', *, *, #483, .F. ) ;
#1641 = CARTESIAN_POINT ( 'NONE',  ( 3.480384757729336100, 0.8203022253684478800, 0.3499999999999987600 ) ) ;
#1642 = AXIS2_PLACEMENT_3D ( 'NONE', #13, #677, #1445 ) ;
#1643 = COORDINATED_UNIVERSAL_TIME_OFFSET ( 6, 0, .BEHIND. ) ;
#1644 = CARTESIAN_POINT ( 'NONE',  ( -1.000000000000000900, -1.035533905932737800, -0.4500000000000003400 ) ) ;
#1645 = CIRCLE ( 'NONE', #1456, 8.000000000000007100 ) ;
#1646 = CARTESIAN_POINT ( 'NONE',  ( 1.188408589326019200, -1.955718431022441600, 0.9803847577284472400 ) ) ;
#1647 = CARTESIAN_POINT ( 'NONE',  ( 3.480384757729336100, -0.8203022253684483200, -0.5500000000000014900 ) ) ;
#1648 = VECTOR ( 'NONE', #504, 1000.000000000000000 ) ;
#1649 = CARTESIAN_POINT ( 'NONE',  ( -0.2677669529663694300, 1.767766952966369300, -0.5000000000000017800 ) ) ;
#1650 = VERTEX_POINT ( 'NONE', #1469 ) ;
#1651 = CARTESIAN_POINT ( 'NONE',  ( 1.112997041476333300, 2.167272135180569900, 1.196934245724334600 ) ) ;
#1652 = CARTESIAN_POINT ( 'NONE',  ( 1.188408589326019200, -1.955718431022441600, 0.9803847577284472400 ) ) ;
#1653 = CARTESIAN_POINT ( 'NONE',  ( 0.09965650845110808600, 1.400343491548891700, -1.000000000000001300 ) ) ;
#1654 = EDGE_CURVE ( 'NONE', #1087, #1255, #882, .T. ) ;
#1655 = DIRECTION ( 'NONE',  ( 1.000000000000000000, 0.0000000000000000000, 0.0000000000000000000 ) ) ;
#1656 = CARTESIAN_POINT ( 'NONE',  ( 0.09965650845110808600, 1.400343491548891700, -0.1000000000000011300 ) ) ;
#1657 = CARTESIAN_POINT ( 'NONE',  ( 2.914461159928188700, -1.736793103409687300, 1.234139517510271800 ) ) ;
#1658 = DIRECTION ( 'NONE',  ( -0.0000000000000000000, -0.0000000000000000000, -1.000000000000000000 ) ) ;
#1659 = DIRECTION ( 'NONE',  ( -0.0000000000000000000, -0.0000000000000000000, -1.000000000000000000 ) ) ;
#1660 = ORIENTED_EDGE ( 'NONE', *, *, #1421, .F. ) ;
#1661 = CARTESIAN_POINT ( 'NONE',  ( 1.188408589326019200, -1.955718431022441600, 0.9803847577284472400 ) ) ;
#1662 = ORIENTED_EDGE ( 'NONE', *, *, #726, .F. ) ;
#1663 = CARTESIAN_POINT ( 'NONE',  ( -1.246000000000001800, 3.518410253950347500E-016, 1.500000000000000000 ) ) ;
#1664 = EDGE_CURVE ( 'NONE', #228, #628, #741, .T. ) ;
#1665 = CARTESIAN_POINT ( 'NONE',  ( 2.320302225368446900, -1.980384757729336800, -1.450000000000001300 ) ) ;
#1666 = LINE ( 'NONE', #1677, #937 ) ;
#1667 = AXIS2_PLACEMENT_3D ( 'NONE', #537, #543, #1047 ) ;
#1668 = DIRECTION ( 'NONE',  ( -0.0000000000000000000, -0.0000000000000000000, -1.000000000000000000 ) ) ;
#1669 = CARTESIAN_POINT ( 'NONE',  ( 2.315287928754989000, -1.989646334629295000, 1.144172468733552200 ) ) ;
#1670 = CARTESIAN_POINT ( 'NONE',  ( 2.320302225368447800, 1.980384757729335900, -1.150000000000001700 ) ) ;
#1671 = LINE ( 'NONE', #889, #1290 ) ;
#1672 = CARTESIAN_POINT ( 'NONE',  ( -0.4803847577293367000, 0.8203022253684474400, 0.7499999999999990000 ) ) ;
#1673 = DIRECTION ( 'NONE',  ( -0.0000000000000000000, -0.0000000000000000000, -1.000000000000000000 ) ) ;
#1674 = CARTESIAN_POINT ( 'NONE',  ( -1.000000000000000900, 1.530808498934192100E-016, -1.200000000000002000 ) ) ;
#1675 = CARTESIAN_POINT ( 'NONE',  ( -0.2983855747511589600, 1.798385574751158800, -0.5750000000000005100 ) ) ;
#1676 = CARTESIAN_POINT ( 'NONE',  ( 2.900343491548891700, 1.400343491548891300, -0.4000000000000014700 ) ) ;
#1677 = CARTESIAN_POINT ( 'NONE',  ( -1.000000000000000900, 0.0000000000000000000, 1.500000000000000000 ) ) ;
#1678 = CARTESIAN_POINT ( 'NONE',  ( -1.000000000000000900, 1.035533905932738000, -1.350000000000000500 ) ) ;
#1679 = CARTESIAN_POINT ( 'NONE',  ( 0.5000000000000065500, 0.0000000000000000000, 0.2999999999999999300 ) ) ;
#1680 = CARTESIAN_POINT ( 'NONE',  ( 0.09965650845110808600, 1.400343491548891700, -1.000000000000001300 ) ) ;
#1681 = CARTESIAN_POINT ( 'NONE',  ( 3.480384757729336100, -3.637907781950156900E-016, -0.5000000000000015500 ) ) ;
#1682 = VERTEX_POINT ( 'NONE', #303 ) ;
#1683 = APPROVAL_PERSON_ORGANIZATION ( #1468, #291, #1462 ) ;
#1684 = CARTESIAN_POINT ( 'NONE',  ( -1.000000000000000900, -1.035533905932737800, -1.250000000000000900 ) ) ;
#1685 = EDGE_CURVE ( 'NONE', #762, #1321, #630, .T. ) ;
#1686 = CARTESIAN_POINT ( 'NONE',  ( 0.09965650845110808600, 1.400343491548891700, -1.800000000000001400 ) ) ;
#1687 = CARTESIAN_POINT ( 'NONE',  ( -0.4803847577293366400, -0.8203022253684472100, -1.650000000000001700 ) ) ;
#1688 = CARTESIAN_POINT ( 'NONE',  ( 3.999999999999999100, 1.035533905932738400, -0.05000000000000035700 ) ) ;
#1689 = CARTESIAN_POINT ( 'NONE',  ( 1.499999999999999600, 2.543301270189222100, 0.1249999999999994600 ) ) ;
#1690 = VERTEX_POINT ( 'NONE', #813 ) ;
#1691 = CARTESIAN_POINT ( 'NONE',  ( 3.298385574751158800, 1.798385574751158100, -1.525000000000001700 ) ) ;
ENDSEC;
END-ISO-10303-21;
