ISO-10303-21;
HEADER;
/* Generated by software containing ST-Developer
 * from STEP Tools, Inc. (www.steptools.com) 
 */

FILE_DESCRIPTION(
/* description */ (''),
/* implementation_level */ '2;1');

FILE_NAME(
/* name */ 'Sheet Metal Upper Mounting Bracket.step',
/* time_stamp */ '2024-08-21T09:33:37-04:00',
/* author */ (''),
/* organization */ (''),
/* preprocessor_version */ 'ST-DEVELOPER v20',
/* originating_system */ 'Autodesk Translation Framework v13.14.0.145',

/* authorisation */ '');

FILE_SCHEMA (('AUTOMOTIVE_DESIGN { 1 0 10303 214 3 1 1 }'));
ENDSEC;

DATA;
#10=MECHANICAL_DESIGN_GEOMETRIC_PRESENTATION_REPRESENTATION('',(#13),#2583);
#11=SHAPE_REPRESENTATION_RELATIONSHIP('SRR','None',#2593,#12);
#12=ADVANCED_BREP_SHAPE_REPRESENTATION('',(#14),#2582);
#13=STYLED_ITEM('',(#2602),#14);
#14=MANIFOLD_SOLID_BREP('Body1',#1492);
#15=B_SPLINE_CURVE_WITH_KNOTS('',3,(#2181,#2182,#2183,#2184,#2185,#2186,
#2187),.UNSPECIFIED.,.F.,.F.,(4,3,4),(0.,0.448798950512826,0.785398163397448),
 .UNSPECIFIED.);
#16=B_SPLINE_CURVE_WITH_KNOTS('',3,(#2190,#2191,#2192,#2193,#2194,#2195,
#2196),.UNSPECIFIED.,.F.,.F.,(4,3,4),(0.,0.448798950512828,0.785398163397448),
 .UNSPECIFIED.);
#17=B_SPLINE_CURVE_WITH_KNOTS('',3,(#2201,#2202,#2203,#2204,#2205,#2206,
#2207),.UNSPECIFIED.,.F.,.F.,(4,3,4),(0.,0.336599212884622,0.78539816339745),
 .UNSPECIFIED.);
#18=B_SPLINE_CURVE_WITH_KNOTS('',3,(#2286,#2287,#2288,#2289,#2290,#2291,
#2292),.UNSPECIFIED.,.F.,.F.,(4,3,4),(0.,0.336599212884623,0.78539816339745),
 .UNSPECIFIED.);
#19=B_SPLINE_CURVE_WITH_KNOTS('',3,(#2364,#2365,#2366,#2367,#2368,#2369,
#2370),.UNSPECIFIED.,.F.,.F.,(4,3,4),(0.,0.736011198468699,0.7853981533064),
 .UNSPECIFIED.);
#20=B_SPLINE_CURVE_WITH_KNOTS('',3,(#2394,#2395,#2396,#2397),
 .UNSPECIFIED.,.F.,.F.,(4,4),(0.,0.7853981533064),.UNSPECIFIED.);
#21=B_SPLINE_SURFACE_WITH_KNOTS('',3,3,((#2158,#2159,#2160,#2161),(#2162,
#2163,#2164,#2165),(#2166,#2167,#2168,#2169),(#2170,#2171,#2172,#2173),
(#2174,#2175,#2176,#2177)),.UNSPECIFIED.,.F.,.F.,.F.,(4,1,4),(4,4),(3.47707400540324,
3.88745866298091,4.19524715616417),(0.,0.635),.UNSPECIFIED.);
#22=B_SPLINE_SURFACE_WITH_KNOTS('',3,3,((#2484,#2485,#2486,#2487),(#2488,
#2489,#2490,#2491),(#2492,#2493,#2494,#2495),(#2496,#2497,#2498,#2499),
(#2500,#2501,#2502,#2503)),.UNSPECIFIED.,.F.,.F.,.F.,(4,1,4),(4,4),(6.92114289634767,
7.22893138953093,7.63931604710861),(0.,0.635),.UNSPECIFIED.);
#23=FACE_BOUND('',#193,.T.);
#24=FACE_BOUND('',#194,.T.);
#25=FACE_BOUND('',#200,.T.);
#26=FACE_BOUND('',#201,.T.);
#27=FACE_BOUND('',#202,.T.);
#28=FACE_BOUND('',#203,.T.);
#29=FACE_BOUND('',#204,.T.);
#30=FACE_BOUND('',#205,.T.);
#31=FACE_BOUND('',#206,.T.);
#32=FACE_BOUND('',#207,.T.);
#33=FACE_BOUND('',#208,.T.);
#34=FACE_BOUND('',#209,.T.);
#35=FACE_BOUND('',#210,.T.);
#36=FACE_BOUND('',#211,.T.);
#37=FACE_BOUND('',#212,.T.);
#38=FACE_BOUND('',#216,.T.);
#39=FACE_BOUND('',#217,.T.);
#40=FACE_BOUND('',#223,.T.);
#41=FACE_BOUND('',#224,.T.);
#42=FACE_BOUND('',#228,.T.);
#43=FACE_BOUND('',#229,.T.);
#44=FACE_BOUND('',#235,.T.);
#45=FACE_BOUND('',#236,.T.);
#46=FACE_BOUND('',#240,.T.);
#47=FACE_BOUND('',#241,.T.);
#48=FACE_BOUND('',#247,.T.);
#49=FACE_BOUND('',#248,.T.);
#50=FACE_BOUND('',#254,.T.);
#51=FACE_BOUND('',#255,.T.);
#52=FACE_BOUND('',#294,.T.);
#53=FACE_BOUND('',#295,.T.);
#54=FACE_BOUND('',#296,.T.);
#55=FACE_BOUND('',#297,.T.);
#56=FACE_BOUND('',#298,.T.);
#57=FACE_BOUND('',#299,.T.);
#58=FACE_BOUND('',#300,.T.);
#59=FACE_BOUND('',#301,.T.);
#60=FACE_BOUND('',#302,.T.);
#61=FACE_BOUND('',#303,.T.);
#62=FACE_BOUND('',#304,.T.);
#63=FACE_BOUND('',#305,.T.);
#64=FACE_BOUND('',#306,.T.);
#65=PLANE('',#1530);
#66=PLANE('',#1534);
#67=PLANE('',#1535);
#68=PLANE('',#1536);
#69=PLANE('',#1554);
#70=PLANE('',#1556);
#71=PLANE('',#1559);
#72=PLANE('',#1564);
#73=PLANE('',#1565);
#74=PLANE('',#1566);
#75=PLANE('',#1569);
#76=PLANE('',#1572);
#77=PLANE('',#1575);
#78=PLANE('',#1579);
#79=PLANE('',#1580);
#80=PLANE('',#1581);
#81=PLANE('',#1584);
#82=PLANE('',#1586);
#83=PLANE('',#1589);
#84=PLANE('',#1594);
#85=PLANE('',#1595);
#86=PLANE('',#1596);
#87=PLANE('',#1599);
#88=PLANE('',#1603);
#89=PLANE('',#1604);
#90=PLANE('',#1608);
#91=PLANE('',#1610);
#92=PLANE('',#1612);
#93=PLANE('',#1614);
#94=PLANE('',#1617);
#95=PLANE('',#1619);
#96=PLANE('',#1624);
#97=PLANE('',#1625);
#98=PLANE('',#1628);
#99=PLANE('',#1629);
#100=PLANE('',#1632);
#101=PLANE('',#1633);
#102=PLANE('',#1660);
#103=FACE_OUTER_BOUND('',#184,.T.);
#104=FACE_OUTER_BOUND('',#185,.T.);
#105=FACE_OUTER_BOUND('',#186,.T.);
#106=FACE_OUTER_BOUND('',#187,.T.);
#107=FACE_OUTER_BOUND('',#188,.T.);
#108=FACE_OUTER_BOUND('',#189,.T.);
#109=FACE_OUTER_BOUND('',#190,.T.);
#110=FACE_OUTER_BOUND('',#191,.T.);
#111=FACE_OUTER_BOUND('',#192,.T.);
#112=FACE_OUTER_BOUND('',#195,.T.);
#113=FACE_OUTER_BOUND('',#196,.T.);
#114=FACE_OUTER_BOUND('',#197,.T.);
#115=FACE_OUTER_BOUND('',#198,.T.);
#116=FACE_OUTER_BOUND('',#199,.T.);
#117=FACE_OUTER_BOUND('',#213,.T.);
#118=FACE_OUTER_BOUND('',#214,.T.);
#119=FACE_OUTER_BOUND('',#215,.T.);
#120=FACE_OUTER_BOUND('',#218,.T.);
#121=FACE_OUTER_BOUND('',#219,.T.);
#122=FACE_OUTER_BOUND('',#220,.T.);
#123=FACE_OUTER_BOUND('',#221,.T.);
#124=FACE_OUTER_BOUND('',#222,.T.);
#125=FACE_OUTER_BOUND('',#225,.T.);
#126=FACE_OUTER_BOUND('',#226,.T.);
#127=FACE_OUTER_BOUND('',#227,.T.);
#128=FACE_OUTER_BOUND('',#230,.T.);
#129=FACE_OUTER_BOUND('',#231,.T.);
#130=FACE_OUTER_BOUND('',#232,.T.);
#131=FACE_OUTER_BOUND('',#233,.T.);
#132=FACE_OUTER_BOUND('',#234,.T.);
#133=FACE_OUTER_BOUND('',#237,.T.);
#134=FACE_OUTER_BOUND('',#238,.T.);
#135=FACE_OUTER_BOUND('',#239,.T.);
#136=FACE_OUTER_BOUND('',#242,.T.);
#137=FACE_OUTER_BOUND('',#243,.T.);
#138=FACE_OUTER_BOUND('',#244,.T.);
#139=FACE_OUTER_BOUND('',#245,.T.);
#140=FACE_OUTER_BOUND('',#246,.T.);
#141=FACE_OUTER_BOUND('',#249,.T.);
#142=FACE_OUTER_BOUND('',#250,.T.);
#143=FACE_OUTER_BOUND('',#251,.T.);
#144=FACE_OUTER_BOUND('',#252,.T.);
#145=FACE_OUTER_BOUND('',#253,.T.);
#146=FACE_OUTER_BOUND('',#256,.T.);
#147=FACE_OUTER_BOUND('',#257,.T.);
#148=FACE_OUTER_BOUND('',#258,.T.);
#149=FACE_OUTER_BOUND('',#259,.T.);
#150=FACE_OUTER_BOUND('',#260,.T.);
#151=FACE_OUTER_BOUND('',#261,.T.);
#152=FACE_OUTER_BOUND('',#262,.T.);
#153=FACE_OUTER_BOUND('',#263,.T.);
#154=FACE_OUTER_BOUND('',#264,.T.);
#155=FACE_OUTER_BOUND('',#265,.T.);
#156=FACE_OUTER_BOUND('',#266,.T.);
#157=FACE_OUTER_BOUND('',#267,.T.);
#158=FACE_OUTER_BOUND('',#268,.T.);
#159=FACE_OUTER_BOUND('',#269,.T.);
#160=FACE_OUTER_BOUND('',#270,.T.);
#161=FACE_OUTER_BOUND('',#271,.T.);
#162=FACE_OUTER_BOUND('',#272,.T.);
#163=FACE_OUTER_BOUND('',#273,.T.);
#164=FACE_OUTER_BOUND('',#274,.T.);
#165=FACE_OUTER_BOUND('',#275,.T.);
#166=FACE_OUTER_BOUND('',#276,.T.);
#167=FACE_OUTER_BOUND('',#277,.T.);
#168=FACE_OUTER_BOUND('',#278,.T.);
#169=FACE_OUTER_BOUND('',#279,.T.);
#170=FACE_OUTER_BOUND('',#280,.T.);
#171=FACE_OUTER_BOUND('',#281,.T.);
#172=FACE_OUTER_BOUND('',#282,.T.);
#173=FACE_OUTER_BOUND('',#283,.T.);
#174=FACE_OUTER_BOUND('',#284,.T.);
#175=FACE_OUTER_BOUND('',#285,.T.);
#176=FACE_OUTER_BOUND('',#286,.T.);
#177=FACE_OUTER_BOUND('',#287,.T.);
#178=FACE_OUTER_BOUND('',#288,.T.);
#179=FACE_OUTER_BOUND('',#289,.T.);
#180=FACE_OUTER_BOUND('',#290,.T.);
#181=FACE_OUTER_BOUND('',#291,.T.);
#182=FACE_OUTER_BOUND('',#292,.T.);
#183=FACE_OUTER_BOUND('',#293,.T.);
#184=EDGE_LOOP('',(#960,#961,#962,#963));
#185=EDGE_LOOP('',(#964,#965,#966,#967));
#186=EDGE_LOOP('',(#968,#969,#970,#971));
#187=EDGE_LOOP('',(#972,#973,#974,#975));
#188=EDGE_LOOP('',(#976,#977,#978,#979));
#189=EDGE_LOOP('',(#980,#981,#982,#983));
#190=EDGE_LOOP('',(#984,#985,#986,#987));
#191=EDGE_LOOP('',(#988,#989,#990,#991));
#192=EDGE_LOOP('',(#992,#993,#994,#995,#996,#997));
#193=EDGE_LOOP('',(#998));
#194=EDGE_LOOP('',(#999));
#195=EDGE_LOOP('',(#1000,#1001,#1002,#1003));
#196=EDGE_LOOP('',(#1004,#1005,#1006,#1007));
#197=EDGE_LOOP('',(#1008,#1009,#1010,#1011));
#198=EDGE_LOOP('',(#1012,#1013,#1014,#1015));
#199=EDGE_LOOP('',(#1016,#1017,#1018,#1019,#1020,#1021,#1022,#1023,#1024,
#1025,#1026,#1027,#1028,#1029,#1030,#1031,#1032,#1033));
#200=EDGE_LOOP('',(#1034));
#201=EDGE_LOOP('',(#1035));
#202=EDGE_LOOP('',(#1036));
#203=EDGE_LOOP('',(#1037));
#204=EDGE_LOOP('',(#1038));
#205=EDGE_LOOP('',(#1039));
#206=EDGE_LOOP('',(#1040));
#207=EDGE_LOOP('',(#1041));
#208=EDGE_LOOP('',(#1042));
#209=EDGE_LOOP('',(#1043));
#210=EDGE_LOOP('',(#1044));
#211=EDGE_LOOP('',(#1045));
#212=EDGE_LOOP('',(#1046));
#213=EDGE_LOOP('',(#1047,#1048,#1049,#1050));
#214=EDGE_LOOP('',(#1051,#1052,#1053,#1054));
#215=EDGE_LOOP('',(#1055,#1056,#1057,#1058,#1059,#1060));
#216=EDGE_LOOP('',(#1061));
#217=EDGE_LOOP('',(#1062));
#218=EDGE_LOOP('',(#1063,#1064,#1065,#1066));
#219=EDGE_LOOP('',(#1067,#1068,#1069,#1070));
#220=EDGE_LOOP('',(#1071,#1072,#1073,#1074));
#221=EDGE_LOOP('',(#1075,#1076,#1077,#1078));
#222=EDGE_LOOP('',(#1079,#1080,#1081,#1082,#1083,#1084));
#223=EDGE_LOOP('',(#1085));
#224=EDGE_LOOP('',(#1086));
#225=EDGE_LOOP('',(#1087,#1088,#1089,#1090));
#226=EDGE_LOOP('',(#1091,#1092,#1093,#1094));
#227=EDGE_LOOP('',(#1095,#1096,#1097,#1098,#1099,#1100));
#228=EDGE_LOOP('',(#1101));
#229=EDGE_LOOP('',(#1102));
#230=EDGE_LOOP('',(#1103,#1104,#1105,#1106));
#231=EDGE_LOOP('',(#1107,#1108,#1109,#1110));
#232=EDGE_LOOP('',(#1111,#1112,#1113,#1114));
#233=EDGE_LOOP('',(#1115,#1116,#1117,#1118));
#234=EDGE_LOOP('',(#1119,#1120,#1121,#1122,#1123,#1124));
#235=EDGE_LOOP('',(#1125));
#236=EDGE_LOOP('',(#1126));
#237=EDGE_LOOP('',(#1127,#1128,#1129,#1130));
#238=EDGE_LOOP('',(#1131,#1132,#1133,#1134));
#239=EDGE_LOOP('',(#1135,#1136,#1137,#1138,#1139,#1140));
#240=EDGE_LOOP('',(#1141));
#241=EDGE_LOOP('',(#1142));
#242=EDGE_LOOP('',(#1143,#1144,#1145,#1146));
#243=EDGE_LOOP('',(#1147,#1148,#1149,#1150));
#244=EDGE_LOOP('',(#1151,#1152,#1153,#1154));
#245=EDGE_LOOP('',(#1155,#1156,#1157,#1158));
#246=EDGE_LOOP('',(#1159,#1160,#1161,#1162,#1163,#1164));
#247=EDGE_LOOP('',(#1165));
#248=EDGE_LOOP('',(#1166));
#249=EDGE_LOOP('',(#1167,#1168,#1169,#1170));
#250=EDGE_LOOP('',(#1171,#1172,#1173,#1174));
#251=EDGE_LOOP('',(#1175,#1176,#1177,#1178));
#252=EDGE_LOOP('',(#1179,#1180,#1181,#1182));
#253=EDGE_LOOP('',(#1183,#1184,#1185,#1186,#1187,#1188));
#254=EDGE_LOOP('',(#1189));
#255=EDGE_LOOP('',(#1190));
#256=EDGE_LOOP('',(#1191,#1192,#1193,#1194));
#257=EDGE_LOOP('',(#1195,#1196,#1197,#1198));
#258=EDGE_LOOP('',(#1199,#1200,#1201,#1202));
#259=EDGE_LOOP('',(#1203,#1204,#1205,#1206));
#260=EDGE_LOOP('',(#1207,#1208,#1209,#1210));
#261=EDGE_LOOP('',(#1211,#1212,#1213,#1214));
#262=EDGE_LOOP('',(#1215,#1216,#1217,#1218));
#263=EDGE_LOOP('',(#1219,#1220,#1221,#1222));
#264=EDGE_LOOP('',(#1223,#1224,#1225,#1226));
#265=EDGE_LOOP('',(#1227,#1228,#1229,#1230));
#266=EDGE_LOOP('',(#1231,#1232,#1233,#1234));
#267=EDGE_LOOP('',(#1235,#1236,#1237,#1238));
#268=EDGE_LOOP('',(#1239,#1240,#1241,#1242));
#269=EDGE_LOOP('',(#1243,#1244,#1245,#1246));
#270=EDGE_LOOP('',(#1247,#1248,#1249,#1250));
#271=EDGE_LOOP('',(#1251,#1252,#1253,#1254));
#272=EDGE_LOOP('',(#1255,#1256,#1257,#1258));
#273=EDGE_LOOP('',(#1259,#1260,#1261,#1262));
#274=EDGE_LOOP('',(#1263,#1264,#1265,#1266));
#275=EDGE_LOOP('',(#1267,#1268,#1269,#1270));
#276=EDGE_LOOP('',(#1271,#1272,#1273,#1274));
#277=EDGE_LOOP('',(#1275,#1276,#1277,#1278));
#278=EDGE_LOOP('',(#1279,#1280,#1281,#1282));
#279=EDGE_LOOP('',(#1283,#1284,#1285,#1286));
#280=EDGE_LOOP('',(#1287,#1288,#1289,#1290));
#281=EDGE_LOOP('',(#1291,#1292,#1293,#1294));
#282=EDGE_LOOP('',(#1295,#1296,#1297,#1298));
#283=EDGE_LOOP('',(#1299,#1300,#1301,#1302));
#284=EDGE_LOOP('',(#1303,#1304,#1305,#1306));
#285=EDGE_LOOP('',(#1307,#1308,#1309,#1310));
#286=EDGE_LOOP('',(#1311,#1312,#1313,#1314));
#287=EDGE_LOOP('',(#1315,#1316,#1317,#1318));
#288=EDGE_LOOP('',(#1319,#1320,#1321,#1322));
#289=EDGE_LOOP('',(#1323,#1324,#1325,#1326));
#290=EDGE_LOOP('',(#1327,#1328,#1329,#1330));
#291=EDGE_LOOP('',(#1331,#1332,#1333,#1334));
#292=EDGE_LOOP('',(#1335,#1336,#1337,#1338));
#293=EDGE_LOOP('',(#1339,#1340,#1341,#1342,#1343,#1344,#1345,#1346,#1347,
#1348,#1349,#1350,#1351,#1352,#1353,#1354,#1355,#1356));
#294=EDGE_LOOP('',(#1357));
#295=EDGE_LOOP('',(#1358));
#296=EDGE_LOOP('',(#1359));
#297=EDGE_LOOP('',(#1360));
#298=EDGE_LOOP('',(#1361));
#299=EDGE_LOOP('',(#1362));
#300=EDGE_LOOP('',(#1363));
#301=EDGE_LOOP('',(#1364));
#302=EDGE_LOOP('',(#1365));
#303=EDGE_LOOP('',(#1366));
#304=EDGE_LOOP('',(#1367));
#305=EDGE_LOOP('',(#1368));
#306=EDGE_LOOP('',(#1369));
#307=LINE('',#2101,#430);
#308=LINE('',#2107,#431);
#309=LINE('',#2113,#432);
#310=LINE('',#2119,#433);
#311=LINE('',#2125,#434);
#312=LINE('',#2131,#435);
#313=LINE('',#2137,#436);
#314=LINE('',#2143,#437);
#315=LINE('',#2148,#438);
#316=LINE('',#2150,#439);
#317=LINE('',#2154,#440);
#318=LINE('',#2157,#441);
#319=LINE('',#2179,#442);
#320=LINE('',#2189,#443);
#321=LINE('',#2199,#444);
#322=LINE('',#2208,#445);
#323=LINE('',#2210,#446);
#324=LINE('',#2212,#447);
#325=LINE('',#2213,#448);
#326=LINE('',#2216,#449);
#327=LINE('',#2217,#450);
#328=LINE('',#2220,#451);
#329=LINE('',#2224,#452);
#330=LINE('',#2226,#453);
#331=LINE('',#2228,#454);
#332=LINE('',#2230,#455);
#333=LINE('',#2234,#456);
#334=LINE('',#2236,#457);
#335=LINE('',#2238,#458);
#336=LINE('',#2242,#459);
#337=LINE('',#2244,#460);
#338=LINE('',#2246,#461);
#339=LINE('',#2250,#462);
#340=LINE('',#2251,#463);
#341=LINE('',#2280,#464);
#342=LINE('',#2282,#465);
#343=LINE('',#2283,#466);
#344=LINE('',#2285,#467);
#345=LINE('',#2296,#468);
#346=LINE('',#2298,#469);
#347=LINE('',#2302,#470);
#348=LINE('',#2305,#471);
#349=LINE('',#2308,#472);
#350=LINE('',#2311,#473);
#351=LINE('',#2315,#474);
#352=LINE('',#2318,#475);
#353=LINE('',#2320,#476);
#354=LINE('',#2321,#477);
#355=LINE('',#2324,#478);
#356=LINE('',#2325,#479);
#357=LINE('',#2330,#480);
#358=LINE('',#2334,#481);
#359=LINE('',#2336,#482);
#360=LINE('',#2337,#483);
#361=LINE('',#2339,#484);
#362=LINE('',#2344,#485);
#363=LINE('',#2346,#486);
#364=LINE('',#2350,#487);
#365=LINE('',#2353,#488);
#366=LINE('',#2356,#489);
#367=LINE('',#2359,#490);
#368=LINE('',#2363,#491);
#369=LINE('',#2372,#492);
#370=LINE('',#2374,#493);
#371=LINE('',#2375,#494);
#372=LINE('',#2378,#495);
#373=LINE('',#2379,#496);
#374=LINE('',#2384,#497);
#375=LINE('',#2388,#498);
#376=LINE('',#2390,#499);
#377=LINE('',#2391,#500);
#378=LINE('',#2393,#501);
#379=LINE('',#2401,#502);
#380=LINE('',#2403,#503);
#381=LINE('',#2407,#504);
#382=LINE('',#2410,#505);
#383=LINE('',#2413,#506);
#384=LINE('',#2416,#507);
#385=LINE('',#2420,#508);
#386=LINE('',#2423,#509);
#387=LINE('',#2425,#510);
#388=LINE('',#2426,#511);
#389=LINE('',#2429,#512);
#390=LINE('',#2430,#513);
#391=LINE('',#2435,#514);
#392=LINE('',#2439,#515);
#393=LINE('',#2441,#516);
#394=LINE('',#2442,#517);
#395=LINE('',#2444,#518);
#396=LINE('',#2447,#519);
#397=LINE('',#2450,#520);
#398=LINE('',#2451,#521);
#399=LINE('',#2456,#522);
#400=LINE('',#2459,#523);
#401=LINE('',#2461,#524);
#402=LINE('',#2463,#525);
#403=LINE('',#2468,#526);
#404=LINE('',#2469,#527);
#405=LINE('',#2471,#528);
#406=LINE('',#2473,#529);
#407=LINE('',#2476,#530);
#408=LINE('',#2478,#531);
#409=LINE('',#2482,#532);
#410=LINE('',#2483,#533);
#411=LINE('',#2509,#534);
#412=LINE('',#2511,#535);
#413=LINE('',#2516,#536);
#414=LINE('',#2519,#537);
#415=LINE('',#2520,#538);
#416=LINE('',#2525,#539);
#417=LINE('',#2530,#540);
#418=LINE('',#2534,#541);
#419=LINE('',#2538,#542);
#420=LINE('',#2542,#543);
#421=LINE('',#2546,#544);
#422=LINE('',#2550,#545);
#423=LINE('',#2554,#546);
#424=LINE('',#2558,#547);
#425=LINE('',#2562,#548);
#426=LINE('',#2566,#549);
#427=LINE('',#2570,#550);
#428=LINE('',#2574,#551);
#429=LINE('',#2578,#552);
#430=VECTOR('',#1667,0.1275);
#431=VECTOR('',#1674,0.1275);
#432=VECTOR('',#1681,0.1275);
#433=VECTOR('',#1688,0.1275);
#434=VECTOR('',#1695,0.1275);
#435=VECTOR('',#1702,0.1275);
#436=VECTOR('',#1709,0.1275);
#437=VECTOR('',#1716,0.1275);
#438=VECTOR('',#1721,0.393700787401575);
#439=VECTOR('',#1722,0.393700787401575);
#440=VECTOR('',#1725,0.393700787401575);
#441=VECTOR('',#1728,0.393700787401575);
#442=VECTOR('',#1729,0.393700787401575);
#443=VECTOR('',#1730,0.393700787401575);
#444=VECTOR('',#1733,0.393700787401575);
#445=VECTOR('',#1734,0.393700787401575);
#446=VECTOR('',#1737,0.393700787401575);
#447=VECTOR('',#1738,0.393700787401575);
#448=VECTOR('',#1739,0.393700787401575);
#449=VECTOR('',#1742,0.393700787401575);
#450=VECTOR('',#1743,0.393700787401575);
#451=VECTOR('',#1746,0.393700787401575);
#452=VECTOR('',#1749,0.393700787401575);
#453=VECTOR('',#1750,0.393700787401575);
#454=VECTOR('',#1751,0.393700787401575);
#455=VECTOR('',#1752,0.393700787401575);
#456=VECTOR('',#1755,0.393700787401575);
#457=VECTOR('',#1756,0.393700787401575);
#458=VECTOR('',#1757,0.393700787401575);
#459=VECTOR('',#1760,0.393700787401575);
#460=VECTOR('',#1761,0.393700787401575);
#461=VECTOR('',#1762,0.393700787401575);
#462=VECTOR('',#1765,0.393700787401575);
#463=VECTOR('',#1766,0.393700787401575);
#464=VECTOR('',#1795,0.393700787401575);
#465=VECTOR('',#1796,0.393700787401575);
#466=VECTOR('',#1797,0.393700787401575);
#467=VECTOR('',#1800,0.393700787401575);
#468=VECTOR('',#1803,0.393700787401575);
#469=VECTOR('',#1804,0.393700787401575);
#470=VECTOR('',#1807,0.393700787401575);
#471=VECTOR('',#1810,0.393700787401575);
#472=VECTOR('',#1813,0.393700787401575);
#473=VECTOR('',#1816,0.393700787401575);
#474=VECTOR('',#1821,0.393700787401575);
#475=VECTOR('',#1826,0.393700787401575);
#476=VECTOR('',#1827,0.393700787401575);
#477=VECTOR('',#1828,0.393700787401575);
#478=VECTOR('',#1831,0.393700787401575);
#479=VECTOR('',#1832,0.393700787401575);
#480=VECTOR('',#1837,0.393700787401575);
#481=VECTOR('',#1842,0.393700787401575);
#482=VECTOR('',#1843,0.393700787401575);
#483=VECTOR('',#1844,0.393700787401575);
#484=VECTOR('',#1847,0.393700787401575);
#485=VECTOR('',#1852,0.393700787401575);
#486=VECTOR('',#1853,0.393700787401575);
#487=VECTOR('',#1856,0.393700787401575);
#488=VECTOR('',#1859,0.393700787401575);
#489=VECTOR('',#1862,0.393700787401575);
#490=VECTOR('',#1865,0.393700787401575);
#491=VECTOR('',#1870,0.393700787401575);
#492=VECTOR('',#1873,0.393700787401575);
#493=VECTOR('',#1874,0.393700787401575);
#494=VECTOR('',#1875,0.393700787401575);
#495=VECTOR('',#1878,0.393700787401575);
#496=VECTOR('',#1879,0.393700787401575);
#497=VECTOR('',#1884,0.393700787401575);
#498=VECTOR('',#1889,0.393700787401575);
#499=VECTOR('',#1890,0.393700787401575);
#500=VECTOR('',#1891,0.393700787401575);
#501=VECTOR('',#1894,0.393700787401575);
#502=VECTOR('',#1897,0.393700787401575);
#503=VECTOR('',#1898,0.393700787401575);
#504=VECTOR('',#1901,0.393700787401575);
#505=VECTOR('',#1904,0.393700787401575);
#506=VECTOR('',#1907,0.393700787401575);
#507=VECTOR('',#1910,0.393700787401575);
#508=VECTOR('',#1915,0.393700787401575);
#509=VECTOR('',#1920,0.393700787401575);
#510=VECTOR('',#1921,0.393700787401575);
#511=VECTOR('',#1922,0.393700787401575);
#512=VECTOR('',#1925,0.393700787401575);
#513=VECTOR('',#1926,0.393700787401575);
#514=VECTOR('',#1931,0.393700787401575);
#515=VECTOR('',#1936,0.393700787401575);
#516=VECTOR('',#1937,0.393700787401575);
#517=VECTOR('',#1938,0.393700787401575);
#518=VECTOR('',#1941,0.393700787401575);
#519=VECTOR('',#1946,0.393700787401575);
#520=VECTOR('',#1949,0.393700787401575);
#521=VECTOR('',#1950,0.393700787401575);
#522=VECTOR('',#1955,0.393700787401575);
#523=VECTOR('',#1960,0.393700787401575);
#524=VECTOR('',#1963,0.393700787401575);
#525=VECTOR('',#1966,0.393700787401575);
#526=VECTOR('',#1973,0.393700787401575);
#527=VECTOR('',#1974,0.393700787401575);
#528=VECTOR('',#1977,0.393700787401575);
#529=VECTOR('',#1980,0.393700787401575);
#530=VECTOR('',#1985,0.393700787401575);
#531=VECTOR('',#1988,0.393700787401575);
#532=VECTOR('',#1993,0.393700787401575);
#533=VECTOR('',#1994,0.393700787401575);
#534=VECTOR('',#2003,0.393700787401575);
#535=VECTOR('',#2006,0.393700787401575);
#536=VECTOR('',#2013,0.393700787401575);
#537=VECTOR('',#2016,0.393700787401575);
#538=VECTOR('',#2017,0.393700787401575);
#539=VECTOR('',#2026,0.393700787401575);
#540=VECTOR('',#2033,0.0820000000000001);
#541=VECTOR('',#2038,0.0819999999999999);
#542=VECTOR('',#2043,0.0819999999999999);
#543=VECTOR('',#2048,0.0819999999999999);
#544=VECTOR('',#2053,0.082);
#545=VECTOR('',#2058,0.0820000000000001);
#546=VECTOR('',#2063,0.0820000000000001);
#547=VECTOR('',#2068,0.0819999999999999);
#548=VECTOR('',#2073,0.082);
#549=VECTOR('',#2078,0.0820000000000001);
#550=VECTOR('',#2083,0.0819999999999999);
#551=VECTOR('',#2088,0.0819999999999999);
#552=VECTOR('',#2093,1.6);
#553=CIRCLE('',#1507,0.1275);
#554=CIRCLE('',#1508,0.1275);
#555=CIRCLE('',#1510,0.1275);
#556=CIRCLE('',#1511,0.1275);
#557=CIRCLE('',#1513,0.1275);
#558=CIRCLE('',#1514,0.1275);
#559=CIRCLE('',#1516,0.1275);
#560=CIRCLE('',#1517,0.1275);
#561=CIRCLE('',#1519,0.1275);
#562=CIRCLE('',#1520,0.1275);
#563=CIRCLE('',#1522,0.1275);
#564=CIRCLE('',#1523,0.1275);
#565=CIRCLE('',#1525,0.1275);
#566=CIRCLE('',#1526,0.1275);
#567=CIRCLE('',#1528,0.1275);
#568=CIRCLE('',#1529,0.1275);
#569=CIRCLE('',#1531,0.15);
#570=CIRCLE('',#1532,0.15);
#571=CIRCLE('',#1537,2.);
#572=CIRCLE('',#1538,2.);
#573=CIRCLE('',#1539,2.);
#574=CIRCLE('',#1540,2.);
#575=CIRCLE('',#1541,0.0820000000000001);
#576=CIRCLE('',#1542,0.0819999999999999);
#577=CIRCLE('',#1543,0.0819999999999999);
#578=CIRCLE('',#1544,0.0819999999999999);
#579=CIRCLE('',#1545,0.082);
#580=CIRCLE('',#1546,0.0820000000000001);
#581=CIRCLE('',#1547,0.0820000000000001);
#582=CIRCLE('',#1548,0.0819999999999999);
#583=CIRCLE('',#1549,0.082);
#584=CIRCLE('',#1550,0.0820000000000001);
#585=CIRCLE('',#1551,0.0819999999999999);
#586=CIRCLE('',#1552,0.0819999999999999);
#587=CIRCLE('',#1553,1.6);
#588=CIRCLE('',#1557,0.15);
#589=CIRCLE('',#1558,0.15);
#590=CIRCLE('',#1560,0.5);
#591=CIRCLE('',#1561,0.25);
#592=CIRCLE('',#1563,0.5);
#593=CIRCLE('',#1567,0.15);
#594=CIRCLE('',#1568,0.15);
#595=CIRCLE('',#1571,0.25);
#596=CIRCLE('',#1573,0.15);
#597=CIRCLE('',#1574,0.15);
#598=CIRCLE('',#1576,0.5);
#599=CIRCLE('',#1577,0.25);
#600=CIRCLE('',#1582,0.15);
#601=CIRCLE('',#1583,0.15);
#602=CIRCLE('',#1587,0.15);
#603=CIRCLE('',#1588,0.15);
#604=CIRCLE('',#1590,0.5);
#605=CIRCLE('',#1591,0.25);
#606=CIRCLE('',#1593,0.5);
#607=CIRCLE('',#1597,0.15);
#608=CIRCLE('',#1598,0.15);
#609=CIRCLE('',#1601,0.25);
#610=CIRCLE('',#1605,0.15);
#611=CIRCLE('',#1606,0.15);
#612=CIRCLE('',#1621,2.);
#613=CIRCLE('',#1623,2.);
#614=CIRCLE('',#1627,2.);
#615=CIRCLE('',#1631,2.);
#616=CIRCLE('',#1635,0.0820000000000001);
#617=CIRCLE('',#1637,0.0819999999999999);
#618=CIRCLE('',#1639,0.0819999999999999);
#619=CIRCLE('',#1641,0.0819999999999999);
#620=CIRCLE('',#1643,0.082);
#621=CIRCLE('',#1645,0.0820000000000001);
#622=CIRCLE('',#1647,0.0820000000000001);
#623=CIRCLE('',#1649,0.0819999999999999);
#624=CIRCLE('',#1651,0.082);
#625=CIRCLE('',#1653,0.0820000000000001);
#626=CIRCLE('',#1655,0.0819999999999999);
#627=CIRCLE('',#1657,0.0819999999999999);
#628=CIRCLE('',#1659,1.6);
#629=VERTEX_POINT('',#2098);
#630=VERTEX_POINT('',#2100);
#631=VERTEX_POINT('',#2104);
#632=VERTEX_POINT('',#2106);
#633=VERTEX_POINT('',#2110);
#634=VERTEX_POINT('',#2112);
#635=VERTEX_POINT('',#2116);
#636=VERTEX_POINT('',#2118);
#637=VERTEX_POINT('',#2122);
#638=VERTEX_POINT('',#2124);
#639=VERTEX_POINT('',#2128);
#640=VERTEX_POINT('',#2130);
#641=VERTEX_POINT('',#2134);
#642=VERTEX_POINT('',#2136);
#643=VERTEX_POINT('',#2140);
#644=VERTEX_POINT('',#2142);
#645=VERTEX_POINT('',#2146);
#646=VERTEX_POINT('',#2147);
#647=VERTEX_POINT('',#2149);
#648=VERTEX_POINT('',#2151);
#649=VERTEX_POINT('',#2153);
#650=VERTEX_POINT('',#2155);
#651=VERTEX_POINT('',#2178);
#652=VERTEX_POINT('',#2180);
#653=VERTEX_POINT('',#2188);
#654=VERTEX_POINT('',#2198);
#655=VERTEX_POINT('',#2200);
#656=VERTEX_POINT('',#2211);
#657=VERTEX_POINT('',#2215);
#658=VERTEX_POINT('',#2219);
#659=VERTEX_POINT('',#2221);
#660=VERTEX_POINT('',#2223);
#661=VERTEX_POINT('',#2225);
#662=VERTEX_POINT('',#2227);
#663=VERTEX_POINT('',#2229);
#664=VERTEX_POINT('',#2231);
#665=VERTEX_POINT('',#2233);
#666=VERTEX_POINT('',#2235);
#667=VERTEX_POINT('',#2237);
#668=VERTEX_POINT('',#2239);
#669=VERTEX_POINT('',#2241);
#670=VERTEX_POINT('',#2243);
#671=VERTEX_POINT('',#2245);
#672=VERTEX_POINT('',#2247);
#673=VERTEX_POINT('',#2249);
#674=VERTEX_POINT('',#2252);
#675=VERTEX_POINT('',#2254);
#676=VERTEX_POINT('',#2256);
#677=VERTEX_POINT('',#2258);
#678=VERTEX_POINT('',#2260);
#679=VERTEX_POINT('',#2262);
#680=VERTEX_POINT('',#2264);
#681=VERTEX_POINT('',#2266);
#682=VERTEX_POINT('',#2268);
#683=VERTEX_POINT('',#2270);
#684=VERTEX_POINT('',#2272);
#685=VERTEX_POINT('',#2274);
#686=VERTEX_POINT('',#2276);
#687=VERTEX_POINT('',#2279);
#688=VERTEX_POINT('',#2281);
#689=VERTEX_POINT('',#2294);
#690=VERTEX_POINT('',#2295);
#691=VERTEX_POINT('',#2297);
#692=VERTEX_POINT('',#2299);
#693=VERTEX_POINT('',#2301);
#694=VERTEX_POINT('',#2303);
#695=VERTEX_POINT('',#2307);
#696=VERTEX_POINT('',#2310);
#697=VERTEX_POINT('',#2314);
#698=VERTEX_POINT('',#2319);
#699=VERTEX_POINT('',#2323);
#700=VERTEX_POINT('',#2327);
#701=VERTEX_POINT('',#2329);
#702=VERTEX_POINT('',#2333);
#703=VERTEX_POINT('',#2335);
#704=VERTEX_POINT('',#2342);
#705=VERTEX_POINT('',#2343);
#706=VERTEX_POINT('',#2345);
#707=VERTEX_POINT('',#2347);
#708=VERTEX_POINT('',#2349);
#709=VERTEX_POINT('',#2351);
#710=VERTEX_POINT('',#2355);
#711=VERTEX_POINT('',#2358);
#712=VERTEX_POINT('',#2362);
#713=VERTEX_POINT('',#2373);
#714=VERTEX_POINT('',#2377);
#715=VERTEX_POINT('',#2381);
#716=VERTEX_POINT('',#2383);
#717=VERTEX_POINT('',#2387);
#718=VERTEX_POINT('',#2389);
#719=VERTEX_POINT('',#2399);
#720=VERTEX_POINT('',#2400);
#721=VERTEX_POINT('',#2402);
#722=VERTEX_POINT('',#2404);
#723=VERTEX_POINT('',#2406);
#724=VERTEX_POINT('',#2408);
#725=VERTEX_POINT('',#2412);
#726=VERTEX_POINT('',#2415);
#727=VERTEX_POINT('',#2419);
#728=VERTEX_POINT('',#2424);
#729=VERTEX_POINT('',#2428);
#730=VERTEX_POINT('',#2432);
#731=VERTEX_POINT('',#2434);
#732=VERTEX_POINT('',#2438);
#733=VERTEX_POINT('',#2440);
#734=VERTEX_POINT('',#2449);
#735=VERTEX_POINT('',#2453);
#736=VERTEX_POINT('',#2455);
#737=VERTEX_POINT('',#2467);
#738=VERTEX_POINT('',#2481);
#739=VERTEX_POINT('',#2507);
#740=VERTEX_POINT('',#2514);
#741=VERTEX_POINT('',#2518);
#742=VERTEX_POINT('',#2528);
#743=VERTEX_POINT('',#2532);
#744=VERTEX_POINT('',#2536);
#745=VERTEX_POINT('',#2540);
#746=VERTEX_POINT('',#2544);
#747=VERTEX_POINT('',#2548);
#748=VERTEX_POINT('',#2552);
#749=VERTEX_POINT('',#2556);
#750=VERTEX_POINT('',#2560);
#751=VERTEX_POINT('',#2564);
#752=VERTEX_POINT('',#2568);
#753=VERTEX_POINT('',#2572);
#754=VERTEX_POINT('',#2576);
#755=EDGE_CURVE('',#629,#629,#553,.T.);
#756=EDGE_CURVE('',#629,#630,#307,.T.);
#757=EDGE_CURVE('',#630,#630,#554,.T.);
#758=EDGE_CURVE('',#631,#631,#555,.T.);
#759=EDGE_CURVE('',#631,#632,#308,.T.);
#760=EDGE_CURVE('',#632,#632,#556,.T.);
#761=EDGE_CURVE('',#633,#633,#557,.T.);
#762=EDGE_CURVE('',#633,#634,#309,.T.);
#763=EDGE_CURVE('',#634,#634,#558,.T.);
#764=EDGE_CURVE('',#635,#635,#559,.T.);
#765=EDGE_CURVE('',#635,#636,#310,.T.);
#766=EDGE_CURVE('',#636,#636,#560,.T.);
#767=EDGE_CURVE('',#637,#637,#561,.T.);
#768=EDGE_CURVE('',#637,#638,#311,.T.);
#769=EDGE_CURVE('',#638,#638,#562,.T.);
#770=EDGE_CURVE('',#639,#639,#563,.T.);
#771=EDGE_CURVE('',#639,#640,#312,.T.);
#772=EDGE_CURVE('',#640,#640,#564,.T.);
#773=EDGE_CURVE('',#641,#641,#565,.T.);
#774=EDGE_CURVE('',#641,#642,#313,.T.);
#775=EDGE_CURVE('',#642,#642,#566,.T.);
#776=EDGE_CURVE('',#643,#643,#567,.T.);
#777=EDGE_CURVE('',#643,#644,#314,.T.);
#778=EDGE_CURVE('',#644,#644,#568,.T.);
#779=EDGE_CURVE('',#645,#646,#315,.T.);
#780=EDGE_CURVE('',#647,#646,#316,.T.);
#781=EDGE_CURVE('',#648,#647,#569,.T.);
#782=EDGE_CURVE('',#649,#648,#317,.T.);
#783=EDGE_CURVE('',#650,#649,#570,.T.);
#784=EDGE_CURVE('',#645,#650,#318,.T.);
#785=EDGE_CURVE('',#651,#645,#319,.T.);
#786=EDGE_CURVE('',#652,#651,#15,.T.);
#787=EDGE_CURVE('',#652,#653,#320,.T.);
#788=EDGE_CURVE('',#653,#645,#16,.T.);
#789=EDGE_CURVE('',#654,#651,#321,.T.);
#790=EDGE_CURVE('',#654,#655,#17,.T.);
#791=EDGE_CURVE('',#655,#652,#322,.T.);
#792=EDGE_CURVE('',#646,#654,#323,.T.);
#793=EDGE_CURVE('',#656,#654,#324,.T.);
#794=EDGE_CURVE('',#647,#656,#325,.T.);
#795=EDGE_CURVE('',#657,#650,#326,.T.);
#796=EDGE_CURVE('',#651,#657,#327,.T.);
#797=EDGE_CURVE('',#655,#658,#328,.T.);
#798=EDGE_CURVE('',#659,#658,#571,.T.);
#799=EDGE_CURVE('',#659,#660,#329,.T.);
#800=EDGE_CURVE('',#660,#661,#330,.T.);
#801=EDGE_CURVE('',#662,#661,#331,.T.);
#802=EDGE_CURVE('',#662,#663,#332,.T.);
#803=EDGE_CURVE('',#664,#663,#572,.T.);
#804=EDGE_CURVE('',#664,#665,#333,.T.);
#805=EDGE_CURVE('',#666,#665,#334,.T.);
#806=EDGE_CURVE('',#666,#667,#335,.T.);
#807=EDGE_CURVE('',#668,#667,#573,.T.);
#808=EDGE_CURVE('',#668,#669,#336,.T.);
#809=EDGE_CURVE('',#670,#669,#337,.T.);
#810=EDGE_CURVE('',#670,#671,#338,.T.);
#811=EDGE_CURVE('',#672,#671,#574,.T.);
#812=EDGE_CURVE('',#672,#673,#339,.T.);
#813=EDGE_CURVE('',#673,#652,#340,.T.);
#814=EDGE_CURVE('',#674,#674,#575,.T.);
#815=EDGE_CURVE('',#675,#675,#576,.T.);
#816=EDGE_CURVE('',#676,#676,#577,.T.);
#817=EDGE_CURVE('',#677,#677,#578,.T.);
#818=EDGE_CURVE('',#678,#678,#579,.T.);
#819=EDGE_CURVE('',#679,#679,#580,.T.);
#820=EDGE_CURVE('',#680,#680,#581,.T.);
#821=EDGE_CURVE('',#681,#681,#582,.T.);
#822=EDGE_CURVE('',#682,#682,#583,.T.);
#823=EDGE_CURVE('',#683,#683,#584,.T.);
#824=EDGE_CURVE('',#684,#684,#585,.T.);
#825=EDGE_CURVE('',#685,#685,#586,.T.);
#826=EDGE_CURVE('',#686,#686,#587,.T.);
#827=EDGE_CURVE('',#687,#655,#341,.T.);
#828=EDGE_CURVE('',#687,#688,#342,.T.);
#829=EDGE_CURVE('',#658,#688,#343,.T.);
#830=EDGE_CURVE('',#653,#687,#344,.T.);
#831=EDGE_CURVE('',#646,#687,#18,.T.);
#832=EDGE_CURVE('',#689,#690,#345,.T.);
#833=EDGE_CURVE('',#691,#690,#346,.T.);
#834=EDGE_CURVE('',#692,#691,#588,.T.);
#835=EDGE_CURVE('',#693,#692,#347,.T.);
#836=EDGE_CURVE('',#694,#693,#589,.T.);
#837=EDGE_CURVE('',#689,#694,#348,.T.);
#838=EDGE_CURVE('',#695,#689,#349,.T.);
#839=EDGE_CURVE('',#661,#695,#590,.T.);
#840=EDGE_CURVE('',#661,#696,#350,.T.);
#841=EDGE_CURVE('',#696,#689,#591,.T.);
#842=EDGE_CURVE('',#697,#695,#351,.T.);
#843=EDGE_CURVE('',#697,#662,#592,.T.);
#844=EDGE_CURVE('',#690,#697,#352,.T.);
#845=EDGE_CURVE('',#698,#697,#353,.T.);
#846=EDGE_CURVE('',#691,#698,#354,.T.);
#847=EDGE_CURVE('',#699,#694,#355,.T.);
#848=EDGE_CURVE('',#695,#699,#356,.T.);
#849=EDGE_CURVE('',#700,#657,#593,.T.);
#850=EDGE_CURVE('',#700,#701,#357,.T.);
#851=EDGE_CURVE('',#656,#701,#594,.T.);
#852=EDGE_CURVE('',#702,#662,#358,.T.);
#853=EDGE_CURVE('',#702,#703,#359,.T.);
#854=EDGE_CURVE('',#663,#703,#360,.T.);
#855=EDGE_CURVE('',#696,#702,#361,.T.);
#856=EDGE_CURVE('',#690,#702,#595,.T.);
#857=EDGE_CURVE('',#704,#705,#362,.T.);
#858=EDGE_CURVE('',#706,#705,#363,.T.);
#859=EDGE_CURVE('',#707,#706,#596,.T.);
#860=EDGE_CURVE('',#708,#707,#364,.T.);
#861=EDGE_CURVE('',#709,#708,#597,.T.);
#862=EDGE_CURVE('',#704,#709,#365,.T.);
#863=EDGE_CURVE('',#710,#704,#366,.T.);
#864=EDGE_CURVE('',#665,#710,#598,.T.);
#865=EDGE_CURVE('',#665,#711,#367,.T.);
#866=EDGE_CURVE('',#711,#704,#599,.T.);
#867=EDGE_CURVE('',#712,#710,#368,.T.);
#868=EDGE_CURVE('',#712,#666,#19,.T.);
#869=EDGE_CURVE('',#705,#712,#369,.T.);
#870=EDGE_CURVE('',#713,#712,#370,.T.);
#871=EDGE_CURVE('',#706,#713,#371,.T.);
#872=EDGE_CURVE('',#714,#709,#372,.T.);
#873=EDGE_CURVE('',#710,#714,#373,.T.);
#874=EDGE_CURVE('',#715,#699,#600,.T.);
#875=EDGE_CURVE('',#715,#716,#374,.T.);
#876=EDGE_CURVE('',#698,#716,#601,.T.);
#877=EDGE_CURVE('',#717,#666,#375,.T.);
#878=EDGE_CURVE('',#717,#718,#376,.T.);
#879=EDGE_CURVE('',#667,#718,#377,.T.);
#880=EDGE_CURVE('',#711,#717,#378,.T.);
#881=EDGE_CURVE('',#705,#717,#20,.T.);
#882=EDGE_CURVE('',#719,#720,#379,.T.);
#883=EDGE_CURVE('',#721,#720,#380,.T.);
#884=EDGE_CURVE('',#722,#721,#602,.T.);
#885=EDGE_CURVE('',#723,#722,#381,.T.);
#886=EDGE_CURVE('',#724,#723,#603,.T.);
#887=EDGE_CURVE('',#719,#724,#382,.T.);
#888=EDGE_CURVE('',#725,#719,#383,.T.);
#889=EDGE_CURVE('',#669,#725,#604,.T.);
#890=EDGE_CURVE('',#669,#726,#384,.T.);
#891=EDGE_CURVE('',#726,#719,#605,.T.);
#892=EDGE_CURVE('',#727,#725,#385,.T.);
#893=EDGE_CURVE('',#727,#670,#606,.T.);
#894=EDGE_CURVE('',#720,#727,#386,.T.);
#895=EDGE_CURVE('',#728,#727,#387,.T.);
#896=EDGE_CURVE('',#721,#728,#388,.T.);
#897=EDGE_CURVE('',#729,#724,#389,.T.);
#898=EDGE_CURVE('',#725,#729,#390,.T.);
#899=EDGE_CURVE('',#730,#714,#607,.T.);
#900=EDGE_CURVE('',#730,#731,#391,.T.);
#901=EDGE_CURVE('',#713,#731,#608,.T.);
#902=EDGE_CURVE('',#732,#670,#392,.T.);
#903=EDGE_CURVE('',#732,#733,#393,.T.);
#904=EDGE_CURVE('',#671,#733,#394,.T.);
#905=EDGE_CURVE('',#726,#732,#395,.T.);
#906=EDGE_CURVE('',#720,#732,#609,.T.);
#907=EDGE_CURVE('',#693,#715,#396,.T.);
#908=EDGE_CURVE('',#734,#660,#397,.T.);
#909=EDGE_CURVE('',#734,#696,#398,.T.);
#910=EDGE_CURVE('',#735,#729,#610,.T.);
#911=EDGE_CURVE('',#735,#736,#399,.T.);
#912=EDGE_CURVE('',#728,#736,#611,.T.);
#913=EDGE_CURVE('',#701,#648,#400,.T.);
#914=EDGE_CURVE('',#649,#700,#401,.T.);
#915=EDGE_CURVE('',#716,#692,#402,.T.);
#916=EDGE_CURVE('',#737,#673,#403,.T.);
#917=EDGE_CURVE('',#737,#653,#404,.T.);
#918=EDGE_CURVE('',#708,#730,#405,.T.);
#919=EDGE_CURVE('',#731,#707,#406,.T.);
#920=EDGE_CURVE('',#736,#722,#407,.T.);
#921=EDGE_CURVE('',#723,#735,#408,.T.);
#922=EDGE_CURVE('',#737,#738,#409,.T.);
#923=EDGE_CURVE('',#738,#672,#410,.T.);
#924=EDGE_CURVE('',#738,#733,#612,.T.);
#925=EDGE_CURVE('',#739,#688,#613,.T.);
#926=EDGE_CURVE('',#739,#659,#411,.T.);
#927=EDGE_CURVE('',#734,#739,#412,.T.);
#928=EDGE_CURVE('',#740,#703,#614,.T.);
#929=EDGE_CURVE('',#740,#664,#413,.T.);
#930=EDGE_CURVE('',#741,#668,#414,.T.);
#931=EDGE_CURVE('',#741,#726,#415,.T.);
#932=EDGE_CURVE('',#741,#718,#615,.T.);
#933=EDGE_CURVE('',#740,#711,#416,.T.);
#934=EDGE_CURVE('',#742,#742,#616,.T.);
#935=EDGE_CURVE('',#742,#674,#417,.T.);
#936=EDGE_CURVE('',#743,#743,#617,.T.);
#937=EDGE_CURVE('',#743,#675,#418,.T.);
#938=EDGE_CURVE('',#744,#744,#618,.T.);
#939=EDGE_CURVE('',#744,#676,#419,.T.);
#940=EDGE_CURVE('',#745,#745,#619,.T.);
#941=EDGE_CURVE('',#745,#677,#420,.T.);
#942=EDGE_CURVE('',#746,#746,#620,.T.);
#943=EDGE_CURVE('',#746,#678,#421,.T.);
#944=EDGE_CURVE('',#747,#747,#621,.T.);
#945=EDGE_CURVE('',#747,#679,#422,.T.);
#946=EDGE_CURVE('',#748,#748,#622,.T.);
#947=EDGE_CURVE('',#748,#680,#423,.T.);
#948=EDGE_CURVE('',#749,#749,#623,.T.);
#949=EDGE_CURVE('',#749,#681,#424,.T.);
#950=EDGE_CURVE('',#750,#750,#624,.T.);
#951=EDGE_CURVE('',#750,#682,#425,.T.);
#952=EDGE_CURVE('',#751,#751,#625,.T.);
#953=EDGE_CURVE('',#751,#683,#426,.T.);
#954=EDGE_CURVE('',#752,#752,#626,.T.);
#955=EDGE_CURVE('',#752,#684,#427,.T.);
#956=EDGE_CURVE('',#753,#753,#627,.T.);
#957=EDGE_CURVE('',#753,#685,#428,.T.);
#958=EDGE_CURVE('',#754,#754,#628,.T.);
#959=EDGE_CURVE('',#754,#686,#429,.T.);
#960=ORIENTED_EDGE('',*,*,#755,.F.);
#961=ORIENTED_EDGE('',*,*,#756,.T.);
#962=ORIENTED_EDGE('',*,*,#757,.F.);
#963=ORIENTED_EDGE('',*,*,#756,.F.);
#964=ORIENTED_EDGE('',*,*,#758,.F.);
#965=ORIENTED_EDGE('',*,*,#759,.T.);
#966=ORIENTED_EDGE('',*,*,#760,.F.);
#967=ORIENTED_EDGE('',*,*,#759,.F.);
#968=ORIENTED_EDGE('',*,*,#761,.F.);
#969=ORIENTED_EDGE('',*,*,#762,.T.);
#970=ORIENTED_EDGE('',*,*,#763,.F.);
#971=ORIENTED_EDGE('',*,*,#762,.F.);
#972=ORIENTED_EDGE('',*,*,#764,.F.);
#973=ORIENTED_EDGE('',*,*,#765,.T.);
#974=ORIENTED_EDGE('',*,*,#766,.F.);
#975=ORIENTED_EDGE('',*,*,#765,.F.);
#976=ORIENTED_EDGE('',*,*,#767,.F.);
#977=ORIENTED_EDGE('',*,*,#768,.T.);
#978=ORIENTED_EDGE('',*,*,#769,.F.);
#979=ORIENTED_EDGE('',*,*,#768,.F.);
#980=ORIENTED_EDGE('',*,*,#770,.F.);
#981=ORIENTED_EDGE('',*,*,#771,.T.);
#982=ORIENTED_EDGE('',*,*,#772,.F.);
#983=ORIENTED_EDGE('',*,*,#771,.F.);
#984=ORIENTED_EDGE('',*,*,#773,.F.);
#985=ORIENTED_EDGE('',*,*,#774,.T.);
#986=ORIENTED_EDGE('',*,*,#775,.F.);
#987=ORIENTED_EDGE('',*,*,#774,.F.);
#988=ORIENTED_EDGE('',*,*,#776,.F.);
#989=ORIENTED_EDGE('',*,*,#777,.T.);
#990=ORIENTED_EDGE('',*,*,#778,.F.);
#991=ORIENTED_EDGE('',*,*,#777,.F.);
#992=ORIENTED_EDGE('',*,*,#779,.T.);
#993=ORIENTED_EDGE('',*,*,#780,.F.);
#994=ORIENTED_EDGE('',*,*,#781,.F.);
#995=ORIENTED_EDGE('',*,*,#782,.F.);
#996=ORIENTED_EDGE('',*,*,#783,.F.);
#997=ORIENTED_EDGE('',*,*,#784,.F.);
#998=ORIENTED_EDGE('',*,*,#755,.T.);
#999=ORIENTED_EDGE('',*,*,#758,.T.);
#1000=ORIENTED_EDGE('',*,*,#785,.F.);
#1001=ORIENTED_EDGE('',*,*,#786,.F.);
#1002=ORIENTED_EDGE('',*,*,#787,.T.);
#1003=ORIENTED_EDGE('',*,*,#788,.T.);
#1004=ORIENTED_EDGE('',*,*,#789,.F.);
#1005=ORIENTED_EDGE('',*,*,#790,.T.);
#1006=ORIENTED_EDGE('',*,*,#791,.T.);
#1007=ORIENTED_EDGE('',*,*,#786,.T.);
#1008=ORIENTED_EDGE('',*,*,#792,.T.);
#1009=ORIENTED_EDGE('',*,*,#793,.F.);
#1010=ORIENTED_EDGE('',*,*,#794,.F.);
#1011=ORIENTED_EDGE('',*,*,#780,.T.);
#1012=ORIENTED_EDGE('',*,*,#785,.T.);
#1013=ORIENTED_EDGE('',*,*,#784,.T.);
#1014=ORIENTED_EDGE('',*,*,#795,.F.);
#1015=ORIENTED_EDGE('',*,*,#796,.F.);
#1016=ORIENTED_EDGE('',*,*,#791,.F.);
#1017=ORIENTED_EDGE('',*,*,#797,.T.);
#1018=ORIENTED_EDGE('',*,*,#798,.F.);
#1019=ORIENTED_EDGE('',*,*,#799,.T.);
#1020=ORIENTED_EDGE('',*,*,#800,.T.);
#1021=ORIENTED_EDGE('',*,*,#801,.F.);
#1022=ORIENTED_EDGE('',*,*,#802,.T.);
#1023=ORIENTED_EDGE('',*,*,#803,.F.);
#1024=ORIENTED_EDGE('',*,*,#804,.T.);
#1025=ORIENTED_EDGE('',*,*,#805,.F.);
#1026=ORIENTED_EDGE('',*,*,#806,.T.);
#1027=ORIENTED_EDGE('',*,*,#807,.F.);
#1028=ORIENTED_EDGE('',*,*,#808,.T.);
#1029=ORIENTED_EDGE('',*,*,#809,.F.);
#1030=ORIENTED_EDGE('',*,*,#810,.T.);
#1031=ORIENTED_EDGE('',*,*,#811,.F.);
#1032=ORIENTED_EDGE('',*,*,#812,.T.);
#1033=ORIENTED_EDGE('',*,*,#813,.T.);
#1034=ORIENTED_EDGE('',*,*,#814,.T.);
#1035=ORIENTED_EDGE('',*,*,#815,.T.);
#1036=ORIENTED_EDGE('',*,*,#816,.T.);
#1037=ORIENTED_EDGE('',*,*,#817,.T.);
#1038=ORIENTED_EDGE('',*,*,#818,.T.);
#1039=ORIENTED_EDGE('',*,*,#819,.T.);
#1040=ORIENTED_EDGE('',*,*,#820,.T.);
#1041=ORIENTED_EDGE('',*,*,#821,.T.);
#1042=ORIENTED_EDGE('',*,*,#822,.T.);
#1043=ORIENTED_EDGE('',*,*,#823,.T.);
#1044=ORIENTED_EDGE('',*,*,#824,.T.);
#1045=ORIENTED_EDGE('',*,*,#825,.T.);
#1046=ORIENTED_EDGE('',*,*,#826,.F.);
#1047=ORIENTED_EDGE('',*,*,#827,.F.);
#1048=ORIENTED_EDGE('',*,*,#828,.T.);
#1049=ORIENTED_EDGE('',*,*,#829,.F.);
#1050=ORIENTED_EDGE('',*,*,#797,.F.);
#1051=ORIENTED_EDGE('',*,*,#779,.F.);
#1052=ORIENTED_EDGE('',*,*,#788,.F.);
#1053=ORIENTED_EDGE('',*,*,#830,.T.);
#1054=ORIENTED_EDGE('',*,*,#831,.F.);
#1055=ORIENTED_EDGE('',*,*,#832,.T.);
#1056=ORIENTED_EDGE('',*,*,#833,.F.);
#1057=ORIENTED_EDGE('',*,*,#834,.F.);
#1058=ORIENTED_EDGE('',*,*,#835,.F.);
#1059=ORIENTED_EDGE('',*,*,#836,.F.);
#1060=ORIENTED_EDGE('',*,*,#837,.F.);
#1061=ORIENTED_EDGE('',*,*,#773,.T.);
#1062=ORIENTED_EDGE('',*,*,#776,.T.);
#1063=ORIENTED_EDGE('',*,*,#838,.F.);
#1064=ORIENTED_EDGE('',*,*,#839,.F.);
#1065=ORIENTED_EDGE('',*,*,#840,.T.);
#1066=ORIENTED_EDGE('',*,*,#841,.T.);
#1067=ORIENTED_EDGE('',*,*,#842,.F.);
#1068=ORIENTED_EDGE('',*,*,#843,.T.);
#1069=ORIENTED_EDGE('',*,*,#801,.T.);
#1070=ORIENTED_EDGE('',*,*,#839,.T.);
#1071=ORIENTED_EDGE('',*,*,#844,.T.);
#1072=ORIENTED_EDGE('',*,*,#845,.F.);
#1073=ORIENTED_EDGE('',*,*,#846,.F.);
#1074=ORIENTED_EDGE('',*,*,#833,.T.);
#1075=ORIENTED_EDGE('',*,*,#838,.T.);
#1076=ORIENTED_EDGE('',*,*,#837,.T.);
#1077=ORIENTED_EDGE('',*,*,#847,.F.);
#1078=ORIENTED_EDGE('',*,*,#848,.F.);
#1079=ORIENTED_EDGE('',*,*,#789,.T.);
#1080=ORIENTED_EDGE('',*,*,#796,.T.);
#1081=ORIENTED_EDGE('',*,*,#849,.F.);
#1082=ORIENTED_EDGE('',*,*,#850,.T.);
#1083=ORIENTED_EDGE('',*,*,#851,.F.);
#1084=ORIENTED_EDGE('',*,*,#793,.T.);
#1085=ORIENTED_EDGE('',*,*,#757,.T.);
#1086=ORIENTED_EDGE('',*,*,#760,.T.);
#1087=ORIENTED_EDGE('',*,*,#852,.F.);
#1088=ORIENTED_EDGE('',*,*,#853,.T.);
#1089=ORIENTED_EDGE('',*,*,#854,.F.);
#1090=ORIENTED_EDGE('',*,*,#802,.F.);
#1091=ORIENTED_EDGE('',*,*,#832,.F.);
#1092=ORIENTED_EDGE('',*,*,#841,.F.);
#1093=ORIENTED_EDGE('',*,*,#855,.T.);
#1094=ORIENTED_EDGE('',*,*,#856,.F.);
#1095=ORIENTED_EDGE('',*,*,#857,.T.);
#1096=ORIENTED_EDGE('',*,*,#858,.F.);
#1097=ORIENTED_EDGE('',*,*,#859,.F.);
#1098=ORIENTED_EDGE('',*,*,#860,.F.);
#1099=ORIENTED_EDGE('',*,*,#861,.F.);
#1100=ORIENTED_EDGE('',*,*,#862,.F.);
#1101=ORIENTED_EDGE('',*,*,#767,.T.);
#1102=ORIENTED_EDGE('',*,*,#770,.T.);
#1103=ORIENTED_EDGE('',*,*,#863,.F.);
#1104=ORIENTED_EDGE('',*,*,#864,.F.);
#1105=ORIENTED_EDGE('',*,*,#865,.T.);
#1106=ORIENTED_EDGE('',*,*,#866,.T.);
#1107=ORIENTED_EDGE('',*,*,#867,.F.);
#1108=ORIENTED_EDGE('',*,*,#868,.T.);
#1109=ORIENTED_EDGE('',*,*,#805,.T.);
#1110=ORIENTED_EDGE('',*,*,#864,.T.);
#1111=ORIENTED_EDGE('',*,*,#869,.T.);
#1112=ORIENTED_EDGE('',*,*,#870,.F.);
#1113=ORIENTED_EDGE('',*,*,#871,.F.);
#1114=ORIENTED_EDGE('',*,*,#858,.T.);
#1115=ORIENTED_EDGE('',*,*,#863,.T.);
#1116=ORIENTED_EDGE('',*,*,#862,.T.);
#1117=ORIENTED_EDGE('',*,*,#872,.F.);
#1118=ORIENTED_EDGE('',*,*,#873,.F.);
#1119=ORIENTED_EDGE('',*,*,#842,.T.);
#1120=ORIENTED_EDGE('',*,*,#848,.T.);
#1121=ORIENTED_EDGE('',*,*,#874,.F.);
#1122=ORIENTED_EDGE('',*,*,#875,.T.);
#1123=ORIENTED_EDGE('',*,*,#876,.F.);
#1124=ORIENTED_EDGE('',*,*,#845,.T.);
#1125=ORIENTED_EDGE('',*,*,#775,.T.);
#1126=ORIENTED_EDGE('',*,*,#778,.T.);
#1127=ORIENTED_EDGE('',*,*,#877,.F.);
#1128=ORIENTED_EDGE('',*,*,#878,.T.);
#1129=ORIENTED_EDGE('',*,*,#879,.F.);
#1130=ORIENTED_EDGE('',*,*,#806,.F.);
#1131=ORIENTED_EDGE('',*,*,#857,.F.);
#1132=ORIENTED_EDGE('',*,*,#866,.F.);
#1133=ORIENTED_EDGE('',*,*,#880,.T.);
#1134=ORIENTED_EDGE('',*,*,#881,.F.);
#1135=ORIENTED_EDGE('',*,*,#882,.T.);
#1136=ORIENTED_EDGE('',*,*,#883,.F.);
#1137=ORIENTED_EDGE('',*,*,#884,.F.);
#1138=ORIENTED_EDGE('',*,*,#885,.F.);
#1139=ORIENTED_EDGE('',*,*,#886,.F.);
#1140=ORIENTED_EDGE('',*,*,#887,.F.);
#1141=ORIENTED_EDGE('',*,*,#761,.T.);
#1142=ORIENTED_EDGE('',*,*,#764,.T.);
#1143=ORIENTED_EDGE('',*,*,#888,.F.);
#1144=ORIENTED_EDGE('',*,*,#889,.F.);
#1145=ORIENTED_EDGE('',*,*,#890,.T.);
#1146=ORIENTED_EDGE('',*,*,#891,.T.);
#1147=ORIENTED_EDGE('',*,*,#892,.F.);
#1148=ORIENTED_EDGE('',*,*,#893,.T.);
#1149=ORIENTED_EDGE('',*,*,#809,.T.);
#1150=ORIENTED_EDGE('',*,*,#889,.T.);
#1151=ORIENTED_EDGE('',*,*,#894,.T.);
#1152=ORIENTED_EDGE('',*,*,#895,.F.);
#1153=ORIENTED_EDGE('',*,*,#896,.F.);
#1154=ORIENTED_EDGE('',*,*,#883,.T.);
#1155=ORIENTED_EDGE('',*,*,#888,.T.);
#1156=ORIENTED_EDGE('',*,*,#887,.T.);
#1157=ORIENTED_EDGE('',*,*,#897,.F.);
#1158=ORIENTED_EDGE('',*,*,#898,.F.);
#1159=ORIENTED_EDGE('',*,*,#867,.T.);
#1160=ORIENTED_EDGE('',*,*,#873,.T.);
#1161=ORIENTED_EDGE('',*,*,#899,.F.);
#1162=ORIENTED_EDGE('',*,*,#900,.T.);
#1163=ORIENTED_EDGE('',*,*,#901,.F.);
#1164=ORIENTED_EDGE('',*,*,#870,.T.);
#1165=ORIENTED_EDGE('',*,*,#769,.T.);
#1166=ORIENTED_EDGE('',*,*,#772,.T.);
#1167=ORIENTED_EDGE('',*,*,#902,.F.);
#1168=ORIENTED_EDGE('',*,*,#903,.T.);
#1169=ORIENTED_EDGE('',*,*,#904,.F.);
#1170=ORIENTED_EDGE('',*,*,#810,.F.);
#1171=ORIENTED_EDGE('',*,*,#882,.F.);
#1172=ORIENTED_EDGE('',*,*,#891,.F.);
#1173=ORIENTED_EDGE('',*,*,#905,.T.);
#1174=ORIENTED_EDGE('',*,*,#906,.F.);
#1175=ORIENTED_EDGE('',*,*,#874,.T.);
#1176=ORIENTED_EDGE('',*,*,#847,.T.);
#1177=ORIENTED_EDGE('',*,*,#836,.T.);
#1178=ORIENTED_EDGE('',*,*,#907,.T.);
#1179=ORIENTED_EDGE('',*,*,#840,.F.);
#1180=ORIENTED_EDGE('',*,*,#800,.F.);
#1181=ORIENTED_EDGE('',*,*,#908,.F.);
#1182=ORIENTED_EDGE('',*,*,#909,.T.);
#1183=ORIENTED_EDGE('',*,*,#892,.T.);
#1184=ORIENTED_EDGE('',*,*,#898,.T.);
#1185=ORIENTED_EDGE('',*,*,#910,.F.);
#1186=ORIENTED_EDGE('',*,*,#911,.T.);
#1187=ORIENTED_EDGE('',*,*,#912,.F.);
#1188=ORIENTED_EDGE('',*,*,#895,.T.);
#1189=ORIENTED_EDGE('',*,*,#763,.T.);
#1190=ORIENTED_EDGE('',*,*,#766,.T.);
#1191=ORIENTED_EDGE('',*,*,#851,.T.);
#1192=ORIENTED_EDGE('',*,*,#913,.T.);
#1193=ORIENTED_EDGE('',*,*,#781,.T.);
#1194=ORIENTED_EDGE('',*,*,#794,.T.);
#1195=ORIENTED_EDGE('',*,*,#913,.F.);
#1196=ORIENTED_EDGE('',*,*,#850,.F.);
#1197=ORIENTED_EDGE('',*,*,#914,.F.);
#1198=ORIENTED_EDGE('',*,*,#782,.T.);
#1199=ORIENTED_EDGE('',*,*,#876,.T.);
#1200=ORIENTED_EDGE('',*,*,#915,.T.);
#1201=ORIENTED_EDGE('',*,*,#834,.T.);
#1202=ORIENTED_EDGE('',*,*,#846,.T.);
#1203=ORIENTED_EDGE('',*,*,#907,.F.);
#1204=ORIENTED_EDGE('',*,*,#835,.T.);
#1205=ORIENTED_EDGE('',*,*,#915,.F.);
#1206=ORIENTED_EDGE('',*,*,#875,.F.);
#1207=ORIENTED_EDGE('',*,*,#849,.T.);
#1208=ORIENTED_EDGE('',*,*,#795,.T.);
#1209=ORIENTED_EDGE('',*,*,#783,.T.);
#1210=ORIENTED_EDGE('',*,*,#914,.T.);
#1211=ORIENTED_EDGE('',*,*,#787,.F.);
#1212=ORIENTED_EDGE('',*,*,#813,.F.);
#1213=ORIENTED_EDGE('',*,*,#916,.F.);
#1214=ORIENTED_EDGE('',*,*,#917,.T.);
#1215=ORIENTED_EDGE('',*,*,#899,.T.);
#1216=ORIENTED_EDGE('',*,*,#872,.T.);
#1217=ORIENTED_EDGE('',*,*,#861,.T.);
#1218=ORIENTED_EDGE('',*,*,#918,.T.);
#1219=ORIENTED_EDGE('',*,*,#918,.F.);
#1220=ORIENTED_EDGE('',*,*,#860,.T.);
#1221=ORIENTED_EDGE('',*,*,#919,.F.);
#1222=ORIENTED_EDGE('',*,*,#900,.F.);
#1223=ORIENTED_EDGE('',*,*,#901,.T.);
#1224=ORIENTED_EDGE('',*,*,#919,.T.);
#1225=ORIENTED_EDGE('',*,*,#859,.T.);
#1226=ORIENTED_EDGE('',*,*,#871,.T.);
#1227=ORIENTED_EDGE('',*,*,#912,.T.);
#1228=ORIENTED_EDGE('',*,*,#920,.T.);
#1229=ORIENTED_EDGE('',*,*,#884,.T.);
#1230=ORIENTED_EDGE('',*,*,#896,.T.);
#1231=ORIENTED_EDGE('',*,*,#920,.F.);
#1232=ORIENTED_EDGE('',*,*,#911,.F.);
#1233=ORIENTED_EDGE('',*,*,#921,.F.);
#1234=ORIENTED_EDGE('',*,*,#885,.T.);
#1235=ORIENTED_EDGE('',*,*,#910,.T.);
#1236=ORIENTED_EDGE('',*,*,#897,.T.);
#1237=ORIENTED_EDGE('',*,*,#886,.T.);
#1238=ORIENTED_EDGE('',*,*,#921,.T.);
#1239=ORIENTED_EDGE('',*,*,#922,.F.);
#1240=ORIENTED_EDGE('',*,*,#916,.T.);
#1241=ORIENTED_EDGE('',*,*,#812,.F.);
#1242=ORIENTED_EDGE('',*,*,#923,.F.);
#1243=ORIENTED_EDGE('',*,*,#792,.F.);
#1244=ORIENTED_EDGE('',*,*,#831,.T.);
#1245=ORIENTED_EDGE('',*,*,#827,.T.);
#1246=ORIENTED_EDGE('',*,*,#790,.F.);
#1247=ORIENTED_EDGE('',*,*,#923,.T.);
#1248=ORIENTED_EDGE('',*,*,#811,.T.);
#1249=ORIENTED_EDGE('',*,*,#904,.T.);
#1250=ORIENTED_EDGE('',*,*,#924,.F.);
#1251=ORIENTED_EDGE('',*,*,#829,.T.);
#1252=ORIENTED_EDGE('',*,*,#925,.F.);
#1253=ORIENTED_EDGE('',*,*,#926,.T.);
#1254=ORIENTED_EDGE('',*,*,#798,.T.);
#1255=ORIENTED_EDGE('',*,*,#927,.F.);
#1256=ORIENTED_EDGE('',*,*,#908,.T.);
#1257=ORIENTED_EDGE('',*,*,#799,.F.);
#1258=ORIENTED_EDGE('',*,*,#926,.F.);
#1259=ORIENTED_EDGE('',*,*,#844,.F.);
#1260=ORIENTED_EDGE('',*,*,#856,.T.);
#1261=ORIENTED_EDGE('',*,*,#852,.T.);
#1262=ORIENTED_EDGE('',*,*,#843,.F.);
#1263=ORIENTED_EDGE('',*,*,#854,.T.);
#1264=ORIENTED_EDGE('',*,*,#928,.F.);
#1265=ORIENTED_EDGE('',*,*,#929,.T.);
#1266=ORIENTED_EDGE('',*,*,#803,.T.);
#1267=ORIENTED_EDGE('',*,*,#890,.F.);
#1268=ORIENTED_EDGE('',*,*,#808,.F.);
#1269=ORIENTED_EDGE('',*,*,#930,.F.);
#1270=ORIENTED_EDGE('',*,*,#931,.T.);
#1271=ORIENTED_EDGE('',*,*,#894,.F.);
#1272=ORIENTED_EDGE('',*,*,#906,.T.);
#1273=ORIENTED_EDGE('',*,*,#902,.T.);
#1274=ORIENTED_EDGE('',*,*,#893,.F.);
#1275=ORIENTED_EDGE('',*,*,#930,.T.);
#1276=ORIENTED_EDGE('',*,*,#807,.T.);
#1277=ORIENTED_EDGE('',*,*,#879,.T.);
#1278=ORIENTED_EDGE('',*,*,#932,.F.);
#1279=ORIENTED_EDGE('',*,*,#865,.F.);
#1280=ORIENTED_EDGE('',*,*,#804,.F.);
#1281=ORIENTED_EDGE('',*,*,#929,.F.);
#1282=ORIENTED_EDGE('',*,*,#933,.T.);
#1283=ORIENTED_EDGE('',*,*,#869,.F.);
#1284=ORIENTED_EDGE('',*,*,#881,.T.);
#1285=ORIENTED_EDGE('',*,*,#877,.T.);
#1286=ORIENTED_EDGE('',*,*,#868,.F.);
#1287=ORIENTED_EDGE('',*,*,#934,.F.);
#1288=ORIENTED_EDGE('',*,*,#935,.T.);
#1289=ORIENTED_EDGE('',*,*,#814,.F.);
#1290=ORIENTED_EDGE('',*,*,#935,.F.);
#1291=ORIENTED_EDGE('',*,*,#936,.F.);
#1292=ORIENTED_EDGE('',*,*,#937,.T.);
#1293=ORIENTED_EDGE('',*,*,#815,.F.);
#1294=ORIENTED_EDGE('',*,*,#937,.F.);
#1295=ORIENTED_EDGE('',*,*,#938,.F.);
#1296=ORIENTED_EDGE('',*,*,#939,.T.);
#1297=ORIENTED_EDGE('',*,*,#816,.F.);
#1298=ORIENTED_EDGE('',*,*,#939,.F.);
#1299=ORIENTED_EDGE('',*,*,#940,.F.);
#1300=ORIENTED_EDGE('',*,*,#941,.T.);
#1301=ORIENTED_EDGE('',*,*,#817,.F.);
#1302=ORIENTED_EDGE('',*,*,#941,.F.);
#1303=ORIENTED_EDGE('',*,*,#942,.F.);
#1304=ORIENTED_EDGE('',*,*,#943,.T.);
#1305=ORIENTED_EDGE('',*,*,#818,.F.);
#1306=ORIENTED_EDGE('',*,*,#943,.F.);
#1307=ORIENTED_EDGE('',*,*,#944,.F.);
#1308=ORIENTED_EDGE('',*,*,#945,.T.);
#1309=ORIENTED_EDGE('',*,*,#819,.F.);
#1310=ORIENTED_EDGE('',*,*,#945,.F.);
#1311=ORIENTED_EDGE('',*,*,#946,.F.);
#1312=ORIENTED_EDGE('',*,*,#947,.T.);
#1313=ORIENTED_EDGE('',*,*,#820,.F.);
#1314=ORIENTED_EDGE('',*,*,#947,.F.);
#1315=ORIENTED_EDGE('',*,*,#948,.F.);
#1316=ORIENTED_EDGE('',*,*,#949,.T.);
#1317=ORIENTED_EDGE('',*,*,#821,.F.);
#1318=ORIENTED_EDGE('',*,*,#949,.F.);
#1319=ORIENTED_EDGE('',*,*,#950,.F.);
#1320=ORIENTED_EDGE('',*,*,#951,.T.);
#1321=ORIENTED_EDGE('',*,*,#822,.F.);
#1322=ORIENTED_EDGE('',*,*,#951,.F.);
#1323=ORIENTED_EDGE('',*,*,#952,.F.);
#1324=ORIENTED_EDGE('',*,*,#953,.T.);
#1325=ORIENTED_EDGE('',*,*,#823,.F.);
#1326=ORIENTED_EDGE('',*,*,#953,.F.);
#1327=ORIENTED_EDGE('',*,*,#954,.F.);
#1328=ORIENTED_EDGE('',*,*,#955,.T.);
#1329=ORIENTED_EDGE('',*,*,#824,.F.);
#1330=ORIENTED_EDGE('',*,*,#955,.F.);
#1331=ORIENTED_EDGE('',*,*,#956,.F.);
#1332=ORIENTED_EDGE('',*,*,#957,.T.);
#1333=ORIENTED_EDGE('',*,*,#825,.F.);
#1334=ORIENTED_EDGE('',*,*,#957,.F.);
#1335=ORIENTED_EDGE('',*,*,#958,.F.);
#1336=ORIENTED_EDGE('',*,*,#959,.T.);
#1337=ORIENTED_EDGE('',*,*,#826,.T.);
#1338=ORIENTED_EDGE('',*,*,#959,.F.);
#1339=ORIENTED_EDGE('',*,*,#830,.F.);
#1340=ORIENTED_EDGE('',*,*,#917,.F.);
#1341=ORIENTED_EDGE('',*,*,#922,.T.);
#1342=ORIENTED_EDGE('',*,*,#924,.T.);
#1343=ORIENTED_EDGE('',*,*,#903,.F.);
#1344=ORIENTED_EDGE('',*,*,#905,.F.);
#1345=ORIENTED_EDGE('',*,*,#931,.F.);
#1346=ORIENTED_EDGE('',*,*,#932,.T.);
#1347=ORIENTED_EDGE('',*,*,#878,.F.);
#1348=ORIENTED_EDGE('',*,*,#880,.F.);
#1349=ORIENTED_EDGE('',*,*,#933,.F.);
#1350=ORIENTED_EDGE('',*,*,#928,.T.);
#1351=ORIENTED_EDGE('',*,*,#853,.F.);
#1352=ORIENTED_EDGE('',*,*,#855,.F.);
#1353=ORIENTED_EDGE('',*,*,#909,.F.);
#1354=ORIENTED_EDGE('',*,*,#927,.T.);
#1355=ORIENTED_EDGE('',*,*,#925,.T.);
#1356=ORIENTED_EDGE('',*,*,#828,.F.);
#1357=ORIENTED_EDGE('',*,*,#934,.T.);
#1358=ORIENTED_EDGE('',*,*,#936,.T.);
#1359=ORIENTED_EDGE('',*,*,#938,.T.);
#1360=ORIENTED_EDGE('',*,*,#940,.T.);
#1361=ORIENTED_EDGE('',*,*,#942,.T.);
#1362=ORIENTED_EDGE('',*,*,#944,.T.);
#1363=ORIENTED_EDGE('',*,*,#946,.T.);
#1364=ORIENTED_EDGE('',*,*,#948,.T.);
#1365=ORIENTED_EDGE('',*,*,#950,.T.);
#1366=ORIENTED_EDGE('',*,*,#952,.T.);
#1367=ORIENTED_EDGE('',*,*,#954,.T.);
#1368=ORIENTED_EDGE('',*,*,#956,.T.);
#1369=ORIENTED_EDGE('',*,*,#958,.T.);
#1370=CYLINDRICAL_SURFACE('',#1506,0.1275);
#1371=CYLINDRICAL_SURFACE('',#1509,0.1275);
#1372=CYLINDRICAL_SURFACE('',#1512,0.1275);
#1373=CYLINDRICAL_SURFACE('',#1515,0.1275);
#1374=CYLINDRICAL_SURFACE('',#1518,0.1275);
#1375=CYLINDRICAL_SURFACE('',#1521,0.1275);
#1376=CYLINDRICAL_SURFACE('',#1524,0.1275);
#1377=CYLINDRICAL_SURFACE('',#1527,0.1275);
#1378=CYLINDRICAL_SURFACE('',#1533,0.5);
#1379=CYLINDRICAL_SURFACE('',#1555,0.25);
#1380=CYLINDRICAL_SURFACE('',#1562,0.5);
#1381=CYLINDRICAL_SURFACE('',#1570,0.25);
#1382=CYLINDRICAL_SURFACE('',#1578,0.5);
#1383=CYLINDRICAL_SURFACE('',#1585,0.25);
#1384=CYLINDRICAL_SURFACE('',#1592,0.5);
#1385=CYLINDRICAL_SURFACE('',#1600,0.25);
#1386=CYLINDRICAL_SURFACE('',#1602,0.15);
#1387=CYLINDRICAL_SURFACE('',#1607,0.15);
#1388=CYLINDRICAL_SURFACE('',#1609,0.15);
#1389=CYLINDRICAL_SURFACE('',#1611,0.15);
#1390=CYLINDRICAL_SURFACE('',#1613,0.15);
#1391=CYLINDRICAL_SURFACE('',#1615,0.15);
#1392=CYLINDRICAL_SURFACE('',#1616,0.15);
#1393=CYLINDRICAL_SURFACE('',#1618,0.15);
#1394=CYLINDRICAL_SURFACE('',#1620,2.);
#1395=CYLINDRICAL_SURFACE('',#1622,2.);
#1396=CYLINDRICAL_SURFACE('',#1626,2.);
#1397=CYLINDRICAL_SURFACE('',#1630,2.);
#1398=CYLINDRICAL_SURFACE('',#1634,0.0820000000000001);
#1399=CYLINDRICAL_SURFACE('',#1636,0.0819999999999999);
#1400=CYLINDRICAL_SURFACE('',#1638,0.0819999999999999);
#1401=CYLINDRICAL_SURFACE('',#1640,0.0819999999999999);
#1402=CYLINDRICAL_SURFACE('',#1642,0.082);
#1403=CYLINDRICAL_SURFACE('',#1644,0.0820000000000001);
#1404=CYLINDRICAL_SURFACE('',#1646,0.0820000000000001);
#1405=CYLINDRICAL_SURFACE('',#1648,0.0819999999999999);
#1406=CYLINDRICAL_SURFACE('',#1650,0.082);
#1407=CYLINDRICAL_SURFACE('',#1652,0.0820000000000001);
#1408=CYLINDRICAL_SURFACE('',#1654,0.0819999999999999);
#1409=CYLINDRICAL_SURFACE('',#1656,0.0819999999999999);
#1410=CYLINDRICAL_SURFACE('',#1658,1.6);
#1411=ADVANCED_FACE('',(#103),#1370,.F.);
#1412=ADVANCED_FACE('',(#104),#1371,.F.);
#1413=ADVANCED_FACE('',(#105),#1372,.F.);
#1414=ADVANCED_FACE('',(#106),#1373,.F.);
#1415=ADVANCED_FACE('',(#107),#1374,.F.);
#1416=ADVANCED_FACE('',(#108),#1375,.F.);
#1417=ADVANCED_FACE('',(#109),#1376,.F.);
#1418=ADVANCED_FACE('',(#110),#1377,.F.);
#1419=ADVANCED_FACE('',(#111,#23,#24),#65,.T.);
#1420=ADVANCED_FACE('',(#112),#21,.T.);
#1421=ADVANCED_FACE('',(#113),#1378,.T.);
#1422=ADVANCED_FACE('',(#114),#66,.T.);
#1423=ADVANCED_FACE('',(#115),#67,.T.);
#1424=ADVANCED_FACE('',(#116,#25,#26,#27,#28,#29,#30,#31,#32,#33,#34,#35,
#36,#37),#68,.F.);
#1425=ADVANCED_FACE('',(#117),#69,.T.);
#1426=ADVANCED_FACE('',(#118),#1379,.F.);
#1427=ADVANCED_FACE('',(#119,#38,#39),#70,.T.);
#1428=ADVANCED_FACE('',(#120),#71,.T.);
#1429=ADVANCED_FACE('',(#121),#1380,.T.);
#1430=ADVANCED_FACE('',(#122),#72,.T.);
#1431=ADVANCED_FACE('',(#123),#73,.T.);
#1432=ADVANCED_FACE('',(#124,#40,#41),#74,.F.);
#1433=ADVANCED_FACE('',(#125),#75,.T.);
#1434=ADVANCED_FACE('',(#126),#1381,.F.);
#1435=ADVANCED_FACE('',(#127,#42,#43),#76,.T.);
#1436=ADVANCED_FACE('',(#128),#77,.T.);
#1437=ADVANCED_FACE('',(#129),#1382,.T.);
#1438=ADVANCED_FACE('',(#130),#78,.T.);
#1439=ADVANCED_FACE('',(#131),#79,.T.);
#1440=ADVANCED_FACE('',(#132,#44,#45),#80,.F.);
#1441=ADVANCED_FACE('',(#133),#81,.T.);
#1442=ADVANCED_FACE('',(#134),#1383,.F.);
#1443=ADVANCED_FACE('',(#135,#46,#47),#82,.T.);
#1444=ADVANCED_FACE('',(#136),#83,.T.);
#1445=ADVANCED_FACE('',(#137),#1384,.T.);
#1446=ADVANCED_FACE('',(#138),#84,.T.);
#1447=ADVANCED_FACE('',(#139),#85,.T.);
#1448=ADVANCED_FACE('',(#140,#48,#49),#86,.F.);
#1449=ADVANCED_FACE('',(#141),#87,.T.);
#1450=ADVANCED_FACE('',(#142),#1385,.F.);
#1451=ADVANCED_FACE('',(#143),#1386,.T.);
#1452=ADVANCED_FACE('',(#144),#88,.T.);
#1453=ADVANCED_FACE('',(#145,#50,#51),#89,.F.);
#1454=ADVANCED_FACE('',(#146),#1387,.T.);
#1455=ADVANCED_FACE('',(#147),#90,.T.);
#1456=ADVANCED_FACE('',(#148),#1388,.T.);
#1457=ADVANCED_FACE('',(#149),#91,.T.);
#1458=ADVANCED_FACE('',(#150),#1389,.T.);
#1459=ADVANCED_FACE('',(#151),#92,.T.);
#1460=ADVANCED_FACE('',(#152),#1390,.T.);
#1461=ADVANCED_FACE('',(#153),#93,.T.);
#1462=ADVANCED_FACE('',(#154),#1391,.T.);
#1463=ADVANCED_FACE('',(#155),#1392,.T.);
#1464=ADVANCED_FACE('',(#156),#94,.T.);
#1465=ADVANCED_FACE('',(#157),#1393,.T.);
#1466=ADVANCED_FACE('',(#158),#95,.T.);
#1467=ADVANCED_FACE('',(#159),#22,.T.);
#1468=ADVANCED_FACE('',(#160),#1394,.T.);
#1469=ADVANCED_FACE('',(#161),#1395,.T.);
#1470=ADVANCED_FACE('',(#162),#96,.T.);
#1471=ADVANCED_FACE('',(#163),#97,.T.);
#1472=ADVANCED_FACE('',(#164),#1396,.T.);
#1473=ADVANCED_FACE('',(#165),#98,.T.);
#1474=ADVANCED_FACE('',(#166),#99,.T.);
#1475=ADVANCED_FACE('',(#167),#1397,.T.);
#1476=ADVANCED_FACE('',(#168),#100,.T.);
#1477=ADVANCED_FACE('',(#169),#101,.T.);
#1478=ADVANCED_FACE('',(#170),#1398,.F.);
#1479=ADVANCED_FACE('',(#171),#1399,.F.);
#1480=ADVANCED_FACE('',(#172),#1400,.F.);
#1481=ADVANCED_FACE('',(#173),#1401,.F.);
#1482=ADVANCED_FACE('',(#174),#1402,.F.);
#1483=ADVANCED_FACE('',(#175),#1403,.F.);
#1484=ADVANCED_FACE('',(#176),#1404,.F.);
#1485=ADVANCED_FACE('',(#177),#1405,.F.);
#1486=ADVANCED_FACE('',(#178),#1406,.F.);
#1487=ADVANCED_FACE('',(#179),#1407,.F.);
#1488=ADVANCED_FACE('',(#180),#1408,.F.);
#1489=ADVANCED_FACE('',(#181),#1409,.F.);
#1490=ADVANCED_FACE('',(#182),#1410,.F.);
#1491=ADVANCED_FACE('',(#183,#52,#53,#54,#55,#56,#57,#58,#59,#60,#61,#62,
#63,#64),#102,.T.);
#1492=CLOSED_SHELL('',(#1411,#1412,#1413,#1414,#1415,#1416,#1417,#1418,
#1419,#1420,#1421,#1422,#1423,#1424,#1425,#1426,#1427,#1428,#1429,#1430,
#1431,#1432,#1433,#1434,#1435,#1436,#1437,#1438,#1439,#1440,#1441,#1442,
#1443,#1444,#1445,#1446,#1447,#1448,#1449,#1450,#1451,#1452,#1453,#1454,
#1455,#1456,#1457,#1458,#1459,#1460,#1461,#1462,#1463,#1464,#1465,#1466,
#1467,#1468,#1469,#1470,#1471,#1472,#1473,#1474,#1475,#1476,#1477,#1478,
#1479,#1480,#1481,#1482,#1483,#1484,#1485,#1486,#1487,#1488,#1489,#1490,
#1491));
#1493=DERIVED_UNIT_ELEMENT(#1495,1.);
#1494=DERIVED_UNIT_ELEMENT(#2587,-3.);
#1495=(
MASS_UNIT()
NAMED_UNIT(*)
SI_UNIT(.KILO.,.GRAM.)
);
#1496=DERIVED_UNIT((#1493,#1494));
#1497=MEASURE_REPRESENTATION_ITEM('density measure',
POSITIVE_RATIO_MEASURE(7850.),#1496);
#1498=PROPERTY_DEFINITION_REPRESENTATION(#1503,#1500);
#1499=PROPERTY_DEFINITION_REPRESENTATION(#1504,#1501);
#1500=REPRESENTATION('material name',(#1502),#2582);
#1501=REPRESENTATION('density',(#1497),#2582);
#1502=DESCRIPTIVE_REPRESENTATION_ITEM('Steel','Steel');
#1503=PROPERTY_DEFINITION('material property','material name',#2595);
#1504=PROPERTY_DEFINITION('material property','density of part',#2595);
#1505=AXIS2_PLACEMENT_3D('',#2096,#1661,#1662);
#1506=AXIS2_PLACEMENT_3D('',#2097,#1663,#1664);
#1507=AXIS2_PLACEMENT_3D('',#2099,#1665,#1666);
#1508=AXIS2_PLACEMENT_3D('',#2102,#1668,#1669);
#1509=AXIS2_PLACEMENT_3D('',#2103,#1670,#1671);
#1510=AXIS2_PLACEMENT_3D('',#2105,#1672,#1673);
#1511=AXIS2_PLACEMENT_3D('',#2108,#1675,#1676);
#1512=AXIS2_PLACEMENT_3D('',#2109,#1677,#1678);
#1513=AXIS2_PLACEMENT_3D('',#2111,#1679,#1680);
#1514=AXIS2_PLACEMENT_3D('',#2114,#1682,#1683);
#1515=AXIS2_PLACEMENT_3D('',#2115,#1684,#1685);
#1516=AXIS2_PLACEMENT_3D('',#2117,#1686,#1687);
#1517=AXIS2_PLACEMENT_3D('',#2120,#1689,#1690);
#1518=AXIS2_PLACEMENT_3D('',#2121,#1691,#1692);
#1519=AXIS2_PLACEMENT_3D('',#2123,#1693,#1694);
#1520=AXIS2_PLACEMENT_3D('',#2126,#1696,#1697);
#1521=AXIS2_PLACEMENT_3D('',#2127,#1698,#1699);
#1522=AXIS2_PLACEMENT_3D('',#2129,#1700,#1701);
#1523=AXIS2_PLACEMENT_3D('',#2132,#1703,#1704);
#1524=AXIS2_PLACEMENT_3D('',#2133,#1705,#1706);
#1525=AXIS2_PLACEMENT_3D('',#2135,#1707,#1708);
#1526=AXIS2_PLACEMENT_3D('',#2138,#1710,#1711);
#1527=AXIS2_PLACEMENT_3D('',#2139,#1712,#1713);
#1528=AXIS2_PLACEMENT_3D('',#2141,#1714,#1715);
#1529=AXIS2_PLACEMENT_3D('',#2144,#1717,#1718);
#1530=AXIS2_PLACEMENT_3D('',#2145,#1719,#1720);
#1531=AXIS2_PLACEMENT_3D('',#2152,#1723,#1724);
#1532=AXIS2_PLACEMENT_3D('',#2156,#1726,#1727);
#1533=AXIS2_PLACEMENT_3D('',#2197,#1731,#1732);
#1534=AXIS2_PLACEMENT_3D('',#2209,#1735,#1736);
#1535=AXIS2_PLACEMENT_3D('',#2214,#1740,#1741);
#1536=AXIS2_PLACEMENT_3D('',#2218,#1744,#1745);
#1537=AXIS2_PLACEMENT_3D('',#2222,#1747,#1748);
#1538=AXIS2_PLACEMENT_3D('',#2232,#1753,#1754);
#1539=AXIS2_PLACEMENT_3D('',#2240,#1758,#1759);
#1540=AXIS2_PLACEMENT_3D('',#2248,#1763,#1764);
#1541=AXIS2_PLACEMENT_3D('',#2253,#1767,#1768);
#1542=AXIS2_PLACEMENT_3D('',#2255,#1769,#1770);
#1543=AXIS2_PLACEMENT_3D('',#2257,#1771,#1772);
#1544=AXIS2_PLACEMENT_3D('',#2259,#1773,#1774);
#1545=AXIS2_PLACEMENT_3D('',#2261,#1775,#1776);
#1546=AXIS2_PLACEMENT_3D('',#2263,#1777,#1778);
#1547=AXIS2_PLACEMENT_3D('',#2265,#1779,#1780);
#1548=AXIS2_PLACEMENT_3D('',#2267,#1781,#1782);
#1549=AXIS2_PLACEMENT_3D('',#2269,#1783,#1784);
#1550=AXIS2_PLACEMENT_3D('',#2271,#1785,#1786);
#1551=AXIS2_PLACEMENT_3D('',#2273,#1787,#1788);
#1552=AXIS2_PLACEMENT_3D('',#2275,#1789,#1790);
#1553=AXIS2_PLACEMENT_3D('',#2277,#1791,#1792);
#1554=AXIS2_PLACEMENT_3D('',#2278,#1793,#1794);
#1555=AXIS2_PLACEMENT_3D('',#2284,#1798,#1799);
#1556=AXIS2_PLACEMENT_3D('',#2293,#1801,#1802);
#1557=AXIS2_PLACEMENT_3D('',#2300,#1805,#1806);
#1558=AXIS2_PLACEMENT_3D('',#2304,#1808,#1809);
#1559=AXIS2_PLACEMENT_3D('',#2306,#1811,#1812);
#1560=AXIS2_PLACEMENT_3D('',#2309,#1814,#1815);
#1561=AXIS2_PLACEMENT_3D('',#2312,#1817,#1818);
#1562=AXIS2_PLACEMENT_3D('',#2313,#1819,#1820);
#1563=AXIS2_PLACEMENT_3D('',#2316,#1822,#1823);
#1564=AXIS2_PLACEMENT_3D('',#2317,#1824,#1825);
#1565=AXIS2_PLACEMENT_3D('',#2322,#1829,#1830);
#1566=AXIS2_PLACEMENT_3D('',#2326,#1833,#1834);
#1567=AXIS2_PLACEMENT_3D('',#2328,#1835,#1836);
#1568=AXIS2_PLACEMENT_3D('',#2331,#1838,#1839);
#1569=AXIS2_PLACEMENT_3D('',#2332,#1840,#1841);
#1570=AXIS2_PLACEMENT_3D('',#2338,#1845,#1846);
#1571=AXIS2_PLACEMENT_3D('',#2340,#1848,#1849);
#1572=AXIS2_PLACEMENT_3D('',#2341,#1850,#1851);
#1573=AXIS2_PLACEMENT_3D('',#2348,#1854,#1855);
#1574=AXIS2_PLACEMENT_3D('',#2352,#1857,#1858);
#1575=AXIS2_PLACEMENT_3D('',#2354,#1860,#1861);
#1576=AXIS2_PLACEMENT_3D('',#2357,#1863,#1864);
#1577=AXIS2_PLACEMENT_3D('',#2360,#1866,#1867);
#1578=AXIS2_PLACEMENT_3D('',#2361,#1868,#1869);
#1579=AXIS2_PLACEMENT_3D('',#2371,#1871,#1872);
#1580=AXIS2_PLACEMENT_3D('',#2376,#1876,#1877);
#1581=AXIS2_PLACEMENT_3D('',#2380,#1880,#1881);
#1582=AXIS2_PLACEMENT_3D('',#2382,#1882,#1883);
#1583=AXIS2_PLACEMENT_3D('',#2385,#1885,#1886);
#1584=AXIS2_PLACEMENT_3D('',#2386,#1887,#1888);
#1585=AXIS2_PLACEMENT_3D('',#2392,#1892,#1893);
#1586=AXIS2_PLACEMENT_3D('',#2398,#1895,#1896);
#1587=AXIS2_PLACEMENT_3D('',#2405,#1899,#1900);
#1588=AXIS2_PLACEMENT_3D('',#2409,#1902,#1903);
#1589=AXIS2_PLACEMENT_3D('',#2411,#1905,#1906);
#1590=AXIS2_PLACEMENT_3D('',#2414,#1908,#1909);
#1591=AXIS2_PLACEMENT_3D('',#2417,#1911,#1912);
#1592=AXIS2_PLACEMENT_3D('',#2418,#1913,#1914);
#1593=AXIS2_PLACEMENT_3D('',#2421,#1916,#1917);
#1594=AXIS2_PLACEMENT_3D('',#2422,#1918,#1919);
#1595=AXIS2_PLACEMENT_3D('',#2427,#1923,#1924);
#1596=AXIS2_PLACEMENT_3D('',#2431,#1927,#1928);
#1597=AXIS2_PLACEMENT_3D('',#2433,#1929,#1930);
#1598=AXIS2_PLACEMENT_3D('',#2436,#1932,#1933);
#1599=AXIS2_PLACEMENT_3D('',#2437,#1934,#1935);
#1600=AXIS2_PLACEMENT_3D('',#2443,#1939,#1940);
#1601=AXIS2_PLACEMENT_3D('',#2445,#1942,#1943);
#1602=AXIS2_PLACEMENT_3D('',#2446,#1944,#1945);
#1603=AXIS2_PLACEMENT_3D('',#2448,#1947,#1948);
#1604=AXIS2_PLACEMENT_3D('',#2452,#1951,#1952);
#1605=AXIS2_PLACEMENT_3D('',#2454,#1953,#1954);
#1606=AXIS2_PLACEMENT_3D('',#2457,#1956,#1957);
#1607=AXIS2_PLACEMENT_3D('',#2458,#1958,#1959);
#1608=AXIS2_PLACEMENT_3D('',#2460,#1961,#1962);
#1609=AXIS2_PLACEMENT_3D('',#2462,#1964,#1965);
#1610=AXIS2_PLACEMENT_3D('',#2464,#1967,#1968);
#1611=AXIS2_PLACEMENT_3D('',#2465,#1969,#1970);
#1612=AXIS2_PLACEMENT_3D('',#2466,#1971,#1972);
#1613=AXIS2_PLACEMENT_3D('',#2470,#1975,#1976);
#1614=AXIS2_PLACEMENT_3D('',#2472,#1978,#1979);
#1615=AXIS2_PLACEMENT_3D('',#2474,#1981,#1982);
#1616=AXIS2_PLACEMENT_3D('',#2475,#1983,#1984);
#1617=AXIS2_PLACEMENT_3D('',#2477,#1986,#1987);
#1618=AXIS2_PLACEMENT_3D('',#2479,#1989,#1990);
#1619=AXIS2_PLACEMENT_3D('',#2480,#1991,#1992);
#1620=AXIS2_PLACEMENT_3D('',#2504,#1995,#1996);
#1621=AXIS2_PLACEMENT_3D('',#2505,#1997,#1998);
#1622=AXIS2_PLACEMENT_3D('',#2506,#1999,#2000);
#1623=AXIS2_PLACEMENT_3D('',#2508,#2001,#2002);
#1624=AXIS2_PLACEMENT_3D('',#2510,#2004,#2005);
#1625=AXIS2_PLACEMENT_3D('',#2512,#2007,#2008);
#1626=AXIS2_PLACEMENT_3D('',#2513,#2009,#2010);
#1627=AXIS2_PLACEMENT_3D('',#2515,#2011,#2012);
#1628=AXIS2_PLACEMENT_3D('',#2517,#2014,#2015);
#1629=AXIS2_PLACEMENT_3D('',#2521,#2018,#2019);
#1630=AXIS2_PLACEMENT_3D('',#2522,#2020,#2021);
#1631=AXIS2_PLACEMENT_3D('',#2523,#2022,#2023);
#1632=AXIS2_PLACEMENT_3D('',#2524,#2024,#2025);
#1633=AXIS2_PLACEMENT_3D('',#2526,#2027,#2028);
#1634=AXIS2_PLACEMENT_3D('',#2527,#2029,#2030);
#1635=AXIS2_PLACEMENT_3D('',#2529,#2031,#2032);
#1636=AXIS2_PLACEMENT_3D('',#2531,#2034,#2035);
#1637=AXIS2_PLACEMENT_3D('',#2533,#2036,#2037);
#1638=AXIS2_PLACEMENT_3D('',#2535,#2039,#2040);
#1639=AXIS2_PLACEMENT_3D('',#2537,#2041,#2042);
#1640=AXIS2_PLACEMENT_3D('',#2539,#2044,#2045);
#1641=AXIS2_PLACEMENT_3D('',#2541,#2046,#2047);
#1642=AXIS2_PLACEMENT_3D('',#2543,#2049,#2050);
#1643=AXIS2_PLACEMENT_3D('',#2545,#2051,#2052);
#1644=AXIS2_PLACEMENT_3D('',#2547,#2054,#2055);
#1645=AXIS2_PLACEMENT_3D('',#2549,#2056,#2057);
#1646=AXIS2_PLACEMENT_3D('',#2551,#2059,#2060);
#1647=AXIS2_PLACEMENT_3D('',#2553,#2061,#2062);
#1648=AXIS2_PLACEMENT_3D('',#2555,#2064,#2065);
#1649=AXIS2_PLACEMENT_3D('',#2557,#2066,#2067);
#1650=AXIS2_PLACEMENT_3D('',#2559,#2069,#2070);
#1651=AXIS2_PLACEMENT_3D('',#2561,#2071,#2072);
#1652=AXIS2_PLACEMENT_3D('',#2563,#2074,#2075);
#1653=AXIS2_PLACEMENT_3D('',#2565,#2076,#2077);
#1654=AXIS2_PLACEMENT_3D('',#2567,#2079,#2080);
#1655=AXIS2_PLACEMENT_3D('',#2569,#2081,#2082);
#1656=AXIS2_PLACEMENT_3D('',#2571,#2084,#2085);
#1657=AXIS2_PLACEMENT_3D('',#2573,#2086,#2087);
#1658=AXIS2_PLACEMENT_3D('',#2575,#2089,#2090);
#1659=AXIS2_PLACEMENT_3D('',#2577,#2091,#2092);
#1660=AXIS2_PLACEMENT_3D('',#2579,#2094,#2095);
#1661=DIRECTION('axis',(0.,0.,1.));
#1662=DIRECTION('refdir',(1.,0.,0.));
#1663=DIRECTION('center_axis',(0.,0.707106781186548,-0.707106781186547));
#1664=DIRECTION('ref_axis',(1.,0.,0.));
#1665=DIRECTION('center_axis',(0.,0.707106781186548,-0.707106781186547));
#1666=DIRECTION('ref_axis',(1.,0.,0.));
#1667=DIRECTION('',(0.,0.707106781186548,-0.707106781186547));
#1668=DIRECTION('center_axis',(0.,-0.707106781186548,0.707106781186547));
#1669=DIRECTION('ref_axis',(1.,0.,0.));
#1670=DIRECTION('center_axis',(0.,0.707106781186548,-0.707106781186547));
#1671=DIRECTION('ref_axis',(1.,0.,0.));
#1672=DIRECTION('center_axis',(0.,0.707106781186548,-0.707106781186547));
#1673=DIRECTION('ref_axis',(1.,0.,0.));
#1674=DIRECTION('',(0.,0.707106781186548,-0.707106781186547));
#1675=DIRECTION('center_axis',(0.,-0.707106781186548,0.707106781186547));
#1676=DIRECTION('ref_axis',(1.,0.,0.));
#1677=DIRECTION('center_axis',(-0.707106781186547,0.,-0.707106781186548));
#1678=DIRECTION('ref_axis',(0.,1.,0.));
#1679=DIRECTION('center_axis',(-0.707106781186547,0.,-0.707106781186548));
#1680=DIRECTION('ref_axis',(0.,1.,0.));
#1681=DIRECTION('',(-0.707106781186547,0.,-0.707106781186548));
#1682=DIRECTION('center_axis',(0.707106781186547,0.,0.707106781186548));
#1683=DIRECTION('ref_axis',(0.,1.,0.));
#1684=DIRECTION('center_axis',(-0.707106781186547,0.,-0.707106781186548));
#1685=DIRECTION('ref_axis',(0.,1.,0.));
#1686=DIRECTION('center_axis',(-0.707106781186547,0.,-0.707106781186548));
#1687=DIRECTION('ref_axis',(0.,1.,0.));
#1688=DIRECTION('',(-0.707106781186547,0.,-0.707106781186548));
#1689=DIRECTION('center_axis',(0.707106781186547,0.,0.707106781186548));
#1690=DIRECTION('ref_axis',(0.,1.,0.));
#1691=DIRECTION('center_axis',(0.,-0.707106781186547,-0.707106781186548));
#1692=DIRECTION('ref_axis',(-1.,0.,0.));
#1693=DIRECTION('center_axis',(0.,-0.707106781186547,-0.707106781186548));
#1694=DIRECTION('ref_axis',(-1.,0.,0.));
#1695=DIRECTION('',(0.,-0.707106781186547,-0.707106781186549));
#1696=DIRECTION('center_axis',(0.,0.707106781186547,0.707106781186548));
#1697=DIRECTION('ref_axis',(-1.,0.,0.));
#1698=DIRECTION('center_axis',(0.,-0.707106781186547,-0.707106781186548));
#1699=DIRECTION('ref_axis',(-1.,0.,0.));
#1700=DIRECTION('center_axis',(0.,-0.707106781186547,-0.707106781186548));
#1701=DIRECTION('ref_axis',(-1.,0.,0.));
#1702=DIRECTION('',(0.,-0.707106781186547,-0.707106781186548));
#1703=DIRECTION('center_axis',(0.,0.707106781186547,0.707106781186548));
#1704=DIRECTION('ref_axis',(-1.,0.,0.));
#1705=DIRECTION('center_axis',(0.707106781186547,-1.74838271594513E-16,
-0.707106781186548));
#1706=DIRECTION('ref_axis',(-2.40188171465197E-16,-1.,7.07048344563385E-18));
#1707=DIRECTION('center_axis',(0.707106781186547,-1.64839098013163E-16,
-0.707106781186548));
#1708=DIRECTION('ref_axis',(-2.40188171465197E-16,-1.,7.07048344563385E-18));
#1709=DIRECTION('',(0.707106781186547,-1.74838271594513E-16,-0.707106781186548));
#1710=DIRECTION('center_axis',(-0.707106781186547,1.64839098013163E-16,
0.707106781186548));
#1711=DIRECTION('ref_axis',(-2.40188171465197E-16,-1.,7.07048344563385E-18));
#1712=DIRECTION('center_axis',(0.707106781186547,-1.74838271594513E-16,
-0.707106781186548));
#1713=DIRECTION('ref_axis',(-2.40188171465197E-16,-1.,7.07048344563387E-18));
#1714=DIRECTION('center_axis',(0.707106781186547,-1.64839098013163E-16,
-0.707106781186548));
#1715=DIRECTION('ref_axis',(-2.40188171465197E-16,-1.,7.07048344563387E-18));
#1716=DIRECTION('',(0.707106781186547,-1.74838271594513E-16,-0.707106781186548));
#1717=DIRECTION('center_axis',(-0.707106781186547,1.64839098013163E-16,
0.707106781186548));
#1718=DIRECTION('ref_axis',(-2.40188171465197E-16,-1.,7.07048344563387E-18));
#1719=DIRECTION('center_axis',(0.,-0.707106781186548,0.707106781186547));
#1720=DIRECTION('ref_axis',(1.,0.,0.));
#1721=DIRECTION('',(1.,0.,0.));
#1722=DIRECTION('',(0.00375759583650292,-0.707101789162468,-0.707101789162469));
#1723=DIRECTION('center_axis',(0.,0.707106781186548,-0.707106781186547));
#1724=DIRECTION('ref_axis',(0.705777020086191,0.500938518142823,0.500938518142824));
#1725=DIRECTION('',(1.,7.06448312334591E-16,7.06448312334592E-16));
#1726=DIRECTION('center_axis',(0.,0.707106781186548,-0.707106781186547));
#1727=DIRECTION('ref_axis',(-0.708434046272658,0.499059716908583,0.499059716908583));
#1728=DIRECTION('',(-0.00375759583650292,0.707101789162468,0.707101789162469));
#1729=DIRECTION('',(0.,-0.707106781186548,0.707106781186547));
#1730=DIRECTION('',(0.,0.,1.));
#1731=DIRECTION('center_axis',(1.,0.,0.));
#1732=DIRECTION('ref_axis',(0.,0.,-1.));
#1733=DIRECTION('',(-1.,0.,0.));
#1734=DIRECTION('',(-1.,0.,0.));
#1735=DIRECTION('center_axis',(0.999992940211844,0.00265702149694955,0.00265702149694955));
#1736=DIRECTION('ref_axis',(0.00375759583650292,-0.707101789162468,-0.707101789162469));
#1737=DIRECTION('',(0.,0.707106781186548,-0.707106781186547));
#1738=DIRECTION('',(0.00375759583650292,-0.707101789162468,-0.707101789162469));
#1739=DIRECTION('',(0.,0.707106781186548,-0.707106781186547));
#1740=DIRECTION('center_axis',(-0.999992940211844,-0.00265702149694955,
-0.00265702149694956));
#1741=DIRECTION('ref_axis',(-0.00375759583650292,0.707101789162468,0.707101789162469));
#1742=DIRECTION('',(0.,-0.707106781186548,0.707106781186547));
#1743=DIRECTION('',(-0.00375759583650292,0.707101789162468,0.707101789162469));
#1744=DIRECTION('center_axis',(0.,0.,1.));
#1745=DIRECTION('ref_axis',(1.,0.,0.));
#1746=DIRECTION('',(0.00375759583650292,-0.999992940211844,0.));
#1747=DIRECTION('center_axis',(0.,0.,1.));
#1748=DIRECTION('ref_axis',(1.,0.,0.));
#1749=DIRECTION('',(-0.176119488302008,0.984368795645331,0.));
#1750=DIRECTION('',(1.,-1.5984331745951E-16,0.));
#1751=DIRECTION('',(2.37633598870287E-16,1.,0.));
#1752=DIRECTION('',(-1.,2.39127106711047E-16,0.));
#1753=DIRECTION('center_axis',(0.,0.,1.));
#1754=DIRECTION('ref_axis',(1.,0.,0.));
#1755=DIRECTION('',(0.,-1.,0.));
#1756=DIRECTION('',(1.,0.,0.));
#1757=DIRECTION('',(6.77257280342846E-9,1.,0.));
#1758=DIRECTION('center_axis',(0.,0.,1.));
#1759=DIRECTION('ref_axis',(1.,0.,0.));
#1760=DIRECTION('',(-1.,0.,0.));
#1761=DIRECTION('',(0.,-1.,0.));
#1762=DIRECTION('',(1.,0.,0.));
#1763=DIRECTION('center_axis',(0.,0.,1.));
#1764=DIRECTION('ref_axis',(1.,0.,0.));
#1765=DIRECTION('',(-0.984519229509778,-0.175276600621629,0.));
#1766=DIRECTION('',(-0.00375759583650292,0.999992940211844,0.));
#1767=DIRECTION('center_axis',(0.,0.,1.));
#1768=DIRECTION('ref_axis',(-1.,0.,0.));
#1769=DIRECTION('center_axis',(0.,0.,1.));
#1770=DIRECTION('ref_axis',(-1.,0.,0.));
#1771=DIRECTION('center_axis',(0.,0.,1.));
#1772=DIRECTION('ref_axis',(-1.,0.,0.));
#1773=DIRECTION('center_axis',(0.,0.,1.));
#1774=DIRECTION('ref_axis',(-1.,0.,0.));
#1775=DIRECTION('center_axis',(0.,0.,1.));
#1776=DIRECTION('ref_axis',(-1.,0.,0.));
#1777=DIRECTION('center_axis',(0.,0.,1.));
#1778=DIRECTION('ref_axis',(-1.,0.,0.));
#1779=DIRECTION('center_axis',(0.,0.,1.));
#1780=DIRECTION('ref_axis',(-1.,0.,0.));
#1781=DIRECTION('center_axis',(0.,0.,1.));
#1782=DIRECTION('ref_axis',(-1.,0.,0.));
#1783=DIRECTION('center_axis',(0.,0.,1.));
#1784=DIRECTION('ref_axis',(-1.,0.,0.));
#1785=DIRECTION('center_axis',(0.,0.,1.));
#1786=DIRECTION('ref_axis',(-1.,0.,0.));
#1787=DIRECTION('center_axis',(0.,0.,1.));
#1788=DIRECTION('ref_axis',(-1.,0.,0.));
#1789=DIRECTION('center_axis',(0.,0.,1.));
#1790=DIRECTION('ref_axis',(-1.,0.,0.));
#1791=DIRECTION('center_axis',(0.,0.,-1.));
#1792=DIRECTION('ref_axis',(1.,0.,0.));
#1793=DIRECTION('center_axis',(0.999992940211844,0.00375759583650292,0.));
#1794=DIRECTION('ref_axis',(0.00375759583650292,-0.999992940211844,0.));
#1795=DIRECTION('',(0.,0.,-1.));
#1796=DIRECTION('',(0.00375759583650292,-0.999992940211844,0.));
#1797=DIRECTION('',(0.,0.,1.));
#1798=DIRECTION('center_axis',(1.,0.,0.));
#1799=DIRECTION('ref_axis',(0.,0.,-1.));
#1800=DIRECTION('',(1.,0.,0.));
#1801=DIRECTION('center_axis',(-0.707106781186547,1.64839098013163E-16,
0.707106781186548));
#1802=DIRECTION('ref_axis',(0.707106781186548,6.82785900063999E-17,0.707106781186547));
#1803=DIRECTION('',(-2.36310919205344E-16,-1.,-3.1932311857805E-18));
#1804=DIRECTION('',(-0.707106781186548,1.70848516704647E-16,-0.707106781186547));
#1805=DIRECTION('center_axis',(0.707106781186547,-1.64839098013163E-16,
-0.707106781186548));
#1806=DIRECTION('ref_axis',(0.5,-0.707106781186547,0.5));
#1807=DIRECTION('',(-4.21505239879016E-16,-1.,-1.88387551859452E-16));
#1808=DIRECTION('center_axis',(0.707106781186547,-1.64839098013163E-16,
-0.707106781186548));
#1809=DIRECTION('ref_axis',(0.500000000000001,0.707106781186547,0.5));
#1810=DIRECTION('',(0.707106781186548,-9.15647274531103E-17,0.707106781186547));
#1811=DIRECTION('center_axis',(2.33117688019563E-16,1.,0.));
#1812=DIRECTION('ref_axis',(0.,0.,1.));
#1813=DIRECTION('',(-0.707106781186547,1.64839098013163E-16,0.707106781186548));
#1814=DIRECTION('center_axis',(-2.33117688019563E-16,-1.,0.));
#1815=DIRECTION('ref_axis',(0.,0.,-1.));
#1816=DIRECTION('',(0.,0.,1.));
#1817=DIRECTION('center_axis',(-2.33117688019563E-16,-1.,0.));
#1818=DIRECTION('ref_axis',(0.,0.,-1.));
#1819=DIRECTION('center_axis',(-2.33117688019563E-16,-1.,0.));
#1820=DIRECTION('ref_axis',(0.,0.,-1.));
#1821=DIRECTION('',(2.36310919205344E-16,1.,3.1932311857805E-18));
#1822=DIRECTION('center_axis',(2.33117688019563E-16,1.,0.));
#1823=DIRECTION('ref_axis',(0.707106781186546,-1.74838271594513E-16,-0.707106781186549));
#1824=DIRECTION('center_axis',(-2.37366988727301E-16,-1.,-4.24930070773741E-18));
#1825=DIRECTION('ref_axis',(-0.707106781186548,1.70848516704647E-16,-0.707106781186547));
#1826=DIRECTION('',(0.707106781186547,-1.64839098013163E-16,-0.707106781186548));
#1827=DIRECTION('',(-0.707106781186548,1.70848516704647E-16,-0.707106781186547));
#1828=DIRECTION('',(0.707106781186547,-1.64839098013163E-16,-0.707106781186548));
#1829=DIRECTION('center_axis',(1.81304883709374E-16,1.,-5.18128043101893E-17));
#1830=DIRECTION('ref_axis',(0.707106781186548,-9.15647274531103E-17,0.707106781186547));
#1831=DIRECTION('',(-0.707106781186547,1.64839098013163E-16,0.707106781186548));
#1832=DIRECTION('',(0.707106781186548,-9.15647274531103E-17,0.707106781186547));
#1833=DIRECTION('center_axis',(0.,-0.707106781186548,0.707106781186547));
#1834=DIRECTION('ref_axis',(1.,0.,0.));
#1835=DIRECTION('center_axis',(0.,-0.707106781186548,0.707106781186547));
#1836=DIRECTION('ref_axis',(-0.708434046272658,0.499059716908583,0.499059716908583));
#1837=DIRECTION('',(1.,7.06448312334591E-16,7.06448312334592E-16));
#1838=DIRECTION('center_axis',(0.,-0.707106781186548,0.707106781186547));
#1839=DIRECTION('ref_axis',(0.705777020086191,0.500938518142823,0.500938518142824));
#1840=DIRECTION('center_axis',(-2.39127106711047E-16,-1.,0.));
#1841=DIRECTION('ref_axis',(-1.,2.39127106711047E-16,0.));
#1842=DIRECTION('',(0.,0.,-1.));
#1843=DIRECTION('',(-1.,2.39127106711047E-16,0.));
#1844=DIRECTION('',(0.,0.,1.));
#1845=DIRECTION('center_axis',(-2.33117688019563E-16,-1.,0.));
#1846=DIRECTION('ref_axis',(0.,0.,-1.));
#1847=DIRECTION('',(-2.37633598870287E-16,-1.,0.));
#1848=DIRECTION('center_axis',(2.33117688019563E-16,1.,0.));
#1849=DIRECTION('ref_axis',(0.707106781186546,0.,-0.707106781186549));
#1850=DIRECTION('center_axis',(0.,0.707106781186547,0.707106781186548));
#1851=DIRECTION('ref_axis',(1.,0.,0.));
#1852=DIRECTION('',(-1.,0.,0.));
#1853=DIRECTION('',(6.77257280342846E-9,0.707106781186548,-0.707106781186547));
#1854=DIRECTION('center_axis',(0.,-0.707106781186547,-0.707106781186548));
#1855=DIRECTION('ref_axis',(-0.707106783581013,-0.499999998306857,0.499999998306856));
#1856=DIRECTION('',(-1.,0.,0.));
#1857=DIRECTION('center_axis',(0.,-0.707106781186547,-0.707106781186548));
#1858=DIRECTION('ref_axis',(0.707106781186547,-0.500000000000001,0.5));
#1859=DIRECTION('',(0.,-0.707106781186548,0.707106781186547));
#1860=DIRECTION('center_axis',(1.,0.,0.));
#1861=DIRECTION('ref_axis',(0.,0.,-1.));
#1862=DIRECTION('',(0.,0.707106781186547,0.707106781186548));
#1863=DIRECTION('center_axis',(-1.,0.,0.));
#1864=DIRECTION('ref_axis',(0.,0.,-1.));
#1865=DIRECTION('',(0.,0.,1.));
#1866=DIRECTION('center_axis',(-1.,0.,0.));
#1867=DIRECTION('ref_axis',(0.,0.,-1.));
#1868=DIRECTION('center_axis',(-1.,0.,0.));
#1869=DIRECTION('ref_axis',(0.,0.,-1.));
#1870=DIRECTION('',(1.,0.,0.));
#1871=DIRECTION('center_axis',(-1.,4.78893215538385E-9,-4.78893215538384E-9));
#1872=DIRECTION('ref_axis',(6.77257280342846E-9,0.707106781186548,-0.707106781186547));
#1873=DIRECTION('',(0.,-0.707106781186547,-0.707106781186548));
#1874=DIRECTION('',(6.77257280342846E-9,0.707106781186548,-0.707106781186547));
#1875=DIRECTION('',(0.,-0.707106781186547,-0.707106781186548));
#1876=DIRECTION('center_axis',(1.,0.,0.));
#1877=DIRECTION('ref_axis',(0.,-0.707106781186548,0.707106781186547));
#1878=DIRECTION('',(0.,0.707106781186547,0.707106781186548));
#1879=DIRECTION('',(0.,-0.707106781186548,0.707106781186547));
#1880=DIRECTION('center_axis',(-0.707106781186547,1.64839098013163E-16,
0.707106781186548));
#1881=DIRECTION('ref_axis',(0.707106781186548,6.82785900063999E-17,0.707106781186547));
#1882=DIRECTION('center_axis',(-0.707106781186547,1.64839098013163E-16,
0.707106781186548));
#1883=DIRECTION('ref_axis',(0.500000000000001,0.707106781186547,0.5));
#1884=DIRECTION('',(-4.21505239879016E-16,-1.,-1.88387551859452E-16));
#1885=DIRECTION('center_axis',(-0.707106781186547,1.64839098013163E-16,
0.707106781186548));
#1886=DIRECTION('ref_axis',(0.5,-0.707106781186547,0.5));
#1887=DIRECTION('center_axis',(-1.,6.77257280342846E-9,0.));
#1888=DIRECTION('ref_axis',(6.77257280342846E-9,1.,0.));
#1889=DIRECTION('',(0.,0.,-1.));
#1890=DIRECTION('',(6.77257280342846E-9,1.,0.));
#1891=DIRECTION('',(0.,0.,1.));
#1892=DIRECTION('center_axis',(-1.,0.,0.));
#1893=DIRECTION('ref_axis',(0.,0.,-1.));
#1894=DIRECTION('',(-1.,0.,0.));
#1895=DIRECTION('center_axis',(0.707106781186547,0.,0.707106781186548));
#1896=DIRECTION('ref_axis',(0.707106781186548,0.,-0.707106781186547));
#1897=DIRECTION('',(0.,1.,0.));
#1898=DIRECTION('',(0.707106781186548,0.,-0.707106781186547));
#1899=DIRECTION('center_axis',(-0.707106781186547,0.,-0.707106781186548));
#1900=DIRECTION('ref_axis',(-0.500000000000001,0.707106781186547,0.5));
#1901=DIRECTION('',(0.,1.,0.));
#1902=DIRECTION('center_axis',(-0.707106781186547,0.,-0.707106781186548));
#1903=DIRECTION('ref_axis',(-0.500000000000001,-0.707106781186547,0.5));
#1904=DIRECTION('',(-0.707106781186548,0.,0.707106781186547));
#1905=DIRECTION('center_axis',(0.,-1.,0.));
#1906=DIRECTION('ref_axis',(0.,0.,-1.));
#1907=DIRECTION('',(0.707106781186547,0.,0.707106781186548));
#1908=DIRECTION('center_axis',(0.,1.,0.));
#1909=DIRECTION('ref_axis',(0.,0.,-1.));
#1910=DIRECTION('',(0.,0.,1.));
#1911=DIRECTION('center_axis',(0.,1.,0.));
#1912=DIRECTION('ref_axis',(0.,0.,-1.));
#1913=DIRECTION('center_axis',(0.,1.,0.));
#1914=DIRECTION('ref_axis',(0.,0.,-1.));
#1915=DIRECTION('',(0.,-1.,0.));
#1916=DIRECTION('center_axis',(0.,-1.,0.));
#1917=DIRECTION('ref_axis',(-0.707106781186547,0.,-0.707106781186548));
#1918=DIRECTION('center_axis',(0.,1.,0.));
#1919=DIRECTION('ref_axis',(0.707106781186548,0.,-0.707106781186547));
#1920=DIRECTION('',(-0.707106781186547,0.,-0.707106781186548));
#1921=DIRECTION('',(0.707106781186548,0.,-0.707106781186547));
#1922=DIRECTION('',(-0.707106781186547,0.,-0.707106781186548));
#1923=DIRECTION('center_axis',(0.,-1.,0.));
#1924=DIRECTION('ref_axis',(-0.707106781186548,0.,0.707106781186547));
#1925=DIRECTION('',(0.707106781186547,0.,0.707106781186548));
#1926=DIRECTION('',(-0.707106781186548,0.,0.707106781186547));
#1927=DIRECTION('center_axis',(0.,0.707106781186547,0.707106781186548));
#1928=DIRECTION('ref_axis',(1.,0.,0.));
#1929=DIRECTION('center_axis',(0.,0.707106781186547,0.707106781186548));
#1930=DIRECTION('ref_axis',(0.707106781186547,-0.500000000000001,0.5));
#1931=DIRECTION('',(-1.,0.,0.));
#1932=DIRECTION('center_axis',(0.,0.707106781186547,0.707106781186548));
#1933=DIRECTION('ref_axis',(-0.707106783581013,-0.499999998306857,0.499999998306856));
#1934=DIRECTION('center_axis',(0.,1.,0.));
#1935=DIRECTION('ref_axis',(1.,0.,0.));
#1936=DIRECTION('',(0.,0.,-1.));
#1937=DIRECTION('',(1.,0.,0.));
#1938=DIRECTION('',(0.,0.,1.));
#1939=DIRECTION('center_axis',(0.,1.,0.));
#1940=DIRECTION('ref_axis',(0.,0.,-1.));
#1941=DIRECTION('',(0.,1.,0.));
#1942=DIRECTION('center_axis',(0.,-1.,0.));
#1943=DIRECTION('ref_axis',(-0.707106781186546,0.,-0.707106781186549));
#1944=DIRECTION('center_axis',(0.707106781186547,-1.64839098013163E-16,
-0.707106781186548));
#1945=DIRECTION('ref_axis',(0.500000000000001,0.707106781186547,0.5));
#1946=DIRECTION('',(0.707106781186547,-1.64839098013163E-16,-0.707106781186548));
#1947=DIRECTION('center_axis',(1.5984331745951E-16,1.,0.));
#1948=DIRECTION('ref_axis',(1.,-1.5984331745951E-16,0.));
#1949=DIRECTION('',(0.,0.,-1.));
#1950=DIRECTION('',(1.,-1.5984331745951E-16,0.));
#1951=DIRECTION('center_axis',(0.707106781186547,0.,0.707106781186548));
#1952=DIRECTION('ref_axis',(0.707106781186548,0.,-0.707106781186547));
#1953=DIRECTION('center_axis',(0.707106781186547,0.,0.707106781186548));
#1954=DIRECTION('ref_axis',(-0.500000000000001,-0.707106781186547,0.5));
#1955=DIRECTION('',(0.,1.,0.));
#1956=DIRECTION('center_axis',(0.707106781186547,0.,0.707106781186548));
#1957=DIRECTION('ref_axis',(-0.500000000000001,0.707106781186547,0.5));
#1958=DIRECTION('center_axis',(0.,0.707106781186548,-0.707106781186547));
#1959=DIRECTION('ref_axis',(0.705777020086191,0.500938518142823,0.500938518142824));
#1960=DIRECTION('',(0.,-0.707106781186548,0.707106781186547));
#1961=DIRECTION('center_axis',(-9.99068784419164E-16,0.707106781186547,
0.707106781186548));
#1962=DIRECTION('ref_axis',(1.,7.06448312334591E-16,7.06448312334592E-16));
#1963=DIRECTION('',(0.,0.707106781186548,-0.707106781186547));
#1964=DIRECTION('center_axis',(0.707106781186547,-1.64839098013163E-16,
-0.707106781186548));
#1965=DIRECTION('ref_axis',(0.5,-0.707106781186547,0.5));
#1966=DIRECTION('',(-0.707106781186547,1.64839098013163E-16,0.707106781186548));
#1967=DIRECTION('center_axis',(0.707106781186548,-4.31259328835065E-16,
0.707106781186547));
#1968=DIRECTION('ref_axis',(-4.21505239879016E-16,-1.,-1.88387551859452E-16));
#1969=DIRECTION('center_axis',(0.,0.707106781186548,-0.707106781186547));
#1970=DIRECTION('ref_axis',(-0.708434046272658,0.499059716908583,0.499059716908583));
#1971=DIRECTION('center_axis',(-0.999992940211844,-0.00375759583650292,
0.));
#1972=DIRECTION('ref_axis',(-0.00375759583650292,0.999992940211844,0.));
#1973=DIRECTION('',(0.,0.,-1.));
#1974=DIRECTION('',(-0.00375759583650292,0.999992940211844,0.));
#1975=DIRECTION('center_axis',(0.,-0.707106781186547,-0.707106781186548));
#1976=DIRECTION('ref_axis',(0.707106781186547,-0.500000000000001,0.5));
#1977=DIRECTION('',(0.,-0.707106781186547,-0.707106781186548));
#1978=DIRECTION('center_axis',(0.,-0.707106781186548,0.707106781186547));
#1979=DIRECTION('ref_axis',(-1.,0.,0.));
#1980=DIRECTION('',(0.,0.707106781186547,0.707106781186548));
#1981=DIRECTION('center_axis',(0.,-0.707106781186547,-0.707106781186548));
#1982=DIRECTION('ref_axis',(-0.707106783581013,-0.499999998306857,0.499999998306856));
#1983=DIRECTION('center_axis',(-0.707106781186547,0.,-0.707106781186548));
#1984=DIRECTION('ref_axis',(-0.500000000000001,0.707106781186547,0.5));
#1985=DIRECTION('',(0.707106781186547,0.,0.707106781186548));
#1986=DIRECTION('center_axis',(-0.707106781186548,0.,0.707106781186547));
#1987=DIRECTION('ref_axis',(0.,1.,0.));
#1988=DIRECTION('',(-0.707106781186547,0.,-0.707106781186548));
#1989=DIRECTION('center_axis',(-0.707106781186547,0.,-0.707106781186548));
#1990=DIRECTION('ref_axis',(-0.500000000000001,-0.707106781186547,0.5));
#1991=DIRECTION('center_axis',(0.175276600621629,-0.984519229509778,0.));
#1992=DIRECTION('ref_axis',(-0.984519229509778,-0.175276600621629,0.));
#1993=DIRECTION('',(0.984519229509778,0.175276600621629,0.));
#1994=DIRECTION('',(0.,0.,-1.));
#1995=DIRECTION('center_axis',(0.,0.,1.));
#1996=DIRECTION('ref_axis',(1.,0.,0.));
#1997=DIRECTION('center_axis',(0.,0.,1.));
#1998=DIRECTION('ref_axis',(1.,0.,0.));
#1999=DIRECTION('center_axis',(0.,0.,1.));
#2000=DIRECTION('ref_axis',(1.,0.,0.));
#2001=DIRECTION('center_axis',(0.,0.,1.));
#2002=DIRECTION('ref_axis',(1.,0.,0.));
#2003=DIRECTION('',(0.,0.,-1.));
#2004=DIRECTION('center_axis',(-0.984368795645331,-0.176119488302008,0.));
#2005=DIRECTION('ref_axis',(-0.176119488302008,0.984368795645331,0.));
#2006=DIRECTION('',(0.176119488302008,-0.984368795645331,0.));
#2007=DIRECTION('center_axis',(-2.33117688019563E-16,-1.,0.));
#2008=DIRECTION('ref_axis',(0.,0.,-1.));
#2009=DIRECTION('center_axis',(0.,0.,1.));
#2010=DIRECTION('ref_axis',(1.,0.,0.));
#2011=DIRECTION('center_axis',(0.,0.,1.));
#2012=DIRECTION('ref_axis',(1.,0.,0.));
#2013=DIRECTION('',(0.,0.,-1.));
#2014=DIRECTION('center_axis',(0.,-1.,0.));
#2015=DIRECTION('ref_axis',(-1.,0.,0.));
#2016=DIRECTION('',(0.,0.,-1.));
#2017=DIRECTION('',(-1.,0.,0.));
#2018=DIRECTION('center_axis',(0.,1.,0.));
#2019=DIRECTION('ref_axis',(0.,0.,1.));
#2020=DIRECTION('center_axis',(0.,0.,1.));
#2021=DIRECTION('ref_axis',(1.,0.,0.));
#2022=DIRECTION('center_axis',(0.,0.,1.));
#2023=DIRECTION('ref_axis',(1.,0.,0.));
#2024=DIRECTION('center_axis',(1.,0.,0.));
#2025=DIRECTION('ref_axis',(0.,-1.,0.));
#2026=DIRECTION('',(0.,-1.,0.));
#2027=DIRECTION('center_axis',(-1.,0.,0.));
#2028=DIRECTION('ref_axis',(0.,0.,1.));
#2029=DIRECTION('center_axis',(0.,0.,-1.));
#2030=DIRECTION('ref_axis',(-1.,0.,0.));
#2031=DIRECTION('center_axis',(0.,0.,-1.));
#2032=DIRECTION('ref_axis',(-1.,0.,0.));
#2033=DIRECTION('',(0.,0.,-1.));
#2034=DIRECTION('center_axis',(0.,0.,-1.));
#2035=DIRECTION('ref_axis',(-1.,0.,0.));
#2036=DIRECTION('center_axis',(0.,0.,-1.));
#2037=DIRECTION('ref_axis',(-1.,0.,0.));
#2038=DIRECTION('',(0.,0.,-1.));
#2039=DIRECTION('center_axis',(0.,0.,-1.));
#2040=DIRECTION('ref_axis',(-1.,0.,0.));
#2041=DIRECTION('center_axis',(0.,0.,-1.));
#2042=DIRECTION('ref_axis',(-1.,0.,0.));
#2043=DIRECTION('',(0.,0.,-1.));
#2044=DIRECTION('center_axis',(0.,0.,-1.));
#2045=DIRECTION('ref_axis',(-1.,0.,0.));
#2046=DIRECTION('center_axis',(0.,0.,-1.));
#2047=DIRECTION('ref_axis',(-1.,0.,0.));
#2048=DIRECTION('',(0.,0.,-1.));
#2049=DIRECTION('center_axis',(0.,0.,-1.));
#2050=DIRECTION('ref_axis',(-1.,0.,0.));
#2051=DIRECTION('center_axis',(0.,0.,-1.));
#2052=DIRECTION('ref_axis',(-1.,0.,0.));
#2053=DIRECTION('',(0.,0.,-1.));
#2054=DIRECTION('center_axis',(0.,0.,-1.));
#2055=DIRECTION('ref_axis',(-1.,0.,0.));
#2056=DIRECTION('center_axis',(0.,0.,-1.));
#2057=DIRECTION('ref_axis',(-1.,0.,0.));
#2058=DIRECTION('',(0.,0.,-1.));
#2059=DIRECTION('center_axis',(0.,0.,-1.));
#2060=DIRECTION('ref_axis',(-1.,0.,0.));
#2061=DIRECTION('center_axis',(0.,0.,-1.));
#2062=DIRECTION('ref_axis',(-1.,0.,0.));
#2063=DIRECTION('',(0.,0.,-1.));
#2064=DIRECTION('center_axis',(0.,0.,-1.));
#2065=DIRECTION('ref_axis',(-1.,0.,0.));
#2066=DIRECTION('center_axis',(0.,0.,-1.));
#2067=DIRECTION('ref_axis',(-1.,0.,0.));
#2068=DIRECTION('',(0.,0.,-1.));
#2069=DIRECTION('center_axis',(0.,0.,-1.));
#2070=DIRECTION('ref_axis',(-1.,0.,0.));
#2071=DIRECTION('center_axis',(0.,0.,-1.));
#2072=DIRECTION('ref_axis',(-1.,0.,0.));
#2073=DIRECTION('',(0.,0.,-1.));
#2074=DIRECTION('center_axis',(0.,0.,-1.));
#2075=DIRECTION('ref_axis',(-1.,0.,0.));
#2076=DIRECTION('center_axis',(0.,0.,-1.));
#2077=DIRECTION('ref_axis',(-1.,0.,0.));
#2078=DIRECTION('',(0.,0.,-1.));
#2079=DIRECTION('center_axis',(0.,0.,-1.));
#2080=DIRECTION('ref_axis',(-1.,0.,0.));
#2081=DIRECTION('center_axis',(0.,0.,-1.));
#2082=DIRECTION('ref_axis',(-1.,0.,0.));
#2083=DIRECTION('',(0.,0.,-1.));
#2084=DIRECTION('center_axis',(0.,0.,-1.));
#2085=DIRECTION('ref_axis',(-1.,0.,0.));
#2086=DIRECTION('center_axis',(0.,0.,-1.));
#2087=DIRECTION('ref_axis',(-1.,0.,0.));
#2088=DIRECTION('',(0.,0.,-1.));
#2089=DIRECTION('center_axis',(0.,0.,1.));
#2090=DIRECTION('ref_axis',(1.,0.,0.));
#2091=DIRECTION('center_axis',(0.,0.,-1.));
#2092=DIRECTION('ref_axis',(1.,0.,0.));
#2093=DIRECTION('',(0.,0.,-1.));
#2094=DIRECTION('center_axis',(0.,0.,1.));
#2095=DIRECTION('ref_axis',(1.,0.,0.));
#2096=CARTESIAN_POINT('',(0.,0.,0.));
#2097=CARTESIAN_POINT('Origin',(-2.46114685399051E-8,4.69187236688116,1.59590248619169));
#2098=CARTESIAN_POINT('',(-0.127500024611469,4.69187236688116,1.59590248619169));
#2099=CARTESIAN_POINT('Origin',(-2.46114685399051E-8,4.69187236688116,1.59590248619169));
#2100=CARTESIAN_POINT('',(-0.127500024611469,4.8686490621778,1.41912579089506));
#2101=CARTESIAN_POINT('',(-0.127500024611469,4.69187236688116,1.59590248619169));
#2102=CARTESIAN_POINT('Origin',(-2.46114685399051E-8,4.8686490621778,1.41912579089506));
#2103=CARTESIAN_POINT('Origin',(-2.39560380645618E-8,5.11613643559309,2.02016655490362));
#2104=CARTESIAN_POINT('',(-0.127500023956038,5.11613643559309,2.02016655490362));
#2105=CARTESIAN_POINT('Origin',(-2.39560380645618E-8,5.11613643559309,2.02016655490362));
#2106=CARTESIAN_POINT('',(-0.127500023956038,5.29291313088973,1.84338985960699));
#2107=CARTESIAN_POINT('',(-0.127500023956038,5.11613643559309,2.02016655490362));
#2108=CARTESIAN_POINT('Origin',(-2.39560380645618E-8,5.29291313088973,1.84338985960699));
#2109=CARTESIAN_POINT('Origin',(-5.11536991604497,7.29852578282459E-10,
2.02201712593217));
#2110=CARTESIAN_POINT('',(-5.11536991604497,-0.127499999270147,2.02201712593217));
#2111=CARTESIAN_POINT('Origin',(-5.11536991604497,7.29852578282459E-10,
2.02201712593217));
#2112=CARTESIAN_POINT('',(-5.29214661134161,-0.127499999270147,1.84524043063553));
#2113=CARTESIAN_POINT('',(-5.11536991604497,-0.127499999270147,2.02201712593217));
#2114=CARTESIAN_POINT('Origin',(-5.29214661134161,7.29852578282459E-10,
1.84524043063553));
#2115=CARTESIAN_POINT('Origin',(-4.69110584733304,7.44221029391935E-11,
1.59775305722024));
#2116=CARTESIAN_POINT('',(-4.69110584733304,-0.127499999925578,1.59775305722024));
#2117=CARTESIAN_POINT('Origin',(-4.69110584733304,7.44221029391935E-11,
1.59775305722024));
#2118=CARTESIAN_POINT('',(-4.86788254262968,-0.127499999925578,1.42097636192361));
#2119=CARTESIAN_POINT('',(-4.69110584733304,-0.127499999925578,1.59775305722024));
#2120=CARTESIAN_POINT('Origin',(-4.86788254262968,7.44221029391935E-11,
1.42097636192361));
#2121=CARTESIAN_POINT('Origin',(-7.44214170858299E-11,-4.69110584977781,
1.59775305131806));
#2122=CARTESIAN_POINT('',(0.127499999925579,-4.69110584977781,1.59775305131806));
#2123=CARTESIAN_POINT('Origin',(-7.44214170858299E-11,-4.69110584977781,
1.59775305131806));
#2124=CARTESIAN_POINT('',(0.127499999925579,-4.86788254507444,1.42097635602142));
#2125=CARTESIAN_POINT('',(0.127499999925579,-4.69110584977781,1.59775305131806));
#2126=CARTESIAN_POINT('Origin',(-7.44214170858299E-11,-4.86788254507444,
1.42097635602142));
#2127=CARTESIAN_POINT('Origin',(-7.29851892429095E-10,-5.11536991848974,
2.02201712002999));
#2128=CARTESIAN_POINT('',(0.127499999270148,-5.11536991848974,2.02201712002999));
#2129=CARTESIAN_POINT('Origin',(-7.29851892429095E-10,-5.11536991848974,
2.02201712002999));
#2130=CARTESIAN_POINT('',(0.127499999270148,-5.29214661378637,1.84524042473335));
#2131=CARTESIAN_POINT('',(0.127499999270148,-5.11536991848974,2.02201712002999));
#2132=CARTESIAN_POINT('Origin',(-7.29851892429095E-10,-5.29214661378637,
1.84524042473335));
#2133=CARTESIAN_POINT('Origin',(5.11536991604497,-7.29854456619031E-10,
2.02201712593217));
#2134=CARTESIAN_POINT('',(5.11536991604497,0.127499999270145,2.02201712593217));
#2135=CARTESIAN_POINT('Origin',(5.11536991604497,-7.29854456619031E-10,
2.02201712593217));
#2136=CARTESIAN_POINT('',(5.29214661134161,0.127499999270145,1.84524043063554));
#2137=CARTESIAN_POINT('',(5.11536991604497,0.127499999270145,2.02201712593217));
#2138=CARTESIAN_POINT('Origin',(5.29214661134161,-7.29854500328599E-10,
1.84524043063554));
#2139=CARTESIAN_POINT('Origin',(4.69110584733304,-7.44238823723073E-11,
1.59775305722024));
#2140=CARTESIAN_POINT('',(4.69110584733304,0.127499999925576,1.59775305722024));
#2141=CARTESIAN_POINT('Origin',(4.69110584733304,-7.44238823723073E-11,
1.59775305722024));
#2142=CARTESIAN_POINT('',(4.86788254262968,0.127499999925576,1.42097636192361));
#2143=CARTESIAN_POINT('',(4.69110584733304,0.127499999925576,1.59775305722024));
#2144=CARTESIAN_POINT('Origin',(4.86788254262968,-7.44239260818752E-11,
1.42097636192361));
#2145=CARTESIAN_POINT('Origin',(0.,0.926528765597606,-2.16944111509187));
#2146=CARTESIAN_POINT('',(-0.713251161298254,3.41919318539284,0.323223304703363));
#2147=CARTESIAN_POINT('',(0.686758722474943,3.41919318539284,0.323223304703363));
#2148=CARTESIAN_POINT('',(0.,3.41919318539284,0.323223304703363));
#2149=CARTESIAN_POINT('',(0.677081327519101,5.24027868406009,2.14430880337061));
#2150=CARTESIAN_POINT('',(0.676519802108345,5.34594614801353,2.24997626732405));
#2151=CARTESIAN_POINT('',(0.527082386487324,5.34594614801353,2.24997626732405));
#2152=CARTESIAN_POINT('Origin',(0.527082386487324,5.23988013083554,2.14391025014607));
#2153=CARTESIAN_POINT('',(-0.572925379334474,5.34594614801352,2.24997626732405));
#2154=CARTESIAN_POINT('',(-0.723490081664852,5.34594614801352,2.24997626732405));
#2155=CARTESIAN_POINT('',(-0.722924320366251,5.239481577611,2.14351169692153));
#2156=CARTESIAN_POINT('Origin',(-0.572925379334474,5.23988013083554,2.14391025014607));
#2157=CARTESIAN_POINT('',(-0.707044845059237,2.2512928822029,-0.844676998486576));
#2158=CARTESIAN_POINT('Ctrl Pts',(-0.712188718604873,3.2424164900962,0.25));
#2159=CARTESIAN_POINT('Ctrl Pts',(-0.712188718604873,3.2424164900962,0.166666666666667));
#2160=CARTESIAN_POINT('Ctrl Pts',(-0.712188718604873,3.2424164900962,0.0833333333333333));
#2161=CARTESIAN_POINT('Ctrl Pts',(-0.712188718604873,3.2424164900962,0.));
#2162=CARTESIAN_POINT('Ctrl Pts',(-0.712391088641708,3.27981640263894,0.25));
#2163=CARTESIAN_POINT('Ctrl Pts',(-0.712391088641708,3.29228640652412,0.166649172058945));
#2164=CARTESIAN_POINT('Ctrl Pts',(-0.712391088641708,3.30474631129649,0.0833508279410545));
#2165=CARTESIAN_POINT('Ctrl Pts',(-0.712391088641708,3.31721631518167,0.));
#2166=CARTESIAN_POINT('Ctrl Pts',(-0.712745236206168,3.34522090925893,0.264953201528741));
#2167=CARTESIAN_POINT('Ctrl Pts',(-0.712745236206168,3.379488013057,0.18660881876662));
#2168=CARTESIAN_POINT('Ctrl Pts',(-0.712745236206168,3.41375822462358,0.108250785819604));
#2169=CARTESIAN_POINT('Ctrl Pts',(-0.712745236206168,3.44802532842166,0.0299064030574826));
#2170=CARTESIAN_POINT('Ctrl Pts',(-0.713099383770628,3.39935888656177,0.303389005872299));
#2171=CARTESIAN_POINT('Ctrl Pts',(-0.713099383770628,3.45167590225221,0.237851323413128));
#2172=CARTESIAN_POINT('Ctrl Pts',(-0.713099383770628,3.50398426733691,0.172315694203769));
#2173=CARTESIAN_POINT('Ctrl Pts',(-0.713099383770628,3.55630128302735,0.106778011744598));
#2174=CARTESIAN_POINT('Ctrl Pts',(-0.713251161298254,3.41919318539284,0.323223304703363));
#2175=CARTESIAN_POINT('Ctrl Pts',(-0.713251161298254,3.47811875049172,0.264297739604484));
#2176=CARTESIAN_POINT('Ctrl Pts',(-0.713251161298254,3.5370443155906,0.205372174505605));
#2177=CARTESIAN_POINT('Ctrl Pts',(-0.713251161298254,3.59596988068947,0.146446609406727));
#2178=CARTESIAN_POINT('',(-0.713251161298254,3.59596988068947,0.146446609406727));
#2179=CARTESIAN_POINT('',(-0.713251161298254,3.50758153304116,0.234834957055045));
#2180=CARTESIAN_POINT('',(-0.712188718604873,3.2424164900962,0.));
#2181=CARTESIAN_POINT('Ctrl Pts',(-0.712188718604873,3.2424164900962,4.37095678986282E-17));
#2182=CARTESIAN_POINT('Ctrl Pts',(-0.712391088641708,3.31721631518167,4.37166820861117E-17));
#2183=CARTESIAN_POINT('Ctrl Pts',(-0.712593458678542,3.39196432274738,0.0170893731757043));
#2184=CARTESIAN_POINT('Ctrl Pts',(-0.712795828715376,3.45935459688148,0.0495143236998602));
#2185=CARTESIAN_POINT('Ctrl Pts',(-0.712947606243002,3.50989730248205,0.0738330365929772));
#2186=CARTESIAN_POINT('Ctrl Pts',(-0.713099383770628,3.55630128302735,0.106778011744598));
#2187=CARTESIAN_POINT('Ctrl Pts',(-0.713251161298254,3.59596988068947,0.146446609406727));
#2188=CARTESIAN_POINT('',(-0.712188718604873,3.2424164900962,0.25));
#2189=CARTESIAN_POINT('',(-0.712188718604873,3.2424164900962,0.125));
#2190=CARTESIAN_POINT('Ctrl Pts',(-0.712188718604873,3.2424164900962,0.25));
#2191=CARTESIAN_POINT('Ctrl Pts',(-0.712391088641708,3.27981640263894,0.25));
#2192=CARTESIAN_POINT('Ctrl Pts',(-0.712593458678542,3.31719040642179,0.258544686587852));
#2193=CARTESIAN_POINT('Ctrl Pts',(-0.712795828715376,3.35088554348884,0.27475716184993));
#2194=CARTESIAN_POINT('Ctrl Pts',(-0.712947606243002,3.37615689628913,0.286916518296489));
#2195=CARTESIAN_POINT('Ctrl Pts',(-0.713099383770628,3.39935888656177,0.303389005872299));
#2196=CARTESIAN_POINT('Ctrl Pts',(-0.713251161298254,3.41919318539284,0.323223304703363));
#2197=CARTESIAN_POINT('Origin',(0.,3.2424164900962,0.5));
#2198=CARTESIAN_POINT('',(0.686758722474943,3.59596988068947,0.146446609406727));
#2199=CARTESIAN_POINT('',(0.,3.59596988068947,0.146446609406727));
#2200=CARTESIAN_POINT('',(0.687821165168324,3.2424164900962,0.));
#2201=CARTESIAN_POINT('Ctrl Pts',(0.686758722474943,3.59596988068947,0.146446609406727));
#2202=CARTESIAN_POINT('Ctrl Pts',(0.686910500002569,3.55630128302735,0.106778011744598));
#2203=CARTESIAN_POINT('Ctrl Pts',(0.687062277530195,3.50989730691793,0.0738330270727634));
#2204=CARTESIAN_POINT('Ctrl Pts',(0.68721405505782,3.45935460195105,0.0495143128196159));
#2205=CARTESIAN_POINT('Ctrl Pts',(0.687416425094655,3.39196432866188,0.0170893604820861));
#2206=CARTESIAN_POINT('Ctrl Pts',(0.687618795131489,3.31721631518167,8.3776671805704E-17));
#2207=CARTESIAN_POINT('Ctrl Pts',(0.687821165168324,3.2424164900962,6.55643518479423E-17));
#2208=CARTESIAN_POINT('',(0.,3.2424164900962,0.));
#2209=CARTESIAN_POINT('Origin',(0.676519802108345,5.34594614801353,2.24997626732405));
#2210=CARTESIAN_POINT('',(0.686758722474943,3.50758153304116,0.234834957055045));
#2211=CARTESIAN_POINT('',(0.677081327519101,5.41705537935672,1.96753210807398));
#2212=CARTESIAN_POINT('',(0.676519802108345,5.52272284331016,2.07319957202742));
#2213=CARTESIAN_POINT('',(0.677081327519101,5.24027868406009,2.14430880337061));
#2214=CARTESIAN_POINT('Origin',(-0.707044845059237,2.2512928822029,-0.844676998486576));
#2215=CARTESIAN_POINT('',(-0.722924320366251,5.41625827290764,1.96673500162489));
#2216=CARTESIAN_POINT('',(-0.722924320366251,5.239481577611,2.14351169692153));
#2217=CARTESIAN_POINT('',(-0.707044845059237,2.42806957749954,-1.02145369378321));
#2218=CARTESIAN_POINT('Origin',(0.,0.,0.));
#2219=CARTESIAN_POINT('',(0.692955204604969,1.8761164900962,0.));
#2220=CARTESIAN_POINT('',(0.676519802108345,6.25,0.));
#2221=CARTESIAN_POINT('',(1.87592770336095,0.69346611435808,0.));
#2222=CARTESIAN_POINT('Origin',(0.,0.,0.));
#2223=CARTESIAN_POINT('',(1.87475868560971,0.7,0.));
#2224=CARTESIAN_POINT('',(1.87475868560971,0.7,0.));
#2225=CARTESIAN_POINT('',(3.23979939951952,0.7,0.));
#2226=CARTESIAN_POINT('',(1.87475868560971,0.7,0.));
#2227=CARTESIAN_POINT('',(3.23979939951952,-0.7,0.));
#2228=CARTESIAN_POINT('',(3.23979939951952,-7.69885190925617E-16,0.));
#2229=CARTESIAN_POINT('',(1.87349939951952,-0.7,0.));
#2230=CARTESIAN_POINT('',(6.25,-0.700000000000001,0.));
#2231=CARTESIAN_POINT('',(0.699999972491504,-1.87349940786647,0.));
#2232=CARTESIAN_POINT('Origin',(0.,0.,0.));
#2233=CARTESIAN_POINT('',(0.699999972491504,-3.23979940786647,0.));
#2234=CARTESIAN_POINT('',(0.699999972491504,-1.87349940786647,0.));
#2235=CARTESIAN_POINT('',(-0.700000021941777,-3.23979940786647,0.));
#2236=CARTESIAN_POINT('',(0.,-3.23979940786647,0.));
#2237=CARTESIAN_POINT('',(-0.700000012688411,-1.87349940786647,0.));
#2238=CARTESIAN_POINT('',(-0.70000004232858,-6.25,0.));
#2239=CARTESIAN_POINT('',(-1.87349939951952,-0.7,0.));
#2240=CARTESIAN_POINT('Origin',(0.,0.,0.));
#2241=CARTESIAN_POINT('',(-3.23979939951952,-0.7,0.));
#2242=CARTESIAN_POINT('',(-1.87349939951952,-0.7,0.));
#2243=CARTESIAN_POINT('',(-3.23979939951952,0.7,0.));
#2244=CARTESIAN_POINT('',(-3.23979939951952,0.,0.));
#2245=CARTESIAN_POINT('',(-1.87349939951952,0.7,0.));
#2246=CARTESIAN_POINT('',(-6.25,0.7,0.));
#2247=CARTESIAN_POINT('',(-0.693522805376053,1.87590674566283,0.));
#2248=CARTESIAN_POINT('Origin',(0.,0.,0.));
#2249=CARTESIAN_POINT('',(-0.707044845059237,1.87349938064842,0.));
#2250=CARTESIAN_POINT('',(-0.707044845059237,1.87349938064842,0.));
#2251=CARTESIAN_POINT('',(-0.707044845059237,1.87349938064842,0.));
#2252=CARTESIAN_POINT('',(-1.71800005744574,4.0972240537358E-16,0.));
#2253=CARTESIAN_POINT('Origin',(-1.80000005744574,3.99680301620572E-16,
0.));
#2254=CARTESIAN_POINT('',(0.982000028722868,-1.55884577656146,0.));
#2255=CARTESIAN_POINT('Origin',(0.900000028722868,-1.55884577656146,0.));
#2256=CARTESIAN_POINT('',(0.982000028722869,1.55884577656146,0.));
#2257=CARTESIAN_POINT('Origin',(0.900000028722869,1.55884577656146,0.));
#2258=CARTESIAN_POINT('',(1.64084577656146,0.900000028722867,0.));
#2259=CARTESIAN_POINT('Origin',(1.55884577656146,0.900000028722867,0.));
#2260=CARTESIAN_POINT('',(0.0819999999999998,-1.80000005744574,0.));
#2261=CARTESIAN_POINT('Origin',(-2.20436430881597E-16,-1.80000005744574,
0.));
#2262=CARTESIAN_POINT('',(-1.47684577656146,0.900000028722868,0.));
#2263=CARTESIAN_POINT('Origin',(-1.55884577656146,0.900000028722868,0.));
#2264=CARTESIAN_POINT('',(-1.47684577656146,-0.900000028722868,0.));
#2265=CARTESIAN_POINT('Origin',(-1.55884577656146,-0.900000028722868,0.));
#2266=CARTESIAN_POINT('',(1.64084577656146,-0.900000028722868,0.));
#2267=CARTESIAN_POINT('Origin',(1.55884577656146,-0.900000028722868,0.));
#2268=CARTESIAN_POINT('',(0.082,1.80000005744574,0.));
#2269=CARTESIAN_POINT('Origin',(0.,1.80000005744574,0.));
#2270=CARTESIAN_POINT('',(1.88200005744574,-3.89638197867564E-16,0.));
#2271=CARTESIAN_POINT('Origin',(1.80000005744574,-3.99680301620572E-16,
0.));
#2272=CARTESIAN_POINT('',(-0.818000028722869,-1.55884577656146,0.));
#2273=CARTESIAN_POINT('Origin',(-0.900000028722869,-1.55884577656146,0.));
#2274=CARTESIAN_POINT('',(-0.818000028722868,1.55884577656146,0.));
#2275=CARTESIAN_POINT('Origin',(-0.900000028722868,1.55884577656146,0.));
#2276=CARTESIAN_POINT('',(-1.6,-1.95943487863576E-16,0.));
#2277=CARTESIAN_POINT('Origin',(0.,0.,0.));
#2278=CARTESIAN_POINT('Origin',(0.676519802108345,6.25,0.25));
#2279=CARTESIAN_POINT('',(0.687821165168324,3.2424164900962,0.25));
#2280=CARTESIAN_POINT('',(0.687821165168324,3.2424164900962,0.125));
#2281=CARTESIAN_POINT('',(0.692955204604968,1.8761164900962,0.25));
#2282=CARTESIAN_POINT('',(0.676519802108345,6.25,0.25));
#2283=CARTESIAN_POINT('',(0.692955204604968,1.8761164900962,0.));
#2284=CARTESIAN_POINT('Origin',(0.,3.2424164900962,0.5));
#2285=CARTESIAN_POINT('',(0.,3.2424164900962,0.25));
#2286=CARTESIAN_POINT('Ctrl Pts',(0.686758722474943,3.41919318539284,0.323223304703363));
#2287=CARTESIAN_POINT('Ctrl Pts',(0.686910500002569,3.39935888656177,0.303389005872299));
#2288=CARTESIAN_POINT('Ctrl Pts',(0.687062277530195,3.37615689850707,0.286916513536382));
#2289=CARTESIAN_POINT('Ctrl Pts',(0.68721405505782,3.35088554602363,0.274757156409808));
#2290=CARTESIAN_POINT('Ctrl Pts',(0.687416425094655,3.31719040937904,0.258544680241043));
#2291=CARTESIAN_POINT('Ctrl Pts',(0.687618795131489,3.27981640263894,0.25));
#2292=CARTESIAN_POINT('Ctrl Pts',(0.687821165168324,3.2424164900962,0.25));
#2293=CARTESIAN_POINT('Origin',(0.925762237514671,-2.15811552465238E-16,
-2.16759055259812));
#2294=CARTESIAN_POINT('',(3.41657609481616,0.699999999999999,0.323223304703363));
#2295=CARTESIAN_POINT('',(3.41657609481616,-0.7,0.323223304703363));
#2296=CARTESIAN_POINT('',(3.41657609481616,-8.12371809140669E-16,0.323223304703363));
#2297=CARTESIAN_POINT('',(5.23911360275261,-0.7,2.14576081263982));
#2298=CARTESIAN_POINT('',(5.3451796199306,-0.7,2.2518268298178));
#2299=CARTESIAN_POINT('',(5.3451796199306,-0.55,2.2518268298178));
#2300=CARTESIAN_POINT('Origin',(5.23911360275261,-0.55,2.14576081263982));
#2301=CARTESIAN_POINT('',(5.3451796199306,0.549999999999999,2.2518268298178));
#2302=CARTESIAN_POINT('',(5.3451796199306,0.699999999999999,2.2518268298178));
#2303=CARTESIAN_POINT('',(5.23911360275261,0.699999999999999,2.14576081263982));
#2304=CARTESIAN_POINT('Origin',(5.23911360275261,0.549999999999999,2.14576081263982));
#2305=CARTESIAN_POINT('',(2.25141681719768,0.7,-0.841935972915114));
#2306=CARTESIAN_POINT('Origin',(3.59335279011279,0.699999999999999,0.146446609406725));
#2307=CARTESIAN_POINT('',(3.59335279011279,0.699999999999999,0.146446609406725));
#2308=CARTESIAN_POINT('',(3.50496444246448,0.699999999999999,0.234834957055044));
#2309=CARTESIAN_POINT('Origin',(3.23979939951952,0.7,0.5));
#2310=CARTESIAN_POINT('',(3.23979939951952,0.7,0.25));
#2311=CARTESIAN_POINT('',(3.23979939951952,0.699999999999999,0.125));
#2312=CARTESIAN_POINT('Origin',(3.23979939951952,0.7,0.5));
#2313=CARTESIAN_POINT('Origin',(3.23979939951952,1.74838271594513E-16,0.5));
#2314=CARTESIAN_POINT('',(3.59335279011279,-0.7,0.146446609406725));
#2315=CARTESIAN_POINT('',(3.59335279011279,-8.5358158364396E-16,0.146446609406725));
#2316=CARTESIAN_POINT('Origin',(3.23979939951952,-0.7,0.5));
#2317=CARTESIAN_POINT('Origin',(5.3451796199306,-0.7,2.2518268298178));
#2318=CARTESIAN_POINT('',(3.50496444246448,-0.7,0.234834957055044));
#2319=CARTESIAN_POINT('',(5.41589029804925,-0.7,1.96898411734318));
#2320=CARTESIAN_POINT('',(5.52195631522723,-0.7,2.07505013452116));
#2321=CARTESIAN_POINT('',(5.23911360275261,-0.7,2.14576081263982));
#2322=CARTESIAN_POINT('Origin',(2.25141681719768,0.7,-0.841935972915114));
#2323=CARTESIAN_POINT('',(5.41589029804925,0.699999999999999,1.96898411734318));
#2324=CARTESIAN_POINT('',(5.23911360275261,0.699999999999999,2.14576081263982));
#2325=CARTESIAN_POINT('',(2.42819351249431,0.7,-1.01871266821175));
#2326=CARTESIAN_POINT('Origin',(0.,1.10330546089424,-2.34621781038851));
#2327=CARTESIAN_POINT('',(-0.572925379334474,5.52272284331016,2.07319957202742));
#2328=CARTESIAN_POINT('Origin',(-0.572925379334474,5.41665682613218,1.96713355484944));
#2329=CARTESIAN_POINT('',(0.527082386487324,5.52272284331016,2.07319957202742));
#2330=CARTESIAN_POINT('',(-0.723490081664852,5.52272284331016,2.07319957202742));
#2331=CARTESIAN_POINT('Origin',(0.527082386487324,5.41665682613218,1.96713355484944));
#2332=CARTESIAN_POINT('Origin',(6.25,-0.700000000000001,0.25));
#2333=CARTESIAN_POINT('',(3.23979939951952,-0.7,0.25));
#2334=CARTESIAN_POINT('',(3.23979939951952,-0.7,0.125));
#2335=CARTESIAN_POINT('',(1.87349939951952,-0.699999999999999,0.25));
#2336=CARTESIAN_POINT('',(6.25,-0.700000000000001,0.25));
#2337=CARTESIAN_POINT('',(1.87349939951952,-0.699999999999999,0.));
#2338=CARTESIAN_POINT('Origin',(3.23979939951952,1.74838271594513E-16,0.5));
#2339=CARTESIAN_POINT('',(3.23979939951952,-7.69885190925617E-16,0.25));
#2340=CARTESIAN_POINT('Origin',(3.23979939951952,-0.7,0.5));
#2341=CARTESIAN_POINT('Origin',(0.,-0.925762239959436,-2.1675905585003));
#2342=CARTESIAN_POINT('',(0.699999972491504,-3.41657610316311,0.323223304703363));
#2343=CARTESIAN_POINT('',(-0.700000023856677,-3.41657610316311,0.323223304703363));
#2344=CARTESIAN_POINT('',(0.,-3.41657610316311,0.323223304703363));
#2345=CARTESIAN_POINT('',(-0.700000041312694,-5.23911360447904,2.14576080601929));
#2346=CARTESIAN_POINT('',(-0.70000004232858,-5.34517962237536,2.25182682391561));
#2347=CARTESIAN_POINT('',(-0.550000041312694,-5.34517962237536,2.25182682391561));
#2348=CARTESIAN_POINT('Origin',(-0.550000041312694,-5.23911360519738,2.14576080673763));
#2349=CARTESIAN_POINT('',(0.549999972491504,-5.34517962237536,2.25182682391561));
#2350=CARTESIAN_POINT('',(0.699999972491504,-5.34517962237536,2.25182682391561));
#2351=CARTESIAN_POINT('',(0.699999972491504,-5.23911360519738,2.14576080673763));
#2352=CARTESIAN_POINT('Origin',(0.549999972491504,-5.23911360519738,2.14576080673763));
#2353=CARTESIAN_POINT('',(0.699999972491504,-2.2505263758108,-0.842826422648943));
#2354=CARTESIAN_POINT('Origin',(0.699999972491504,-3.59335279845974,0.146446609406726));
#2355=CARTESIAN_POINT('',(0.699999972491504,-3.59335279845974,0.146446609406726));
#2356=CARTESIAN_POINT('',(0.699999972491504,-3.50496445081143,0.234834957055044));
#2357=CARTESIAN_POINT('Origin',(0.699999972491504,-3.23979940786647,0.5));
#2358=CARTESIAN_POINT('',(0.699999972491504,-3.23979940786647,0.25));
#2359=CARTESIAN_POINT('',(0.699999972491504,-3.23979940786647,0.125));
#2360=CARTESIAN_POINT('Origin',(0.699999972491504,-3.23979940786647,0.5));
#2361=CARTESIAN_POINT('Origin',(0.,-3.23979940786647,0.5));
#2362=CARTESIAN_POINT('',(-0.700000023856677,-3.59335279845974,0.146446609406726));
#2363=CARTESIAN_POINT('',(0.,-3.59335279845974,0.146446609406726));
#2364=CARTESIAN_POINT('Ctrl Pts',(-0.700000023856677,-3.59335279845974,
0.146446609406726));
#2365=CARTESIAN_POINT('Ctrl Pts',(-0.700000023258514,-3.50661304576754,
0.0597068567145233));
#2366=CARTESIAN_POINT('Ctrl Pts',(-0.700000022660352,-3.38700181503734,
0.00666540693226163));
#2367=CARTESIAN_POINT('Ctrl Pts',(-0.700000022062189,-3.26448284863428,
0.000609643913839543));
#2368=CARTESIAN_POINT('Ctrl Pts',(-0.700000022022052,-3.25626172554118,
0.000203297250472374));
#2369=CARTESIAN_POINT('Ctrl Pts',(-0.700000021981914,-3.24803057215737,
8.30608491868296E-11));
#2370=CARTESIAN_POINT('Ctrl Pts',(-0.700000021941777,-3.23979941291199,
-1.74838271594513E-16));
#2371=CARTESIAN_POINT('Origin',(-0.70000004232858,-5.34517962237536,2.25182682391561));
#2372=CARTESIAN_POINT('',(-0.700000023856677,-3.50496445081142,0.234834957055044));
#2373=CARTESIAN_POINT('',(-0.700000041312694,-5.41589029977568,1.96898411072266));
#2374=CARTESIAN_POINT('',(-0.70000004232858,-5.521956317672,2.07505012861898));
#2375=CARTESIAN_POINT('',(-0.700000041312694,-5.23911360447904,2.14576080601929));
#2376=CARTESIAN_POINT('Origin',(0.699999972491504,-2.2505263758108,-0.842826422648943));
#2377=CARTESIAN_POINT('',(0.699999972491504,-5.41589030049402,1.968984111441));
#2378=CARTESIAN_POINT('',(0.699999972491504,-5.23911360519738,2.14576080673763));
#2379=CARTESIAN_POINT('',(0.699999972491504,-2.42730307110744,-1.01960311794558));
#2380=CARTESIAN_POINT('Origin',(1.10253893281131,-2.57021326968528E-16,
-2.34436724789476));
#2381=CARTESIAN_POINT('',(5.52195631522723,0.549999999999999,2.07505013452116));
#2382=CARTESIAN_POINT('Origin',(5.41589029804925,0.549999999999999,1.96898411734318));
#2383=CARTESIAN_POINT('',(5.52195631522723,-0.55,2.07505013452116));
#2384=CARTESIAN_POINT('',(5.52195631522723,0.699999999999999,2.07505013452116));
#2385=CARTESIAN_POINT('Origin',(5.41589029804925,-0.55,1.96898411734318));
#2386=CARTESIAN_POINT('Origin',(-0.70000004232858,-6.25,0.25));
#2387=CARTESIAN_POINT('',(-0.700000021941777,-3.23979940786647,0.25));
#2388=CARTESIAN_POINT('',(-0.700000021941777,-3.23979940786647,0.125));
#2389=CARTESIAN_POINT('',(-0.700000012688411,-1.87349940786647,0.25));
#2390=CARTESIAN_POINT('',(-0.70000004232858,-6.25,0.25));
#2391=CARTESIAN_POINT('',(-0.700000012688411,-1.87349939477872,0.));
#2392=CARTESIAN_POINT('Origin',(0.,-3.23979940786647,0.5));
#2393=CARTESIAN_POINT('',(0.,-3.23979940786647,0.25));
#2394=CARTESIAN_POINT('Ctrl Pts',(-0.700000023856677,-3.41657610316311,
0.323223304703363));
#2395=CARTESIAN_POINT('Ctrl Pts',(-0.700000023218377,-3.37029607255729,
0.276943274097547));
#2396=CARTESIAN_POINT('Ctrl Pts',(-0.700000022580077,-3.30524925733902,
0.250000000660458));
#2397=CARTESIAN_POINT('Ctrl Pts',(-0.700000021941777,-3.23979941038923,
0.25));
#2398=CARTESIAN_POINT('Origin',(-0.925762237514671,0.,-2.16759055259812));
#2399=CARTESIAN_POINT('',(-3.41657609481616,-0.7,0.323223304703363));
#2400=CARTESIAN_POINT('',(-3.41657609481616,0.7,0.323223304703363));
#2401=CARTESIAN_POINT('',(-3.41657609481616,0.,0.323223304703363));
#2402=CARTESIAN_POINT('',(-5.23911360275261,0.7,2.14576081263982));
#2403=CARTESIAN_POINT('',(-5.3451796199306,0.7,2.2518268298178));
#2404=CARTESIAN_POINT('',(-5.3451796199306,0.55,2.2518268298178));
#2405=CARTESIAN_POINT('Origin',(-5.23911360275261,0.55,2.14576081263982));
#2406=CARTESIAN_POINT('',(-5.3451796199306,-0.55,2.2518268298178));
#2407=CARTESIAN_POINT('',(-5.3451796199306,-0.7,2.2518268298178));
#2408=CARTESIAN_POINT('',(-5.23911360275261,-0.7,2.14576081263982));
#2409=CARTESIAN_POINT('Origin',(-5.23911360275261,-0.55,2.14576081263982));
#2410=CARTESIAN_POINT('',(-2.25052636746385,-0.7,-0.842826422648942));
#2411=CARTESIAN_POINT('Origin',(-3.59335279011279,-0.7,0.146446609406726));
#2412=CARTESIAN_POINT('',(-3.59335279011279,-0.7,0.146446609406726));
#2413=CARTESIAN_POINT('',(-3.50496444246448,-0.7,0.234834957055044));
#2414=CARTESIAN_POINT('Origin',(-3.23979939951952,-0.7,0.5));
#2415=CARTESIAN_POINT('',(-3.23979939951952,-0.7,0.25));
#2416=CARTESIAN_POINT('',(-3.23979939951952,-0.7,0.125));
#2417=CARTESIAN_POINT('Origin',(-3.23979939951952,-0.7,0.5));
#2418=CARTESIAN_POINT('Origin',(-3.23979939951952,-0.100000003191429,0.5));
#2419=CARTESIAN_POINT('',(-3.59335279011279,0.7,0.146446609406726));
#2420=CARTESIAN_POINT('',(-3.59335279011279,0.,0.146446609406726));
#2421=CARTESIAN_POINT('Origin',(-3.23979939951952,0.7,0.5));
#2422=CARTESIAN_POINT('Origin',(-5.3451796199306,0.7,2.2518268298178));
#2423=CARTESIAN_POINT('',(-3.50496444246448,0.7,0.234834957055044));
#2424=CARTESIAN_POINT('',(-5.41589029804925,0.7,1.96898411734318));
#2425=CARTESIAN_POINT('',(-5.52195631522723,0.7,2.07505013452116));
#2426=CARTESIAN_POINT('',(-5.23911360275261,0.7,2.14576081263982));
#2427=CARTESIAN_POINT('Origin',(-2.25052636746385,-0.7,-0.842826422648942));
#2428=CARTESIAN_POINT('',(-5.41589029804925,-0.7,1.96898411734318));
#2429=CARTESIAN_POINT('',(-5.23911360275261,-0.7,2.14576081263982));
#2430=CARTESIAN_POINT('',(-2.42730306276049,-0.7,-1.01960311794558));
#2431=CARTESIAN_POINT('Origin',(0.,-1.10253893525607,-2.34436725379694));
#2432=CARTESIAN_POINT('',(0.549999972491504,-5.521956317672,2.07505012861898));
#2433=CARTESIAN_POINT('Origin',(0.549999972491504,-5.41589030049402,1.968984111441));
#2434=CARTESIAN_POINT('',(-0.550000041312694,-5.521956317672,2.07505012861898));
#2435=CARTESIAN_POINT('',(0.699999972491504,-5.521956317672,2.07505012861898));
#2436=CARTESIAN_POINT('Origin',(-0.550000041312694,-5.41589030049402,1.968984111441));
#2437=CARTESIAN_POINT('Origin',(-6.25,0.7,0.25));
#2438=CARTESIAN_POINT('',(-3.23979939951952,0.7,0.25));
#2439=CARTESIAN_POINT('',(-3.23979939951952,0.7,0.125));
#2440=CARTESIAN_POINT('',(-1.87349939951952,0.7,0.25));
#2441=CARTESIAN_POINT('',(-6.25,0.7,0.25));
#2442=CARTESIAN_POINT('',(-1.87349939951952,0.7,0.));
#2443=CARTESIAN_POINT('Origin',(-3.23979939951952,-0.100000003191429,0.5));
#2444=CARTESIAN_POINT('',(-3.23979939951952,0.,0.25));
#2445=CARTESIAN_POINT('Origin',(-3.23979939951952,0.7,0.5));
#2446=CARTESIAN_POINT('Origin',(5.23911360275261,0.549999999999999,2.14576081263982));
#2447=CARTESIAN_POINT('',(5.3451796199306,0.549999999999999,2.2518268298178));
#2448=CARTESIAN_POINT('Origin',(1.87475868560971,0.7,0.25));
#2449=CARTESIAN_POINT('',(1.87475868560971,0.7,0.25));
#2450=CARTESIAN_POINT('',(1.87475868560971,0.7,0.25));
#2451=CARTESIAN_POINT('',(1.87475868560971,0.7,0.25));
#2452=CARTESIAN_POINT('Origin',(-1.10253893281131,0.,-2.34436724789476));
#2453=CARTESIAN_POINT('',(-5.52195631522723,-0.55,2.07505013452116));
#2454=CARTESIAN_POINT('Origin',(-5.41589029804925,-0.55,1.96898411734318));
#2455=CARTESIAN_POINT('',(-5.52195631522723,0.55,2.07505013452116));
#2456=CARTESIAN_POINT('',(-5.52195631522723,-0.7,2.07505013452116));
#2457=CARTESIAN_POINT('Origin',(-5.41589029804925,0.55,1.96898411734318));
#2458=CARTESIAN_POINT('Origin',(0.527082386487324,5.23988013083554,2.14391025014607));
#2459=CARTESIAN_POINT('',(0.527082386487324,5.34594614801353,2.24997626732405));
#2460=CARTESIAN_POINT('Origin',(-0.723490081664852,5.34594614801352,2.24997626732405));
#2461=CARTESIAN_POINT('',(-0.572925379334474,5.34594614801352,2.24997626732405));
#2462=CARTESIAN_POINT('Origin',(5.23911360275261,-0.55,2.14576081263982));
#2463=CARTESIAN_POINT('',(5.3451796199306,-0.55,2.2518268298178));
#2464=CARTESIAN_POINT('Origin',(5.3451796199306,0.699999999999999,2.2518268298178));
#2465=CARTESIAN_POINT('Origin',(-0.572925379334474,5.23988013083554,2.14391025014607));
#2466=CARTESIAN_POINT('Origin',(-0.707044845059237,1.87349938064842,0.25));
#2467=CARTESIAN_POINT('',(-0.707044845059237,1.87349938064842,0.25));
#2468=CARTESIAN_POINT('',(-0.707044845059237,1.87349938064842,0.25));
#2469=CARTESIAN_POINT('',(-0.707044845059237,1.87349938064842,0.25));
#2470=CARTESIAN_POINT('Origin',(0.549999972491504,-5.23911360519738,2.14576080673763));
#2471=CARTESIAN_POINT('',(0.549999972491504,-5.34517962237536,2.25182682391561));
#2472=CARTESIAN_POINT('Origin',(0.699999972491504,-5.34517962237536,2.25182682391561));
#2473=CARTESIAN_POINT('',(-0.550000041312694,-5.34517962237536,2.25182682391561));
#2474=CARTESIAN_POINT('Origin',(-0.550000041312694,-5.23911360519738,2.14576080673763));
#2475=CARTESIAN_POINT('Origin',(-5.23911360275261,0.55,2.14576081263982));
#2476=CARTESIAN_POINT('',(-5.3451796199306,0.55,2.2518268298178));
#2477=CARTESIAN_POINT('Origin',(-5.3451796199306,-0.7,2.2518268298178));
#2478=CARTESIAN_POINT('',(-5.3451796199306,-0.55,2.2518268298178));
#2479=CARTESIAN_POINT('Origin',(-5.23911360275261,-0.55,2.14576081263982));
#2480=CARTESIAN_POINT('Origin',(-0.693522805376053,1.87590674566283,0.25));
#2481=CARTESIAN_POINT('',(-0.693522805376053,1.87590674566283,0.25));
#2482=CARTESIAN_POINT('',(-0.707044845059237,1.87349938064842,0.25));
#2483=CARTESIAN_POINT('',(-0.693522805376056,1.87590674566283,0.));
#2484=CARTESIAN_POINT('Ctrl Pts',(0.686758722474943,3.41919318539284,0.323223304703363));
#2485=CARTESIAN_POINT('Ctrl Pts',(0.686758722474943,3.47811875049172,0.264297739604484));
#2486=CARTESIAN_POINT('Ctrl Pts',(0.686758722474943,3.5370443155906,0.205372174505605));
#2487=CARTESIAN_POINT('Ctrl Pts',(0.686758722474943,3.59596988068947,0.146446609406727));
#2488=CARTESIAN_POINT('Ctrl Pts',(0.686910500002569,3.39935888656177,0.303389005872299));
#2489=CARTESIAN_POINT('Ctrl Pts',(0.686910500002569,3.45167590225221,0.237851323413128));
#2490=CARTESIAN_POINT('Ctrl Pts',(0.686910500002569,3.50398426733691,0.17231569420377));
#2491=CARTESIAN_POINT('Ctrl Pts',(0.686910500002569,3.55630128302735,0.106778011744598));
#2492=CARTESIAN_POINT('Ctrl Pts',(0.687264647567029,3.34522091443412,0.264953190421825));
#2493=CARTESIAN_POINT('Ctrl Pts',(0.687264647567029,3.3794880182322,0.186608807659704));
#2494=CARTESIAN_POINT('Ctrl Pts',(0.687264647567029,3.41375823497397,0.108250763605772));
#2495=CARTESIAN_POINT('Ctrl Pts',(0.687264647567029,3.44802533877204,0.0299063808436504));
#2496=CARTESIAN_POINT('Ctrl Pts',(0.687618795131489,3.27981640263893,0.25));
#2497=CARTESIAN_POINT('Ctrl Pts',(0.687618795131489,3.29228640652412,0.166649172058945));
#2498=CARTESIAN_POINT('Ctrl Pts',(0.687618795131489,3.30474631129649,0.0833508279410546));
#2499=CARTESIAN_POINT('Ctrl Pts',(0.687618795131489,3.31721631518167,-1.32871180876519E-16));
#2500=CARTESIAN_POINT('Ctrl Pts',(0.687821165168324,3.2424164900962,0.25));
#2501=CARTESIAN_POINT('Ctrl Pts',(0.687821165168324,3.2424164900962,0.166666666666667));
#2502=CARTESIAN_POINT('Ctrl Pts',(0.687821165168324,3.2424164900962,0.0833333333333333));
#2503=CARTESIAN_POINT('Ctrl Pts',(0.687821165168324,3.2424164900962,0.));
#2504=CARTESIAN_POINT('Origin',(0.,0.,0.));
#2505=CARTESIAN_POINT('Origin',(0.,0.,0.25));
#2506=CARTESIAN_POINT('Origin',(0.,0.,0.));
#2507=CARTESIAN_POINT('',(1.87592770336095,0.69346611435808,0.25));
#2508=CARTESIAN_POINT('Origin',(0.,0.,0.25));
#2509=CARTESIAN_POINT('',(1.87592770336095,0.693466114358079,0.));
#2510=CARTESIAN_POINT('Origin',(1.87592770336095,0.69346611435808,0.25));
#2511=CARTESIAN_POINT('',(1.87475868560971,0.7,0.25));
#2512=CARTESIAN_POINT('Origin',(3.41657609481616,-0.7,0.323223304703363));
#2513=CARTESIAN_POINT('Origin',(0.,0.,0.));
#2514=CARTESIAN_POINT('',(0.699999972491504,-1.87349940786647,0.25));
#2515=CARTESIAN_POINT('Origin',(0.,0.,0.25));
#2516=CARTESIAN_POINT('',(0.699999972491504,-1.87349940979758,0.));
#2517=CARTESIAN_POINT('Origin',(-1.87349939951952,-0.7,0.25));
#2518=CARTESIAN_POINT('',(-1.87349939951952,-0.7,0.25));
#2519=CARTESIAN_POINT('',(-1.87349939951952,-0.7,0.));
#2520=CARTESIAN_POINT('',(-1.87349939951952,-0.7,0.25));
#2521=CARTESIAN_POINT('Origin',(-3.41657609481616,0.7,0.323223304703363));
#2522=CARTESIAN_POINT('Origin',(0.,0.,0.));
#2523=CARTESIAN_POINT('Origin',(0.,0.,0.25));
#2524=CARTESIAN_POINT('Origin',(0.699999972491504,-1.87349940786647,0.25));
#2525=CARTESIAN_POINT('',(0.699999972491504,-1.87349940786647,0.25));
#2526=CARTESIAN_POINT('Origin',(-0.700000023856677,-3.41657610316311,0.323223304703363));
#2527=CARTESIAN_POINT('Origin',(-1.80000005744574,3.99680301620572E-16,
0.25));
#2528=CARTESIAN_POINT('',(-1.71800005744574,4.0972240537358E-16,0.25));
#2529=CARTESIAN_POINT('Origin',(-1.80000005744574,3.99680301620572E-16,
0.25));
#2530=CARTESIAN_POINT('',(-1.71800005744574,3.89638197867564E-16,0.25));
#2531=CARTESIAN_POINT('Origin',(0.900000028722868,-1.55884577656146,0.25));
#2532=CARTESIAN_POINT('',(0.982000028722868,-1.55884577656146,0.25));
#2533=CARTESIAN_POINT('Origin',(0.900000028722868,-1.55884577656146,0.25));
#2534=CARTESIAN_POINT('',(0.982000028722868,-1.55884577656146,0.25));
#2535=CARTESIAN_POINT('Origin',(0.900000028722869,1.55884577656146,0.25));
#2536=CARTESIAN_POINT('',(0.982000028722869,1.55884577656146,0.25));
#2537=CARTESIAN_POINT('Origin',(0.900000028722869,1.55884577656146,0.25));
#2538=CARTESIAN_POINT('',(0.982000028722869,1.55884577656146,0.25));
#2539=CARTESIAN_POINT('Origin',(1.55884577656146,0.900000028722867,0.25));
#2540=CARTESIAN_POINT('',(1.64084577656146,0.900000028722867,0.25));
#2541=CARTESIAN_POINT('Origin',(1.55884577656146,0.900000028722867,0.25));
#2542=CARTESIAN_POINT('',(1.64084577656146,0.900000028722867,0.25));
#2543=CARTESIAN_POINT('Origin',(-2.20436430881597E-16,-1.80000005744574,
0.25));
#2544=CARTESIAN_POINT('',(0.0819999999999998,-1.80000005744574,0.25));
#2545=CARTESIAN_POINT('Origin',(-2.20436430881597E-16,-1.80000005744574,
0.25));
#2546=CARTESIAN_POINT('',(0.0819999999999998,-1.80000005744574,0.25));
#2547=CARTESIAN_POINT('Origin',(-1.55884577656146,0.900000028722868,0.25));
#2548=CARTESIAN_POINT('',(-1.47684577656146,0.900000028722868,0.25));
#2549=CARTESIAN_POINT('Origin',(-1.55884577656146,0.900000028722868,0.25));
#2550=CARTESIAN_POINT('',(-1.47684577656146,0.900000028722868,0.25));
#2551=CARTESIAN_POINT('Origin',(-1.55884577656146,-0.900000028722868,0.25));
#2552=CARTESIAN_POINT('',(-1.47684577656146,-0.900000028722868,0.25));
#2553=CARTESIAN_POINT('Origin',(-1.55884577656146,-0.900000028722868,0.25));
#2554=CARTESIAN_POINT('',(-1.47684577656146,-0.900000028722868,0.25));
#2555=CARTESIAN_POINT('Origin',(1.55884577656146,-0.900000028722868,0.25));
#2556=CARTESIAN_POINT('',(1.64084577656146,-0.900000028722868,0.25));
#2557=CARTESIAN_POINT('Origin',(1.55884577656146,-0.900000028722868,0.25));
#2558=CARTESIAN_POINT('',(1.64084577656146,-0.900000028722868,0.25));
#2559=CARTESIAN_POINT('Origin',(0.,1.80000005744574,0.25));
#2560=CARTESIAN_POINT('',(0.082,1.80000005744574,0.25));
#2561=CARTESIAN_POINT('Origin',(0.,1.80000005744574,0.25));
#2562=CARTESIAN_POINT('',(0.082,1.80000005744574,0.25));
#2563=CARTESIAN_POINT('Origin',(1.80000005744574,-3.99680301620572E-16,
0.25));
#2564=CARTESIAN_POINT('',(1.88200005744574,-3.89638197867564E-16,0.25));
#2565=CARTESIAN_POINT('Origin',(1.80000005744574,-3.99680301620572E-16,
0.25));
#2566=CARTESIAN_POINT('',(1.88200005744574,-4.0972240537358E-16,0.25));
#2567=CARTESIAN_POINT('Origin',(-0.900000028722869,-1.55884577656146,0.25));
#2568=CARTESIAN_POINT('',(-0.818000028722869,-1.55884577656146,0.25));
#2569=CARTESIAN_POINT('Origin',(-0.900000028722869,-1.55884577656146,0.25));
#2570=CARTESIAN_POINT('',(-0.818000028722869,-1.55884577656146,0.25));
#2571=CARTESIAN_POINT('Origin',(-0.900000028722868,1.55884577656146,0.25));
#2572=CARTESIAN_POINT('',(-0.818000028722868,1.55884577656146,0.25));
#2573=CARTESIAN_POINT('Origin',(-0.900000028722868,1.55884577656146,0.25));
#2574=CARTESIAN_POINT('',(-0.818000028722868,1.55884577656146,0.25));
#2575=CARTESIAN_POINT('Origin',(0.,0.,0.));
#2576=CARTESIAN_POINT('',(-1.6,-1.95943487863576E-16,0.25));
#2577=CARTESIAN_POINT('Origin',(0.,0.,0.25));
#2578=CARTESIAN_POINT('',(-1.6,-1.95943487863576E-16,0.));
#2579=CARTESIAN_POINT('Origin',(0.,0.,0.25));
#2580=UNCERTAINTY_MEASURE_WITH_UNIT(LENGTH_MEASURE(0.000393700787401575),
#2585,'DISTANCE_ACCURACY_VALUE',
'Maximum model space distance between geometric entities at asserted c
onnectivities');
#2581=UNCERTAINTY_MEASURE_WITH_UNIT(LENGTH_MEASURE(0.000393700787401575),
#2585,'DISTANCE_ACCURACY_VALUE',
'Maximum model space distance between geometric entities at asserted c
onnectivities');
#2582=(
GEOMETRIC_REPRESENTATION_CONTEXT(3)
GLOBAL_UNCERTAINTY_ASSIGNED_CONTEXT((#2580))
GLOBAL_UNIT_ASSIGNED_CONTEXT((#2585,#2589,#2590))
REPRESENTATION_CONTEXT('','3D')
);
#2583=(
GEOMETRIC_REPRESENTATION_CONTEXT(3)
GLOBAL_UNCERTAINTY_ASSIGNED_CONTEXT((#2581))
GLOBAL_UNIT_ASSIGNED_CONTEXT((#2585,#2589,#2590))
REPRESENTATION_CONTEXT('','3D')
);
#2584=DIMENSIONAL_EXPONENTS(1.,0.,0.,0.,0.,0.,0.);
#2585=(
CONVERSION_BASED_UNIT('inch',#2588)
LENGTH_UNIT()
NAMED_UNIT(#2584)
);
#2586=(
LENGTH_UNIT()
NAMED_UNIT(*)
SI_UNIT(.MILLI.,.METRE.)
);
#2587=(
LENGTH_UNIT()
NAMED_UNIT(*)
SI_UNIT($,.METRE.)
);
#2588=LENGTH_MEASURE_WITH_UNIT(LENGTH_MEASURE(25.4),#2586);
#2589=(
NAMED_UNIT(*)
PLANE_ANGLE_UNIT()
SI_UNIT($,.RADIAN.)
);
#2590=(
NAMED_UNIT(*)
SI_UNIT($,.STERADIAN.)
SOLID_ANGLE_UNIT()
);
#2591=SHAPE_DEFINITION_REPRESENTATION(#2592,#2593);
#2592=PRODUCT_DEFINITION_SHAPE('',$,#2595);
#2593=SHAPE_REPRESENTATION('',(#1505),#2582);
#2594=PRODUCT_DEFINITION_CONTEXT('part definition',#2599,'design');
#2595=PRODUCT_DEFINITION(
'Air Spindle Mounting Bracket - Upper (Accurate)',
'Air Spindle Mounting Bracket - Upper (Accurate) v3',#2596,#2594);
#2596=PRODUCT_DEFINITION_FORMATION('',$,#2601);
#2597=PRODUCT_RELATED_PRODUCT_CATEGORY(
'Air Spindle Mounting Bracket - Upper (Accurate) v3',
'Air Spindle Mounting Bracket - Upper (Accurate) v3',(#2601));
#2598=APPLICATION_PROTOCOL_DEFINITION('international standard',
'automotive_design',2009,#2599);
#2599=APPLICATION_CONTEXT(
'Core Data for Automotive Mechanical Design Process');
#2600=PRODUCT_CONTEXT('part definition',#2599,'mechanical');
#2601=PRODUCT('Air Spindle Mounting Bracket - Upper (Accurate)',
'Air Spindle Mounting Bracket - Upper (Accurate) v3',$,(#2600));
#2602=PRESENTATION_STYLE_ASSIGNMENT((#2603));
#2603=SURFACE_STYLE_USAGE(.BOTH.,#2604);
#2604=SURFACE_SIDE_STYLE('',(#2605));
#2605=SURFACE_STYLE_FILL_AREA(#2606);
#2606=FILL_AREA_STYLE('Steel - Satin',(#2607));
#2607=FILL_AREA_STYLE_COLOUR('Steel - Satin',#2608);
#2608=COLOUR_RGB('Steel - Satin',0.627450980392157,0.627450980392157,0.627450980392157);
ENDSEC;
END-ISO-10303-21;
